0	1
1	1
2	3
3	2
4	1
5	1
6	3
7	3
8	2
9	2
10	1
11	3
12	2
13	1
14	1
15	3
16	3
17	4
18	3
19	2
20	2
21	3
22	2
23	1
24	3
25	4
26	3
27	2
28	3
29	2
30	1
31	2
32	1
33	1
34	3
35	3
36	4
37	6
38	5
39	4
40	3
41	3
42	2
43	2
44	3
45	5
46	4
47	3
48	2
49	2
50	1
51	3
52	4
53	4
54	3
55	3
56	2
57	3
58	3
59	2
60	2
61	1
62	2
63	2
64	1
65	1
66	1
67	3
68	3
69	4
70	6
71	7
72	6
73	5
74	6
75	5
76	4
77	5
78	4
79	3
80	3
81	4
82	3
83	2
84	2
85	3
86	5
87	6
88	5
89	4
90	5
91	4
92	3
93	4
94	3
95	2
96	2
97	3
98	2
99	1
100	3
101	4
102	4
103	5
104	4
105	3
106	3
107	4
108	3
109	2
110	3
111	3
112	4
113	3
114	2
115	2
116	3
117	2
118	1
119	2
120	2
121	3
122	2
123	1
124	1
125	2
126	1
127	1
128	3
129	3
130	4
131	6
132	7
133	7
134	6
135	6
136	5
137	6
138	6
139	5
140	5
141	4
142	5
143	5
144	4
145	4
146	3
147	3
148	4
149	4
150	3
151	5
152	4
153	3
154	2
155	2
156	3
157	5
158	6
159	6
160	5
161	5
162	4
163	5
164	5
165	4
166	4
167	3
168	4
169	4
170	3
171	3
172	2
173	2
174	3
175	3
176	2
177	4
178	3
179	2
180	1
181	3
182	4
183	4
184	5
185	5
186	4
187	6
188	5
189	4
190	3
191	3
192	4
193	4
194	3
195	5
196	4
197	3
198	2
199	3
200	3
201	4
202	4
203	3
204	5
205	4
206	3
207	2
208	2
209	3
210	3
211	2
212	4
213	3
214	2
215	1
216	2
217	2
218	3
219	5
220	4
221	3
222	2
223	2
224	1
225	1
226	2
227	4
228	3
229	2
230	1
231	1
232	1
233	3
234	3
235	4
236	6
237	7
238	7
239	8
240	7
241	6
242	6
243	7
244	6
245	5
246	6
247	6
248	7
249	6
250	5
251	5
252	6
253	5
254	4
255	5
256	5
257	6
258	5
259	4
260	4
261	5
262	4
263	3
264	3
265	4
266	4
267	5
268	4
269	3
270	5
271	6
272	5
273	4
274	5
275	4
276	3
277	4
278	3
279	2
280	2
281	3
282	5
283	6
284	6
285	7
286	6
287	5
288	5
289	6
290	5
291	4
292	5
293	5
294	6
295	5
296	4
297	4
298	5
299	4
300	3
301	4
302	4
303	5
304	4
305	3
306	3
307	4
308	3
309	2
310	2
311	3
312	3
313	4
314	3
315	2
316	4
317	5
318	4
319	3
320	4
321	3
322	2
323	3
324	2
325	1
326	3
327	4
328	4
329	5
330	5
331	6
332	5
333	4
334	6
335	7
336	6
337	5
338	6
339	5
340	4
341	5
342	4
343	3
344	3
345	4
346	4
347	5
348	4
349	3
350	5
351	6
352	5
353	4
354	5
355	4
356	3
357	4
358	3
359	2
360	3
361	3
362	4
363	4
364	5
365	4
366	3
367	5
368	6
369	5
370	4
371	5
372	4
373	3
374	4
375	3
376	2
377	2
378	3
379	3
380	4
381	3
382	2
383	4
384	5
385	4
386	3
387	4
388	3
389	2
390	3
391	2
392	1
393	2
394	2
395	3
396	5
397	6
398	5
399	4
400	5
401	4
402	3
403	4
404	3
405	2
406	2
407	3
408	2
409	1
410	1
411	2
412	4
413	5
414	4
415	3
416	4
417	3
418	2
419	3
420	2
421	1
422	1
423	2
424	1
425	1
426	3
427	3
428	4
429	6
430	7
431	7
432	8
433	8
434	7
435	9
436	8
437	7
438	6
439	6
440	7
441	7
442	6
443	8
444	7
445	6
446	5
447	6
448	6
449	7
450	9
451	8
452	7
453	6
454	6
455	5
456	5
457	6
458	8
459	7
460	6
461	5
462	5
463	4
464	5
465	5
466	6
467	8
468	7
469	6
470	5
471	5
472	4
473	4
474	5
475	7
476	6
477	5
478	4
479	4
480	3
481	3
482	4
483	4
484	5
485	7
486	6
487	5
488	4
489	4
490	3
491	5
492	6
493	6
494	5
495	5
496	4
497	5
498	5
499	4
500	4
501	3
502	4
503	4
504	3
505	3
506	2
507	2
508	3
509	5
510	6
511	6
512	7
513	7
514	6
515	8
516	7
517	6
518	5
519	5
520	6
521	6
522	5
523	7
524	6
525	5
526	4
527	5
528	5
529	6
530	8
531	7
532	6
533	5
534	5
535	4
536	4
537	5
538	7
539	6
540	5
541	4
542	4
543	3
544	4
545	4
546	5
547	7
548	6
549	5
550	4
551	4
552	3
553	3
554	4
555	6
556	5
557	4
558	3
559	3
560	2
561	2
562	3
563	3
564	4
565	6
566	5
567	4
568	3
569	3
570	2
571	4
572	5
573	5
574	4
575	4
576	3
577	4
578	4
579	3
580	3
581	2
582	3
583	3
584	2
585	2
586	1
587	3
588	4
589	4
590	5
591	5
592	6
593	8
594	7
595	6
596	5
597	5
598	4
599	6
600	7
601	7
602	6
603	6
604	5
605	6
606	6
607	5
608	5
609	4
610	5
611	5
612	4
613	4
614	3
615	3
616	4
617	4
618	5
619	7
620	6
621	5
622	4
623	4
624	3
625	5
626	6
627	6
628	5
629	5
630	4
631	5
632	5
633	4
634	4
635	3
636	4
637	4
638	3
639	3
640	2
641	3
642	3
643	4
644	4
645	5
646	7
647	6
648	5
649	4
650	4
651	3
652	5
653	6
654	6
655	5
656	5
657	4
658	5
659	5
660	4
661	4
662	3
663	4
664	4
665	3
666	3
667	2
668	2
669	3
670	3
671	4
672	6
673	5
674	4
675	3
676	3
677	2
678	4
679	5
680	5
681	4
682	4
683	3
684	4
685	4
686	3
687	3
688	2
689	3
690	3
691	2
692	2
693	1
694	2
695	2
696	3
697	5
698	6
699	6
700	5
701	5
702	4
703	5
704	5
705	4
706	4
707	3
708	4
709	4
710	3
711	3
712	2
713	2
714	3
715	3
716	2
717	4
718	3
719	2
720	1
721	1
722	2
723	4
724	5
725	5
726	4
727	4
728	3
729	4
730	4
731	3
732	3
733	2
734	3
735	3
736	2
737	2
738	1
739	1
740	2
741	2
742	1
743	3
744	2
745	1
746	1
747	3
748	3
749	4
750	6
751	7
752	7
753	8
754	8
755	9
756	8
757	7
758	9
759	10
760	9
761	8
762	9
763	8
764	7
765	8
766	7
767	6
768	6
769	7
770	7
771	8
772	7
773	6
774	8
775	9
776	8
777	7
778	8
779	7
780	6
781	7
782	6
783	5
784	6
785	6
786	7
787	9
788	10
789	9
790	8
791	9
792	8
793	7
794	8
795	7
796	6
797	6
798	7
799	6
800	5
801	5
802	6
803	8
804	9
805	8
806	7
807	8
808	7
809	6
810	7
811	6
812	5
813	5
814	6
815	5
816	4
817	5
818	5
819	6
820	8
821	9
822	8
823	7
824	8
825	7
826	6
827	7
828	6
829	5
830	5
831	6
832	5
833	4
834	4
835	5
836	7
837	8
838	7
839	6
840	7
841	6
842	5
843	6
844	5
845	4
846	4
847	5
848	4
849	3
850	3
851	4
852	4
853	5
854	7
855	8
856	7
857	6
858	7
859	6
860	5
861	6
862	5
863	4
864	4
865	5
866	4
867	3
868	5
869	6
870	6
871	7
872	6
873	5
874	5
875	6
876	5
877	4
878	5
879	5
880	6
881	5
882	4
883	4
884	5
885	4
886	3
887	4
888	4
889	5
890	4
891	3
892	3
893	4
894	3
895	2
896	2
897	3
898	5
899	6
900	6
901	7
902	7
903	8
904	7
905	6
906	8
907	9
908	8
909	7
910	8
911	7
912	6
913	7
914	6
915	5
916	5
917	6
918	6
919	7
920	6
921	5
922	7
923	8
924	7
925	6
926	7
927	6
928	5
929	6
930	5
931	4
932	5
933	5
934	6
935	8
936	9
937	8
938	7
939	8
940	7
941	6
942	7
943	6
944	5
945	5
946	6
947	5
948	4
949	4
950	5
951	7
952	8
953	7
954	6
955	7
956	6
957	5
958	6
959	5
960	4
961	4
962	5
963	4
964	3
965	4
966	4
967	5
968	7
969	8
970	7
971	6
972	7
973	6
974	5
975	6
976	5
977	4
978	4
979	5
980	4
981	3
982	3
983	4
984	6
985	7
986	6
987	5
988	6
989	5
990	4
991	5
992	4
993	3
994	3
995	4
996	3
997	2
998	2
999	3
1000	3
1001	4
1002	6
1003	7
1004	6
1005	5
1006	6
1007	5
1008	4
1009	5
1010	4
1011	3
1012	3
1013	4
1014	3
1015	2
1016	4
1017	5
1018	5
1019	6
1020	5
1021	4
1022	4
1023	5
1024	4
1025	3
1026	4
1027	4
1028	5
1029	4
1030	3
1031	3
1032	4
1033	3
1034	2
1035	3
1036	3
1037	4
1038	3
1039	2
1040	2
1041	3
1042	2
1043	1
1044	3
1045	4
1046	4
1047	5
1048	5
1049	6
1050	8
1051	9
1052	8
1053	7
1054	8
1055	7
1056	6
1057	7
1058	6
1059	5
1060	5
1061	6
1062	5
1063	4
1064	6
1065	7
1066	7
1067	8
1068	7
1069	6
1070	6
1071	7
1072	6
1073	5
1074	6
1075	6
1076	7
1077	6
1078	5
1079	5
1080	6
1081	5
1082	4
1083	5
1084	5
1085	6
1086	5
1087	4
1088	4
1089	5
1090	4
1091	3
1092	3
1093	4
1094	4
1095	5
1096	7
1097	8
1098	7
1099	6
1100	7
1101	6
1102	5
1103	6
1104	5
1105	4
1106	4
1107	5
1108	4
1109	3
1110	5
1111	6
1112	6
1113	7
1114	6
1115	5
1116	5
1117	6
1118	5
1119	4
1120	5
1121	5
1122	6
1123	5
1124	4
1125	4
1126	5
1127	4
1128	3
1129	4
1130	4
1131	5
1132	4
1133	3
1134	3
1135	4
1136	3
1137	2
1138	3
1139	3
1140	4
1141	4
1142	5
1143	7
1144	8
1145	7
1146	6
1147	7
1148	6
1149	5
1150	6
1151	5
1152	4
1153	4
1154	5
1155	4
1156	3
1157	5
1158	6
1159	6
1160	7
1161	6
1162	5
1163	5
1164	6
1165	5
1166	4
1167	5
1168	5
1169	6
1170	5
1171	4
1172	4
1173	5
1174	4
1175	3
1176	4
1177	4
1178	5
1179	4
1180	3
1181	3
1182	4
1183	3
1184	2
1185	2
1186	3
1187	3
1188	4
1189	6
1190	7
1191	6
1192	5
1193	6
1194	5
1195	4
1196	5
1197	4
1198	3
1199	3
1200	4
1201	3
1202	2
1203	4
1204	5
1205	5
1206	6
1207	5
1208	4
1209	4
1210	5
1211	4
1212	3
1213	4
1214	4
1215	5
1216	4
1217	3
1218	3
1219	4
1220	3
1221	2
1222	3
1223	3
1224	4
1225	3
1226	2
1227	2
1228	3
1229	2
1230	1
1231	2
1232	2
1233	3
1234	5
1235	6
1236	6
1237	7
1238	6
1239	5
1240	5
1241	6
1242	5
1243	4
1244	5
1245	5
1246	6
1247	5
1248	4
1249	4
1250	5
1251	4
1252	3
1253	4
1254	4
1255	5
1256	4
1257	3
1258	3
1259	4
1260	3
1261	2
1262	2
1263	3
1264	3
1265	4
1266	3
1267	2
1268	4
1269	5
1270	4
1271	3
1272	4
1273	3
1274	2
1275	3
1276	2
1277	1
1278	1
1279	2
1280	4
1281	5
1282	5
1283	6
1284	5
1285	4
1286	4
1287	5
1288	4
1289	3
1290	4
1291	4
1292	5
1293	4
1294	3
1295	3
1296	4
1297	3
1298	2
1299	3
1300	3
1301	4
1302	3
1303	2
1304	2
1305	3
1306	2
1307	1
1308	1
1309	2
1310	2
1311	3
1312	2
1313	1
1314	3
1315	4
1316	3
1317	2
1318	3
1319	2
1320	1
1321	2
1322	1
1323	1
1324	3
1325	3
1326	4
1327	6
1328	7
1329	7
1330	8
1331	8
1332	9
1333	11
1334	10
1335	9
1336	8
1337	8
1338	7
1339	9
1340	10
1341	10
1342	9
1343	9
1344	8
1345	9
1346	9
1347	8
1348	8
1349	7
1350	8
1351	8
1352	7
1353	7
1354	6
1355	6
1356	7
1357	7
1358	8
1359	10
1360	9
1361	8
1362	7
1363	7
1364	6
1365	8
1366	9
1367	9
1368	8
1369	8
1370	7
1371	8
1372	8
1373	7
1374	7
1375	6
1376	7
1377	7
1378	6
1379	6
1380	5
1381	6
1382	6
1383	7
1384	9
1385	10
1386	10
1387	9
1388	9
1389	8
1390	9
1391	9
1392	8
1393	8
1394	7
1395	8
1396	8
1397	7
1398	7
1399	6
1400	6
1401	7
1402	7
1403	6
1404	8
1405	7
1406	6
1407	5
1408	5
1409	6
1410	8
1411	9
1412	9
1413	8
1414	8
1415	7
1416	8
1417	8
1418	7
1419	7
1420	6
1421	7
1422	7
1423	6
1424	6
1425	5
1426	5
1427	6
1428	6
1429	5
1430	7
1431	6
1432	5
1433	4
1434	5
1435	5
1436	6
1437	8
1438	9
1439	9
1440	8
1441	8
1442	7
1443	8
1444	8
1445	7
1446	7
1447	6
1448	7
1449	7
1450	6
1451	6
1452	5
1453	5
1454	6
1455	6
1456	5
1457	7
1458	6
1459	5
1460	4
1461	4
1462	5
1463	7
1464	8
1465	8
1466	7
1467	7
1468	6
1469	7
1470	7
1471	6
1472	6
1473	5
1474	6
1475	6
1476	5
1477	5
1478	4
1479	4
1480	5
1481	5
1482	4
1483	6
1484	5
1485	4
1486	3
1487	3
1488	4
1489	4
1490	5
1491	7
1492	8
1493	8
1494	7
1495	7
1496	6
1497	7
1498	7
1499	6
1500	6
1501	5
1502	6
1503	6
1504	5
1505	5
1506	4
1507	4
1508	5
1509	5
1510	4
1511	6
1512	5
1513	4
1514	3
1515	5
1516	6
1517	6
1518	7
1519	7
1520	6
1521	8
1522	7
1523	6
1524	5
1525	5
1526	6
1527	6
1528	5
1529	7
1530	6
1531	5
1532	4
1533	5
1534	5
1535	6
1536	6
1537	5
1538	7
1539	6
1540	5
1541	4
1542	4
1543	5
1544	5
1545	4
1546	6
1547	5
1548	4
1549	3
1550	4
1551	4
1552	5
1553	7
1554	6
1555	5
1556	4
1557	4
1558	3
1559	3
1560	4
1561	6
1562	5
1563	4
1564	3
1565	3
1566	2
1567	2
1568	3
1569	5
1570	6
1571	6
1572	7
1573	7
1574	8
1575	10
1576	9
1577	8
1578	7
1579	7
1580	6
1581	8
1582	9
1583	9
1584	8
1585	8
1586	7
1587	8
1588	8
1589	7
1590	7
1591	6
1592	7
1593	7
1594	6
1595	6
1596	5
1597	5
1598	6
1599	6
1600	7
1601	9
1602	8
1603	7
1604	6
1605	6
1606	5
1607	7
1608	8
1609	8
1610	7
1611	7
1612	6
1613	7
1614	7
1615	6
1616	6
1617	5
1618	6
1619	6
1620	5
1621	5
1622	4
1623	5
1624	5
1625	6
1626	8
1627	9
1628	9
1629	8
1630	8
1631	7
1632	8
1633	8
1634	7
1635	7
1636	6
1637	7
1638	7
1639	6
1640	6
1641	5
1642	5
1643	6
1644	6
1645	5
1646	7
1647	6
1648	5
1649	4
1650	4
1651	5
1652	7
1653	8
1654	8
1655	7
1656	7
1657	6
1658	7
1659	7
1660	6
1661	6
1662	5
1663	6
1664	6
1665	5
1666	5
1667	4
1668	4
1669	5
1670	5
1671	4
1672	6
1673	5
1674	4
1675	3
1676	4
1677	4
1678	5
1679	7
1680	8
1681	8
1682	7
1683	7
1684	6
1685	7
1686	7
1687	6
1688	6
1689	5
1690	6
1691	6
1692	5
1693	5
1694	4
1695	4
1696	5
1697	5
1698	4
1699	6
1700	5
1701	4
1702	3
1703	3
1704	4
1705	6
1706	7
1707	7
1708	6
1709	6
1710	5
1711	6
1712	6
1713	5
1714	5
1715	4
1716	5
1717	5
1718	4
1719	4
1720	3
1721	3
1722	4
1723	4
1724	3
1725	5
1726	4
1727	3
1728	2
1729	2
1730	3
1731	3
1732	4
1733	6
1734	7
1735	7
1736	6
1737	6
1738	5
1739	6
1740	6
1741	5
1742	5
1743	4
1744	5
1745	5
1746	4
1747	4
1748	3
1749	3
1750	4
1751	4
1752	3
1753	5
1754	4
1755	3
1756	2
1757	4
1758	5
1759	5
1760	6
1761	6
1762	5
1763	7
1764	6
1765	5
1766	4
1767	4
1768	5
1769	5
1770	4
1771	6
1772	5
1773	4
1774	3
1775	4
1776	4
1777	5
1778	5
1779	4
1780	6
1781	5
1782	4
1783	3
1784	3
1785	4
1786	4
1787	3
1788	5
1789	4
1790	3
1791	2
1792	3
1793	3
1794	4
1795	6
1796	5
1797	4
1798	3
1799	3
1800	2
1801	2
1802	3
1803	5
1804	4
1805	3
1806	2
1807	2
1808	1
1809	3
1810	4
1811	4
1812	5
1813	5
1814	6
1815	8
1816	9
1817	9
1818	8
1819	8
1820	7
1821	8
1822	8
1823	7
1824	7
1825	6
1826	7
1827	7
1828	6
1829	6
1830	5
1831	5
1832	6
1833	6
1834	5
1835	7
1836	6
1837	5
1838	4
1839	6
1840	7
1841	7
1842	8
1843	8
1844	7
1845	9
1846	8
1847	7
1848	6
1849	6
1850	7
1851	7
1852	6
1853	8
1854	7
1855	6
1856	5
1857	6
1858	6
1859	7
1860	7
1861	6
1862	8
1863	7
1864	6
1865	5
1866	5
1867	6
1868	6
1869	5
1870	7
1871	6
1872	5
1873	4
1874	5
1875	5
1876	6
1877	8
1878	7
1879	6
1880	5
1881	5
1882	4
1883	4
1884	5
1885	7
1886	6
1887	5
1888	4
1889	4
1890	3
1891	3
1892	4
1893	4
1894	5
1895	7
1896	8
1897	8
1898	7
1899	7
1900	6
1901	7
1902	7
1903	6
1904	6
1905	5
1906	6
1907	6
1908	5
1909	5
1910	4
1911	4
1912	5
1913	5
1914	4
1915	6
1916	5
1917	4
1918	3
1919	5
1920	6
1921	6
1922	7
1923	7
1924	6
1925	8
1926	7
1927	6
1928	5
1929	5
1930	6
1931	6
1932	5
1933	7
1934	6
1935	5
1936	4
1937	5
1938	5
1939	6
1940	6
1941	5
1942	7
1943	6
1944	5
1945	4
1946	4
1947	5
1948	5
1949	4
1950	6
1951	5
1952	4
1953	3
1954	4
1955	4
1956	5
1957	7
1958	6
1959	5
1960	4
1961	4
1962	3
1963	3
1964	4
1965	6
1966	5
1967	4
1968	3
1969	3
1970	2
1971	3
1972	3
1973	4
1974	4
1975	5
1976	7
1977	8
1978	8
1979	7
1980	7
1981	6
1982	7
1983	7
1984	6
1985	6
1986	5
1987	6
1988	6
1989	5
1990	5
1991	4
1992	4
1993	5
1994	5
1995	4
1996	6
1997	5
1998	4
1999	3
2000	5
2001	6
2002	6
2003	7
2004	7
2005	6
2006	8
2007	7
2008	6
2009	5
2010	5
2011	6
2012	6
2013	5
2014	7
2015	6
2016	5
2017	4
2018	5
2019	5
2020	6
2021	6
2022	5
2023	7
2024	6
2025	5
2026	4
2027	4
2028	5
2029	5
2030	4
2031	6
2032	5
2033	4
2034	3
2035	4
2036	4
2037	5
2038	7
2039	6
2040	5
2041	4
2042	4
2043	3
2044	3
2045	4
2046	6
2047	5
2048	4
2049	3
2050	3
2051	2
2052	2
2053	3
2054	3
2055	4
2056	6
2057	7
2058	7
2059	6
2060	6
2061	5
2062	6
2063	6
2064	5
2065	5
2066	4
2067	5
2068	5
2069	4
2070	4
2071	3
2072	3
2073	4
2074	4
2075	3
2076	5
2077	4
2078	3
2079	2
2080	4
2081	5
2082	5
2083	6
2084	6
2085	5
2086	7
2087	6
2088	5
2089	4
2090	4
2091	5
2092	5
2093	4
2094	6
2095	5
2096	4
2097	3
2098	4
2099	4
2100	5
2101	5
2102	4
2103	6
2104	5
2105	4
2106	3
2107	3
2108	4
2109	4
2110	3
2111	5
2112	4
2113	3
2114	2
2115	3
2116	3
2117	4
2118	6
2119	5
2120	4
2121	3
2122	3
2123	2
2124	2
2125	3
2126	5
2127	4
2128	3
2129	2
2130	2
2131	1
2132	2
2133	2
2134	3
2135	5
2136	6
2137	6
2138	7
2139	7
2140	6
2141	8
2142	7
2143	6
2144	5
2145	5
2146	6
2147	6
2148	5
2149	7
2150	6
2151	5
2152	4
2153	5
2154	5
2155	6
2156	8
2157	7
2158	6
2159	5
2160	5
2161	4
2162	4
2163	5
2164	7
2165	6
2166	5
2167	4
2168	4
2169	3
2170	4
2171	4
2172	5
2173	7
2174	6
2175	5
2176	4
2177	4
2178	3
2179	3
2180	4
2181	6
2182	5
2183	4
2184	3
2185	3
2186	2
2187	2
2188	3
2189	3
2190	4
2191	6
2192	5
2193	4
2194	3
2195	3
2196	2
2197	4
2198	5
2199	5
2200	4
2201	4
2202	3
2203	4
2204	4
2205	3
2206	3
2207	2
2208	3
2209	3
2210	2
2211	2
2212	1
2213	1
2214	2
2215	4
2216	5
2217	5
2218	6
2219	6
2220	5
2221	7
2222	6
2223	5
2224	4
2225	4
2226	5
2227	5
2228	4
2229	6
2230	5
2231	4
2232	3
2233	4
2234	4
2235	5
2236	7
2237	6
2238	5
2239	4
2240	4
2241	3
2242	3
2243	4
2244	6
2245	5
2246	4
2247	3
2248	3
2249	2
2250	3
2251	3
2252	4
2253	6
2254	5
2255	4
2256	3
2257	3
2258	2
2259	2
2260	3
2261	5
2262	4
2263	3
2264	2
2265	2
2266	1
2267	1
2268	2
2269	2
2270	3
2271	5
2272	4
2273	3
2274	2
2275	2
2276	1
2277	3
2278	4
2279	4
2280	3
2281	3
2282	2
2283	3
2284	3
2285	2
2286	2
2287	1
2288	2
2289	2
2290	1
2291	1
2292	1
2293	3
2294	3
2295	4
2296	6
2297	7
2298	7
2299	8
2300	8
2301	9
2302	11
2303	12
2304	11
2305	10
2306	11
2307	10
2308	9
2309	10
2310	9
2311	8
2312	8
2313	9
2314	8
2315	7
2316	9
2317	10
2318	10
2319	11
2320	10
2321	9
2322	9
2323	10
2324	9
2325	8
2326	9
2327	9
2328	10
2329	9
2330	8
2331	8
2332	9
2333	8
2334	7
2335	8
2336	8
2337	9
2338	8
2339	7
2340	7
2341	8
2342	7
2343	6
2344	6
2345	7
2346	7
2347	8
2348	10
2349	11
2350	10
2351	9
2352	10
2353	9
2354	8
2355	9
2356	8
2357	7
2358	7
2359	8
2360	7
2361	6
2362	8
2363	9
2364	9
2365	10
2366	9
2367	8
2368	8
2369	9
2370	8
2371	7
2372	8
2373	8
2374	9
2375	8
2376	7
2377	7
2378	8
2379	7
2380	6
2381	7
2382	7
2383	8
2384	7
2385	6
2386	6
2387	7
2388	6
2389	5
2390	6
2391	6
2392	7
2393	9
2394	10
2395	10
2396	11
2397	10
2398	9
2399	9
2400	10
2401	9
2402	8
2403	9
2404	9
2405	10
2406	9
2407	8
2408	8
2409	9
2410	8
2411	7
2412	8
2413	8
2414	9
2415	8
2416	7
2417	7
2418	8
2419	7
2420	6
2421	6
2422	7
2423	7
2424	8
2425	7
2426	6
2427	8
2428	9
2429	8
2430	7
2431	8
2432	7
2433	6
2434	7
2435	6
2436	5
2437	5
2438	6
2439	8
2440	9
2441	9
2442	10
2443	9
2444	8
2445	8
2446	9
2447	8
2448	7
2449	8
2450	8
2451	9
2452	8
2453	7
2454	7
2455	8
2456	7
2457	6
2458	7
2459	7
2460	8
2461	7
2462	6
2463	6
2464	7
2465	6
2466	5
2467	5
2468	6
2469	6
2470	7
2471	6
2472	5
2473	7
2474	8
2475	7
2476	6
2477	7
2478	6
2479	5
2480	6
2481	5
2482	4
2483	5
2484	5
2485	6
2486	8
2487	9
2488	9
2489	10
2490	9
2491	8
2492	8
2493	9
2494	8
2495	7
2496	8
2497	8
2498	9
2499	8
2500	7
2501	7
2502	8
2503	7
2504	6
2505	7
2506	7
2507	8
2508	7
2509	6
2510	6
2511	7
2512	6
2513	5
2514	5
2515	6
2516	6
2517	7
2518	6
2519	5
2520	7
2521	8
2522	7
2523	6
2524	7
2525	6
2526	5
2527	6
2528	5
2529	4
2530	4
2531	5
2532	7
2533	8
2534	8
2535	9
2536	8
2537	7
2538	7
2539	8
2540	7
2541	6
2542	7
2543	7
2544	8
2545	7
2546	6
2547	6
2548	7
2549	6
2550	5
2551	6
2552	6
2553	7
2554	6
2555	5
2556	5
2557	6
2558	5
2559	4
2560	4
2561	5
2562	5
2563	6
2564	5
2565	4
2566	6
2567	7
2568	6
2569	5
2570	6
2571	5
2572	4
2573	5
2574	4
2575	3
2576	3
2577	4
2578	4
2579	5
2580	7
2581	8
2582	8
2583	9
2584	8
2585	7
2586	7
2587	8
2588	7
2589	6
2590	7
2591	7
2592	8
2593	7
2594	6
2595	6
2596	7
2597	6
2598	5
2599	6
2600	6
2601	7
2602	6
2603	5
2604	5
2605	6
2606	5
2607	4
2608	4
2609	5
2610	5
2611	6
2612	5
2613	4
2614	6
2615	7
2616	6
2617	5
2618	6
2619	5
2620	4
2621	5
2622	4
2623	3
2624	5
2625	6
2626	6
2627	7
2628	7
2629	8
2630	7
2631	6
2632	8
2633	9
2634	8
2635	7
2636	8
2637	7
2638	6
2639	7
2640	6
2641	5
2642	5
2643	6
2644	6
2645	7
2646	6
2647	5
2648	7
2649	8
2650	7
2651	6
2652	7
2653	6
2654	5
2655	6
2656	5
2657	4
2658	5
2659	5
2660	6
2661	6
2662	7
2663	6
2664	5
2665	7
2666	8
2667	7
2668	6
2669	7
2670	6
2671	5
2672	6
2673	5
2674	4
2675	4
2676	5
2677	5
2678	6
2679	5
2680	4
2681	6
2682	7
2683	6
2684	5
2685	6
2686	5
2687	4
2688	5
2689	4
2690	3
2691	4
2692	4
2693	5
2694	7
2695	8
2696	7
2697	6
2698	7
2699	6
2700	5
2701	6
2702	5
2703	4
2704	4
2705	5
2706	4
2707	3
2708	3
2709	4
2710	6
2711	7
2712	6
2713	5
2714	6
2715	5
2716	4
2717	5
2718	4
2719	3
2720	3
2721	4
2722	3
2723	2
2724	2
2725	3
2726	5
2727	6
2728	6
2729	7
2730	7
2731	8
2732	10
2733	11
2734	10
2735	9
2736	10
2737	9
2738	8
2739	9
2740	8
2741	7
2742	7
2743	8
2744	7
2745	6
2746	8
2747	9
2748	9
2749	10
2750	9
2751	8
2752	8
2753	9
2754	8
2755	7
2756	8
2757	8
2758	9
2759	8
2760	7
2761	7
2762	8
2763	7
2764	6
2765	7
2766	7
2767	8
2768	7
2769	6
2770	6
2771	7
2772	6
2773	5
2774	5
2775	6
2776	6
2777	7
2778	9
2779	10
2780	9
2781	8
2782	9
2783	8
2784	7
2785	8
2786	7
2787	6
2788	6
2789	7
2790	6
2791	5
2792	7
2793	8
2794	8
2795	9
2796	8
2797	7
2798	7
2799	8
2800	7
2801	6
2802	7
2803	7
2804	8
2805	7
2806	6
2807	6
2808	7
2809	6
2810	5
2811	6
2812	6
2813	7
2814	6
2815	5
2816	5
2817	6
2818	5
2819	4
2820	5
2821	5
2822	6
2823	8
2824	9
2825	9
2826	10
2827	9
2828	8
2829	8
2830	9
2831	8
2832	7
2833	8
2834	8
2835	9
2836	8
2837	7
2838	7
2839	8
2840	7
2841	6
2842	7
2843	7
2844	8
2845	7
2846	6
2847	6
2848	7
2849	6
2850	5
2851	5
2852	6
2853	6
2854	7
2855	6
2856	5
2857	7
2858	8
2859	7
2860	6
2861	7
2862	6
2863	5
2864	6
2865	5
2866	4
2867	4
2868	5
2869	7
2870	8
2871	8
2872	9
2873	8
2874	7
2875	7
2876	8
2877	7
2878	6
2879	7
2880	7
2881	8
2882	7
2883	6
2884	6
2885	7
2886	6
2887	5
2888	6
2889	6
2890	7
2891	6
2892	5
2893	5
2894	6
2895	5
2896	4
2897	4
2898	5
2899	5
2900	6
2901	5
2902	4
2903	6
2904	7
2905	6
2906	5
2907	6
2908	5
2909	4
2910	5
2911	4
2912	3
2913	4
2914	4
2915	5
2916	7
2917	8
2918	8
2919	9
2920	8
2921	7
2922	7
2923	8
2924	7
2925	6
2926	7
2927	7
2928	8
2929	7
2930	6
2931	6
2932	7
2933	6
2934	5
2935	6
2936	6
2937	7
2938	6
2939	5
2940	5
2941	6
2942	5
2943	4
2944	4
2945	5
2946	5
2947	6
2948	5
2949	4
2950	6
2951	7
2952	6
2953	5
2954	6
2955	5
2956	4
2957	5
2958	4
2959	3
2960	3
2961	4
2962	6
2963	7
2964	7
2965	8
2966	7
2967	6
2968	6
2969	7
2970	6
2971	5
2972	6
2973	6
2974	7
2975	6
2976	5
2977	5
2978	6
2979	5
2980	4
2981	5
2982	5
2983	6
2984	5
2985	4
2986	4
2987	5
2988	4
2989	3
2990	3
2991	4
2992	4
2993	5
2994	4
2995	3
2996	5
2997	6
2998	5
2999	4
3000	5
3001	4
3002	3
3003	4
3004	3
3005	2
3006	2
3007	3
3008	3
3009	4
3010	6
3011	7
3012	7
3013	8
3014	7
3015	6
3016	6
3017	7
3018	6
3019	5
3020	6
3021	6
3022	7
3023	6
3024	5
3025	5
3026	6
3027	5
3028	4
3029	5
3030	5
3031	6
3032	5
3033	4
3034	4
3035	5
3036	4
3037	3
3038	3
3039	4
3040	4
3041	5
3042	4
3043	3
3044	5
3045	6
3046	5
3047	4
3048	5
3049	4
3050	3
3051	4
3052	3
3053	2
3054	4
3055	5
3056	5
3057	6
3058	6
3059	7
3060	6
3061	5
3062	7
3063	8
3064	7
3065	6
3066	7
3067	6
3068	5
3069	6
3070	5
3071	4
3072	4
3073	5
3074	5
3075	6
3076	5
3077	4
3078	6
3079	7
3080	6
3081	5
3082	6
3083	5
3084	4
3085	5
3086	4
3087	3
3088	4
3089	4
3090	5
3091	5
3092	6
3093	5
3094	4
3095	6
3096	7
3097	6
3098	5
3099	6
3100	5
3101	4
3102	5
3103	4
3104	3
3105	3
3106	4
3107	4
3108	5
3109	4
3110	3
3111	5
3112	6
3113	5
3114	4
3115	5
3116	4
3117	3
3118	4
3119	3
3120	2
3121	3
3122	3
3123	4
3124	6
3125	7
3126	6
3127	5
3128	6
3129	5
3130	4
3131	5
3132	4
3133	3
3134	3
3135	4
3136	3
3137	2
3138	2
3139	3
3140	5
3141	6
3142	5
3143	4
3144	5
3145	4
3146	3
3147	4
3148	3
3149	2
3150	2
3151	3
3152	2
3153	1
3154	3
3155	4
3156	4
3157	5
3158	5
3159	6
3160	8
3161	9
3162	9
3163	10
3164	9
3165	8
3166	8
3167	9
3168	8
3169	7
3170	8
3171	8
3172	9
3173	8
3174	7
3175	7
3176	8
3177	7
3178	6
3179	7
3180	7
3181	8
3182	7
3183	6
3184	6
3185	7
3186	6
3187	5
3188	5
3189	6
3190	6
3191	7
3192	6
3193	5
3194	7
3195	8
3196	7
3197	6
3198	7
3199	6
3200	5
3201	6
3202	5
3203	4
3204	6
3205	7
3206	7
3207	8
3208	8
3209	9
3210	8
3211	7
3212	9
3213	10
3214	9
3215	8
3216	9
3217	8
3218	7
3219	8
3220	7
3221	6
3222	6
3223	7
3224	7
3225	8
3226	7
3227	6
3228	8
3229	9
3230	8
3231	7
3232	8
3233	7
3234	6
3235	7
3236	6
3237	5
3238	6
3239	6
3240	7
3241	7
3242	8
3243	7
3244	6
3245	8
3246	9
3247	8
3248	7
3249	8
3250	7
3251	6
3252	7
3253	6
3254	5
3255	5
3256	6
3257	6
3258	7
3259	6
3260	5
3261	7
3262	8
3263	7
3264	6
3265	7
3266	6
3267	5
3268	6
3269	5
3270	4
3271	5
3272	5
3273	6
3274	8
3275	9
3276	8
3277	7
3278	8
3279	7
3280	6
3281	7
3282	6
3283	5
3284	5
3285	6
3286	5
3287	4
3288	4
3289	5
3290	7
3291	8
3292	7
3293	6
3294	7
3295	6
3296	5
3297	6
3298	5
3299	4
3300	4
3301	5
3302	4
3303	3
3304	3
3305	4
3306	4
3307	5
3308	7
3309	8
3310	8
3311	9
3312	8
3313	7
3314	7
3315	8
3316	7
3317	6
3318	7
3319	7
3320	8
3321	7
3322	6
3323	6
3324	7
3325	6
3326	5
3327	6
3328	6
3329	7
3330	6
3331	5
3332	5
3333	6
3334	5
3335	4
3336	4
3337	5
3338	5
3339	6
3340	5
3341	4
3342	6
3343	7
3344	6
3345	5
3346	6
3347	5
3348	4
3349	5
3350	4
3351	3
3352	5
3353	6
3354	6
3355	7
3356	7
3357	8
3358	7
3359	6
3360	8
3361	9
3362	8
3363	7
3364	8
3365	7
3366	6
3367	7
3368	6
3369	5
3370	5
3371	6
3372	6
3373	7
3374	6
3375	5
3376	7
3377	8
3378	7
3379	6
3380	7
3381	6
3382	5
3383	6
3384	5
3385	4
3386	5
3387	5
3388	6
3389	6
3390	7
3391	6
3392	5
3393	7
3394	8
3395	7
3396	6
3397	7
3398	6
3399	5
3400	6
3401	5
3402	4
3403	4
3404	5
3405	5
3406	6
3407	5
3408	4
3409	6
3410	7
3411	6
3412	5
3413	6
3414	5
3415	4
3416	5
3417	4
3418	3
3419	4
3420	4
3421	5
3422	7
3423	8
3424	7
3425	6
3426	7
3427	6
3428	5
3429	6
3430	5
3431	4
3432	4
3433	5
3434	4
3435	3
3436	3
3437	4
3438	6
3439	7
3440	6
3441	5
3442	6
3443	5
3444	4
3445	5
3446	4
3447	3
3448	3
3449	4
3450	3
3451	2
3452	3
3453	3
3454	4
3455	4
3456	5
3457	7
3458	8
3459	8
3460	9
3461	8
3462	7
3463	7
3464	8
3465	7
3466	6
3467	7
3468	7
3469	8
3470	7
3471	6
3472	6
3473	7
3474	6
3475	5
3476	6
3477	6
3478	7
3479	6
3480	5
3481	5
3482	6
3483	5
3484	4
3485	4
3486	5
3487	5
3488	6
3489	5
3490	4
3491	6
3492	7
3493	6
3494	5
3495	6
3496	5
3497	4
3498	5
3499	4
3500	3
3501	5
3502	6
3503	6
3504	7
3505	7
3506	8
3507	7
3508	6
3509	8
3510	9
3511	8
3512	7
3513	8
3514	7
3515	6
3516	7
3517	6
3518	5
3519	5
3520	6
3521	6
3522	7
3523	6
3524	5
3525	7
3526	8
3527	7
3528	6
3529	7
3530	6
3531	5
3532	6
3533	5
3534	4
3535	5
3536	5
3537	6
3538	6
3539	7
3540	6
3541	5
3542	7
3543	8
3544	7
3545	6
3546	7
3547	6
3548	5
3549	6
3550	5
3551	4
3552	4
3553	5
3554	5
3555	6
3556	5
3557	4
3558	6
3559	7
3560	6
3561	5
3562	6
3563	5
3564	4
3565	5
3566	4
3567	3
3568	4
3569	4
3570	5
3571	7
3572	8
3573	7
3574	6
3575	7
3576	6
3577	5
3578	6
3579	5
3580	4
3581	4
3582	5
3583	4
3584	3
3585	3
3586	4
3587	6
3588	7
3589	6
3590	5
3591	6
3592	5
3593	4
3594	5
3595	4
3596	3
3597	3
3598	4
3599	3
3600	2
3601	2
3602	3
3603	3
3604	4
3605	6
3606	7
3607	7
3608	8
3609	7
3610	6
3611	6
3612	7
3613	6
3614	5
3615	6
3616	6
3617	7
3618	6
3619	5
3620	5
3621	6
3622	5
3623	4
3624	5
3625	5
3626	6
3627	5
3628	4
3629	4
3630	5
3631	4
3632	3
3633	3
3634	4
3635	4
3636	5
3637	4
3638	3
3639	5
3640	6
3641	5
3642	4
3643	5
3644	4
3645	3
3646	4
3647	3
3648	2
3649	4
3650	5
3651	5
3652	6
3653	6
3654	7
3655	6
3656	5
3657	7
3658	8
3659	7
3660	6
3661	7
3662	6
3663	5
3664	6
3665	5
3666	4
3667	4
3668	5
3669	5
3670	6
3671	5
3672	4
3673	6
3674	7
3675	6
3676	5
3677	6
3678	5
3679	4
3680	5
3681	4
3682	3
3683	4
3684	4
3685	5
3686	5
3687	6
3688	5
3689	4
3690	6
3691	7
3692	6
3693	5
3694	6
3695	5
3696	4
3697	5
3698	4
3699	3
3700	3
3701	4
3702	4
3703	5
3704	4
3705	3
3706	5
3707	6
3708	5
3709	4
3710	5
3711	4
3712	3
3713	4
3714	3
3715	2
3716	3
3717	3
3718	4
3719	6
3720	7
3721	6
3722	5
3723	6
3724	5
3725	4
3726	5
3727	4
3728	3
3729	3
3730	4
3731	3
3732	2
3733	2
3734	3
3735	5
3736	6
3737	5
3738	4
3739	5
3740	4
3741	3
3742	4
3743	3
3744	2
3745	2
3746	3
3747	2
3748	1
3749	2
3750	2
3751	3
3752	5
3753	6
3754	6
3755	7
3756	7
3757	8
3758	7
3759	6
3760	8
3761	9
3762	8
3763	7
3764	8
3765	7
3766	6
3767	7
3768	6
3769	5
3770	5
3771	6
3772	6
3773	7
3774	6
3775	5
3776	7
3777	8
3778	7
3779	6
3780	7
3781	6
3782	5
3783	6
3784	5
3785	4
3786	5
3787	5
3788	6
3789	8
3790	9
3791	8
3792	7
3793	8
3794	7
3795	6
3796	7
3797	6
3798	5
3799	5
3800	6
3801	5
3802	4
3803	4
3804	5
3805	7
3806	8
3807	7
3808	6
3809	7
3810	6
3811	5
3812	6
3813	5
3814	4
3815	4
3816	5
3817	4
3818	3
3819	4
3820	4
3821	5
3822	7
3823	8
3824	7
3825	6
3826	7
3827	6
3828	5
3829	6
3830	5
3831	4
3832	4
3833	5
3834	4
3835	3
3836	3
3837	4
3838	6
3839	7
3840	6
3841	5
3842	6
3843	5
3844	4
3845	5
3846	4
3847	3
3848	3
3849	4
3850	3
3851	2
3852	2
3853	3
3854	3
3855	4
3856	6
3857	7
3858	6
3859	5
3860	6
3861	5
3862	4
3863	5
3864	4
3865	3
3866	3
3867	4
3868	3
3869	2
3870	4
3871	5
3872	5
3873	6
3874	5
3875	4
3876	4
3877	5
3878	4
3879	3
3880	4
3881	4
3882	5
3883	4
3884	3
3885	3
3886	4
3887	3
3888	2
3889	3
3890	3
3891	4
3892	3
3893	2
3894	2
3895	3
3896	2
3897	1
3898	1
3899	2
3900	4
3901	5
3902	5
3903	6
3904	6
3905	7
3906	6
3907	5
3908	7
3909	8
3910	7
3911	6
3912	7
3913	6
3914	5
3915	6
3916	5
3917	4
3918	4
3919	5
3920	5
3921	6
3922	5
3923	4
3924	6
3925	7
3926	6
3927	5
3928	6
3929	5
3930	4
3931	5
3932	4
3933	3
3934	4
3935	4
3936	5
3937	7
3938	8
3939	7
3940	6
3941	7
3942	6
3943	5
3944	6
3945	5
3946	4
3947	4
3948	5
3949	4
3950	3
3951	3
3952	4
3953	6
3954	7
3955	6
3956	5
3957	6
3958	5
3959	4
3960	5
3961	4
3962	3
3963	3
3964	4
3965	3
3966	2
3967	3
3968	3
3969	4
3970	6
3971	7
3972	6
3973	5
3974	6
3975	5
3976	4
3977	5
3978	4
3979	3
3980	3
3981	4
3982	3
3983	2
3984	2
3985	3
3986	5
3987	6
3988	5
3989	4
3990	5
3991	4
3992	3
3993	4
3994	3
3995	2
3996	2
3997	3
3998	2
3999	1
4000	1
4001	2
4002	2
4003	3
4004	5
4005	6
4006	5
4007	4
4008	5
4009	4
4010	3
4011	4
4012	3
4013	2
4014	2
4015	3
4016	2
4017	1
4018	3
4019	4
4020	4
4021	5
4022	4
4023	3
4024	3
4025	4
4026	3
4027	2
4028	3
4029	3
4030	4
4031	3
4032	2
4033	2
4034	3
4035	2
4036	1
4037	2
4038	2
4039	3
4040	2
4041	1
4042	1
4043	2
4044	1
4045	1
4046	3
4047	3
4048	4
4049	6
4050	7
4051	7
4052	8
4053	8
4054	9
4055	11
4056	12
4057	12
4058	11
4059	11
4060	10
4061	11
4062	11
4063	10
4064	10
4065	9
4066	10
4067	10
4068	9
4069	9
4070	8
4071	8
4072	9
4073	9
4074	8
4075	10
4076	9
4077	8
4078	7
4079	9
4080	10
4081	10
4082	11
4083	11
4084	10
4085	12
4086	11
4087	10
4088	9
4089	9
4090	10
4091	10
4092	9
4093	11
4094	10
4095	9
4096	8
4097	9
4098	9
4099	10
4100	10
4101	9
4102	11
4103	10
4104	9
4105	8
4106	8
4107	9
4108	9
4109	8
4110	10
4111	9
4112	8
4113	7
4114	8
4115	8
4116	9
4117	11
4118	10
4119	9
4120	8
4121	8
4122	7
4123	7
4124	8
4125	10
4126	9
4127	8
4128	7
4129	7
4130	6
4131	6
4132	7
4133	7
4134	8
4135	10
4136	11
4137	11
4138	10
4139	10
4140	9
4141	10
4142	10
4143	9
4144	9
4145	8
4146	9
4147	9
4148	8
4149	8
4150	7
4151	7
4152	8
4153	8
4154	7
4155	9
4156	8
4157	7
4158	6
4159	8
4160	9
4161	9
4162	10
4163	10
4164	9
4165	11
4166	10
4167	9
4168	8
4169	8
4170	9
4171	9
4172	8
4173	10
4174	9
4175	8
4176	7
4177	8
4178	8
4179	9
4180	9
4181	8
4182	10
4183	9
4184	8
4185	7
4186	7
4187	8
4188	8
4189	7
4190	9
4191	8
4192	7
4193	6
4194	7
4195	7
4196	8
4197	10
4198	9
4199	8
4200	7
4201	7
4202	6
4203	6
4204	7
4205	9
4206	8
4207	7
4208	6
4209	6
4210	5
4211	6
4212	6
4213	7
4214	9
4215	10
4216	10
4217	11
4218	11
4219	10
4220	12
4221	11
4222	10
4223	9
4224	9
4225	10
4226	10
4227	9
4228	11
4229	10
4230	9
4231	8
4232	9
4233	9
4234	10
4235	12
4236	11
4237	10
4238	9
4239	9
4240	8
4241	8
4242	9
4243	11
4244	10
4245	9
4246	8
4247	8
4248	7
4249	8
4250	8
4251	9
4252	11
4253	10
4254	9
4255	8
4256	8
4257	7
4258	7
4259	8
4260	10
4261	9
4262	8
4263	7
4264	7
4265	6
4266	6
4267	7
4268	7
4269	8
4270	10
4271	9
4272	8
4273	7
4274	7
4275	6
4276	8
4277	9
4278	9
4279	8
4280	8
4281	7
4282	8
4283	8
4284	7
4285	7
4286	6
4287	7
4288	7
4289	6
4290	6
4291	5
4292	5
4293	6
4294	8
4295	9
4296	9
4297	10
4298	10
4299	9
4300	11
4301	10
4302	9
4303	8
4304	8
4305	9
4306	9
4307	8
4308	10
4309	9
4310	8
4311	7
4312	8
4313	8
4314	9
4315	11
4316	10
4317	9
4318	8
4319	8
4320	7
4321	7
4322	8
4323	10
4324	9
4325	8
4326	7
4327	7
4328	6
4329	7
4330	7
4331	8
4332	10
4333	9
4334	8
4335	7
4336	7
4337	6
4338	6
4339	7
4340	9
4341	8
4342	7
4343	6
4344	6
4345	5
4346	5
4347	6
4348	6
4349	7
4350	9
4351	8
4352	7
4353	6
4354	6
4355	5
4356	7
4357	8
4358	8
4359	7
4360	7
4361	6
4362	7
4363	7
4364	6
4365	6
4366	5
4367	6
4368	6
4369	5
4370	5
4371	4
4372	5
4373	5
4374	6
4375	8
4376	9
4377	9
4378	10
4379	10
4380	9
4381	11
4382	10
4383	9
4384	8
4385	8
4386	9
4387	9
4388	8
4389	10
4390	9
4391	8
4392	7
4393	8
4394	8
4395	9
4396	11
4397	10
4398	9
4399	8
4400	8
4401	7
4402	7
4403	8
4404	10
4405	9
4406	8
4407	7
4408	7
4409	6
4410	7
4411	7
4412	8
4413	10
4414	9
4415	8
4416	7
4417	7
4418	6
4419	6
4420	7
4421	9
4422	8
4423	7
4424	6
4425	6
4426	5
4427	5
4428	6
4429	6
4430	7
4431	9
4432	8
4433	7
4434	6
4435	6
4436	5
4437	7
4438	8
4439	8
4440	7
4441	7
4442	6
4443	7
4444	7
4445	6
4446	6
4447	5
4448	6
4449	6
4450	5
4451	5
4452	4
4453	4
4454	5
4455	7
4456	8
4457	8
4458	9
4459	9
4460	8
4461	10
4462	9
4463	8
4464	7
4465	7
4466	8
4467	8
4468	7
4469	9
4470	8
4471	7
4472	6
4473	7
4474	7
4475	8
4476	10
4477	9
4478	8
4479	7
4480	7
4481	6
4482	6
4483	7
4484	9
4485	8
4486	7
4487	6
4488	6
4489	5
4490	6
4491	6
4492	7
4493	9
4494	8
4495	7
4496	6
4497	6
4498	5
4499	5
4500	6
4501	8
4502	7
4503	6
4504	5
4505	5
4506	4
4507	4
4508	5
4509	5
4510	6
4511	8
4512	7
4513	6
4514	5
4515	5
4516	4
4517	6
4518	7
4519	7
4520	6
4521	6
4522	5
4523	6
4524	6
4525	5
4526	5
4527	4
4528	5
4529	5
4530	4
4531	4
4532	3
4533	3
4534	4
4535	4
4536	5
4537	7
4538	8
4539	8
4540	9
4541	9
4542	8
4543	10
4544	9
4545	8
4546	7
4547	7
4548	8
4549	8
4550	7
4551	9
4552	8
4553	7
4554	6
4555	7
4556	7
4557	8
4558	10
4559	9
4560	8
4561	7
4562	7
4563	6
4564	6
4565	7
4566	9
4567	8
4568	7
4569	6
4570	6
4571	5
4572	6
4573	6
4574	7
4575	9
4576	8
4577	7
4578	6
4579	6
4580	5
4581	5
4582	6
4583	8
4584	7
4585	6
4586	5
4587	5
4588	4
4589	4
4590	5
4591	5
4592	6
4593	8
4594	7
4595	6
4596	5
4597	5
4598	4
4599	6
4600	7
4601	7
4602	6
4603	6
4604	5
4605	6
4606	6
4607	5
4608	5
4609	4
4610	5
4611	5
4612	4
4613	4
4614	3
4615	5
4616	6
4617	6
4618	7
4619	7
4620	8
4621	10
4622	9
4623	8
4624	7
4625	7
4626	6
4627	8
4628	9
4629	9
4630	8
4631	8
4632	7
4633	8
4634	8
4635	7
4636	7
4637	6
4638	7
4639	7
4640	6
4641	6
4642	5
4643	5
4644	6
4645	6
4646	7
4647	9
4648	8
4649	7
4650	6
4651	6
4652	5
4653	7
4654	8
4655	8
4656	7
4657	7
4658	6
4659	7
4660	7
4661	6
4662	6
4663	5
4664	6
4665	6
4666	5
4667	5
4668	4
4669	5
4670	5
4671	6
4672	6
4673	7
4674	9
4675	8
4676	7
4677	6
4678	6
4679	5
4680	7
4681	8
4682	8
4683	7
4684	7
4685	6
4686	7
4687	7
4688	6
4689	6
4690	5
4691	6
4692	6
4693	5
4694	5
4695	4
4696	4
4697	5
4698	5
4699	6
4700	8
4701	7
4702	6
4703	5
4704	5
4705	4
4706	6
4707	7
4708	7
4709	6
4710	6
4711	5
4712	6
4713	6
4714	5
4715	5
4716	4
4717	5
4718	5
4719	4
4720	4
4721	3
4722	4
4723	4
4724	5
4725	7
4726	8
4727	8
4728	7
4729	7
4730	6
4731	7
4732	7
4733	6
4734	6
4735	5
4736	6
4737	6
4738	5
4739	5
4740	4
4741	4
4742	5
4743	5
4744	4
4745	6
4746	5
4747	4
4748	3
4749	3
4750	4
4751	6
4752	7
4753	7
4754	6
4755	6
4756	5
4757	6
4758	6
4759	5
4760	5
4761	4
4762	5
4763	5
4764	4
4765	4
4766	3
4767	3
4768	4
4769	4
4770	3
4771	5
4772	4
4773	3
4774	2
4775	2
4776	3
4777	5
4778	6
4779	6
4780	7
4781	7
4782	8
4783	10
4784	11
4785	11
4786	10
4787	10
4788	9
4789	10
4790	10
4791	9
4792	9
4793	8
4794	9
4795	9
4796	8
4797	8
4798	7
4799	7
4800	8
4801	8
4802	7
4803	9
4804	8
4805	7
4806	6
4807	8
4808	9
4809	9
4810	10
4811	10
4812	9
4813	11
4814	10
4815	9
4816	8
4817	8
4818	9
4819	9
4820	8
4821	10
4822	9
4823	8
4824	7
4825	8
4826	8
4827	9
4828	9
4829	8
4830	10
4831	9
4832	8
4833	7
4834	7
4835	8
4836	8
4837	7
4838	9
4839	8
4840	7
4841	6
4842	7
4843	7
4844	8
4845	10
4846	9
4847	8
4848	7
4849	7
4850	6
4851	6
4852	7
4853	9
4854	8
4855	7
4856	6
4857	6
4858	5
4859	5
4860	6
4861	6
4862	7
4863	9
4864	10
4865	10
4866	9
4867	9
4868	8
4869	9
4870	9
4871	8
4872	8
4873	7
4874	8
4875	8
4876	7
4877	7
4878	6
4879	6
4880	7
4881	7
4882	6
4883	8
4884	7
4885	6
4886	5
4887	7
4888	8
4889	8
4890	9
4891	9
4892	8
4893	10
4894	9
4895	8
4896	7
4897	7
4898	8
4899	8
4900	7
4901	9
4902	8
4903	7
4904	6
4905	7
4906	7
4907	8
4908	8
4909	7
4910	9
4911	8
4912	7
4913	6
4914	6
4915	7
4916	7
4917	6
4918	8
4919	7
4920	6
4921	5
4922	6
4923	6
4924	7
4925	9
4926	8
4927	7
4928	6
4929	6
4930	5
4931	5
4932	6
4933	8
4934	7
4935	6
4936	5
4937	5
4938	4
4939	5
4940	5
4941	6
4942	8
4943	9
4944	9
4945	10
4946	10
4947	9
4948	11
4949	10
4950	9
4951	8
4952	8
4953	9
4954	9
4955	8
4956	10
4957	9
4958	8
4959	7
4960	8
4961	8
4962	9
4963	11
4964	10
4965	9
4966	8
4967	8
4968	7
4969	7
4970	8
4971	10
4972	9
4973	8
4974	7
4975	7
4976	6
4977	7
4978	7
4979	8
4980	10
4981	9
4982	8
4983	7
4984	7
4985	6
4986	6
4987	7
4988	9
4989	8
4990	7
4991	6
4992	6
4993	5
4994	5
4995	6
4996	6
4997	7
4998	9
4999	8
5000	7
5001	6
5002	6
5003	5
5004	7
5005	8
5006	8
5007	7
5008	7
5009	6
5010	7
5011	7
5012	6
5013	6
5014	5
5015	6
5016	6
5017	5
5018	5
5019	4
5020	4
5021	5
5022	7
5023	8
5024	8
5025	9
5026	9
5027	8
5028	10
5029	9
5030	8
5031	7
5032	7
5033	8
5034	8
5035	7
5036	9
5037	8
5038	7
5039	6
5040	7
5041	7
5042	8
5043	10
5044	9
5045	8
5046	7
5047	7
5048	6
5049	6
5050	7
5051	9
5052	8
5053	7
5054	6
5055	6
5056	5
5057	6
5058	6
5059	7
5060	9
5061	8
5062	7
5063	6
5064	6
5065	5
5066	5
5067	6
5068	8
5069	7
5070	6
5071	5
5072	5
5073	4
5074	4
5075	5
5076	5
5077	6
5078	8
5079	7
5080	6
5081	5
5082	5
5083	4
5084	6
5085	7
5086	7
5087	6
5088	6
5089	5
5090	6
5091	6
5092	5
5093	5
5094	4
5095	5
5096	5
5097	4
5098	4
5099	3
5100	4
5101	4
5102	5
5103	7
5104	8
5105	8
5106	9
5107	9
5108	8
5109	10
5110	9
5111	8
5112	7
5113	7
5114	8
5115	8
5116	7
5117	9
5118	8
5119	7
5120	6
5121	7
5122	7
5123	8
5124	10
5125	9
5126	8
5127	7
5128	7
5129	6
5130	6
5131	7
5132	9
5133	8
5134	7
5135	6
5136	6
5137	5
5138	6
5139	6
5140	7
5141	9
5142	8
5143	7
5144	6
5145	6
5146	5
5147	5
5148	6
5149	8
5150	7
5151	6
5152	5
5153	5
5154	4
5155	4
5156	5
5157	5
5158	6
5159	8
5160	7
5161	6
5162	5
5163	5
5164	4
5165	6
5166	7
5167	7
5168	6
5169	6
5170	5
5171	6
5172	6
5173	5
5174	5
5175	4
5176	5
5177	5
5178	4
5179	4
5180	3
5181	3
5182	4
5183	6
5184	7
5185	7
5186	8
5187	8
5188	7
5189	9
5190	8
5191	7
5192	6
5193	6
5194	7
5195	7
5196	6
5197	8
5198	7
5199	6
5200	5
5201	6
5202	6
5203	7
5204	9
5205	8
5206	7
5207	6
5208	6
5209	5
5210	5
5211	6
5212	8
5213	7
5214	6
5215	5
5216	5
5217	4
5218	5
5219	5
5220	6
5221	8
5222	7
5223	6
5224	5
5225	5
5226	4
5227	4
5228	5
5229	7
5230	6
5231	5
5232	4
5233	4
5234	3
5235	3
5236	4
5237	4
5238	5
5239	7
5240	6
5241	5
5242	4
5243	4
5244	3
5245	5
5246	6
5247	6
5248	5
5249	5
5250	4
5251	5
5252	5
5253	4
5254	4
5255	3
5256	4
5257	4
5258	3
5259	3
5260	2
5261	2
5262	3
5263	3
5264	4
5265	6
5266	7
5267	7
5268	8
5269	8
5270	7
5271	9
5272	8
5273	7
5274	6
5275	6
5276	7
5277	7
5278	6
5279	8
5280	7
5281	6
5282	5
5283	6
5284	6
5285	7
5286	9
5287	8
5288	7
5289	6
5290	6
5291	5
5292	5
5293	6
5294	8
5295	7
5296	6
5297	5
5298	5
5299	4
5300	5
5301	5
5302	6
5303	8
5304	7
5305	6
5306	5
5307	5
5308	4
5309	4
5310	5
5311	7
5312	6
5313	5
5314	4
5315	4
5316	3
5317	3
5318	4
5319	4
5320	5
5321	7
5322	6
5323	5
5324	4
5325	4
5326	3
5327	5
5328	6
5329	6
5330	5
5331	5
5332	4
5333	5
5334	5
5335	4
5336	4
5337	3
5338	4
5339	4
5340	3
5341	3
5342	2
5343	4
5344	5
5345	5
5346	6
5347	6
5348	7
5349	9
5350	8
5351	7
5352	6
5353	6
5354	5
5355	7
5356	8
5357	8
5358	7
5359	7
5360	6
5361	7
5362	7
5363	6
5364	6
5365	5
5366	6
5367	6
5368	5
5369	5
5370	4
5371	4
5372	5
5373	5
5374	6
5375	8
5376	7
5377	6
5378	5
5379	5
5380	4
5381	6
5382	7
5383	7
5384	6
5385	6
5386	5
5387	6
5388	6
5389	5
5390	5
5391	4
5392	5
5393	5
5394	4
5395	4
5396	3
5397	4
5398	4
5399	5
5400	5
5401	6
5402	8
5403	7
5404	6
5405	5
5406	5
5407	4
5408	6
5409	7
5410	7
5411	6
5412	6
5413	5
5414	6
5415	6
5416	5
5417	5
5418	4
5419	5
5420	5
5421	4
5422	4
5423	3
5424	3
5425	4
5426	4
5427	5
5428	7
5429	6
5430	5
5431	4
5432	4
5433	3
5434	5
5435	6
5436	6
5437	5
5438	5
5439	4
5440	5
5441	5
5442	4
5443	4
5444	3
5445	4
5446	4
5447	3
5448	3
5449	2
5450	3
5451	3
5452	4
5453	6
5454	7
5455	7
5456	6
5457	6
5458	5
5459	6
5460	6
5461	5
5462	5
5463	4
5464	5
5465	5
5466	4
5467	4
5468	3
5469	3
5470	4
5471	4
5472	3
5473	5
5474	4
5475	3
5476	2
5477	2
5478	3
5479	5
5480	6
5481	6
5482	5
5483	5
5484	4
5485	5
5486	5
5487	4
5488	4
5489	3
5490	4
5491	4
5492	3
5493	3
5494	2
5495	2
5496	3
5497	3
5498	2
5499	4
5500	3
5501	2
5502	1
5503	3
5504	4
5505	4
5506	5
5507	5
5508	6
5509	8
5510	9
5511	9
5512	10
5513	10
5514	9
5515	11
5516	10
5517	9
5518	8
5519	8
5520	9
5521	9
5522	8
5523	10
5524	9
5525	8
5526	7
5527	8
5528	8
5529	9
5530	11
5531	10
5532	9
5533	8
5534	8
5535	7
5536	7
5537	8
5538	10
5539	9
5540	8
5541	7
5542	7
5543	6
5544	7
5545	7
5546	8
5547	10
5548	9
5549	8
5550	7
5551	7
5552	6
5553	6
5554	7
5555	9
5556	8
5557	7
5558	6
5559	6
5560	5
5561	5
5562	6
5563	6
5564	7
5565	9
5566	8
5567	7
5568	6
5569	6
5570	5
5571	7
5572	8
5573	8
5574	7
5575	7
5576	6
5577	7
5578	7
5579	6
5580	6
5581	5
5582	6
5583	6
5584	5
5585	5
5586	4
5587	6
5588	7
5589	7
5590	8
5591	8
5592	9
5593	11
5594	10
5595	9
5596	8
5597	8
5598	7
5599	9
5600	10
5601	10
5602	9
5603	9
5604	8
5605	9
5606	9
5607	8
5608	8
5609	7
5610	8
5611	8
5612	7
5613	7
5614	6
5615	6
5616	7
5617	7
5618	8
5619	10
5620	9
5621	8
5622	7
5623	7
5624	6
5625	8
5626	9
5627	9
5628	8
5629	8
5630	7
5631	8
5632	8
5633	7
5634	7
5635	6
5636	7
5637	7
5638	6
5639	6
5640	5
5641	6
5642	6
5643	7
5644	7
5645	8
5646	10
5647	9
5648	8
5649	7
5650	7
5651	6
5652	8
5653	9
5654	9
5655	8
5656	8
5657	7
5658	8
5659	8
5660	7
5661	7
5662	6
5663	7
5664	7
5665	6
5666	6
5667	5
5668	5
5669	6
5670	6
5671	7
5672	9
5673	8
5674	7
5675	6
5676	6
5677	5
5678	7
5679	8
5680	8
5681	7
5682	7
5683	6
5684	7
5685	7
5686	6
5687	6
5688	5
5689	6
5690	6
5691	5
5692	5
5693	4
5694	5
5695	5
5696	6
5697	8
5698	9
5699	9
5700	8
5701	8
5702	7
5703	8
5704	8
5705	7
5706	7
5707	6
5708	7
5709	7
5710	6
5711	6
5712	5
5713	5
5714	6
5715	6
5716	5
5717	7
5718	6
5719	5
5720	4
5721	4
5722	5
5723	7
5724	8
5725	8
5726	7
5727	7
5728	6
5729	7
5730	7
5731	6
5732	6
5733	5
5734	6
5735	6
5736	5
5737	5
5738	4
5739	4
5740	5
5741	5
5742	4
5743	6
5744	5
5745	4
5746	3
5747	3
5748	4
5749	4
5750	5
5751	7
5752	8
5753	8
5754	9
5755	9
5756	8
5757	10
5758	9
5759	8
5760	7
5761	7
5762	8
5763	8
5764	7
5765	9
5766	8
5767	7
5768	6
5769	7
5770	7
5771	8
5772	10
5773	9
5774	8
5775	7
5776	7
5777	6
5778	6
5779	7
5780	9
5781	8
5782	7
5783	6
5784	6
5785	5
5786	6
5787	6
5788	7
5789	9
5790	8
5791	7
5792	6
5793	6
5794	5
5795	5
5796	6
5797	8
5798	7
5799	6
5800	5
5801	5
5802	4
5803	4
5804	5
5805	5
5806	6
5807	8
5808	7
5809	6
5810	5
5811	5
5812	4
5813	6
5814	7
5815	7
5816	6
5817	6
5818	5
5819	6
5820	6
5821	5
5822	5
5823	4
5824	5
5825	5
5826	4
5827	4
5828	3
5829	5
5830	6
5831	6
5832	7
5833	7
5834	8
5835	10
5836	9
5837	8
5838	7
5839	7
5840	6
5841	8
5842	9
5843	9
5844	8
5845	8
5846	7
5847	8
5848	8
5849	7
5850	7
5851	6
5852	7
5853	7
5854	6
5855	6
5856	5
5857	5
5858	6
5859	6
5860	7
5861	9
5862	8
5863	7
5864	6
5865	6
5866	5
5867	7
5868	8
5869	8
5870	7
5871	7
5872	6
5873	7
5874	7
5875	6
5876	6
5877	5
5878	6
5879	6
5880	5
5881	5
5882	4
5883	5
5884	5
5885	6
5886	6
5887	7
5888	9
5889	8
5890	7
5891	6
5892	6
5893	5
5894	7
5895	8
5896	8
5897	7
5898	7
5899	6
5900	7
5901	7
5902	6
5903	6
5904	5
5905	6
5906	6
5907	5
5908	5
5909	4
5910	4
5911	5
5912	5
5913	6
5914	8
5915	7
5916	6
5917	5
5918	5
5919	4
5920	6
5921	7
5922	7
5923	6
5924	6
5925	5
5926	6
5927	6
5928	5
5929	5
5930	4
5931	5
5932	5
5933	4
5934	4
5935	3
5936	4
5937	4
5938	5
5939	7
5940	8
5941	8
5942	7
5943	7
5944	6
5945	7
5946	7
5947	6
5948	6
5949	5
5950	6
5951	6
5952	5
5953	5
5954	4
5955	4
5956	5
5957	5
5958	4
5959	6
5960	5
5961	4
5962	3
5963	3
5964	4
5965	6
5966	7
5967	7
5968	6
5969	6
5970	5
5971	6
5972	6
5973	5
5974	5
5975	4
5976	5
5977	5
5978	4
5979	4
5980	3
5981	3
5982	4
5983	4
5984	3
5985	5
5986	4
5987	3
5988	2
5989	3
5990	3
5991	4
5992	4
5993	5
5994	7
5995	8
5996	8
5997	9
5998	9
5999	8
6000	10
6001	9
6002	8
6003	7
6004	7
6005	8
6006	8
6007	7
6008	9
6009	8
6010	7
6011	6
6012	7
6013	7
6014	8
6015	10
6016	9
6017	8
6018	7
6019	7
6020	6
6021	6
6022	7
6023	9
6024	8
6025	7
6026	6
6027	6
6028	5
6029	6
6030	6
6031	7
6032	9
6033	8
6034	7
6035	6
6036	6
6037	5
6038	5
6039	6
6040	8
6041	7
6042	6
6043	5
6044	5
6045	4
6046	4
6047	5
6048	5
6049	6
6050	8
6051	7
6052	6
6053	5
6054	5
6055	4
6056	6
6057	7
6058	7
6059	6
6060	6
6061	5
6062	6
6063	6
6064	5
6065	5
6066	4
6067	5
6068	5
6069	4
6070	4
6071	3
6072	5
6073	6
6074	6
6075	7
6076	7
6077	8
6078	10
6079	9
6080	8
6081	7
6082	7
6083	6
6084	8
6085	9
6086	9
6087	8
6088	8
6089	7
6090	8
6091	8
6092	7
6093	7
6094	6
6095	7
6096	7
6097	6
6098	6
6099	5
6100	5
6101	6
6102	6
6103	7
6104	9
6105	8
6106	7
6107	6
6108	6
6109	5
6110	7
6111	8
6112	8
6113	7
6114	7
6115	6
6116	7
6117	7
6118	6
6119	6
6120	5
6121	6
6122	6
6123	5
6124	5
6125	4
6126	5
6127	5
6128	6
6129	6
6130	7
6131	9
6132	8
6133	7
6134	6
6135	6
6136	5
6137	7
6138	8
6139	8
6140	7
6141	7
6142	6
6143	7
6144	7
6145	6
6146	6
6147	5
6148	6
6149	6
6150	5
6151	5
6152	4
6153	4
6154	5
6155	5
6156	6
6157	8
6158	7
6159	6
6160	5
6161	5
6162	4
6163	6
6164	7
6165	7
6166	6
6167	6
6168	5
6169	6
6170	6
6171	5
6172	5
6173	4
6174	5
6175	5
6176	4
6177	4
6178	3
6179	4
6180	4
6181	5
6182	7
6183	8
6184	8
6185	7
6186	7
6187	6
6188	7
6189	7
6190	6
6191	6
6192	5
6193	6
6194	6
6195	5
6196	5
6197	4
6198	4
6199	5
6200	5
6201	4
6202	6
6203	5
6204	4
6205	3
6206	3
6207	4
6208	6
6209	7
6210	7
6211	6
6212	6
6213	5
6214	6
6215	6
6216	5
6217	5
6218	4
6219	5
6220	5
6221	4
6222	4
6223	3
6224	3
6225	4
6226	4
6227	3
6228	5
6229	4
6230	3
6231	2
6232	2
6233	3
6234	3
6235	4
6236	6
6237	7
6238	7
6239	8
6240	8
6241	7
6242	9
6243	8
6244	7
6245	6
6246	6
6247	7
6248	7
6249	6
6250	8
6251	7
6252	6
6253	5
6254	6
6255	6
6256	7
6257	9
6258	8
6259	7
6260	6
6261	6
6262	5
6263	5
6264	6
6265	8
6266	7
6267	6
6268	5
6269	5
6270	4
6271	5
6272	5
6273	6
6274	8
6275	7
6276	6
6277	5
6278	5
6279	4
6280	4
6281	5
6282	7
6283	6
6284	5
6285	4
6286	4
6287	3
6288	3
6289	4
6290	4
6291	5
6292	7
6293	6
6294	5
6295	4
6296	4
6297	3
6298	5
6299	6
6300	6
6301	5
6302	5
6303	4
6304	5
6305	5
6306	4
6307	4
6308	3
6309	4
6310	4
6311	3
6312	3
6313	2
6314	4
6315	5
6316	5
6317	6
6318	6
6319	7
6320	9
6321	8
6322	7
6323	6
6324	6
6325	5
6326	7
6327	8
6328	8
6329	7
6330	7
6331	6
6332	7
6333	7
6334	6
6335	6
6336	5
6337	6
6338	6
6339	5
6340	5
6341	4
6342	4
6343	5
6344	5
6345	6
6346	8
6347	7
6348	6
6349	5
6350	5
6351	4
6352	6
6353	7
6354	7
6355	6
6356	6
6357	5
6358	6
6359	6
6360	5
6361	5
6362	4
6363	5
6364	5
6365	4
6366	4
6367	3
6368	4
6369	4
6370	5
6371	5
6372	6
6373	8
6374	7
6375	6
6376	5
6377	5
6378	4
6379	6
6380	7
6381	7
6382	6
6383	6
6384	5
6385	6
6386	6
6387	5
6388	5
6389	4
6390	5
6391	5
6392	4
6393	4
6394	3
6395	3
6396	4
6397	4
6398	5
6399	7
6400	6
6401	5
6402	4
6403	4
6404	3
6405	5
6406	6
6407	6
6408	5
6409	5
6410	4
6411	5
6412	5
6413	4
6414	4
6415	3
6416	4
6417	4
6418	3
6419	3
6420	2
6421	3
6422	3
6423	4
6424	6
6425	7
6426	7
6427	6
6428	6
6429	5
6430	6
6431	6
6432	5
6433	5
6434	4
6435	5
6436	5
6437	4
6438	4
6439	3
6440	3
6441	4
6442	4
6443	3
6444	5
6445	4
6446	3
6447	2
6448	2
6449	3
6450	5
6451	6
6452	6
6453	5
6454	5
6455	4
6456	5
6457	5
6458	4
6459	4
6460	3
6461	4
6462	4
6463	3
6464	3
6465	2
6466	2
6467	3
6468	3
6469	2
6470	4
6471	3
6472	2
6473	1
6474	2
6475	2
6476	3
6477	5
6478	6
6479	6
6480	7
6481	7
6482	8
6483	10
6484	9
6485	8
6486	7
6487	7
6488	6
6489	8
6490	9
6491	9
6492	8
6493	8
6494	7
6495	8
6496	8
6497	7
6498	7
6499	6
6500	7
6501	7
6502	6
6503	6
6504	5
6505	5
6506	6
6507	6
6508	7
6509	9
6510	8
6511	7
6512	6
6513	6
6514	5
6515	7
6516	8
6517	8
6518	7
6519	7
6520	6
6521	7
6522	7
6523	6
6524	6
6525	5
6526	6
6527	6
6528	5
6529	5
6530	4
6531	5
6532	5
6533	6
6534	8
6535	9
6536	9
6537	8
6538	8
6539	7
6540	8
6541	8
6542	7
6543	7
6544	6
6545	7
6546	7
6547	6
6548	6
6549	5
6550	5
6551	6
6552	6
6553	5
6554	7
6555	6
6556	5
6557	4
6558	4
6559	5
6560	7
6561	8
6562	8
6563	7
6564	7
6565	6
6566	7
6567	7
6568	6
6569	6
6570	5
6571	6
6572	6
6573	5
6574	5
6575	4
6576	4
6577	5
6578	5
6579	4
6580	6
6581	5
6582	4
6583	3
6584	4
6585	4
6586	5
6587	7
6588	8
6589	8
6590	7
6591	7
6592	6
6593	7
6594	7
6595	6
6596	6
6597	5
6598	6
6599	6
6600	5
6601	5
6602	4
6603	4
6604	5
6605	5
6606	4
6607	6
6608	5
6609	4
6610	3
6611	3
6612	4
6613	6
6614	7
6615	7
6616	6
6617	6
6618	5
6619	6
6620	6
6621	5
6622	5
6623	4
6624	5
6625	5
6626	4
6627	4
6628	3
6629	3
6630	4
6631	4
6632	3
6633	5
6634	4
6635	3
6636	2
6637	2
6638	3
6639	3
6640	4
6641	6
6642	7
6643	7
6644	6
6645	6
6646	5
6647	6
6648	6
6649	5
6650	5
6651	4
6652	5
6653	5
6654	4
6655	4
6656	3
6657	3
6658	4
6659	4
6660	3
6661	5
6662	4
6663	3
6664	2
6665	4
6666	5
6667	5
6668	6
6669	6
6670	5
6671	7
6672	6
6673	5
6674	4
6675	4
6676	5
6677	5
6678	4
6679	6
6680	5
6681	4
6682	3
6683	4
6684	4
6685	5
6686	5
6687	4
6688	6
6689	5
6690	4
6691	3
6692	3
6693	4
6694	4
6695	3
6696	5
6697	4
6698	3
6699	2
6700	3
6701	3
6702	4
6703	6
6704	5
6705	4
6706	3
6707	3
6708	2
6709	2
6710	3
6711	5
6712	4
6713	3
6714	2
6715	2
6716	1
6717	1
6718	2
6719	4
6720	5
6721	5
6722	6
6723	6
6724	7
6725	9
6726	8
6727	7
6728	6
6729	6
6730	5
6731	7
6732	8
6733	8
6734	7
6735	7
6736	6
6737	7
6738	7
6739	6
6740	6
6741	5
6742	6
6743	6
6744	5
6745	5
6746	4
6747	4
6748	5
6749	5
6750	6
6751	8
6752	7
6753	6
6754	5
6755	5
6756	4
6757	6
6758	7
6759	7
6760	6
6761	6
6762	5
6763	6
6764	6
6765	5
6766	5
6767	4
6768	5
6769	5
6770	4
6771	4
6772	3
6773	4
6774	4
6775	5
6776	7
6777	8
6778	8
6779	7
6780	7
6781	6
6782	7
6783	7
6784	6
6785	6
6786	5
6787	6
6788	6
6789	5
6790	5
6791	4
6792	4
6793	5
6794	5
6795	4
6796	6
6797	5
6798	4
6799	3
6800	3
6801	4
6802	6
6803	7
6804	7
6805	6
6806	6
6807	5
6808	6
6809	6
6810	5
6811	5
6812	4
6813	5
6814	5
6815	4
6816	4
6817	3
6818	3
6819	4
6820	4
6821	3
6822	5
6823	4
6824	3
6825	2
6826	3
6827	3
6828	4
6829	6
6830	7
6831	7
6832	6
6833	6
6834	5
6835	6
6836	6
6837	5
6838	5
6839	4
6840	5
6841	5
6842	4
6843	4
6844	3
6845	3
6846	4
6847	4
6848	3
6849	5
6850	4
6851	3
6852	2
6853	2
6854	3
6855	5
6856	6
6857	6
6858	5
6859	5
6860	4
6861	5
6862	5
6863	4
6864	4
6865	3
6866	4
6867	4
6868	3
6869	3
6870	2
6871	2
6872	3
6873	3
6874	2
6875	4
6876	3
6877	2
6878	1
6879	1
6880	2
6881	2
6882	3
6883	5
6884	6
6885	6
6886	5
6887	5
6888	4
6889	5
6890	5
6891	4
6892	4
6893	3
6894	4
6895	4
6896	3
6897	3
6898	2
6899	2
6900	3
6901	3
6902	2
6903	4
6904	3
6905	2
6906	1
6907	3
6908	4
6909	4
6910	5
6911	5
6912	4
6913	6
6914	5
6915	4
6916	3
6917	3
6918	4
6919	4
6920	3
6921	5
6922	4
6923	3
6924	2
6925	3
6926	3
6927	4
6928	4
6929	3
6930	5
6931	4
6932	3
6933	2
6934	2
6935	3
6936	3
6937	2
6938	4
6939	3
6940	2
6941	1
6942	2
6943	2
6944	3
6945	5
6946	4
6947	3
6948	2
6949	2
6950	1
6951	1
6952	2
6953	4
6954	3
6955	2
6956	1
6957	1
6958	1
6959	3
6960	3
6961	4
6962	6
6963	7
6964	7
6965	8
6966	8
6967	9
6968	11
6969	12
6970	12
6971	13
6972	12
6973	11
6974	11
6975	12
6976	11
6977	10
6978	11
6979	11
6980	12
6981	11
6982	10
6983	10
6984	11
6985	10
6986	9
6987	10
6988	10
6989	11
6990	10
6991	9
6992	9
6993	10
6994	9
6995	8
6996	8
6997	9
6998	9
6999	10
7000	9
7001	8
7002	10
7003	11
7004	10
7005	9
7006	10
7007	9
7008	8
7009	9
7010	8
7011	7
7012	9
7013	10
7014	10
7015	11
7016	11
7017	12
7018	11
7019	10
7020	12
7021	13
7022	12
7023	11
7024	12
7025	11
7026	10
7027	11
7028	10
7029	9
7030	9
7031	10
7032	10
7033	11
7034	10
7035	9
7036	11
7037	12
7038	11
7039	10
7040	11
7041	10
7042	9
7043	10
7044	9
7045	8
7046	9
7047	9
7048	10
7049	10
7050	11
7051	10
7052	9
7053	11
7054	12
7055	11
7056	10
7057	11
7058	10
7059	9
7060	10
7061	9
7062	8
7063	8
7064	9
7065	9
7066	10
7067	9
7068	8
7069	10
7070	11
7071	10
7072	9
7073	10
7074	9
7075	8
7076	9
7077	8
7078	7
7079	8
7080	8
7081	9
7082	11
7083	12
7084	11
7085	10
7086	11
7087	10
7088	9
7089	10
7090	9
7091	8
7092	8
7093	9
7094	8
7095	7
7096	7
7097	8
7098	10
7099	11
7100	10
7101	9
7102	10
7103	9
7104	8
7105	9
7106	8
7107	7
7108	7
7109	8
7110	7
7111	6
7112	6
7113	7
7114	7
7115	8
7116	10
7117	11
7118	11
7119	12
7120	11
7121	10
7122	10
7123	11
7124	10
7125	9
7126	10
7127	10
7128	11
7129	10
7130	9
7131	9
7132	10
7133	9
7134	8
7135	9
7136	9
7137	10
7138	9
7139	8
7140	8
7141	9
7142	8
7143	7
7144	7
7145	8
7146	8
7147	9
7148	8
7149	7
7150	9
7151	10
7152	9
7153	8
7154	9
7155	8
7156	7
7157	8
7158	7
7159	6
7160	8
7161	9
7162	9
7163	10
7164	10
7165	11
7166	10
7167	9
7168	11
7169	12
7170	11
7171	10
7172	11
7173	10
7174	9
7175	10
7176	9
7177	8
7178	8
7179	9
7180	9
7181	10
7182	9
7183	8
7184	10
7185	11
7186	10
7187	9
7188	10
7189	9
7190	8
7191	9
7192	8
7193	7
7194	8
7195	8
7196	9
7197	9
7198	10
7199	9
7200	8
7201	10
7202	11
7203	10
7204	9
7205	10
7206	9
7207	8
7208	9
7209	8
7210	7
7211	7
7212	8
7213	8
7214	9
7215	8
7216	7
7217	9
7218	10
7219	9
7220	8
7221	9
7222	8
7223	7
7224	8
7225	7
7226	6
7227	7
7228	7
7229	8
7230	10
7231	11
7232	10
7233	9
7234	10
7235	9
7236	8
7237	9
7238	8
7239	7
7240	7
7241	8
7242	7
7243	6
7244	6
7245	7
7246	9
7247	10
7248	9
7249	8
7250	9
7251	8
7252	7
7253	8
7254	7
7255	6
7256	6
7257	7
7258	6
7259	5
7260	6
7261	6
7262	7
7263	9
7264	10
7265	10
7266	11
7267	11
7268	12
7269	11
7270	10
7271	12
7272	13
7273	12
7274	11
7275	12
7276	11
7277	10
7278	11
7279	10
7280	9
7281	9
7282	10
7283	10
7284	11
7285	10
7286	9
7287	11
7288	12
7289	11
7290	10
7291	11
7292	10
7293	9
7294	10
7295	9
7296	8
7297	9
7298	9
7299	10
7300	12
7301	13
7302	12
7303	11
7304	12
7305	11
7306	10
7307	11
7308	10
7309	9
7310	9
7311	10
7312	9
7313	8
7314	8
7315	9
7316	11
7317	12
7318	11
7319	10
7320	11
7321	10
7322	9
7323	10
7324	9
7325	8
7326	8
7327	9
7328	8
7329	7
7330	8
7331	8
7332	9
7333	11
7334	12
7335	11
7336	10
7337	11
7338	10
7339	9
7340	10
7341	9
7342	8
7343	8
7344	9
7345	8
7346	7
7347	7
7348	8
7349	10
7350	11
7351	10
7352	9
7353	10
7354	9
7355	8
7356	9
7357	8
7358	7
7359	7
7360	8
7361	7
7362	6
7363	6
7364	7
7365	7
7366	8
7367	10
7368	11
7369	10
7370	9
7371	10
7372	9
7373	8
7374	9
7375	8
7376	7
7377	7
7378	8
7379	7
7380	6
7381	8
7382	9
7383	9
7384	10
7385	9
7386	8
7387	8
7388	9
7389	8
7390	7
7391	8
7392	8
7393	9
7394	8
7395	7
7396	7
7397	8
7398	7
7399	6
7400	7
7401	7
7402	8
7403	7
7404	6
7405	6
7406	7
7407	6
7408	5
7409	5
7410	6
7411	8
7412	9
7413	9
7414	10
7415	10
7416	11
7417	10
7418	9
7419	11
7420	12
7421	11
7422	10
7423	11
7424	10
7425	9
7426	10
7427	9
7428	8
7429	8
7430	9
7431	9
7432	10
7433	9
7434	8
7435	10
7436	11
7437	10
7438	9
7439	10
7440	9
7441	8
7442	9
7443	8
7444	7
7445	8
7446	8
7447	9
7448	11
7449	12
7450	11
7451	10
7452	11
7453	10
7454	9
7455	10
7456	9
7457	8
7458	8
7459	9
7460	8
7461	7
7462	7
7463	8
7464	10
7465	11
7466	10
7467	9
7468	10
7469	9
7470	8
7471	9
7472	8
7473	7
7474	7
7475	8
7476	7
7477	6
7478	7
7479	7
7480	8
7481	10
7482	11
7483	10
7484	9
7485	10
7486	9
7487	8
7488	9
7489	8
7490	7
7491	7
7492	8
7493	7
7494	6
7495	6
7496	7
7497	9
7498	10
7499	9
7500	8
7501	9
7502	8
7503	7
7504	8
7505	7
7506	6
7507	6
7508	7
7509	6
7510	5
7511	5
7512	6
7513	6
7514	7
7515	9
7516	10
7517	9
7518	8
7519	9
7520	8
7521	7
7522	8
7523	7
7524	6
7525	6
7526	7
7527	6
7528	5
7529	7
7530	8
7531	8
7532	9
7533	8
7534	7
7535	7
7536	8
7537	7
7538	6
7539	7
7540	7
7541	8
7542	7
7543	6
7544	6
7545	7
7546	6
7547	5
7548	6
7549	6
7550	7
7551	6
7552	5
7553	5
7554	6
7555	5
7556	4
7557	5
7558	5
7559	6
7560	8
7561	9
7562	9
7563	10
7564	10
7565	11
7566	10
7567	9
7568	11
7569	12
7570	11
7571	10
7572	11
7573	10
7574	9
7575	10
7576	9
7577	8
7578	8
7579	9
7580	9
7581	10
7582	9
7583	8
7584	10
7585	11
7586	10
7587	9
7588	10
7589	9
7590	8
7591	9
7592	8
7593	7
7594	8
7595	8
7596	9
7597	11
7598	12
7599	11
7600	10
7601	11
7602	10
7603	9
7604	10
7605	9
7606	8
7607	8
7608	9
7609	8
7610	7
7611	7
7612	8
7613	10
7614	11
7615	10
7616	9
7617	10
7618	9
7619	8
7620	9
7621	8
7622	7
7623	7
7624	8
7625	7
7626	6
7627	7
7628	7
7629	8
7630	10
7631	11
7632	10
7633	9
7634	10
7635	9
7636	8
7637	9
7638	8
7639	7
7640	7
7641	8
7642	7
7643	6
7644	6
7645	7
7646	9
7647	10
7648	9
7649	8
7650	9
7651	8
7652	7
7653	8
7654	7
7655	6
7656	6
7657	7
7658	6
7659	5
7660	5
7661	6
7662	6
7663	7
7664	9
7665	10
7666	9
7667	8
7668	9
7669	8
7670	7
7671	8
7672	7
7673	6
7674	6
7675	7
7676	6
7677	5
7678	7
7679	8
7680	8
7681	9
7682	8
7683	7
7684	7
7685	8
7686	7
7687	6
7688	7
7689	7
7690	8
7691	7
7692	6
7693	6
7694	7
7695	6
7696	5
7697	6
7698	6
7699	7
7700	6
7701	5
7702	5
7703	6
7704	5
7705	4
7706	4
7707	5
7708	7
7709	8
7710	8
7711	9
7712	9
7713	10
7714	9
7715	8
7716	10
7717	11
7718	10
7719	9
7720	10
7721	9
7722	8
7723	9
7724	8
7725	7
7726	7
7727	8
7728	8
7729	9
7730	8
7731	7
7732	9
7733	10
7734	9
7735	8
7736	9
7737	8
7738	7
7739	8
7740	7
7741	6
7742	7
7743	7
7744	8
7745	10
7746	11
7747	10
7748	9
7749	10
7750	9
7751	8
7752	9
7753	8
7754	7
7755	7
7756	8
7757	7
7758	6
7759	6
7760	7
7761	9
7762	10
7763	9
7764	8
7765	9
7766	8
7767	7
7768	8
7769	7
7770	6
7771	6
7772	7
7773	6
7774	5
7775	6
7776	6
7777	7
7778	9
7779	10
7780	9
7781	8
7782	9
7783	8
7784	7
7785	8
7786	7
7787	6
7788	6
7789	7
7790	6
7791	5
7792	5
7793	6
7794	8
7795	9
7796	8
7797	7
7798	8
7799	7
7800	6
7801	7
7802	6
7803	5
7804	5
7805	6
7806	5
7807	4
7808	4
7809	5
7810	5
7811	6
7812	8
7813	9
7814	8
7815	7
7816	8
7817	7
7818	6
7819	7
7820	6
7821	5
7822	5
7823	6
7824	5
7825	4
7826	6
7827	7
7828	7
7829	8
7830	7
7831	6
7832	6
7833	7
7834	6
7835	5
7836	6
7837	6
7838	7
7839	6
7840	5
7841	5
7842	6
7843	5
7844	4
7845	5
7846	5
7847	6
7848	5
7849	4
7850	4
7851	5
7852	4
7853	3
7854	3
7855	4
7856	4
7857	5
7858	7
7859	8
7860	8
7861	9
7862	9
7863	10
7864	9
7865	8
7866	10
7867	11
7868	10
7869	9
7870	10
7871	9
7872	8
7873	9
7874	8
7875	7
7876	7
7877	8
7878	8
7879	9
7880	8
7881	7
7882	9
7883	10
7884	9
7885	8
7886	9
7887	8
7888	7
7889	8
7890	7
7891	6
7892	7
7893	7
7894	8
7895	10
7896	11
7897	10
7898	9
7899	10
7900	9
7901	8
7902	9
7903	8
7904	7
7905	7
7906	8
7907	7
7908	6
7909	6
7910	7
7911	9
7912	10
7913	9
7914	8
7915	9
7916	8
7917	7
7918	8
7919	7
7920	6
7921	6
7922	7
7923	6
7924	5
7925	6
7926	6
7927	7
7928	9
7929	10
7930	9
7931	8
7932	9
7933	8
7934	7
7935	8
7936	7
7937	6
7938	6
7939	7
7940	6
7941	5
7942	5
7943	6
7944	8
7945	9
7946	8
7947	7
7948	8
7949	7
7950	6
7951	7
7952	6
7953	5
7954	5
7955	6
7956	5
7957	4
7958	4
7959	5
7960	5
7961	6
7962	8
7963	9
7964	8
7965	7
7966	8
7967	7
7968	6
7969	7
7970	6
7971	5
7972	5
7973	6
7974	5
7975	4
7976	6
7977	7
7978	7
7979	8
7980	7
7981	6
7982	6
7983	7
7984	6
7985	5
7986	6
7987	6
7988	7
7989	6
7990	5
7991	5
7992	6
7993	5
7994	4
7995	5
7996	5
7997	6
7998	5
7999	4
8000	4
8001	5
8002	4
8003	3
8004	5
8005	6
8006	6
8007	7
8008	7
8009	8
8010	10
8011	11
8012	10
8013	9
8014	10
8015	9
8016	8
8017	9
8018	8
8019	7
8020	7
8021	8
8022	7
8023	6
8024	8
8025	9
8026	9
8027	10
8028	9
8029	8
8030	8
8031	9
8032	8
8033	7
8034	8
8035	8
8036	9
8037	8
8038	7
8039	7
8040	8
8041	7
8042	6
8043	7
8044	7
8045	8
8046	7
8047	6
8048	6
8049	7
8050	6
8051	5
8052	5
8053	6
8054	6
8055	7
8056	9
8057	10
8058	9
8059	8
8060	9
8061	8
8062	7
8063	8
8064	7
8065	6
8066	6
8067	7
8068	6
8069	5
8070	7
8071	8
8072	8
8073	9
8074	8
8075	7
8076	7
8077	8
8078	7
8079	6
8080	7
8081	7
8082	8
8083	7
8084	6
8085	6
8086	7
8087	6
8088	5
8089	6
8090	6
8091	7
8092	6
8093	5
8094	5
8095	6
8096	5
8097	4
8098	5
8099	5
8100	6
8101	6
8102	7
8103	9
8104	10
8105	9
8106	8
8107	9
8108	8
8109	7
8110	8
8111	7
8112	6
8113	6
8114	7
8115	6
8116	5
8117	7
8118	8
8119	8
8120	9
8121	8
8122	7
8123	7
8124	8
8125	7
8126	6
8127	7
8128	7
8129	8
8130	7
8131	6
8132	6
8133	7
8134	6
8135	5
8136	6
8137	6
8138	7
8139	6
8140	5
8141	5
8142	6
8143	5
8144	4
8145	4
8146	5
8147	5
8148	6
8149	8
8150	9
8151	8
8152	7
8153	8
8154	7
8155	6
8156	7
8157	6
8158	5
8159	5
8160	6
8161	5
8162	4
8163	6
8164	7
8165	7
8166	8
8167	7
8168	6
8169	6
8170	7
8171	6
8172	5
8173	6
8174	6
8175	7
8176	6
8177	5
8178	5
8179	6
8180	5
8181	4
8182	5
8183	5
8184	6
8185	5
8186	4
8187	4
8188	5
8189	4
8190	3
8191	4
8192	4
8193	5
8194	7
8195	8
8196	8
8197	9
8198	8
8199	7
8200	7
8201	8
8202	7
8203	6
8204	7
8205	7
8206	8
8207	7
8208	6
8209	6
8210	7
8211	6
8212	5
8213	6
8214	6
8215	7
8216	6
8217	5
8218	5
8219	6
8220	5
8221	4
8222	4
8223	5
8224	5
8225	6
8226	5
8227	4
8228	6
8229	7
8230	6
8231	5
8232	6
8233	5
8234	4
8235	5
8236	4
8237	3
8238	3
8239	4
8240	6
8241	7
8242	7
8243	8
8244	7
8245	6
8246	6
8247	7
8248	6
8249	5
8250	6
8251	6
8252	7
8253	6
8254	5
8255	5
8256	6
8257	5
8258	4
8259	5
8260	5
8261	6
8262	5
8263	4
8264	4
8265	5
8266	4
8267	3
8268	3
8269	4
8270	4
8271	5
8272	4
8273	3
8274	5
8275	6
8276	5
8277	4
8278	5
8279	4
8280	3
8281	4
8282	3
8283	2
8284	2
8285	3
8286	5
8287	6
8288	6
8289	7
8290	7
8291	8
8292	10
8293	11
8294	11
8295	12
8296	11
8297	10
8298	10
8299	11
8300	10
8301	9
8302	10
8303	10
8304	11
8305	10
8306	9
8307	9
8308	10
8309	9
8310	8
8311	9
8312	9
8313	10
8314	9
8315	8
8316	8
8317	9
8318	8
8319	7
8320	7
8321	8
8322	8
8323	9
8324	8
8325	7
8326	9
8327	10
8328	9
8329	8
8330	9
8331	8
8332	7
8333	8
8334	7
8335	6
8336	8
8337	9
8338	9
8339	10
8340	10
8341	11
8342	10
8343	9
8344	11
8345	12
8346	11
8347	10
8348	11
8349	10
8350	9
8351	10
8352	9
8353	8
8354	8
8355	9
8356	9
8357	10
8358	9
8359	8
8360	10
8361	11
8362	10
8363	9
8364	10
8365	9
8366	8
8367	9
8368	8
8369	7
8370	8
8371	8
8372	9
8373	9
8374	10
8375	9
8376	8
8377	10
8378	11
8379	10
8380	9
8381	10
8382	9
8383	8
8384	9
8385	8
8386	7
8387	7
8388	8
8389	8
8390	9
8391	8
8392	7
8393	9
8394	10
8395	9
8396	8
8397	9
8398	8
8399	7
8400	8
8401	7
8402	6
8403	7
8404	7
8405	8
8406	10
8407	11
8408	10
8409	9
8410	10
8411	9
8412	8
8413	9
8414	8
8415	7
8416	7
8417	8
8418	7
8419	6
8420	6
8421	7
8422	9
8423	10
8424	9
8425	8
8426	9
8427	8
8428	7
8429	8
8430	7
8431	6
8432	6
8433	7
8434	6
8435	5
8436	5
8437	6
8438	6
8439	7
8440	9
8441	10
8442	10
8443	11
8444	10
8445	9
8446	9
8447	10
8448	9
8449	8
8450	9
8451	9
8452	10
8453	9
8454	8
8455	8
8456	9
8457	8
8458	7
8459	8
8460	8
8461	9
8462	8
8463	7
8464	7
8465	8
8466	7
8467	6
8468	6
8469	7
8470	7
8471	8
8472	7
8473	6
8474	8
8475	9
8476	8
8477	7
8478	8
8479	7
8480	6
8481	7
8482	6
8483	5
8484	7
8485	8
8486	8
8487	9
8488	9
8489	10
8490	9
8491	8
8492	10
8493	11
8494	10
8495	9
8496	10
8497	9
8498	8
8499	9
8500	8
8501	7
8502	7
8503	8
8504	8
8505	9
8506	8
8507	7
8508	9
8509	10
8510	9
8511	8
8512	9
8513	8
8514	7
8515	8
8516	7
8517	6
8518	7
8519	7
8520	8
8521	8
8522	9
8523	8
8524	7
8525	9
8526	10
8527	9
8528	8
8529	9
8530	8
8531	7
8532	8
8533	7
8534	6
8535	6
8536	7
8537	7
8538	8
8539	7
8540	6
8541	8
8542	9
8543	8
8544	7
8545	8
8546	7
8547	6
8548	7
8549	6
8550	5
8551	6
8552	6
8553	7
8554	9
8555	10
8556	9
8557	8
8558	9
8559	8
8560	7
8561	8
8562	7
8563	6
8564	6
8565	7
8566	6
8567	5
8568	5
8569	6
8570	8
8571	9
8572	8
8573	7
8574	8
8575	7
8576	6
8577	7
8578	6
8579	5
8580	5
8581	6
8582	5
8583	4
8584	5
8585	5
8586	6
8587	8
8588	9
8589	9
8590	10
8591	10
8592	11
8593	10
8594	9
8595	11
8596	12
8597	11
8598	10
8599	11
8600	10
8601	9
8602	10
8603	9
8604	8
8605	8
8606	9
8607	9
8608	10
8609	9
8610	8
8611	10
8612	11
8613	10
8614	9
8615	10
8616	9
8617	8
8618	9
8619	8
8620	7
8621	8
8622	8
8623	9
8624	11
8625	12
8626	11
8627	10
8628	11
8629	10
8630	9
8631	10
8632	9
8633	8
8634	8
8635	9
8636	8
8637	7
8638	7
8639	8
8640	10
8641	11
8642	10
8643	9
8644	10
8645	9
8646	8
8647	9
8648	8
8649	7
8650	7
8651	8
8652	7
8653	6
8654	7
8655	7
8656	8
8657	10
8658	11
8659	10
8660	9
8661	10
8662	9
8663	8
8664	9
8665	8
8666	7
8667	7
8668	8
8669	7
8670	6
8671	6
8672	7
8673	9
8674	10
8675	9
8676	8
8677	9
8678	8
8679	7
8680	8
8681	7
8682	6
8683	6
8684	7
8685	6
8686	5
8687	5
8688	6
8689	6
8690	7
8691	9
8692	10
8693	9
8694	8
8695	9
8696	8
8697	7
8698	8
8699	7
8700	6
8701	6
8702	7
8703	6
8704	5
8705	7
8706	8
8707	8
8708	9
8709	8
8710	7
8711	7
8712	8
8713	7
8714	6
8715	7
8716	7
8717	8
8718	7
8719	6
8720	6
8721	7
8722	6
8723	5
8724	6
8725	6
8726	7
8727	6
8728	5
8729	5
8730	6
8731	5
8732	4
8733	4
8734	5
8735	7
8736	8
8737	8
8738	9
8739	9
8740	10
8741	9
8742	8
8743	10
8744	11
8745	10
8746	9
8747	10
8748	9
8749	8
8750	9
8751	8
8752	7
8753	7
8754	8
8755	8
8756	9
8757	8
8758	7
8759	9
8760	10
8761	9
8762	8
8763	9
8764	8
8765	7
8766	8
8767	7
8768	6
8769	7
8770	7
8771	8
8772	10
8773	11
8774	10
8775	9
8776	10
8777	9
8778	8
8779	9
8780	8
8781	7
8782	7
8783	8
8784	7
8785	6
8786	6
8787	7
8788	9
8789	10
8790	9
8791	8
8792	9
8793	8
8794	7
8795	8
8796	7
8797	6
8798	6
8799	7
8800	6
8801	5
8802	6
8803	6
8804	7
8805	9
8806	10
8807	9
8808	8
8809	9
8810	8
8811	7
8812	8
8813	7
8814	6
8815	6
8816	7
8817	6
8818	5
8819	5
8820	6
8821	8
8822	9
8823	8
8824	7
8825	8
8826	7
8827	6
8828	7
8829	6
8830	5
8831	5
8832	6
8833	5
8834	4
8835	4
8836	5
8837	5
8838	6
8839	8
8840	9
8841	8
8842	7
8843	8
8844	7
8845	6
8846	7
8847	6
8848	5
8849	5
8850	6
8851	5
8852	4
8853	6
8854	7
8855	7
8856	8
8857	7
8858	6
8859	6
8860	7
8861	6
8862	5
8863	6
8864	6
8865	7
8866	6
8867	5
8868	5
8869	6
8870	5
8871	4
8872	5
8873	5
8874	6
8875	5
8876	4
8877	4
8878	5
8879	4
8880	3
8881	4
8882	4
8883	5
8884	7
8885	8
8886	8
8887	9
8888	9
8889	10
8890	9
8891	8
8892	10
8893	11
8894	10
8895	9
8896	10
8897	9
8898	8
8899	9
8900	8
8901	7
8902	7
8903	8
8904	8
8905	9
8906	8
8907	7
8908	9
8909	10
8910	9
8911	8
8912	9
8913	8
8914	7
8915	8
8916	7
8917	6
8918	7
8919	7
8920	8
8921	10
8922	11
8923	10
8924	9
8925	10
8926	9
8927	8
8928	9
8929	8
8930	7
8931	7
8932	8
8933	7
8934	6
8935	6
8936	7
8937	9
8938	10
8939	9
8940	8
8941	9
8942	8
8943	7
8944	8
8945	7
8946	6
8947	6
8948	7
8949	6
8950	5
8951	6
8952	6
8953	7
8954	9
8955	10
8956	9
8957	8
8958	9
8959	8
8960	7
8961	8
8962	7
8963	6
8964	6
8965	7
8966	6
8967	5
8968	5
8969	6
8970	8
8971	9
8972	8
8973	7
8974	8
8975	7
8976	6
8977	7
8978	6
8979	5
8980	5
8981	6
8982	5
8983	4
8984	4
8985	5
8986	5
8987	6
8988	8
8989	9
8990	8
8991	7
8992	8
8993	7
8994	6
8995	7
8996	6
8997	5
8998	5
8999	6
9000	5
9001	4
9002	6
9003	7
9004	7
9005	8
9006	7
9007	6
9008	6
9009	7
9010	6
9011	5
9012	6
9013	6
9014	7
9015	6
9016	5
9017	5
9018	6
9019	5
9020	4
9021	5
9022	5
9023	6
9024	5
9025	4
9026	4
9027	5
9028	4
9029	3
9030	3
9031	4
9032	6
9033	7
9034	7
9035	8
9036	8
9037	9
9038	8
9039	7
9040	9
9041	10
9042	9
9043	8
9044	9
9045	8
9046	7
9047	8
9048	7
9049	6
9050	6
9051	7
9052	7
9053	8
9054	7
9055	6
9056	8
9057	9
9058	8
9059	7
9060	8
9061	7
9062	6
9063	7
9064	6
9065	5
9066	6
9067	6
9068	7
9069	9
9070	10
9071	9
9072	8
9073	9
9074	8
9075	7
9076	8
9077	7
9078	6
9079	6
9080	7
9081	6
9082	5
9083	5
9084	6
9085	8
9086	9
9087	8
9088	7
9089	8
9090	7
9091	6
9092	7
9093	6
9094	5
9095	5
9096	6
9097	5
9098	4
9099	5
9100	5
9101	6
9102	8
9103	9
9104	8
9105	7
9106	8
9107	7
9108	6
9109	7
9110	6
9111	5
9112	5
9113	6
9114	5
9115	4
9116	4
9117	5
9118	7
9119	8
9120	7
9121	6
9122	7
9123	6
9124	5
9125	6
9126	5
9127	4
9128	4
9129	5
9130	4
9131	3
9132	3
9133	4
9134	4
9135	5
9136	7
9137	8
9138	7
9139	6
9140	7
9141	6
9142	5
9143	6
9144	5
9145	4
9146	4
9147	5
9148	4
9149	3
9150	5
9151	6
9152	6
9153	7
9154	6
9155	5
9156	5
9157	6
9158	5
9159	4
9160	5
9161	5
9162	6
9163	5
9164	4
9165	4
9166	5
9167	4
9168	3
9169	4
9170	4
9171	5
9172	4
9173	3
9174	3
9175	4
9176	3
9177	2
9178	2
9179	3
9180	3
9181	4
9182	6
9183	7
9184	7
9185	8
9186	8
9187	9
9188	8
9189	7
9190	9
9191	10
9192	9
9193	8
9194	9
9195	8
9196	7
9197	8
9198	7
9199	6
9200	6
9201	7
9202	7
9203	8
9204	7
9205	6
9206	8
9207	9
9208	8
9209	7
9210	8
9211	7
9212	6
9213	7
9214	6
9215	5
9216	6
9217	6
9218	7
9219	9
9220	10
9221	9
9222	8
9223	9
9224	8
9225	7
9226	8
9227	7
9228	6
9229	6
9230	7
9231	6
9232	5
9233	5
9234	6
9235	8
9236	9
9237	8
9238	7
9239	8
9240	7
9241	6
9242	7
9243	6
9244	5
9245	5
9246	6
9247	5
9248	4
9249	5
9250	5
9251	6
9252	8
9253	9
9254	8
9255	7
9256	8
9257	7
9258	6
9259	7
9260	6
9261	5
9262	5
9263	6
9264	5
9265	4
9266	4
9267	5
9268	7
9269	8
9270	7
9271	6
9272	7
9273	6
9274	5
9275	6
9276	5
9277	4
9278	4
9279	5
9280	4
9281	3
9282	3
9283	4
9284	4
9285	5
9286	7
9287	8
9288	7
9289	6
9290	7
9291	6
9292	5
9293	6
9294	5
9295	4
9296	4
9297	5
9298	4
9299	3
9300	5
9301	6
9302	6
9303	7
9304	6
9305	5
9306	5
9307	6
9308	5
9309	4
9310	5
9311	5
9312	6
9313	5
9314	4
9315	4
9316	5
9317	4
9318	3
9319	4
9320	4
9321	5
9322	4
9323	3
9324	3
9325	4
9326	3
9327	2
9328	4
9329	5
9330	5
9331	6
9332	6
9333	7
9334	9
9335	10
9336	9
9337	8
9338	9
9339	8
9340	7
9341	8
9342	7
9343	6
9344	6
9345	7
9346	6
9347	5
9348	7
9349	8
9350	8
9351	9
9352	8
9353	7
9354	7
9355	8
9356	7
9357	6
9358	7
9359	7
9360	8
9361	7
9362	6
9363	6
9364	7
9365	6
9366	5
9367	6
9368	6
9369	7
9370	6
9371	5
9372	5
9373	6
9374	5
9375	4
9376	4
9377	5
9378	5
9379	6
9380	8
9381	9
9382	8
9383	7
9384	8
9385	7
9386	6
9387	7
9388	6
9389	5
9390	5
9391	6
9392	5
9393	4
9394	6
9395	7
9396	7
9397	8
9398	7
9399	6
9400	6
9401	7
9402	6
9403	5
9404	6
9405	6
9406	7
9407	6
9408	5
9409	5
9410	6
9411	5
9412	4
9413	5
9414	5
9415	6
9416	5
9417	4
9418	4
9419	5
9420	4
9421	3
9422	4
9423	4
9424	5
9425	5
9426	6
9427	8
9428	9
9429	8
9430	7
9431	8
9432	7
9433	6
9434	7
9435	6
9436	5
9437	5
9438	6
9439	5
9440	4
9441	6
9442	7
9443	7
9444	8
9445	7
9446	6
9447	6
9448	7
9449	6
9450	5
9451	6
9452	6
9453	7
9454	6
9455	5
9456	5
9457	6
9458	5
9459	4
9460	5
9461	5
9462	6
9463	5
9464	4
9465	4
9466	5
9467	4
9468	3
9469	3
9470	4
9471	4
9472	5
9473	7
9474	8
9475	7
9476	6
9477	7
9478	6
9479	5
9480	6
9481	5
9482	4
9483	4
9484	5
9485	4
9486	3
9487	5
9488	6
9489	6
9490	7
9491	6
9492	5
9493	5
9494	6
9495	5
9496	4
9497	5
9498	5
9499	6
9500	5
9501	4
9502	4
9503	5
9504	4
9505	3
9506	4
9507	4
9508	5
9509	4
9510	3
9511	3
9512	4
9513	3
9514	2
9515	3
9516	3
9517	4
9518	6
9519	7
9520	7
9521	8
9522	7
9523	6
9524	6
9525	7
9526	6
9527	5
9528	6
9529	6
9530	7
9531	6
9532	5
9533	5
9534	6
9535	5
9536	4
9537	5
9538	5
9539	6
9540	5
9541	4
9542	4
9543	5
9544	4
9545	3
9546	3
9547	4
9548	4
9549	5
9550	4
9551	3
9552	5
9553	6
9554	5
9555	4
9556	5
9557	4
9558	3
9559	4
9560	3
9561	2
9562	2
9563	3
9564	5
9565	6
9566	6
9567	7
9568	6
9569	5
9570	5
9571	6
9572	5
9573	4
9574	5
9575	5
9576	6
9577	5
9578	4
9579	4
9580	5
9581	4
9582	3
9583	4
9584	4
9585	5
9586	4
9587	3
9588	3
9589	4
9590	3
9591	2
9592	2
9593	3
9594	3
9595	4
9596	3
9597	2
9598	4
9599	5
9600	4
9601	3
9602	4
9603	3
9604	2
9605	3
9606	2
9607	1
9608	3
9609	4
9610	4
9611	5
9612	5
9613	6
9614	8
9615	9
9616	9
9617	10
9618	10
9619	11
9620	10
9621	9
9622	11
9623	12
9624	11
9625	10
9626	11
9627	10
9628	9
9629	10
9630	9
9631	8
9632	8
9633	9
9634	9
9635	10
9636	9
9637	8
9638	10
9639	11
9640	10
9641	9
9642	10
9643	9
9644	8
9645	9
9646	8
9647	7
9648	8
9649	8
9650	9
9651	11
9652	12
9653	11
9654	10
9655	11
9656	10
9657	9
9658	10
9659	9
9660	8
9661	8
9662	9
9663	8
9664	7
9665	7
9666	8
9667	10
9668	11
9669	10
9670	9
9671	10
9672	9
9673	8
9674	9
9675	8
9676	7
9677	7
9678	8
9679	7
9680	6
9681	7
9682	7
9683	8
9684	10
9685	11
9686	10
9687	9
9688	10
9689	9
9690	8
9691	9
9692	8
9693	7
9694	7
9695	8
9696	7
9697	6
9698	6
9699	7
9700	9
9701	10
9702	9
9703	8
9704	9
9705	8
9706	7
9707	8
9708	7
9709	6
9710	6
9711	7
9712	6
9713	5
9714	5
9715	6
9716	6
9717	7
9718	9
9719	10
9720	9
9721	8
9722	9
9723	8
9724	7
9725	8
9726	7
9727	6
9728	6
9729	7
9730	6
9731	5
9732	7
9733	8
9734	8
9735	9
9736	8
9737	7
9738	7
9739	8
9740	7
9741	6
9742	7
9743	7
9744	8
9745	7
9746	6
9747	6
9748	7
9749	6
9750	5
9751	6
9752	6
9753	7
9754	6
9755	5
9756	5
9757	6
9758	5
9759	4
9760	6
9761	7
9762	7
9763	8
9764	8
9765	9
9766	11
9767	12
9768	11
9769	10
9770	11
9771	10
9772	9
9773	10
9774	9
9775	8
9776	8
9777	9
9778	8
9779	7
9780	9
9781	10
9782	10
9783	11
9784	10
9785	9
9786	9
9787	10
9788	9
9789	8
9790	9
9791	9
9792	10
9793	9
9794	8
9795	8
9796	9
9797	8
9798	7
9799	8
9800	8
9801	9
9802	8
9803	7
9804	7
9805	8
9806	7
9807	6
9808	6
9809	7
9810	7
9811	8
9812	10
9813	11
9814	10
9815	9
9816	10
9817	9
9818	8
9819	9
9820	8
9821	7
9822	7
9823	8
9824	7
9825	6
9826	8
9827	9
9828	9
9829	10
9830	9
9831	8
9832	8
9833	9
9834	8
9835	7
9836	8
9837	8
9838	9
9839	8
9840	7
9841	7
9842	8
9843	7
9844	6
9845	7
9846	7
9847	8
9848	7
9849	6
9850	6
9851	7
9852	6
9853	5
9854	6
9855	6
9856	7
9857	7
9858	8
9859	10
9860	11
9861	10
9862	9
9863	10
9864	9
9865	8
9866	9
9867	8
9868	7
9869	7
9870	8
9871	7
9872	6
9873	8
9874	9
9875	9
9876	10
9877	9
9878	8
9879	8
9880	9
9881	8
9882	7
9883	8
9884	8
9885	9
9886	8
9887	7
9888	7
9889	8
9890	7
9891	6
9892	7
9893	7
9894	8
9895	7
9896	6
9897	6
9898	7
9899	6
9900	5
9901	5
9902	6
9903	6
9904	7
9905	9
9906	10
9907	9
9908	8
9909	9
9910	8
9911	7
9912	8
9913	7
9914	6
9915	6
9916	7
9917	6
9918	5
9919	7
9920	8
9921	8
9922	9
9923	8
9924	7
9925	7
9926	8
9927	7
9928	6
9929	7
9930	7
9931	8
9932	7
9933	6
9934	6
9935	7
9936	6
9937	5
9938	6
9939	6
9940	7
9941	6
9942	5
9943	5
9944	6
9945	5
9946	4
9947	5
9948	5
9949	6
9950	8
9951	9
9952	9
9953	10
9954	9
9955	8
9956	8
9957	9
9958	8
9959	7
9960	8
9961	8
9962	9
9963	8
9964	7
9965	7
9966	8
9967	7
9968	6
9969	7
9970	7
9971	8
9972	7
9973	6
9974	6
9975	7
9976	6
9977	5
9978	5
9979	6
9980	6
9981	7
9982	6
9983	5
9984	7
9985	8
9986	7
9987	6
9988	7
9989	6
9990	5
9991	6
9992	5
9993	4
9994	4
9995	5
9996	7
9997	8
9998	8
9999	9
10000	8
10001	7
10002	7
10003	8
10004	7
10005	6
10006	7
10007	7
10008	8
10009	7
10010	6
10011	6
10012	7
10013	6
10014	5
10015	6
10016	6
10017	7
10018	6
10019	5
10020	5
10021	6
10022	5
10023	4
10024	4
10025	5
10026	5
10027	6
10028	5
10029	4
10030	6
10031	7
10032	6
10033	5
10034	6
10035	5
10036	4
10037	5
10038	4
10039	3
10040	3
10041	4
10042	4
10043	5
10044	7
10045	8
10046	8
10047	9
10048	9
10049	10
10050	9
10051	8
10052	10
10053	11
10054	10
10055	9
10056	10
10057	9
10058	8
10059	9
10060	8
10061	7
10062	7
10063	8
10064	8
10065	9
10066	8
10067	7
10068	9
10069	10
10070	9
10071	8
10072	9
10073	8
10074	7
10075	8
10076	7
10077	6
10078	7
10079	7
10080	8
10081	10
10082	11
10083	10
10084	9
10085	10
10086	9
10087	8
10088	9
10089	8
10090	7
10091	7
10092	8
10093	7
10094	6
10095	6
10096	7
10097	9
10098	10
10099	9
10100	8
10101	9
10102	8
10103	7
10104	8
10105	7
10106	6
10107	6
10108	7
10109	6
10110	5
10111	6
10112	6
10113	7
10114	9
10115	10
10116	9
10117	8
10118	9
10119	8
10120	7
10121	8
10122	7
10123	6
10124	6
10125	7
10126	6
10127	5
10128	5
10129	6
10130	8
10131	9
10132	8
10133	7
10134	8
10135	7
10136	6
10137	7
10138	6
10139	5
10140	5
10141	6
10142	5
10143	4
10144	4
10145	5
10146	5
10147	6
10148	8
10149	9
10150	8
10151	7
10152	8
10153	7
10154	6
10155	7
10156	6
10157	5
10158	5
10159	6
10160	5
10161	4
10162	6
10163	7
10164	7
10165	8
10166	7
10167	6
10168	6
10169	7
10170	6
10171	5
10172	6
10173	6
10174	7
10175	6
10176	5
10177	5
10178	6
10179	5
10180	4
10181	5
10182	5
10183	6
10184	5
10185	4
10186	4
10187	5
10188	4
10189	3
10190	5
10191	6
10192	6
10193	7
10194	7
10195	8
10196	10
10197	11
10198	10
10199	9
10200	10
10201	9
10202	8
10203	9
10204	8
10205	7
10206	7
10207	8
10208	7
10209	6
10210	8
10211	9
10212	9
10213	10
10214	9
10215	8
10216	8
10217	9
10218	8
10219	7
10220	8
10221	8
10222	9
10223	8
10224	7
10225	7
10226	8
10227	7
10228	6
10229	7
10230	7
10231	8
10232	7
10233	6
10234	6
10235	7
10236	6
10237	5
10238	5
10239	6
10240	6
10241	7
10242	9
10243	10
10244	9
10245	8
10246	9
10247	8
10248	7
10249	8
10250	7
10251	6
10252	6
10253	7
10254	6
10255	5
10256	7
10257	8
10258	8
10259	9
10260	8
10261	7
10262	7
10263	8
10264	7
10265	6
10266	7
10267	7
10268	8
10269	7
10270	6
10271	6
10272	7
10273	6
10274	5
10275	6
10276	6
10277	7
10278	6
10279	5
10280	5
10281	6
10282	5
10283	4
10284	5
10285	5
10286	6
10287	6
10288	7
10289	9
10290	10
10291	9
10292	8
10293	9
10294	8
10295	7
10296	8
10297	7
10298	6
10299	6
10300	7
10301	6
10302	5
10303	7
10304	8
10305	8
10306	9
10307	8
10308	7
10309	7
10310	8
10311	7
10312	6
10313	7
10314	7
10315	8
10316	7
10317	6
10318	6
10319	7
10320	6
10321	5
10322	6
10323	6
10324	7
10325	6
10326	5
10327	5
10328	6
10329	5
10330	4
10331	4
10332	5
10333	5
10334	6
10335	8
10336	9
10337	8
10338	7
10339	8
10340	7
10341	6
10342	7
10343	6
10344	5
10345	5
10346	6
10347	5
10348	4
10349	6
10350	7
10351	7
10352	8
10353	7
10354	6
10355	6
10356	7
10357	6
10358	5
10359	6
10360	6
10361	7
10362	6
10363	5
10364	5
10365	6
10366	5
10367	4
10368	5
10369	5
10370	6
10371	5
10372	4
10373	4
10374	5
10375	4
10376	3
10377	4
10378	4
10379	5
10380	7
10381	8
10382	8
10383	9
10384	8
10385	7
10386	7
10387	8
10388	7
10389	6
10390	7
10391	7
10392	8
10393	7
10394	6
10395	6
10396	7
10397	6
10398	5
10399	6
10400	6
10401	7
10402	6
10403	5
10404	5
10405	6
10406	5
10407	4
10408	4
10409	5
10410	5
10411	6
10412	5
10413	4
10414	6
10415	7
10416	6
10417	5
10418	6
10419	5
10420	4
10421	5
10422	4
10423	3
10424	3
10425	4
10426	6
10427	7
10428	7
10429	8
10430	7
10431	6
10432	6
10433	7
10434	6
10435	5
10436	6
10437	6
10438	7
10439	6
10440	5
10441	5
10442	6
10443	5
10444	4
10445	5
10446	5
10447	6
10448	5
10449	4
10450	4
10451	5
10452	4
10453	3
10454	3
10455	4
10456	4
10457	5
10458	4
10459	3
10460	5
10461	6
10462	5
10463	4
10464	5
10465	4
10466	3
10467	4
10468	3
10469	2
10470	3
10471	3
10472	4
10473	4
10474	5
10475	7
10476	8
10477	8
10478	9
10479	9
10480	10
10481	9
10482	8
10483	10
10484	11
10485	10
10486	9
10487	10
10488	9
10489	8
10490	9
10491	8
10492	7
10493	7
10494	8
10495	8
10496	9
10497	8
10498	7
10499	9
10500	10
10501	9
10502	8
10503	9
10504	8
10505	7
10506	8
10507	7
10508	6
10509	7
10510	7
10511	8
10512	10
10513	11
10514	10
10515	9
10516	10
10517	9
10518	8
10519	9
10520	8
10521	7
10522	7
10523	8
10524	7
10525	6
10526	6
10527	7
10528	9
10529	10
10530	9
10531	8
10532	9
10533	8
10534	7
10535	8
10536	7
10537	6
10538	6
10539	7
10540	6
10541	5
10542	6
10543	6
10544	7
10545	9
10546	10
10547	9
10548	8
10549	9
10550	8
10551	7
10552	8
10553	7
10554	6
10555	6
10556	7
10557	6
10558	5
10559	5
10560	6
10561	8
10562	9
10563	8
10564	7
10565	8
10566	7
10567	6
10568	7
10569	6
10570	5
10571	5
10572	6
10573	5
10574	4
10575	4
10576	5
10577	5
10578	6
10579	8
10580	9
10581	8
10582	7
10583	8
10584	7
10585	6
10586	7
10587	6
10588	5
10589	5
10590	6
10591	5
10592	4
10593	6
10594	7
10595	7
10596	8
10597	7
10598	6
10599	6
10600	7
10601	6
10602	5
10603	6
10604	6
10605	7
10606	6
10607	5
10608	5
10609	6
10610	5
10611	4
10612	5
10613	5
10614	6
10615	5
10616	4
10617	4
10618	5
10619	4
10620	3
10621	5
10622	6
10623	6
10624	7
10625	7
10626	8
10627	10
10628	11
10629	10
10630	9
10631	10
10632	9
10633	8
10634	9
10635	8
10636	7
10637	7
10638	8
10639	7
10640	6
10641	8
10642	9
10643	9
10644	10
10645	9
10646	8
10647	8
10648	9
10649	8
10650	7
10651	8
10652	8
10653	9
10654	8
10655	7
10656	7
10657	8
10658	7
10659	6
10660	7
10661	7
10662	8
10663	7
10664	6
10665	6
10666	7
10667	6
10668	5
10669	5
10670	6
10671	6
10672	7
10673	9
10674	10
10675	9
10676	8
10677	9
10678	8
10679	7
10680	8
10681	7
10682	6
10683	6
10684	7
10685	6
10686	5
10687	7
10688	8
10689	8
10690	9
10691	8
10692	7
10693	7
10694	8
10695	7
10696	6
10697	7
10698	7
10699	8
10700	7
10701	6
10702	6
10703	7
10704	6
10705	5
10706	6
10707	6
10708	7
10709	6
10710	5
10711	5
10712	6
10713	5
10714	4
10715	5
10716	5
10717	6
10718	6
10719	7
10720	9
10721	10
10722	9
10723	8
10724	9
10725	8
10726	7
10727	8
10728	7
10729	6
10730	6
10731	7
10732	6
10733	5
10734	7
10735	8
10736	8
10737	9
10738	8
10739	7
10740	7
10741	8
10742	7
10743	6
10744	7
10745	7
10746	8
10747	7
10748	6
10749	6
10750	7
10751	6
10752	5
10753	6
10754	6
10755	7
10756	6
10757	5
10758	5
10759	6
10760	5
10761	4
10762	4
10763	5
10764	5
10765	6
10766	8
10767	9
10768	8
10769	7
10770	8
10771	7
10772	6
10773	7
10774	6
10775	5
10776	5
10777	6
10778	5
10779	4
10780	6
10781	7
10782	7
10783	8
10784	7
10785	6
10786	6
10787	7
10788	6
10789	5
10790	6
10791	6
10792	7
10793	6
10794	5
10795	5
10796	6
10797	5
10798	4
10799	5
10800	5
10801	6
10802	5
10803	4
10804	4
10805	5
10806	4
10807	3
10808	4
10809	4
10810	5
10811	7
10812	8
10813	8
10814	9
10815	8
10816	7
10817	7
10818	8
10819	7
10820	6
10821	7
10822	7
10823	8
10824	7
10825	6
10826	6
10827	7
10828	6
10829	5
10830	6
10831	6
10832	7
10833	6
10834	5
10835	5
10836	6
10837	5
10838	4
10839	4
10840	5
10841	5
10842	6
10843	5
10844	4
10845	6
10846	7
10847	6
10848	5
10849	6
10850	5
10851	4
10852	5
10853	4
10854	3
10855	3
10856	4
10857	6
10858	7
10859	7
10860	8
10861	7
10862	6
10863	6
10864	7
10865	6
10866	5
10867	6
10868	6
10869	7
10870	6
10871	5
10872	5
10873	6
10874	5
10875	4
10876	5
10877	5
10878	6
10879	5
10880	4
10881	4
10882	5
10883	4
10884	3
10885	3
10886	4
10887	4
10888	5
10889	4
10890	3
10891	5
10892	6
10893	5
10894	4
10895	5
10896	4
10897	3
10898	4
10899	3
10900	2
10901	2
10902	3
10903	3
10904	4
10905	6
10906	7
10907	7
10908	8
10909	8
10910	9
10911	8
10912	7
10913	9
10914	10
10915	9
10916	8
10917	9
10918	8
10919	7
10920	8
10921	7
10922	6
10923	6
10924	7
10925	7
10926	8
10927	7
10928	6
10929	8
10930	9
10931	8
10932	7
10933	8
10934	7
10935	6
10936	7
10937	6
10938	5
10939	6
10940	6
10941	7
10942	9
10943	10
10944	9
10945	8
10946	9
10947	8
10948	7
10949	8
10950	7
10951	6
10952	6
10953	7
10954	6
10955	5
10956	5
10957	6
10958	8
10959	9
10960	8
10961	7
10962	8
10963	7
10964	6
10965	7
10966	6
10967	5
10968	5
10969	6
10970	5
10971	4
10972	5
10973	5
10974	6
10975	8
10976	9
10977	8
10978	7
10979	8
10980	7
10981	6
10982	7
10983	6
10984	5
10985	5
10986	6
10987	5
10988	4
10989	4
10990	5
10991	7
10992	8
10993	7
10994	6
10995	7
10996	6
10997	5
10998	6
10999	5
11000	4
11001	4
11002	5
11003	4
11004	3
11005	3
11006	4
11007	4
11008	5
11009	7
11010	8
11011	7
11012	6
11013	7
11014	6
11015	5
11016	6
11017	5
11018	4
11019	4
11020	5
11021	4
11022	3
11023	5
11024	6
11025	6
11026	7
11027	6
11028	5
11029	5
11030	6
11031	5
11032	4
11033	5
11034	5
11035	6
11036	5
11037	4
11038	4
11039	5
11040	4
11041	3
11042	4
11043	4
11044	5
11045	4
11046	3
11047	3
11048	4
11049	3
11050	2
11051	4
11052	5
11053	5
11054	6
11055	6
11056	7
11057	9
11058	10
11059	9
11060	8
11061	9
11062	8
11063	7
11064	8
11065	7
11066	6
11067	6
11068	7
11069	6
11070	5
11071	7
11072	8
11073	8
11074	9
11075	8
11076	7
11077	7
11078	8
11079	7
11080	6
11081	7
11082	7
11083	8
11084	7
11085	6
11086	6
11087	7
11088	6
11089	5
11090	6
11091	6
11092	7
11093	6
11094	5
11095	5
11096	6
11097	5
11098	4
11099	4
11100	5
11101	5
11102	6
11103	8
11104	9
11105	8
11106	7
11107	8
11108	7
11109	6
11110	7
11111	6
11112	5
11113	5
11114	6
11115	5
11116	4
11117	6
11118	7
11119	7
11120	8
11121	7
11122	6
11123	6
11124	7
11125	6
11126	5
11127	6
11128	6
11129	7
11130	6
11131	5
11132	5
11133	6
11134	5
11135	4
11136	5
11137	5
11138	6
11139	5
11140	4
11141	4
11142	5
11143	4
11144	3
11145	4
11146	4
11147	5
11148	5
11149	6
11150	8
11151	9
11152	8
11153	7
11154	8
11155	7
11156	6
11157	7
11158	6
11159	5
11160	5
11161	6
11162	5
11163	4
11164	6
11165	7
11166	7
11167	8
11168	7
11169	6
11170	6
11171	7
11172	6
11173	5
11174	6
11175	6
11176	7
11177	6
11178	5
11179	5
11180	6
11181	5
11182	4
11183	5
11184	5
11185	6
11186	5
11187	4
11188	4
11189	5
11190	4
11191	3
11192	3
11193	4
11194	4
11195	5
11196	7
11197	8
11198	7
11199	6
11200	7
11201	6
11202	5
11203	6
11204	5
11205	4
11206	4
11207	5
11208	4
11209	3
11210	5
11211	6
11212	6
11213	7
11214	6
11215	5
11216	5
11217	6
11218	5
11219	4
11220	5
11221	5
11222	6
11223	5
11224	4
11225	4
11226	5
11227	4
11228	3
11229	4
11230	4
11231	5
11232	4
11233	3
11234	3
11235	4
11236	3
11237	2
11238	3
11239	3
11240	4
11241	6
11242	7
11243	7
11244	8
11245	7
11246	6
11247	6
11248	7
11249	6
11250	5
11251	6
11252	6
11253	7
11254	6
11255	5
11256	5
11257	6
11258	5
11259	4
11260	5
11261	5
11262	6
11263	5
11264	4
11265	4
11266	5
11267	4
11268	3
11269	3
11270	4
11271	4
11272	5
11273	4
11274	3
11275	5
11276	6
11277	5
11278	4
11279	5
11280	4
11281	3
11282	4
11283	3
11284	2
11285	2
11286	3
11287	5
11288	6
11289	6
11290	7
11291	6
11292	5
11293	5
11294	6
11295	5
11296	4
11297	5
11298	5
11299	6
11300	5
11301	4
11302	4
11303	5
11304	4
11305	3
11306	4
11307	4
11308	5
11309	4
11310	3
11311	3
11312	4
11313	3
11314	2
11315	2
11316	3
11317	3
11318	4
11319	3
11320	2
11321	4
11322	5
11323	4
11324	3
11325	4
11326	3
11327	2
11328	3
11329	2
11330	1
11331	2
11332	2
11333	3
11334	5
11335	6
11336	6
11337	7
11338	7
11339	8
11340	10
11341	11
11342	10
11343	9
11344	10
11345	9
11346	8
11347	9
11348	8
11349	7
11350	7
11351	8
11352	7
11353	6
11354	8
11355	9
11356	9
11357	10
11358	9
11359	8
11360	8
11361	9
11362	8
11363	7
11364	8
11365	8
11366	9
11367	8
11368	7
11369	7
11370	8
11371	7
11372	6
11373	7
11374	7
11375	8
11376	7
11377	6
11378	6
11379	7
11380	6
11381	5
11382	5
11383	6
11384	6
11385	7
11386	9
11387	10
11388	9
11389	8
11390	9
11391	8
11392	7
11393	8
11394	7
11395	6
11396	6
11397	7
11398	6
11399	5
11400	7
11401	8
11402	8
11403	9
11404	8
11405	7
11406	7
11407	8
11408	7
11409	6
11410	7
11411	7
11412	8
11413	7
11414	6
11415	6
11416	7
11417	6
11418	5
11419	6
11420	6
11421	7
11422	6
11423	5
11424	5
11425	6
11426	5
11427	4
11428	5
11429	5
11430	6
11431	8
11432	9
11433	9
11434	10
11435	9
11436	8
11437	8
11438	9
11439	8
11440	7
11441	8
11442	8
11443	9
11444	8
11445	7
11446	7
11447	8
11448	7
11449	6
11450	7
11451	7
11452	8
11453	7
11454	6
11455	6
11456	7
11457	6
11458	5
11459	5
11460	6
11461	6
11462	7
11463	6
11464	5
11465	7
11466	8
11467	7
11468	6
11469	7
11470	6
11471	5
11472	6
11473	5
11474	4
11475	4
11476	5
11477	7
11478	8
11479	8
11480	9
11481	8
11482	7
11483	7
11484	8
11485	7
11486	6
11487	7
11488	7
11489	8
11490	7
11491	6
11492	6
11493	7
11494	6
11495	5
11496	6
11497	6
11498	7
11499	6
11500	5
11501	5
11502	6
11503	5
11504	4
11505	4
11506	5
11507	5
11508	6
11509	5
11510	4
11511	6
11512	7
11513	6
11514	5
11515	6
11516	5
11517	4
11518	5
11519	4
11520	3
11521	4
11522	4
11523	5
11524	7
11525	8
11526	8
11527	9
11528	8
11529	7
11530	7
11531	8
11532	7
11533	6
11534	7
11535	7
11536	8
11537	7
11538	6
11539	6
11540	7
11541	6
11542	5
11543	6
11544	6
11545	7
11546	6
11547	5
11548	5
11549	6
11550	5
11551	4
11552	4
11553	5
11554	5
11555	6
11556	5
11557	4
11558	6
11559	7
11560	6
11561	5
11562	6
11563	5
11564	4
11565	5
11566	4
11567	3
11568	3
11569	4
11570	6
11571	7
11572	7
11573	8
11574	7
11575	6
11576	6
11577	7
11578	6
11579	5
11580	6
11581	6
11582	7
11583	6
11584	5
11585	5
11586	6
11587	5
11588	4
11589	5
11590	5
11591	6
11592	5
11593	4
11594	4
11595	5
11596	4
11597	3
11598	3
11599	4
11600	4
11601	5
11602	4
11603	3
11604	5
11605	6
11606	5
11607	4
11608	5
11609	4
11610	3
11611	4
11612	3
11613	2
11614	2
11615	3
11616	3
11617	4
11618	6
11619	7
11620	7
11621	8
11622	7
11623	6
11624	6
11625	7
11626	6
11627	5
11628	6
11629	6
11630	7
11631	6
11632	5
11633	5
11634	6
11635	5
11636	4
11637	5
11638	5
11639	6
11640	5
11641	4
11642	4
11643	5
11644	4
11645	3
11646	3
11647	4
11648	4
11649	5
11650	4
11651	3
11652	5
11653	6
11654	5
11655	4
11656	5
11657	4
11658	3
11659	4
11660	3
11661	2
11662	4
11663	5
11664	5
11665	6
11666	6
11667	7
11668	6
11669	5
11670	7
11671	8
11672	7
11673	6
11674	7
11675	6
11676	5
11677	6
11678	5
11679	4
11680	4
11681	5
11682	5
11683	6
11684	5
11685	4
11686	6
11687	7
11688	6
11689	5
11690	6
11691	5
11692	4
11693	5
11694	4
11695	3
11696	4
11697	4
11698	5
11699	5
11700	6
11701	5
11702	4
11703	6
11704	7
11705	6
11706	5
11707	6
11708	5
11709	4
11710	5
11711	4
11712	3
11713	3
11714	4
11715	4
11716	5
11717	4
11718	3
11719	5
11720	6
11721	5
11722	4
11723	5
11724	4
11725	3
11726	4
11727	3
11728	2
11729	3
11730	3
11731	4
11732	6
11733	7
11734	6
11735	5
11736	6
11737	5
11738	4
11739	5
11740	4
11741	3
11742	3
11743	4
11744	3
11745	2
11746	2
11747	3
11748	5
11749	6
11750	5
11751	4
11752	5
11753	4
11754	3
11755	4
11756	3
11757	2
11758	2
11759	3
11760	2
11761	1
11762	1
11763	2
11764	4
11765	5
11766	5
11767	6
11768	6
11769	7
11770	9
11771	10
11772	9
11773	8
11774	9
11775	8
11776	7
11777	8
11778	7
11779	6
11780	6
11781	7
11782	6
11783	5
11784	7
11785	8
11786	8
11787	9
11788	8
11789	7
11790	7
11791	8
11792	7
11793	6
11794	7
11795	7
11796	8
11797	7
11798	6
11799	6
11800	7
11801	6
11802	5
11803	6
11804	6
11805	7
11806	6
11807	5
11808	5
11809	6
11810	5
11811	4
11812	4
11813	5
11814	5
11815	6
11816	8
11817	9
11818	8
11819	7
11820	8
11821	7
11822	6
11823	7
11824	6
11825	5
11826	5
11827	6
11828	5
11829	4
11830	6
11831	7
11832	7
11833	8
11834	7
11835	6
11836	6
11837	7
11838	6
11839	5
11840	6
11841	6
11842	7
11843	6
11844	5
11845	5
11846	6
11847	5
11848	4
11849	5
11850	5
11851	6
11852	5
11853	4
11854	4
11855	5
11856	4
11857	3
11858	4
11859	4
11860	5
11861	7
11862	8
11863	8
11864	9
11865	8
11866	7
11867	7
11868	8
11869	7
11870	6
11871	7
11872	7
11873	8
11874	7
11875	6
11876	6
11877	7
11878	6
11879	5
11880	6
11881	6
11882	7
11883	6
11884	5
11885	5
11886	6
11887	5
11888	4
11889	4
11890	5
11891	5
11892	6
11893	5
11894	4
11895	6
11896	7
11897	6
11898	5
11899	6
11900	5
11901	4
11902	5
11903	4
11904	3
11905	3
11906	4
11907	6
11908	7
11909	7
11910	8
11911	7
11912	6
11913	6
11914	7
11915	6
11916	5
11917	6
11918	6
11919	7
11920	6
11921	5
11922	5
11923	6
11924	5
11925	4
11926	5
11927	5
11928	6
11929	5
11930	4
11931	4
11932	5
11933	4
11934	3
11935	3
11936	4
11937	4
11938	5
11939	4
11940	3
11941	5
11942	6
11943	5
11944	4
11945	5
11946	4
11947	3
11948	4
11949	3
11950	2
11951	3
11952	3
11953	4
11954	6
11955	7
11956	7
11957	8
11958	7
11959	6
11960	6
11961	7
11962	6
11963	5
11964	6
11965	6
11966	7
11967	6
11968	5
11969	5
11970	6
11971	5
11972	4
11973	5
11974	5
11975	6
11976	5
11977	4
11978	4
11979	5
11980	4
11981	3
11982	3
11983	4
11984	4
11985	5
11986	4
11987	3
11988	5
11989	6
11990	5
11991	4
11992	5
11993	4
11994	3
11995	4
11996	3
11997	2
11998	2
11999	3
12000	5
12001	6
12002	6
12003	7
12004	6
12005	5
12006	5
12007	6
12008	5
12009	4
12010	5
12011	5
12012	6
12013	5
12014	4
12015	4
12016	5
12017	4
12018	3
12019	4
12020	4
12021	5
12022	4
12023	3
12024	3
12025	4
12026	3
12027	2
12028	2
12029	3
12030	3
12031	4
12032	3
12033	2
12034	4
12035	5
12036	4
12037	3
12038	4
12039	3
12040	2
12041	3
12042	2
12043	1
12044	1
12045	2
12046	2
12047	3
12048	5
12049	6
12050	6
12051	7
12052	6
12053	5
12054	5
12055	6
12056	5
12057	4
12058	5
12059	5
12060	6
12061	5
12062	4
12063	4
12064	5
12065	4
12066	3
12067	4
12068	4
12069	5
12070	4
12071	3
12072	3
12073	4
12074	3
12075	2
12076	2
12077	3
12078	3
12079	4
12080	3
12081	2
12082	4
12083	5
12084	4
12085	3
12086	4
12087	3
12088	2
12089	3
12090	2
12091	1
12092	3
12093	4
12094	4
12095	5
12096	5
12097	6
12098	5
12099	4
12100	6
12101	7
12102	6
12103	5
12104	6
12105	5
12106	4
12107	5
12108	4
12109	3
12110	3
12111	4
12112	4
12113	5
12114	4
12115	3
12116	5
12117	6
12118	5
12119	4
12120	5
12121	4
12122	3
12123	4
12124	3
12125	2
12126	3
12127	3
12128	4
12129	4
12130	5
12131	4
12132	3
12133	5
12134	6
12135	5
12136	4
12137	5
12138	4
12139	3
12140	4
12141	3
12142	2
12143	2
12144	3
12145	3
12146	4
12147	3
12148	2
12149	4
12150	5
12151	4
12152	3
12153	4
12154	3
12155	2
12156	3
12157	2
12158	1
12159	2
12160	2
12161	3
12162	5
12163	6
12164	5
12165	4
12166	5
12167	4
12168	3
12169	4
12170	3
12171	2
12172	2
12173	3
12174	2
12175	1
12176	1
12177	2
12178	4
12179	5
12180	4
12181	3
12182	4
12183	3
12184	2
12185	3
12186	2
12187	1
12188	1
12189	2
12190	1
12191	1
12192	3
12193	3
12194	4
12195	6
12196	7
12197	7
12198	8
12199	8
12200	9
12201	11
12202	12
12203	12
12204	13
12205	13
12206	12
12207	14
12208	13
12209	12
12210	11
12211	11
12212	12
12213	12
12214	11
12215	13
12216	12
12217	11
12218	10
12219	11
12220	11
12221	12
12222	14
12223	13
12224	12
12225	11
12226	11
12227	10
12228	10
12229	11
12230	13
12231	12
12232	11
12233	10
12234	10
12235	9
12236	10
12237	10
12238	11
12239	13
12240	12
12241	11
12242	10
12243	10
12244	9
12245	9
12246	10
12247	12
12248	11
12249	10
12250	9
12251	9
12252	8
12253	8
12254	9
12255	9
12256	10
12257	12
12258	11
12259	10
12260	9
12261	9
12262	8
12263	10
12264	11
12265	11
12266	10
12267	10
12268	9
12269	10
12270	10
12271	9
12272	9
12273	8
12274	9
12275	9
12276	8
12277	8
12278	7
12279	9
12280	10
12281	10
12282	11
12283	11
12284	12
12285	14
12286	13
12287	12
12288	11
12289	11
12290	10
12291	12
12292	13
12293	13
12294	12
12295	12
12296	11
12297	12
12298	12
12299	11
12300	11
12301	10
12302	11
12303	11
12304	10
12305	10
12306	9
12307	9
12308	10
12309	10
12310	11
12311	13
12312	12
12313	11
12314	10
12315	10
12316	9
12317	11
12318	12
12319	12
12320	11
12321	11
12322	10
12323	11
12324	11
12325	10
12326	10
12327	9
12328	10
12329	10
12330	9
12331	9
12332	8
12333	9
12334	9
12335	10
12336	10
12337	11
12338	13
12339	12
12340	11
12341	10
12342	10
12343	9
12344	11
12345	12
12346	12
12347	11
12348	11
12349	10
12350	11
12351	11
12352	10
12353	10
12354	9
12355	10
12356	10
12357	9
12358	9
12359	8
12360	8
12361	9
12362	9
12363	10
12364	12
12365	11
12366	10
12367	9
12368	9
12369	8
12370	10
12371	11
12372	11
12373	10
12374	10
12375	9
12376	10
12377	10
12378	9
12379	9
12380	8
12381	9
12382	9
12383	8
12384	8
12385	7
12386	8
12387	8
12388	9
12389	11
12390	12
12391	12
12392	11
12393	11
12394	10
12395	11
12396	11
12397	10
12398	10
12399	9
12400	10
12401	10
12402	9
12403	9
12404	8
12405	8
12406	9
12407	9
12408	8
12409	10
12410	9
12411	8
12412	7
12413	7
12414	8
12415	10
12416	11
12417	11
12418	10
12419	10
12420	9
12421	10
12422	10
12423	9
12424	9
12425	8
12426	9
12427	9
12428	8
12429	8
12430	7
12431	7
12432	8
12433	8
12434	7
12435	9
12436	8
12437	7
12438	6
12439	6
12440	7
12441	7
12442	8
12443	10
12444	11
12445	11
12446	12
12447	12
12448	11
12449	13
12450	12
12451	11
12452	10
12453	10
12454	11
12455	11
12456	10
12457	12
12458	11
12459	10
12460	9
12461	10
12462	10
12463	11
12464	13
12465	12
12466	11
12467	10
12468	10
12469	9
12470	9
12471	10
12472	12
12473	11
12474	10
12475	9
12476	9
12477	8
12478	9
12479	9
12480	10
12481	12
12482	11
12483	10
12484	9
12485	9
12486	8
12487	8
12488	9
12489	11
12490	10
12491	9
12492	8
12493	8
12494	7
12495	7
12496	8
12497	8
12498	9
12499	11
12500	10
12501	9
12502	8
12503	8
12504	7
12505	9
12506	10
12507	10
12508	9
12509	9
12510	8
12511	9
12512	9
12513	8
12514	8
12515	7
12516	8
12517	8
12518	7
12519	7
12520	6
12521	8
12522	9
12523	9
12524	10
12525	10
12526	11
12527	13
12528	12
12529	11
12530	10
12531	10
12532	9
12533	11
12534	12
12535	12
12536	11
12537	11
12538	10
12539	11
12540	11
12541	10
12542	10
12543	9
12544	10
12545	10
12546	9
12547	9
12548	8
12549	8
12550	9
12551	9
12552	10
12553	12
12554	11
12555	10
12556	9
12557	9
12558	8
12559	10
12560	11
12561	11
12562	10
12563	10
12564	9
12565	10
12566	10
12567	9
12568	9
12569	8
12570	9
12571	9
12572	8
12573	8
12574	7
12575	8
12576	8
12577	9
12578	9
12579	10
12580	12
12581	11
12582	10
12583	9
12584	9
12585	8
12586	10
12587	11
12588	11
12589	10
12590	10
12591	9
12592	10
12593	10
12594	9
12595	9
12596	8
12597	9
12598	9
12599	8
12600	8
12601	7
12602	7
12603	8
12604	8
12605	9
12606	11
12607	10
12608	9
12609	8
12610	8
12611	7
12612	9
12613	10
12614	10
12615	9
12616	9
12617	8
12618	9
12619	9
12620	8
12621	8
12622	7
12623	8
12624	8
12625	7
12626	7
12627	6
12628	7
12629	7
12630	8
12631	10
12632	11
12633	11
12634	10
12635	10
12636	9
12637	10
12638	10
12639	9
12640	9
12641	8
12642	9
12643	9
12644	8
12645	8
12646	7
12647	7
12648	8
12649	8
12650	7
12651	9
12652	8
12653	7
12654	6
12655	6
12656	7
12657	9
12658	10
12659	10
12660	9
12661	9
12662	8
12663	9
12664	9
12665	8
12666	8
12667	7
12668	8
12669	8
12670	7
12671	7
12672	6
12673	6
12674	7
12675	7
12676	6
12677	8
12678	7
12679	6
12680	5
12681	6
12682	6
12683	7
12684	9
12685	10
12686	10
12687	11
12688	11
12689	12
12690	14
12691	13
12692	12
12693	11
12694	11
12695	10
12696	12
12697	13
12698	13
12699	12
12700	12
12701	11
12702	12
12703	12
12704	11
12705	11
12706	10
12707	11
12708	11
12709	10
12710	10
12711	9
12712	9
12713	10
12714	10
12715	11
12716	13
12717	12
12718	11
12719	10
12720	10
12721	9
12722	11
12723	12
12724	12
12725	11
12726	11
12727	10
12728	11
12729	11
12730	10
12731	10
12732	9
12733	10
12734	10
12735	9
12736	9
12737	8
12738	9
12739	9
12740	10
12741	12
12742	13
12743	13
12744	12
12745	12
12746	11
12747	12
12748	12
12749	11
12750	11
12751	10
12752	11
12753	11
12754	10
12755	10
12756	9
12757	9
12758	10
12759	10
12760	9
12761	11
12762	10
12763	9
12764	8
12765	8
12766	9
12767	11
12768	12
12769	12
12770	11
12771	11
12772	10
12773	11
12774	11
12775	10
12776	10
12777	9
12778	10
12779	10
12780	9
12781	9
12782	8
12783	8
12784	9
12785	9
12786	8
12787	10
12788	9
12789	8
12790	7
12791	8
12792	8
12793	9
12794	11
12795	12
12796	12
12797	11
12798	11
12799	10
12800	11
12801	11
12802	10
12803	10
12804	9
12805	10
12806	10
12807	9
12808	9
12809	8
12810	8
12811	9
12812	9
12813	8
12814	10
12815	9
12816	8
12817	7
12818	7
12819	8
12820	10
12821	11
12822	11
12823	10
12824	10
12825	9
12826	10
12827	10
12828	9
12829	9
12830	8
12831	9
12832	9
12833	8
12834	8
12835	7
12836	7
12837	8
12838	8
12839	7
12840	9
12841	8
12842	7
12843	6
12844	6
12845	7
12846	7
12847	8
12848	10
12849	11
12850	11
12851	10
12852	10
12853	9
12854	10
12855	10
12856	9
12857	9
12858	8
12859	9
12860	9
12861	8
12862	8
12863	7
12864	7
12865	8
12866	8
12867	7
12868	9
12869	8
12870	7
12871	6
12872	8
12873	9
12874	9
12875	10
12876	10
12877	9
12878	11
12879	10
12880	9
12881	8
12882	8
12883	9
12884	9
12885	8
12886	10
12887	9
12888	8
12889	7
12890	8
12891	8
12892	9
12893	9
12894	8
12895	10
12896	9
12897	8
12898	7
12899	7
12900	8
12901	8
12902	7
12903	9
12904	8
12905	7
12906	6
12907	7
12908	7
12909	8
12910	10
12911	9
12912	8
12913	7
12914	7
12915	6
12916	6
12917	7
12918	9
12919	8
12920	7
12921	6
12922	6
12923	5
12924	5
12925	6
12926	8
12927	9
12928	9
12929	10
12930	10
12931	11
12932	13
12933	12
12934	11
12935	10
12936	10
12937	9
12938	11
12939	12
12940	12
12941	11
12942	11
12943	10
12944	11
12945	11
12946	10
12947	10
12948	9
12949	10
12950	10
12951	9
12952	9
12953	8
12954	8
12955	9
12956	9
12957	10
12958	12
12959	11
12960	10
12961	9
12962	9
12963	8
12964	10
12965	11
12966	11
12967	10
12968	10
12969	9
12970	10
12971	10
12972	9
12973	9
12974	8
12975	9
12976	9
12977	8
12978	8
12979	7
12980	8
12981	8
12982	9
12983	11
12984	12
12985	12
12986	11
12987	11
12988	10
12989	11
12990	11
12991	10
12992	10
12993	9
12994	10
12995	10
12996	9
12997	9
12998	8
12999	8
13000	9
13001	9
13002	8
13003	10
13004	9
13005	8
13006	7
13007	7
13008	8
13009	10
13010	11
13011	11
13012	10
13013	10
13014	9
13015	10
13016	10
13017	9
13018	9
13019	8
13020	9
13021	9
13022	8
13023	8
13024	7
13025	7
13026	8
13027	8
13028	7
13029	9
13030	8
13031	7
13032	6
13033	7
13034	7
13035	8
13036	10
13037	11
13038	11
13039	10
13040	10
13041	9
13042	10
13043	10
13044	9
13045	9
13046	8
13047	9
13048	9
13049	8
13050	8
13051	7
13052	7
13053	8
13054	8
13055	7
13056	9
13057	8
13058	7
13059	6
13060	6
13061	7
13062	9
13063	10
13064	10
13065	9
13066	9
13067	8
13068	9
13069	9
13070	8
13071	8
13072	7
13073	8
13074	8
13075	7
13076	7
13077	6
13078	6
13079	7
13080	7
13081	6
13082	8
13083	7
13084	6
13085	5
13086	5
13087	6
13088	6
13089	7
13090	9
13091	10
13092	10
13093	9
13094	9
13095	8
13096	9
13097	9
13098	8
13099	8
13100	7
13101	8
13102	8
13103	7
13104	7
13105	6
13106	6
13107	7
13108	7
13109	6
13110	8
13111	7
13112	6
13113	5
13114	7
13115	8
13116	8
13117	9
13118	9
13119	8
13120	10
13121	9
13122	8
13123	7
13124	7
13125	8
13126	8
13127	7
13128	9
13129	8
13130	7
13131	6
13132	7
13133	7
13134	8
13135	8
13136	7
13137	9
13138	8
13139	7
13140	6
13141	6
13142	7
13143	7
13144	6
13145	8
13146	7
13147	6
13148	5
13149	6
13150	6
13151	7
13152	9
13153	8
13154	7
13155	6
13156	6
13157	5
13158	5
13159	6
13160	8
13161	7
13162	6
13163	5
13164	5
13165	4
13166	5
13167	5
13168	6
13169	8
13170	9
13171	9
13172	10
13173	10
13174	11
13175	13
13176	12
13177	11
13178	10
13179	10
13180	9
13181	11
13182	12
13183	12
13184	11
13185	11
13186	10
13187	11
13188	11
13189	10
13190	10
13191	9
13192	10
13193	10
13194	9
13195	9
13196	8
13197	8
13198	9
13199	9
13200	10
13201	12
13202	11
13203	10
13204	9
13205	9
13206	8
13207	10
13208	11
13209	11
13210	10
13211	10
13212	9
13213	10
13214	10
13215	9
13216	9
13217	8
13218	9
13219	9
13220	8
13221	8
13222	7
13223	8
13224	8
13225	9
13226	11
13227	12
13228	12
13229	11
13230	11
13231	10
13232	11
13233	11
13234	10
13235	10
13236	9
13237	10
13238	10
13239	9
13240	9
13241	8
13242	8
13243	9
13244	9
13245	8
13246	10
13247	9
13248	8
13249	7
13250	7
13251	8
13252	10
13253	11
13254	11
13255	10
13256	10
13257	9
13258	10
13259	10
13260	9
13261	9
13262	8
13263	9
13264	9
13265	8
13266	8
13267	7
13268	7
13269	8
13270	8
13271	7
13272	9
13273	8
13274	7
13275	6
13276	7
13277	7
13278	8
13279	10
13280	11
13281	11
13282	10
13283	10
13284	9
13285	10
13286	10
13287	9
13288	9
13289	8
13290	9
13291	9
13292	8
13293	8
13294	7
13295	7
13296	8
13297	8
13298	7
13299	9
13300	8
13301	7
13302	6
13303	6
13304	7
13305	9
13306	10
13307	10
13308	9
13309	9
13310	8
13311	9
13312	9
13313	8
13314	8
13315	7
13316	8
13317	8
13318	7
13319	7
13320	6
13321	6
13322	7
13323	7
13324	6
13325	8
13326	7
13327	6
13328	5
13329	5
13330	6
13331	6
13332	7
13333	9
13334	10
13335	10
13336	9
13337	9
13338	8
13339	9
13340	9
13341	8
13342	8
13343	7
13344	8
13345	8
13346	7
13347	7
13348	6
13349	6
13350	7
13351	7
13352	6
13353	8
13354	7
13355	6
13356	5
13357	7
13358	8
13359	8
13360	9
13361	9
13362	8
13363	10
13364	9
13365	8
13366	7
13367	7
13368	8
13369	8
13370	7
13371	9
13372	8
13373	7
13374	6
13375	7
13376	7
13377	8
13378	8
13379	7
13380	9
13381	8
13382	7
13383	6
13384	6
13385	7
13386	7
13387	6
13388	8
13389	7
13390	6
13391	5
13392	6
13393	6
13394	7
13395	9
13396	8
13397	7
13398	6
13399	6
13400	5
13401	5
13402	6
13403	8
13404	7
13405	6
13406	5
13407	5
13408	4
13409	4
13410	5
13411	7
13412	8
13413	8
13414	9
13415	9
13416	10
13417	12
13418	11
13419	10
13420	9
13421	9
13422	8
13423	10
13424	11
13425	11
13426	10
13427	10
13428	9
13429	10
13430	10
13431	9
13432	9
13433	8
13434	9
13435	9
13436	8
13437	8
13438	7
13439	7
13440	8
13441	8
13442	9
13443	11
13444	10
13445	9
13446	8
13447	8
13448	7
13449	9
13450	10
13451	10
13452	9
13453	9
13454	8
13455	9
13456	9
13457	8
13458	8
13459	7
13460	8
13461	8
13462	7
13463	7
13464	6
13465	7
13466	7
13467	8
13468	10
13469	11
13470	11
13471	10
13472	10
13473	9
13474	10
13475	10
13476	9
13477	9
13478	8
13479	9
13480	9
13481	8
13482	8
13483	7
13484	7
13485	8
13486	8
13487	7
13488	9
13489	8
13490	7
13491	6
13492	6
13493	7
13494	9
13495	10
13496	10
13497	9
13498	9
13499	8
13500	9
13501	9
13502	8
13503	8
13504	7
13505	8
13506	8
13507	7
13508	7
13509	6
13510	6
13511	7
13512	7
13513	6
13514	8
13515	7
13516	6
13517	5
13518	6
13519	6
13520	7
13521	9
13522	10
13523	10
13524	9
13525	9
13526	8
13527	9
13528	9
13529	8
13530	8
13531	7
13532	8
13533	8
13534	7
13535	7
13536	6
13537	6
13538	7
13539	7
13540	6
13541	8
13542	7
13543	6
13544	5
13545	5
13546	6
13547	8
13548	9
13549	9
13550	8
13551	8
13552	7
13553	8
13554	8
13555	7
13556	7
13557	6
13558	7
13559	7
13560	6
13561	6
13562	5
13563	5
13564	6
13565	6
13566	5
13567	7
13568	6
13569	5
13570	4
13571	4
13572	5
13573	5
13574	6
13575	8
13576	9
13577	9
13578	8
13579	8
13580	7
13581	8
13582	8
13583	7
13584	7
13585	6
13586	7
13587	7
13588	6
13589	6
13590	5
13591	5
13592	6
13593	6
13594	5
13595	7
13596	6
13597	5
13598	4
13599	6
13600	7
13601	7
13602	8
13603	8
13604	7
13605	9
13606	8
13607	7
13608	6
13609	6
13610	7
13611	7
13612	6
13613	8
13614	7
13615	6
13616	5
13617	6
13618	6
13619	7
13620	7
13621	6
13622	8
13623	7
13624	6
13625	5
13626	5
13627	6
13628	6
13629	5
13630	7
13631	6
13632	5
13633	4
13634	5
13635	5
13636	6
13637	8
13638	7
13639	6
13640	5
13641	5
13642	4
13643	4
13644	5
13645	7
13646	6
13647	5
13648	4
13649	4
13650	3
13651	3
13652	4
13653	4
13654	5
13655	7
13656	8
13657	8
13658	9
13659	9
13660	10
13661	12
13662	11
13663	10
13664	9
13665	9
13666	8
13667	10
13668	11
13669	11
13670	10
13671	10
13672	9
13673	10
13674	10
13675	9
13676	9
13677	8
13678	9
13679	9
13680	8
13681	8
13682	7
13683	7
13684	8
13685	8
13686	9
13687	11
13688	10
13689	9
13690	8
13691	8
13692	7
13693	9
13694	10
13695	10
13696	9
13697	9
13698	8
13699	9
13700	9
13701	8
13702	8
13703	7
13704	8
13705	8
13706	7
13707	7
13708	6
13709	7
13710	7
13711	8
13712	10
13713	11
13714	11
13715	10
13716	10
13717	9
13718	10
13719	10
13720	9
13721	9
13722	8
13723	9
13724	9
13725	8
13726	8
13727	7
13728	7
13729	8
13730	8
13731	7
13732	9
13733	8
13734	7
13735	6
13736	6
13737	7
13738	9
13739	10
13740	10
13741	9
13742	9
13743	8
13744	9
13745	9
13746	8
13747	8
13748	7
13749	8
13750	8
13751	7
13752	7
13753	6
13754	6
13755	7
13756	7
13757	6
13758	8
13759	7
13760	6
13761	5
13762	6
13763	6
13764	7
13765	9
13766	10
13767	10
13768	9
13769	9
13770	8
13771	9
13772	9
13773	8
13774	8
13775	7
13776	8
13777	8
13778	7
13779	7
13780	6
13781	6
13782	7
13783	7
13784	6
13785	8
13786	7
13787	6
13788	5
13789	5
13790	6
13791	8
13792	9
13793	9
13794	8
13795	8
13796	7
13797	8
13798	8
13799	7
13800	7
13801	6
13802	7
13803	7
13804	6
13805	6
13806	5
13807	5
13808	6
13809	6
13810	5
13811	7
13812	6
13813	5
13814	4
13815	4
13816	5
13817	5
13818	6
13819	8
13820	9
13821	9
13822	8
13823	8
13824	7
13825	8
13826	8
13827	7
13828	7
13829	6
13830	7
13831	7
13832	6
13833	6
13834	5
13835	5
13836	6
13837	6
13838	5
13839	7
13840	6
13841	5
13842	4
13843	6
13844	7
13845	7
13846	8
13847	8
13848	7
13849	9
13850	8
13851	7
13852	6
13853	6
13854	7
13855	7
13856	6
13857	8
13858	7
13859	6
13860	5
13861	6
13862	6
13863	7
13864	7
13865	6
13866	8
13867	7
13868	6
13869	5
13870	5
13871	6
13872	6
13873	5
13874	7
13875	6
13876	5
13877	4
13878	5
13879	5
13880	6
13881	8
13882	7
13883	6
13884	5
13885	5
13886	4
13887	4
13888	5
13889	7
13890	6
13891	5
13892	4
13893	4
13894	3
13895	5
13896	6
13897	6
13898	7
13899	7
13900	8
13901	10
13902	11
13903	11
13904	10
13905	10
13906	9
13907	10
13908	10
13909	9
13910	9
13911	8
13912	9
13913	9
13914	8
13915	8
13916	7
13917	7
13918	8
13919	8
13920	7
13921	9
13922	8
13923	7
13924	6
13925	8
13926	9
13927	9
13928	10
13929	10
13930	9
13931	11
13932	10
13933	9
13934	8
13935	8
13936	9
13937	9
13938	8
13939	10
13940	9
13941	8
13942	7
13943	8
13944	8
13945	9
13946	9
13947	8
13948	10
13949	9
13950	8
13951	7
13952	7
13953	8
13954	8
13955	7
13956	9
13957	8
13958	7
13959	6
13960	7
13961	7
13962	8
13963	10
13964	9
13965	8
13966	7
13967	7
13968	6
13969	6
13970	7
13971	9
13972	8
13973	7
13974	6
13975	6
13976	5
13977	5
13978	6
13979	6
13980	7
13981	9
13982	10
13983	10
13984	9
13985	9
13986	8
13987	9
13988	9
13989	8
13990	8
13991	7
13992	8
13993	8
13994	7
13995	7
13996	6
13997	6
13998	7
13999	7
14000	6
14001	8
14002	7
14003	6
14004	5
14005	7
14006	8
14007	8
14008	9
14009	9
14010	8
14011	10
14012	9
14013	8
14014	7
14015	7
14016	8
14017	8
14018	7
14019	9
14020	8
14021	7
14022	6
14023	7
14024	7
14025	8
14026	8
14027	7
14028	9
14029	8
14030	7
14031	6
14032	6
14033	7
14034	7
14035	6
14036	8
14037	7
14038	6
14039	5
14040	6
14041	6
14042	7
14043	9
14044	8
14045	7
14046	6
14047	6
14048	5
14049	5
14050	6
14051	8
14052	7
14053	6
14054	5
14055	5
14056	4
14057	5
14058	5
14059	6
14060	6
14061	7
14062	9
14063	10
14064	10
14065	9
14066	9
14067	8
14068	9
14069	9
14070	8
14071	8
14072	7
14073	8
14074	8
14075	7
14076	7
14077	6
14078	6
14079	7
14080	7
14081	6
14082	8
14083	7
14084	6
14085	5
14086	7
14087	8
14088	8
14089	9
14090	9
14091	8
14092	10
14093	9
14094	8
14095	7
14096	7
14097	8
14098	8
14099	7
14100	9
14101	8
14102	7
14103	6
14104	7
14105	7
14106	8
14107	8
14108	7
14109	9
14110	8
14111	7
14112	6
14113	6
14114	7
14115	7
14116	6
14117	8
14118	7
14119	6
14120	5
14121	6
14122	6
14123	7
14124	9
14125	8
14126	7
14127	6
14128	6
14129	5
14130	5
14131	6
14132	8
14133	7
14134	6
14135	5
14136	5
14137	4
14138	4
14139	5
14140	5
14141	6
14142	8
14143	9
14144	9
14145	8
14146	8
14147	7
14148	8
14149	8
14150	7
14151	7
14152	6
14153	7
14154	7
14155	6
14156	6
14157	5
14158	5
14159	6
14160	6
14161	5
14162	7
14163	6
14164	5
14165	4
14166	6
14167	7
14168	7
14169	8
14170	8
14171	7
14172	9
14173	8
14174	7
14175	6
14176	6
14177	7
14178	7
14179	6
14180	8
14181	7
14182	6
14183	5
14184	6
14185	6
14186	7
14187	7
14188	6
14189	8
14190	7
14191	6
14192	5
14193	5
14194	6
14195	6
14196	5
14197	7
14198	6
14199	5
14200	4
14201	5
14202	5
14203	6
14204	8
14205	7
14206	6
14207	5
14208	5
14209	4
14210	4
14211	5
14212	7
14213	6
14214	5
14215	4
14216	4
14217	3
14218	4
14219	4
14220	5
14221	7
14222	8
14223	8
14224	9
14225	9
14226	8
14227	10
14228	9
14229	8
14230	7
14231	7
14232	8
14233	8
14234	7
14235	9
14236	8
14237	7
14238	6
14239	7
14240	7
14241	8
14242	10
14243	9
14244	8
14245	7
14246	7
14247	6
14248	6
14249	7
14250	9
14251	8
14252	7
14253	6
14254	6
14255	5
14256	6
14257	6
14258	7
14259	9
14260	8
14261	7
14262	6
14263	6
14264	5
14265	5
14266	6
14267	8
14268	7
14269	6
14270	5
14271	5
14272	4
14273	4
14274	5
14275	5
14276	6
14277	8
14278	7
14279	6
14280	5
14281	5
14282	4
14283	6
14284	7
14285	7
14286	6
14287	6
14288	5
14289	6
14290	6
14291	5
14292	5
14293	4
14294	5
14295	5
14296	4
14297	4
14298	3
14299	3
14300	4
14301	6
14302	7
14303	7
14304	8
14305	8
14306	7
14307	9
14308	8
14309	7
14310	6
14311	6
14312	7
14313	7
14314	6
14315	8
14316	7
14317	6
14318	5
14319	6
14320	6
14321	7
14322	9
14323	8
14324	7
14325	6
14326	6
14327	5
14328	5
14329	6
14330	8
14331	7
14332	6
14333	5
14334	5
14335	4
14336	5
14337	5
14338	6
14339	8
14340	7
14341	6
14342	5
14343	5
14344	4
14345	4
14346	5
14347	7
14348	6
14349	5
14350	4
14351	4
14352	3
14353	3
14354	4
14355	4
14356	5
14357	7
14358	6
14359	5
14360	4
14361	4
14362	3
14363	5
14364	6
14365	6
14366	5
14367	5
14368	4
14369	5
14370	5
14371	4
14372	4
14373	3
14374	4
14375	4
14376	3
14377	3
14378	2
14379	2
14380	3
14381	5
14382	6
14383	6
14384	7
14385	7
14386	8
14387	10
14388	11
14389	11
14390	12
14391	12
14392	11
14393	13
14394	12
14395	11
14396	10
14397	10
14398	11
14399	11
14400	10
14401	12
14402	11
14403	10
14404	9
14405	10
14406	10
14407	11
14408	13
14409	12
14410	11
14411	10
14412	10
14413	9
14414	9
14415	10
14416	12
14417	11
14418	10
14419	9
14420	9
14421	8
14422	9
14423	9
14424	10
14425	12
14426	11
14427	10
14428	9
14429	9
14430	8
14431	8
14432	9
14433	11
14434	10
14435	9
14436	8
14437	8
14438	7
14439	7
14440	8
14441	8
14442	9
14443	11
14444	10
14445	9
14446	8
14447	8
14448	7
14449	9
14450	10
14451	10
14452	9
14453	9
14454	8
14455	9
14456	9
14457	8
14458	8
14459	7
14460	8
14461	8
14462	7
14463	7
14464	6
14465	8
14466	9
14467	9
14468	10
14469	10
14470	11
14471	13
14472	12
14473	11
14474	10
14475	10
14476	9
14477	11
14478	12
14479	12
14480	11
14481	11
14482	10
14483	11
14484	11
14485	10
14486	10
14487	9
14488	10
14489	10
14490	9
14491	9
14492	8
14493	8
14494	9
14495	9
14496	10
14497	12
14498	11
14499	10
14500	9
14501	9
14502	8
14503	10
14504	11
14505	11
14506	10
14507	10
14508	9
14509	10
14510	10
14511	9
14512	9
14513	8
14514	9
14515	9
14516	8
14517	8
14518	7
14519	8
14520	8
14521	9
14522	9
14523	10
14524	12
14525	11
14526	10
14527	9
14528	9
14529	8
14530	10
14531	11
14532	11
14533	10
14534	10
14535	9
14536	10
14537	10
14538	9
14539	9
14540	8
14541	9
14542	9
14543	8
14544	8
14545	7
14546	7
14547	8
14548	8
14549	9
14550	11
14551	10
14552	9
14553	8
14554	8
14555	7
14556	9
14557	10
14558	10
14559	9
14560	9
14561	8
14562	9
14563	9
14564	8
14565	8
14566	7
14567	8
14568	8
14569	7
14570	7
14571	6
14572	7
14573	7
14574	8
14575	10
14576	11
14577	11
14578	10
14579	10
14580	9
14581	10
14582	10
14583	9
14584	9
14585	8
14586	9
14587	9
14588	8
14589	8
14590	7
14591	7
14592	8
14593	8
14594	7
14595	9
14596	8
14597	7
14598	6
14599	6
14600	7
14601	9
14602	10
14603	10
14604	9
14605	9
14606	8
14607	9
14608	9
14609	8
14610	8
14611	7
14612	8
14613	8
14614	7
14615	7
14616	6
14617	6
14618	7
14619	7
14620	6
14621	8
14622	7
14623	6
14624	5
14625	5
14626	6
14627	6
14628	7
14629	9
14630	10
14631	10
14632	11
14633	11
14634	10
14635	12
14636	11
14637	10
14638	9
14639	9
14640	10
14641	10
14642	9
14643	11
14644	10
14645	9
14646	8
14647	9
14648	9
14649	10
14650	12
14651	11
14652	10
14653	9
14654	9
14655	8
14656	8
14657	9
14658	11
14659	10
14660	9
14661	8
14662	8
14663	7
14664	8
14665	8
14666	9
14667	11
14668	10
14669	9
14670	8
14671	8
14672	7
14673	7
14674	8
14675	10
14676	9
14677	8
14678	7
14679	7
14680	6
14681	6
14682	7
14683	7
14684	8
14685	10
14686	9
14687	8
14688	7
14689	7
14690	6
14691	8
14692	9
14693	9
14694	8
14695	8
14696	7
14697	8
14698	8
14699	7
14700	7
14701	6
14702	7
14703	7
14704	6
14705	6
14706	5
14707	7
14708	8
14709	8
14710	9
14711	9
14712	10
14713	12
14714	11
14715	10
14716	9
14717	9
14718	8
14719	10
14720	11
14721	11
14722	10
14723	10
14724	9
14725	10
14726	10
14727	9
14728	9
14729	8
14730	9
14731	9
14732	8
14733	8
14734	7
14735	7
14736	8
14737	8
14738	9
14739	11
14740	10
14741	9
14742	8
14743	8
14744	7
14745	9
14746	10
14747	10
14748	9
14749	9
14750	8
14751	9
14752	9
14753	8
14754	8
14755	7
14756	8
14757	8
14758	7
14759	7
14760	6
14761	7
14762	7
14763	8
14764	8
14765	9
14766	11
14767	10
14768	9
14769	8
14770	8
14771	7
14772	9
14773	10
14774	10
14775	9
14776	9
14777	8
14778	9
14779	9
14780	8
14781	8
14782	7
14783	8
14784	8
14785	7
14786	7
14787	6
14788	6
14789	7
14790	7
14791	8
14792	10
14793	9
14794	8
14795	7
14796	7
14797	6
14798	8
14799	9
14800	9
14801	8
14802	8
14803	7
14804	8
14805	8
14806	7
14807	7
14808	6
14809	7
14810	7
14811	6
14812	6
14813	5
14814	6
14815	6
14816	7
14817	9
14818	10
14819	10
14820	9
14821	9
14822	8
14823	9
14824	9
14825	8
14826	8
14827	7
14828	8
14829	8
14830	7
14831	7
14832	6
14833	6
14834	7
14835	7
14836	6
14837	8
14838	7
14839	6
14840	5
14841	5
14842	6
14843	8
14844	9
14845	9
14846	8
14847	8
14848	7
14849	8
14850	8
14851	7
14852	7
14853	6
14854	7
14855	7
14856	6
14857	6
14858	5
14859	5
14860	6
14861	6
14862	5
14863	7
14864	6
14865	5
14866	4
14867	5
14868	5
14869	6
14870	8
14871	9
14872	9
14873	10
14874	10
14875	11
14876	13
14877	12
14878	11
14879	10
14880	10
14881	9
14882	11
14883	12
14884	12
14885	11
14886	11
14887	10
14888	11
14889	11
14890	10
14891	10
14892	9
14893	10
14894	10
14895	9
14896	9
14897	8
14898	8
14899	9
14900	9
14901	10
14902	12
14903	11
14904	10
14905	9
14906	9
14907	8
14908	10
14909	11
14910	11
14911	10
14912	10
14913	9
14914	10
14915	10
14916	9
14917	9
14918	8
14919	9
14920	9
14921	8
14922	8
14923	7
14924	8
14925	8
14926	9
14927	11
14928	12
14929	12
14930	11
14931	11
14932	10
14933	11
14934	11
14935	10
14936	10
14937	9
14938	10
14939	10
14940	9
14941	9
14942	8
14943	8
14944	9
14945	9
14946	8
14947	10
14948	9
14949	8
14950	7
14951	7
14952	8
14953	10
14954	11
14955	11
14956	10
14957	10
14958	9
14959	10
14960	10
14961	9
14962	9
14963	8
14964	9
14965	9
14966	8
14967	8
14968	7
14969	7
14970	8
14971	8
14972	7
14973	9
14974	8
14975	7
14976	6
14977	7
14978	7
14979	8
14980	10
14981	11
14982	11
14983	10
14984	10
14985	9
14986	10
14987	10
14988	9
14989	9
14990	8
14991	9
14992	9
14993	8
14994	8
14995	7
14996	7
14997	8
14998	8
14999	7
15000	9
15001	8
15002	7
15003	6
15004	6
15005	7
15006	9
15007	10
15008	10
15009	9
15010	9
15011	8
15012	9
15013	9
15014	8
15015	8
15016	7
15017	8
15018	8
15019	7
15020	7
15021	6
15022	6
15023	7
15024	7
15025	6
15026	8
15027	7
15028	6
15029	5
15030	5
15031	6
15032	6
15033	7
15034	9
15035	10
15036	10
15037	9
15038	9
15039	8
15040	9
15041	9
15042	8
15043	8
15044	7
15045	8
15046	8
15047	7
15048	7
15049	6
15050	6
15051	7
15052	7
15053	6
15054	8
15055	7
15056	6
15057	5
15058	7
15059	8
15060	8
15061	9
15062	9
15063	8
15064	10
15065	9
15066	8
15067	7
15068	7
15069	8
15070	8
15071	7
15072	9
15073	8
15074	7
15075	6
15076	7
15077	7
15078	8
15079	8
15080	7
15081	9
15082	8
15083	7
15084	6
15085	6
15086	7
15087	7
15088	6
15089	8
15090	7
15091	6
15092	5
15093	6
15094	6
15095	7
15096	9
15097	8
15098	7
15099	6
15100	6
15101	5
15102	5
15103	6
15104	8
15105	7
15106	6
15107	5
15108	5
15109	4
15110	4
15111	5
15112	7
15113	8
15114	8
15115	9
15116	9
15117	10
15118	12
15119	11
15120	10
15121	9
15122	9
15123	8
15124	10
15125	11
15126	11
15127	10
15128	10
15129	9
15130	10
15131	10
15132	9
15133	9
15134	8
15135	9
15136	9
15137	8
15138	8
15139	7
15140	7
15141	8
15142	8
15143	9
15144	11
15145	10
15146	9
15147	8
15148	8
15149	7
15150	9
15151	10
15152	10
15153	9
15154	9
15155	8
15156	9
15157	9
15158	8
15159	8
15160	7
15161	8
15162	8
15163	7
15164	7
15165	6
15166	7
15167	7
15168	8
15169	10
15170	11
15171	11
15172	10
15173	10
15174	9
15175	10
15176	10
15177	9
15178	9
15179	8
15180	9
15181	9
15182	8
15183	8
15184	7
15185	7
15186	8
15187	8
15188	7
15189	9
15190	8
15191	7
15192	6
15193	6
15194	7
15195	9
15196	10
15197	10
15198	9
15199	9
15200	8
15201	9
15202	9
15203	8
15204	8
15205	7
15206	8
15207	8
15208	7
15209	7
15210	6
15211	6
15212	7
15213	7
15214	6
15215	8
15216	7
15217	6
15218	5
15219	6
15220	6
15221	7
15222	9
15223	10
15224	10
15225	9
15226	9
15227	8
15228	9
15229	9
15230	8
15231	8
15232	7
15233	8
15234	8
15235	7
15236	7
15237	6
15238	6
15239	7
15240	7
15241	6
15242	8
15243	7
15244	6
15245	5
15246	5
15247	6
15248	8
15249	9
15250	9
15251	8
15252	8
15253	7
15254	8
15255	8
15256	7
15257	7
15258	6
15259	7
15260	7
15261	6
15262	6
15263	5
15264	5
15265	6
15266	6
15267	5
15268	7
15269	6
15270	5
15271	4
15272	4
15273	5
15274	5
15275	6
15276	8
15277	9
15278	9
15279	8
15280	8
15281	7
15282	8
15283	8
15284	7
15285	7
15286	6
15287	7
15288	7
15289	6
15290	6
15291	5
15292	5
15293	6
15294	6
15295	5
15296	7
15297	6
15298	5
15299	4
15300	6
15301	7
15302	7
15303	8
15304	8
15305	7
15306	9
15307	8
15308	7
15309	6
15310	6
15311	7
15312	7
15313	6
15314	8
15315	7
15316	6
15317	5
15318	6
15319	6
15320	7
15321	7
15322	6
15323	8
15324	7
15325	6
15326	5
15327	5
15328	6
15329	6
15330	5
15331	7
15332	6
15333	5
15334	4
15335	5
15336	5
15337	6
15338	8
15339	7
15340	6
15341	5
15342	5
15343	4
15344	4
15345	5
15346	7
15347	6
15348	5
15349	4
15350	4
15351	3
15352	4
15353	4
15354	5
15355	7
15356	8
15357	8
15358	9
15359	9
15360	10
15361	12
15362	11
15363	10
15364	9
15365	9
15366	8
15367	10
15368	11
15369	11
15370	10
15371	10
15372	9
15373	10
15374	10
15375	9
15376	9
15377	8
15378	9
15379	9
15380	8
15381	8
15382	7
15383	7
15384	8
15385	8
15386	9
15387	11
15388	10
15389	9
15390	8
15391	8
15392	7
15393	9
15394	10
15395	10
15396	9
15397	9
15398	8
15399	9
15400	9
15401	8
15402	8
15403	7
15404	8
15405	8
15406	7
15407	7
15408	6
15409	7
15410	7
15411	8
15412	10
15413	11
15414	11
15415	10
15416	10
15417	9
15418	10
15419	10
15420	9
15421	9
15422	8
15423	9
15424	9
15425	8
15426	8
15427	7
15428	7
15429	8
15430	8
15431	7
15432	9
15433	8
15434	7
15435	6
15436	6
15437	7
15438	9
15439	10
15440	10
15441	9
15442	9
15443	8
15444	9
15445	9
15446	8
15447	8
15448	7
15449	8
15450	8
15451	7
15452	7
15453	6
15454	6
15455	7
15456	7
15457	6
15458	8
15459	7
15460	6
15461	5
15462	6
15463	6
15464	7
15465	9
15466	10
15467	10
15468	9
15469	9
15470	8
15471	9
15472	9
15473	8
15474	8
15475	7
15476	8
15477	8
15478	7
15479	7
15480	6
15481	6
15482	7
15483	7
15484	6
15485	8
15486	7
15487	6
15488	5
15489	5
15490	6
15491	8
15492	9
15493	9
15494	8
15495	8
15496	7
15497	8
15498	8
15499	7
15500	7
15501	6
15502	7
15503	7
15504	6
15505	6
15506	5
15507	5
15508	6
15509	6
15510	5
15511	7
15512	6
15513	5
15514	4
15515	4
15516	5
15517	5
15518	6
15519	8
15520	9
15521	9
15522	8
15523	8
15524	7
15525	8
15526	8
15527	7
15528	7
15529	6
15530	7
15531	7
15532	6
15533	6
15534	5
15535	5
15536	6
15537	6
15538	5
15539	7
15540	6
15541	5
15542	4
15543	6
15544	7
15545	7
15546	8
15547	8
15548	7
15549	9
15550	8
15551	7
15552	6
15553	6
15554	7
15555	7
15556	6
15557	8
15558	7
15559	6
15560	5
15561	6
15562	6
15563	7
15564	7
15565	6
15566	8
15567	7
15568	6
15569	5
15570	5
15571	6
15572	6
15573	5
15574	7
15575	6
15576	5
15577	4
15578	5
15579	5
15580	6
15581	8
15582	7
15583	6
15584	5
15585	5
15586	4
15587	4
15588	5
15589	7
15590	6
15591	5
15592	4
15593	4
15594	3
15595	3
15596	4
15597	6
15598	7
15599	7
15600	8
15601	8
15602	9
15603	11
15604	10
15605	9
15606	8
15607	8
15608	7
15609	9
15610	10
15611	10
15612	9
15613	9
15614	8
15615	9
15616	9
15617	8
15618	8
15619	7
15620	8
15621	8
15622	7
15623	7
15624	6
15625	6
15626	7
15627	7
15628	8
15629	10
15630	9
15631	8
15632	7
15633	7
15634	6
15635	8
15636	9
15637	9
15638	8
15639	8
15640	7
15641	8
15642	8
15643	7
15644	7
15645	6
15646	7
15647	7
15648	6
15649	6
15650	5
15651	6
15652	6
15653	7
15654	9
15655	10
15656	10
15657	9
15658	9
15659	8
15660	9
15661	9
15662	8
15663	8
15664	7
15665	8
15666	8
15667	7
15668	7
15669	6
15670	6
15671	7
15672	7
15673	6
15674	8
15675	7
15676	6
15677	5
15678	5
15679	6
15680	8
15681	9
15682	9
15683	8
15684	8
15685	7
15686	8
15687	8
15688	7
15689	7
15690	6
15691	7
15692	7
15693	6
15694	6
15695	5
15696	5
15697	6
15698	6
15699	5
15700	7
15701	6
15702	5
15703	4
15704	5
15705	5
15706	6
15707	8
15708	9
15709	9
15710	8
15711	8
15712	7
15713	8
15714	8
15715	7
15716	7
15717	6
15718	7
15719	7
15720	6
15721	6
15722	5
15723	5
15724	6
15725	6
15726	5
15727	7
15728	6
15729	5
15730	4
15731	4
15732	5
15733	7
15734	8
15735	8
15736	7
15737	7
15738	6
15739	7
15740	7
15741	6
15742	6
15743	5
15744	6
15745	6
15746	5
15747	5
15748	4
15749	4
15750	5
15751	5
15752	4
15753	6
15754	5
15755	4
15756	3
15757	3
15758	4
15759	4
15760	5
15761	7
15762	8
15763	8
15764	7
15765	7
15766	6
15767	7
15768	7
15769	6
15770	6
15771	5
15772	6
15773	6
15774	5
15775	5
15776	4
15777	4
15778	5
15779	5
15780	4
15781	6
15782	5
15783	4
15784	3
15785	5
15786	6
15787	6
15788	7
15789	7
15790	6
15791	8
15792	7
15793	6
15794	5
15795	5
15796	6
15797	6
15798	5
15799	7
15800	6
15801	5
15802	4
15803	5
15804	5
15805	6
15806	6
15807	5
15808	7
15809	6
15810	5
15811	4
15812	4
15813	5
15814	5
15815	4
15816	6
15817	5
15818	4
15819	3
15820	4
15821	4
15822	5
15823	7
15824	6
15825	5
15826	4
15827	4
15828	3
15829	3
15830	4
15831	6
15832	5
15833	4
15834	3
15835	3
15836	2
15837	2
15838	3
15839	3
15840	4
15841	6
15842	7
15843	7
15844	8
15845	8
15846	9
15847	11
15848	10
15849	9
15850	8
15851	8
15852	7
15853	9
15854	10
15855	10
15856	9
15857	9
15858	8
15859	9
15860	9
15861	8
15862	8
15863	7
15864	8
15865	8
15866	7
15867	7
15868	6
15869	6
15870	7
15871	7
15872	8
15873	10
15874	9
15875	8
15876	7
15877	7
15878	6
15879	8
15880	9
15881	9
15882	8
15883	8
15884	7
15885	8
15886	8
15887	7
15888	7
15889	6
15890	7
15891	7
15892	6
15893	6
15894	5
15895	6
15896	6
15897	7
15898	9
15899	10
15900	10
15901	9
15902	9
15903	8
15904	9
15905	9
15906	8
15907	8
15908	7
15909	8
15910	8
15911	7
15912	7
15913	6
15914	6
15915	7
15916	7
15917	6
15918	8
15919	7
15920	6
15921	5
15922	5
15923	6
15924	8
15925	9
15926	9
15927	8
15928	8
15929	7
15930	8
15931	8
15932	7
15933	7
15934	6
15935	7
15936	7
15937	6
15938	6
15939	5
15940	5
15941	6
15942	6
15943	5
15944	7
15945	6
15946	5
15947	4
15948	5
15949	5
15950	6
15951	8
15952	9
15953	9
15954	8
15955	8
15956	7
15957	8
15958	8
15959	7
15960	7
15961	6
15962	7
15963	7
15964	6
15965	6
15966	5
15967	5
15968	6
15969	6
15970	5
15971	7
15972	6
15973	5
15974	4
15975	4
15976	5
15977	7
15978	8
15979	8
15980	7
15981	7
15982	6
15983	7
15984	7
15985	6
15986	6
15987	5
15988	6
15989	6
15990	5
15991	5
15992	4
15993	4
15994	5
15995	5
15996	4
15997	6
15998	5
15999	4
16000	3
16001	3
16002	4
16003	4
16004	5
16005	7
16006	8
16007	8
16008	7
16009	7
16010	6
16011	7
16012	7
16013	6
16014	6
16015	5
16016	6
16017	6
16018	5
16019	5
16020	4
16021	4
16022	5
16023	5
16024	4
16025	6
16026	5
16027	4
16028	3
16029	5
16030	6
16031	6
16032	7
16033	7
16034	6
16035	8
16036	7
16037	6
16038	5
16039	5
16040	6
16041	6
16042	5
16043	7
16044	6
16045	5
16046	4
16047	5
16048	5
16049	6
16050	6
16051	5
16052	7
16053	6
16054	5
16055	4
16056	4
16057	5
16058	5
16059	4
16060	6
16061	5
16062	4
16063	3
16064	4
16065	4
16066	5
16067	7
16068	6
16069	5
16070	4
16071	4
16072	3
16073	3
16074	4
16075	6
16076	5
16077	4
16078	3
16079	3
16080	2
16081	4
16082	5
16083	5
16084	6
16085	6
16086	7
16087	9
16088	10
16089	10
16090	9
16091	9
16092	8
16093	9
16094	9
16095	8
16096	8
16097	7
16098	8
16099	8
16100	7
16101	7
16102	6
16103	6
16104	7
16105	7
16106	6
16107	8
16108	7
16109	6
16110	5
16111	7
16112	8
16113	8
16114	9
16115	9
16116	8
16117	10
16118	9
16119	8
16120	7
16121	7
16122	8
16123	8
16124	7
16125	9
16126	8
16127	7
16128	6
16129	7
16130	7
16131	8
16132	8
16133	7
16134	9
16135	8
16136	7
16137	6
16138	6
16139	7
16140	7
16141	6
16142	8
16143	7
16144	6
16145	5
16146	6
16147	6
16148	7
16149	9
16150	8
16151	7
16152	6
16153	6
16154	5
16155	5
16156	6
16157	8
16158	7
16159	6
16160	5
16161	5
16162	4
16163	4
16164	5
16165	5
16166	6
16167	8
16168	9
16169	9
16170	8
16171	8
16172	7
16173	8
16174	8
16175	7
16176	7
16177	6
16178	7
16179	7
16180	6
16181	6
16182	5
16183	5
16184	6
16185	6
16186	5
16187	7
16188	6
16189	5
16190	4
16191	6
16192	7
16193	7
16194	8
16195	8
16196	7
16197	9
16198	8
16199	7
16200	6
16201	6
16202	7
16203	7
16204	6
16205	8
16206	7
16207	6
16208	5
16209	6
16210	6
16211	7
16212	7
16213	6
16214	8
16215	7
16216	6
16217	5
16218	5
16219	6
16220	6
16221	5
16222	7
16223	6
16224	5
16225	4
16226	5
16227	5
16228	6
16229	8
16230	7
16231	6
16232	5
16233	5
16234	4
16235	4
16236	5
16237	7
16238	6
16239	5
16240	4
16241	4
16242	3
16243	4
16244	4
16245	5
16246	5
16247	6
16248	8
16249	9
16250	9
16251	8
16252	8
16253	7
16254	8
16255	8
16256	7
16257	7
16258	6
16259	7
16260	7
16261	6
16262	6
16263	5
16264	5
16265	6
16266	6
16267	5
16268	7
16269	6
16270	5
16271	4
16272	6
16273	7
16274	7
16275	8
16276	8
16277	7
16278	9
16279	8
16280	7
16281	6
16282	6
16283	7
16284	7
16285	6
16286	8
16287	7
16288	6
16289	5
16290	6
16291	6
16292	7
16293	7
16294	6
16295	8
16296	7
16297	6
16298	5
16299	5
16300	6
16301	6
16302	5
16303	7
16304	6
16305	5
16306	4
16307	5
16308	5
16309	6
16310	8
16311	7
16312	6
16313	5
16314	5
16315	4
16316	4
16317	5
16318	7
16319	6
16320	5
16321	4
16322	4
16323	3
16324	3
16325	4
16326	4
16327	5
16328	7
16329	8
16330	8
16331	7
16332	7
16333	6
16334	7
16335	7
16336	6
16337	6
16338	5
16339	6
16340	6
16341	5
16342	5
16343	4
16344	4
16345	5
16346	5
16347	4
16348	6
16349	5
16350	4
16351	3
16352	5
16353	6
16354	6
16355	7
16356	7
16357	6
16358	8
16359	7
16360	6
16361	5
16362	5
16363	6
16364	6
16365	5
16366	7
16367	6
16368	5
16369	4
16370	5
16371	5
16372	6
16373	6
16374	5
16375	7
16376	6
16377	5
16378	4
16379	4
16380	5
16381	5
16382	4
16383	6
16384	5
16385	4
16386	3
16387	4
16388	4
16389	5
16390	7
16391	6
16392	5
16393	4
16394	4
16395	3
16396	3
16397	4
16398	6
16399	5
16400	4
16401	3
16402	3
16403	2
16404	3
16405	3
16406	4
16407	6
16408	7
16409	7
16410	8
16411	8
16412	7
16413	9
16414	8
16415	7
16416	6
16417	6
16418	7
16419	7
16420	6
16421	8
16422	7
16423	6
16424	5
16425	6
16426	6
16427	7
16428	9
16429	8
16430	7
16431	6
16432	6
16433	5
16434	5
16435	6
16436	8
16437	7
16438	6
16439	5
16440	5
16441	4
16442	5
16443	5
16444	6
16445	8
16446	7
16447	6
16448	5
16449	5
16450	4
16451	4
16452	5
16453	7
16454	6
16455	5
16456	4
16457	4
16458	3
16459	3
16460	4
16461	4
16462	5
16463	7
16464	6
16465	5
16466	4
16467	4
16468	3
16469	5
16470	6
16471	6
16472	5
16473	5
16474	4
16475	5
16476	5
16477	4
16478	4
16479	3
16480	4
16481	4
16482	3
16483	3
16484	2
16485	2
16486	3
16487	5
16488	6
16489	6
16490	7
16491	7
16492	6
16493	8
16494	7
16495	6
16496	5
16497	5
16498	6
16499	6
16500	5
16501	7
16502	6
16503	5
16504	4
16505	5
16506	5
16507	6
16508	8
16509	7
16510	6
16511	5
16512	5
16513	4
16514	4
16515	5
16516	7
16517	6
16518	5
16519	4
16520	4
16521	3
16522	4
16523	4
16524	5
16525	7
16526	6
16527	5
16528	4
16529	4
16530	3
16531	3
16532	4
16533	6
16534	5
16535	4
16536	3
16537	3
16538	2
16539	2
16540	3
16541	3
16542	4
16543	6
16544	5
16545	4
16546	3
16547	3
16548	2
16549	4
16550	5
16551	5
16552	4
16553	4
16554	3
16555	4
16556	4
16557	3
16558	3
16559	2
16560	3
16561	3
16562	2
16563	2
16564	1
16565	3
16566	4
16567	4
16568	5
16569	5
16570	6
16571	8
16572	9
16573	9
16574	10
16575	10
16576	11
16577	13
16578	12
16579	11
16580	10
16581	10
16582	9
16583	11
16584	12
16585	12
16586	11
16587	11
16588	10
16589	11
16590	11
16591	10
16592	10
16593	9
16594	10
16595	10
16596	9
16597	9
16598	8
16599	8
16600	9
16601	9
16602	10
16603	12
16604	11
16605	10
16606	9
16607	9
16608	8
16609	10
16610	11
16611	11
16612	10
16613	10
16614	9
16615	10
16616	10
16617	9
16618	9
16619	8
16620	9
16621	9
16622	8
16623	8
16624	7
16625	8
16626	8
16627	9
16628	11
16629	12
16630	12
16631	11
16632	11
16633	10
16634	11
16635	11
16636	10
16637	10
16638	9
16639	10
16640	10
16641	9
16642	9
16643	8
16644	8
16645	9
16646	9
16647	8
16648	10
16649	9
16650	8
16651	7
16652	7
16653	8
16654	10
16655	11
16656	11
16657	10
16658	10
16659	9
16660	10
16661	10
16662	9
16663	9
16664	8
16665	9
16666	9
16667	8
16668	8
16669	7
16670	7
16671	8
16672	8
16673	7
16674	9
16675	8
16676	7
16677	6
16678	7
16679	7
16680	8
16681	10
16682	11
16683	11
16684	10
16685	10
16686	9
16687	10
16688	10
16689	9
16690	9
16691	8
16692	9
16693	9
16694	8
16695	8
16696	7
16697	7
16698	8
16699	8
16700	7
16701	9
16702	8
16703	7
16704	6
16705	6
16706	7
16707	9
16708	10
16709	10
16710	9
16711	9
16712	8
16713	9
16714	9
16715	8
16716	8
16717	7
16718	8
16719	8
16720	7
16721	7
16722	6
16723	6
16724	7
16725	7
16726	6
16727	8
16728	7
16729	6
16730	5
16731	5
16732	6
16733	6
16734	7
16735	9
16736	10
16737	10
16738	9
16739	9
16740	8
16741	9
16742	9
16743	8
16744	8
16745	7
16746	8
16747	8
16748	7
16749	7
16750	6
16751	6
16752	7
16753	7
16754	6
16755	8
16756	7
16757	6
16758	5
16759	7
16760	8
16761	8
16762	9
16763	9
16764	8
16765	10
16766	9
16767	8
16768	7
16769	7
16770	8
16771	8
16772	7
16773	9
16774	8
16775	7
16776	6
16777	7
16778	7
16779	8
16780	8
16781	7
16782	9
16783	8
16784	7
16785	6
16786	6
16787	7
16788	7
16789	6
16790	8
16791	7
16792	6
16793	5
16794	6
16795	6
16796	7
16797	9
16798	8
16799	7
16800	6
16801	6
16802	5
16803	5
16804	6
16805	8
16806	7
16807	6
16808	5
16809	5
16810	4
16811	6
16812	7
16813	7
16814	8
16815	8
16816	9
16817	11
16818	12
16819	12
16820	11
16821	11
16822	10
16823	11
16824	11
16825	10
16826	10
16827	9
16828	10
16829	10
16830	9
16831	9
16832	8
16833	8
16834	9
16835	9
16836	8
16837	10
16838	9
16839	8
16840	7
16841	9
16842	10
16843	10
16844	11
16845	11
16846	10
16847	12
16848	11
16849	10
16850	9
16851	9
16852	10
16853	10
16854	9
16855	11
16856	10
16857	9
16858	8
16859	9
16860	9
16861	10
16862	10
16863	9
16864	11
16865	10
16866	9
16867	8
16868	8
16869	9
16870	9
16871	8
16872	10
16873	9
16874	8
16875	7
16876	8
16877	8
16878	9
16879	11
16880	10
16881	9
16882	8
16883	8
16884	7
16885	7
16886	8
16887	10
16888	9
16889	8
16890	7
16891	7
16892	6
16893	6
16894	7
16895	7
16896	8
16897	10
16898	11
16899	11
16900	10
16901	10
16902	9
16903	10
16904	10
16905	9
16906	9
16907	8
16908	9
16909	9
16910	8
16911	8
16912	7
16913	7
16914	8
16915	8
16916	7
16917	9
16918	8
16919	7
16920	6
16921	8
16922	9
16923	9
16924	10
16925	10
16926	9
16927	11
16928	10
16929	9
16930	8
16931	8
16932	9
16933	9
16934	8
16935	10
16936	9
16937	8
16938	7
16939	8
16940	8
16941	9
16942	9
16943	8
16944	10
16945	9
16946	8
16947	7
16948	7
16949	8
16950	8
16951	7
16952	9
16953	8
16954	7
16955	6
16956	7
16957	7
16958	8
16959	10
16960	9
16961	8
16962	7
16963	7
16964	6
16965	6
16966	7
16967	9
16968	8
16969	7
16970	6
16971	6
16972	5
16973	6
16974	6
16975	7
16976	7
16977	8
16978	10
16979	11
16980	11
16981	10
16982	10
16983	9
16984	10
16985	10
16986	9
16987	9
16988	8
16989	9
16990	9
16991	8
16992	8
16993	7
16994	7
16995	8
16996	8
16997	7
16998	9
16999	8
17000	7
17001	6
17002	8
17003	9
17004	9
17005	10
17006	10
17007	9
17008	11
17009	10
17010	9
17011	8
17012	8
17013	9
17014	9
17015	8
17016	10
17017	9
17018	8
17019	7
17020	8
17021	8
17022	9
17023	9
17024	8
17025	10
17026	9
17027	8
17028	7
17029	7
17030	8
17031	8
17032	7
17033	9
17034	8
17035	7
17036	6
17037	7
17038	7
17039	8
17040	10
17041	9
17042	8
17043	7
17044	7
17045	6
17046	6
17047	7
17048	9
17049	8
17050	7
17051	6
17052	6
17053	5
17054	5
17055	6
17056	6
17057	7
17058	9
17059	10
17060	10
17061	9
17062	9
17063	8
17064	9
17065	9
17066	8
17067	8
17068	7
17069	8
17070	8
17071	7
17072	7
17073	6
17074	6
17075	7
17076	7
17077	6
17078	8
17079	7
17080	6
17081	5
17082	7
17083	8
17084	8
17085	9
17086	9
17087	8
17088	10
17089	9
17090	8
17091	7
17092	7
17093	8
17094	8
17095	7
17096	9
17097	8
17098	7
17099	6
17100	7
17101	7
17102	8
17103	8
17104	7
17105	9
17106	8
17107	7
17108	6
17109	6
17110	7
17111	7
17112	6
17113	8
17114	7
17115	6
17116	5
17117	6
17118	6
17119	7
17120	9
17121	8
17122	7
17123	6
17124	6
17125	5
17126	5
17127	6
17128	8
17129	7
17130	6
17131	5
17132	5
17133	4
17134	5
17135	5
17136	6
17137	8
17138	9
17139	9
17140	10
17141	10
17142	9
17143	11
17144	10
17145	9
17146	8
17147	8
17148	9
17149	9
17150	8
17151	10
17152	9
17153	8
17154	7
17155	8
17156	8
17157	9
17158	11
17159	10
17160	9
17161	8
17162	8
17163	7
17164	7
17165	8
17166	10
17167	9
17168	8
17169	7
17170	7
17171	6
17172	7
17173	7
17174	8
17175	10
17176	9
17177	8
17178	7
17179	7
17180	6
17181	6
17182	7
17183	9
17184	8
17185	7
17186	6
17187	6
17188	5
17189	5
17190	6
17191	6
17192	7
17193	9
17194	8
17195	7
17196	6
17197	6
17198	5
17199	7
17200	8
17201	8
17202	7
17203	7
17204	6
17205	7
17206	7
17207	6
17208	6
17209	5
17210	6
17211	6
17212	5
17213	5
17214	4
17215	4
17216	5
17217	7
17218	8
17219	8
17220	9
17221	9
17222	8
17223	10
17224	9
17225	8
17226	7
17227	7
17228	8
17229	8
17230	7
17231	9
17232	8
17233	7
17234	6
17235	7
17236	7
17237	8
17238	10
17239	9
17240	8
17241	7
17242	7
17243	6
17244	6
17245	7
17246	9
17247	8
17248	7
17249	6
17250	6
17251	5
17252	6
17253	6
17254	7
17255	9
17256	8
17257	7
17258	6
17259	6
17260	5
17261	5
17262	6
17263	8
17264	7
17265	6
17266	5
17267	5
17268	4
17269	4
17270	5
17271	5
17272	6
17273	8
17274	7
17275	6
17276	5
17277	5
17278	4
17279	6
17280	7
17281	7
17282	6
17283	6
17284	5
17285	6
17286	6
17287	5
17288	5
17289	4
17290	5
17291	5
17292	4
17293	4
17294	3
17295	3
17296	4
17297	4
17298	5
17299	7
17300	8
17301	8
17302	9
17303	9
17304	10
17305	12
17306	11
17307	10
17308	9
17309	9
17310	8
17311	10
17312	11
17313	11
17314	10
17315	10
17316	9
17317	10
17318	10
17319	9
17320	9
17321	8
17322	9
17323	9
17324	8
17325	8
17326	7
17327	7
17328	8
17329	8
17330	9
17331	11
17332	10
17333	9
17334	8
17335	8
17336	7
17337	9
17338	10
17339	10
17340	9
17341	9
17342	8
17343	9
17344	9
17345	8
17346	8
17347	7
17348	8
17349	8
17350	7
17351	7
17352	6
17353	7
17354	7
17355	8
17356	10
17357	11
17358	11
17359	10
17360	10
17361	9
17362	10
17363	10
17364	9
17365	9
17366	8
17367	9
17368	9
17369	8
17370	8
17371	7
17372	7
17373	8
17374	8
17375	7
17376	9
17377	8
17378	7
17379	6
17380	6
17381	7
17382	9
17383	10
17384	10
17385	9
17386	9
17387	8
17388	9
17389	9
17390	8
17391	8
17392	7
17393	8
17394	8
17395	7
17396	7
17397	6
17398	6
17399	7
17400	7
17401	6
17402	8
17403	7
17404	6
17405	5
17406	6
17407	6
17408	7
17409	9
17410	10
17411	10
17412	9
17413	9
17414	8
17415	9
17416	9
17417	8
17418	8
17419	7
17420	8
17421	8
17422	7
17423	7
17424	6
17425	6
17426	7
17427	7
17428	6
17429	8
17430	7
17431	6
17432	5
17433	5
17434	6
17435	8
17436	9
17437	9
17438	8
17439	8
17440	7
17441	8
17442	8
17443	7
17444	7
17445	6
17446	7
17447	7
17448	6
17449	6
17450	5
17451	5
17452	6
17453	6
17454	5
17455	7
17456	6
17457	5
17458	4
17459	4
17460	5
17461	5
17462	6
17463	8
17464	9
17465	9
17466	8
17467	8
17468	7
17469	8
17470	8
17471	7
17472	7
17473	6
17474	7
17475	7
17476	6
17477	6
17478	5
17479	5
17480	6
17481	6
17482	5
17483	7
17484	6
17485	5
17486	4
17487	6
17488	7
17489	7
17490	8
17491	8
17492	7
17493	9
17494	8
17495	7
17496	6
17497	6
17498	7
17499	7
17500	6
17501	8
17502	7
17503	6
17504	5
17505	6
17506	6
17507	7
17508	7
17509	6
17510	8
17511	7
17512	6
17513	5
17514	5
17515	6
17516	6
17517	5
17518	7
17519	6
17520	5
17521	4
17522	5
17523	5
17524	6
17525	8
17526	7
17527	6
17528	5
17529	5
17530	4
17531	4
17532	5
17533	7
17534	6
17535	5
17536	4
17537	4
17538	3
17539	5
17540	6
17541	6
17542	7
17543	7
17544	8
17545	10
17546	11
17547	11
17548	10
17549	10
17550	9
17551	10
17552	10
17553	9
17554	9
17555	8
17556	9
17557	9
17558	8
17559	8
17560	7
17561	7
17562	8
17563	8
17564	7
17565	9
17566	8
17567	7
17568	6
17569	8
17570	9
17571	9
17572	10
17573	10
17574	9
17575	11
17576	10
17577	9
17578	8
17579	8
17580	9
17581	9
17582	8
17583	10
17584	9
17585	8
17586	7
17587	8
17588	8
17589	9
17590	9
17591	8
17592	10
17593	9
17594	8
17595	7
17596	7
17597	8
17598	8
17599	7
17600	9
17601	8
17602	7
17603	6
17604	7
17605	7
17606	8
17607	10
17608	9
17609	8
17610	7
17611	7
17612	6
17613	6
17614	7
17615	9
17616	8
17617	7
17618	6
17619	6
17620	5
17621	5
17622	6
17623	6
17624	7
17625	9
17626	10
17627	10
17628	9
17629	9
17630	8
17631	9
17632	9
17633	8
17634	8
17635	7
17636	8
17637	8
17638	7
17639	7
17640	6
17641	6
17642	7
17643	7
17644	6
17645	8
17646	7
17647	6
17648	5
17649	7
17650	8
17651	8
17652	9
17653	9
17654	8
17655	10
17656	9
17657	8
17658	7
17659	7
17660	8
17661	8
17662	7
17663	9
17664	8
17665	7
17666	6
17667	7
17668	7
17669	8
17670	8
17671	7
17672	9
17673	8
17674	7
17675	6
17676	6
17677	7
17678	7
17679	6
17680	8
17681	7
17682	6
17683	5
17684	6
17685	6
17686	7
17687	9
17688	8
17689	7
17690	6
17691	6
17692	5
17693	5
17694	6
17695	8
17696	7
17697	6
17698	5
17699	5
17700	4
17701	5
17702	5
17703	6
17704	6
17705	7
17706	9
17707	10
17708	10
17709	9
17710	9
17711	8
17712	9
17713	9
17714	8
17715	8
17716	7
17717	8
17718	8
17719	7
17720	7
17721	6
17722	6
17723	7
17724	7
17725	6
17726	8
17727	7
17728	6
17729	5
17730	7
17731	8
17732	8
17733	9
17734	9
17735	8
17736	10
17737	9
17738	8
17739	7
17740	7
17741	8
17742	8
17743	7
17744	9
17745	8
17746	7
17747	6
17748	7
17749	7
17750	8
17751	8
17752	7
17753	9
17754	8
17755	7
17756	6
17757	6
17758	7
17759	7
17760	6
17761	8
17762	7
17763	6
17764	5
17765	6
17766	6
17767	7
17768	9
17769	8
17770	7
17771	6
17772	6
17773	5
17774	5
17775	6
17776	8
17777	7
17778	6
17779	5
17780	5
17781	4
17782	4
17783	5
17784	5
17785	6
17786	8
17787	9
17788	9
17789	8
17790	8
17791	7
17792	8
17793	8
17794	7
17795	7
17796	6
17797	7
17798	7
17799	6
17800	6
17801	5
17802	5
17803	6
17804	6
17805	5
17806	7
17807	6
17808	5
17809	4
17810	6
17811	7
17812	7
17813	8
17814	8
17815	7
17816	9
17817	8
17818	7
17819	6
17820	6
17821	7
17822	7
17823	6
17824	8
17825	7
17826	6
17827	5
17828	6
17829	6
17830	7
17831	7
17832	6
17833	8
17834	7
17835	6
17836	5
17837	5
17838	6
17839	6
17840	5
17841	7
17842	6
17843	5
17844	4
17845	5
17846	5
17847	6
17848	8
17849	7
17850	6
17851	5
17852	5
17853	4
17854	4
17855	5
17856	7
17857	6
17858	5
17859	4
17860	4
17861	3
17862	4
17863	4
17864	5
17865	7
17866	8
17867	8
17868	9
17869	9
17870	8
17871	10
17872	9
17873	8
17874	7
17875	7
17876	8
17877	8
17878	7
17879	9
17880	8
17881	7
17882	6
17883	7
17884	7
17885	8
17886	10
17887	9
17888	8
17889	7
17890	7
17891	6
17892	6
17893	7
17894	9
17895	8
17896	7
17897	6
17898	6
17899	5
17900	6
17901	6
17902	7
17903	9
17904	8
17905	7
17906	6
17907	6
17908	5
17909	5
17910	6
17911	8
17912	7
17913	6
17914	5
17915	5
17916	4
17917	4
17918	5
17919	5
17920	6
17921	8
17922	7
17923	6
17924	5
17925	5
17926	4
17927	6
17928	7
17929	7
17930	6
17931	6
17932	5
17933	6
17934	6
17935	5
17936	5
17937	4
17938	5
17939	5
17940	4
17941	4
17942	3
17943	3
17944	4
17945	6
17946	7
17947	7
17948	8
17949	8
17950	7
17951	9
17952	8
17953	7
17954	6
17955	6
17956	7
17957	7
17958	6
17959	8
17960	7
17961	6
17962	5
17963	6
17964	6
17965	7
17966	9
17967	8
17968	7
17969	6
17970	6
17971	5
17972	5
17973	6
17974	8
17975	7
17976	6
17977	5
17978	5
17979	4
17980	5
17981	5
17982	6
17983	8
17984	7
17985	6
17986	5
17987	5
17988	4
17989	4
17990	5
17991	7
17992	6
17993	5
17994	4
17995	4
17996	3
17997	3
17998	4
17999	4
18000	5
18001	7
18002	6
18003	5
18004	4
18005	4
18006	3
18007	5
18008	6
18009	6
18010	5
18011	5
18012	4
18013	5
18014	5
18015	4
18016	4
18017	3
18018	4
18019	4
18020	3
18021	3
18022	2
18023	3
18024	3
18025	4
18026	4
18027	5
18028	7
18029	8
18030	8
18031	9
18032	9
18033	10
18034	12
18035	11
18036	10
18037	9
18038	9
18039	8
18040	10
18041	11
18042	11
18043	10
18044	10
18045	9
18046	10
18047	10
18048	9
18049	9
18050	8
18051	9
18052	9
18053	8
18054	8
18055	7
18056	7
18057	8
18058	8
18059	9
18060	11
18061	10
18062	9
18063	8
18064	8
18065	7
18066	9
18067	10
18068	10
18069	9
18070	9
18071	8
18072	9
18073	9
18074	8
18075	8
18076	7
18077	8
18078	8
18079	7
18080	7
18081	6
18082	7
18083	7
18084	8
18085	10
18086	11
18087	11
18088	10
18089	10
18090	9
18091	10
18092	10
18093	9
18094	9
18095	8
18096	9
18097	9
18098	8
18099	8
18100	7
18101	7
18102	8
18103	8
18104	7
18105	9
18106	8
18107	7
18108	6
18109	6
18110	7
18111	9
18112	10
18113	10
18114	9
18115	9
18116	8
18117	9
18118	9
18119	8
18120	8
18121	7
18122	8
18123	8
18124	7
18125	7
18126	6
18127	6
18128	7
18129	7
18130	6
18131	8
18132	7
18133	6
18134	5
18135	6
18136	6
18137	7
18138	9
18139	10
18140	10
18141	9
18142	9
18143	8
18144	9
18145	9
18146	8
18147	8
18148	7
18149	8
18150	8
18151	7
18152	7
18153	6
18154	6
18155	7
18156	7
18157	6
18158	8
18159	7
18160	6
18161	5
18162	5
18163	6
18164	8
18165	9
18166	9
18167	8
18168	8
18169	7
18170	8
18171	8
18172	7
18173	7
18174	6
18175	7
18176	7
18177	6
18178	6
18179	5
18180	5
18181	6
18182	6
18183	5
18184	7
18185	6
18186	5
18187	4
18188	4
18189	5
18190	5
18191	6
18192	8
18193	9
18194	9
18195	8
18196	8
18197	7
18198	8
18199	8
18200	7
18201	7
18202	6
18203	7
18204	7
18205	6
18206	6
18207	5
18208	5
18209	6
18210	6
18211	5
18212	7
18213	6
18214	5
18215	4
18216	6
18217	7
18218	7
18219	8
18220	8
18221	7
18222	9
18223	8
18224	7
18225	6
18226	6
18227	7
18228	7
18229	6
18230	8
18231	7
18232	6
18233	5
18234	6
18235	6
18236	7
18237	7
18238	6
18239	8
18240	7
18241	6
18242	5
18243	5
18244	6
18245	6
18246	5
18247	7
18248	6
18249	5
18250	4
18251	5
18252	5
18253	6
18254	8
18255	7
18256	6
18257	5
18258	5
18259	4
18260	4
18261	5
18262	7
18263	6
18264	5
18265	4
18266	4
18267	3
18268	5
18269	6
18270	6
18271	7
18272	7
18273	8
18274	10
18275	11
18276	11
18277	10
18278	10
18279	9
18280	10
18281	10
18282	9
18283	9
18284	8
18285	9
18286	9
18287	8
18288	8
18289	7
18290	7
18291	8
18292	8
18293	7
18294	9
18295	8
18296	7
18297	6
18298	8
18299	9
18300	9
18301	10
18302	10
18303	9
18304	11
18305	10
18306	9
18307	8
18308	8
18309	9
18310	9
18311	8
18312	10
18313	9
18314	8
18315	7
18316	8
18317	8
18318	9
18319	9
18320	8
18321	10
18322	9
18323	8
18324	7
18325	7
18326	8
18327	8
18328	7
18329	9
18330	8
18331	7
18332	6
18333	7
18334	7
18335	8
18336	10
18337	9
18338	8
18339	7
18340	7
18341	6
18342	6
18343	7
18344	9
18345	8
18346	7
18347	6
18348	6
18349	5
18350	5
18351	6
18352	6
18353	7
18354	9
18355	10
18356	10
18357	9
18358	9
18359	8
18360	9
18361	9
18362	8
18363	8
18364	7
18365	8
18366	8
18367	7
18368	7
18369	6
18370	6
18371	7
18372	7
18373	6
18374	8
18375	7
18376	6
18377	5
18378	7
18379	8
18380	8
18381	9
18382	9
18383	8
18384	10
18385	9
18386	8
18387	7
18388	7
18389	8
18390	8
18391	7
18392	9
18393	8
18394	7
18395	6
18396	7
18397	7
18398	8
18399	8
18400	7
18401	9
18402	8
18403	7
18404	6
18405	6
18406	7
18407	7
18408	6
18409	8
18410	7
18411	6
18412	5
18413	6
18414	6
18415	7
18416	9
18417	8
18418	7
18419	6
18420	6
18421	5
18422	5
18423	6
18424	8
18425	7
18426	6
18427	5
18428	5
18429	4
18430	5
18431	5
18432	6
18433	6
18434	7
18435	9
18436	10
18437	10
18438	9
18439	9
18440	8
18441	9
18442	9
18443	8
18444	8
18445	7
18446	8
18447	8
18448	7
18449	7
18450	6
18451	6
18452	7
18453	7
18454	6
18455	8
18456	7
18457	6
18458	5
18459	7
18460	8
18461	8
18462	9
18463	9
18464	8
18465	10
18466	9
18467	8
18468	7
18469	7
18470	8
18471	8
18472	7
18473	9
18474	8
18475	7
18476	6
18477	7
18478	7
18479	8
18480	8
18481	7
18482	9
18483	8
18484	7
18485	6
18486	6
18487	7
18488	7
18489	6
18490	8
18491	7
18492	6
18493	5
18494	6
18495	6
18496	7
18497	9
18498	8
18499	7
18500	6
18501	6
18502	5
18503	5
18504	6
18505	8
18506	7
18507	6
18508	5
18509	5
18510	4
18511	4
18512	5
18513	5
18514	6
18515	8
18516	9
18517	9
18518	8
18519	8
18520	7
18521	8
18522	8
18523	7
18524	7
18525	6
18526	7
18527	7
18528	6
18529	6
18530	5
18531	5
18532	6
18533	6
18534	5
18535	7
18536	6
18537	5
18538	4
18539	6
18540	7
18541	7
18542	8
18543	8
18544	7
18545	9
18546	8
18547	7
18548	6
18549	6
18550	7
18551	7
18552	6
18553	8
18554	7
18555	6
18556	5
18557	6
18558	6
18559	7
18560	7
18561	6
18562	8
18563	7
18564	6
18565	5
18566	5
18567	6
18568	6
18569	5
18570	7
18571	6
18572	5
18573	4
18574	5
18575	5
18576	6
18577	8
18578	7
18579	6
18580	5
18581	5
18582	4
18583	4
18584	5
18585	7
18586	6
18587	5
18588	4
18589	4
18590	3
18591	4
18592	4
18593	5
18594	7
18595	8
18596	8
18597	9
18598	9
18599	8
18600	10
18601	9
18602	8
18603	7
18604	7
18605	8
18606	8
18607	7
18608	9
18609	8
18610	7
18611	6
18612	7
18613	7
18614	8
18615	10
18616	9
18617	8
18618	7
18619	7
18620	6
18621	6
18622	7
18623	9
18624	8
18625	7
18626	6
18627	6
18628	5
18629	6
18630	6
18631	7
18632	9
18633	8
18634	7
18635	6
18636	6
18637	5
18638	5
18639	6
18640	8
18641	7
18642	6
18643	5
18644	5
18645	4
18646	4
18647	5
18648	5
18649	6
18650	8
18651	7
18652	6
18653	5
18654	5
18655	4
18656	6
18657	7
18658	7
18659	6
18660	6
18661	5
18662	6
18663	6
18664	5
18665	5
18666	4
18667	5
18668	5
18669	4
18670	4
18671	3
18672	3
18673	4
18674	6
18675	7
18676	7
18677	8
18678	8
18679	7
18680	9
18681	8
18682	7
18683	6
18684	6
18685	7
18686	7
18687	6
18688	8
18689	7
18690	6
18691	5
18692	6
18693	6
18694	7
18695	9
18696	8
18697	7
18698	6
18699	6
18700	5
18701	5
18702	6
18703	8
18704	7
18705	6
18706	5
18707	5
18708	4
18709	5
18710	5
18711	6
18712	8
18713	7
18714	6
18715	5
18716	5
18717	4
18718	4
18719	5
18720	7
18721	6
18722	5
18723	4
18724	4
18725	3
18726	3
18727	4
18728	4
18729	5
18730	7
18731	6
18732	5
18733	4
18734	4
18735	3
18736	5
18737	6
18738	6
18739	5
18740	5
18741	4
18742	5
18743	5
18744	4
18745	4
18746	3
18747	4
18748	4
18749	3
18750	3
18751	2
18752	2
18753	3
18754	3
18755	4
18756	6
18757	7
18758	7
18759	8
18760	8
18761	9
18762	11
18763	10
18764	9
18765	8
18766	8
18767	7
18768	9
18769	10
18770	10
18771	9
18772	9
18773	8
18774	9
18775	9
18776	8
18777	8
18778	7
18779	8
18780	8
18781	7
18782	7
18783	6
18784	6
18785	7
18786	7
18787	8
18788	10
18789	9
18790	8
18791	7
18792	7
18793	6
18794	8
18795	9
18796	9
18797	8
18798	8
18799	7
18800	8
18801	8
18802	7
18803	7
18804	6
18805	7
18806	7
18807	6
18808	6
18809	5
18810	6
18811	6
18812	7
18813	9
18814	10
18815	10
18816	9
18817	9
18818	8
18819	9
18820	9
18821	8
18822	8
18823	7
18824	8
18825	8
18826	7
18827	7
18828	6
18829	6
18830	7
18831	7
18832	6
18833	8
18834	7
18835	6
18836	5
18837	5
18838	6
18839	8
18840	9
18841	9
18842	8
18843	8
18844	7
18845	8
18846	8
18847	7
18848	7
18849	6
18850	7
18851	7
18852	6
18853	6
18854	5
18855	5
18856	6
18857	6
18858	5
18859	7
18860	6
18861	5
18862	4
18863	5
18864	5
18865	6
18866	8
18867	9
18868	9
18869	8
18870	8
18871	7
18872	8
18873	8
18874	7
18875	7
18876	6
18877	7
18878	7
18879	6
18880	6
18881	5
18882	5
18883	6
18884	6
18885	5
18886	7
18887	6
18888	5
18889	4
18890	4
18891	5
18892	7
18893	8
18894	8
18895	7
18896	7
18897	6
18898	7
18899	7
18900	6
18901	6
18902	5
18903	6
18904	6
18905	5
18906	5
18907	4
18908	4
18909	5
18910	5
18911	4
18912	6
18913	5
18914	4
18915	3
18916	3
18917	4
18918	4
18919	5
18920	7
18921	8
18922	8
18923	7
18924	7
18925	6
18926	7
18927	7
18928	6
18929	6
18930	5
18931	6
18932	6
18933	5
18934	5
18935	4
18936	4
18937	5
18938	5
18939	4
18940	6
18941	5
18942	4
18943	3
18944	5
18945	6
18946	6
18947	7
18948	7
18949	6
18950	8
18951	7
18952	6
18953	5
18954	5
18955	6
18956	6
18957	5
18958	7
18959	6
18960	5
18961	4
18962	5
18963	5
18964	6
18965	6
18966	5
18967	7
18968	6
18969	5
18970	4
18971	4
18972	5
18973	5
18974	4
18975	6
18976	5
18977	4
18978	3
18979	4
18980	4
18981	5
18982	7
18983	6
18984	5
18985	4
18986	4
18987	3
18988	3
18989	4
18990	6
18991	5
18992	4
18993	3
18994	3
18995	2
18996	4
18997	5
18998	5
18999	6
19000	6
19001	7
19002	9
19003	10
19004	10
19005	9
19006	9
19007	8
19008	9
19009	9
19010	8
19011	8
19012	7
19013	8
19014	8
19015	7
19016	7
19017	6
19018	6
19019	7
19020	7
19021	6
19022	8
19023	7
19024	6
19025	5
19026	7
19027	8
19028	8
19029	9
19030	9
19031	8
19032	10
19033	9
19034	8
19035	7
19036	7
19037	8
19038	8
19039	7
19040	9
19041	8
19042	7
19043	6
19044	7
19045	7
19046	8
19047	8
19048	7
19049	9
19050	8
19051	7
19052	6
19053	6
19054	7
19055	7
19056	6
19057	8
19058	7
19059	6
19060	5
19061	6
19062	6
19063	7
19064	9
19065	8
19066	7
19067	6
19068	6
19069	5
19070	5
19071	6
19072	8
19073	7
19074	6
19075	5
19076	5
19077	4
19078	4
19079	5
19080	5
19081	6
19082	8
19083	9
19084	9
19085	8
19086	8
19087	7
19088	8
19089	8
19090	7
19091	7
19092	6
19093	7
19094	7
19095	6
19096	6
19097	5
19098	5
19099	6
19100	6
19101	5
19102	7
19103	6
19104	5
19105	4
19106	6
19107	7
19108	7
19109	8
19110	8
19111	7
19112	9
19113	8
19114	7
19115	6
19116	6
19117	7
19118	7
19119	6
19120	8
19121	7
19122	6
19123	5
19124	6
19125	6
19126	7
19127	7
19128	6
19129	8
19130	7
19131	6
19132	5
19133	5
19134	6
19135	6
19136	5
19137	7
19138	6
19139	5
19140	4
19141	5
19142	5
19143	6
19144	8
19145	7
19146	6
19147	5
19148	5
19149	4
19150	4
19151	5
19152	7
19153	6
19154	5
19155	4
19156	4
19157	3
19158	4
19159	4
19160	5
19161	5
19162	6
19163	8
19164	9
19165	9
19166	8
19167	8
19168	7
19169	8
19170	8
19171	7
19172	7
19173	6
19174	7
19175	7
19176	6
19177	6
19178	5
19179	5
19180	6
19181	6
19182	5
19183	7
19184	6
19185	5
19186	4
19187	6
19188	7
19189	7
19190	8
19191	8
19192	7
19193	9
19194	8
19195	7
19196	6
19197	6
19198	7
19199	7
19200	6
19201	8
19202	7
19203	6
19204	5
19205	6
19206	6
19207	7
19208	7
19209	6
19210	8
19211	7
19212	6
19213	5
19214	5
19215	6
19216	6
19217	5
19218	7
19219	6
19220	5
19221	4
19222	5
19223	5
19224	6
19225	8
19226	7
19227	6
19228	5
19229	5
19230	4
19231	4
19232	5
19233	7
19234	6
19235	5
19236	4
19237	4
19238	3
19239	3
19240	4
19241	4
19242	5
19243	7
19244	8
19245	8
19246	7
19247	7
19248	6
19249	7
19250	7
19251	6
19252	6
19253	5
19254	6
19255	6
19256	5
19257	5
19258	4
19259	4
19260	5
19261	5
19262	4
19263	6
19264	5
19265	4
19266	3
19267	5
19268	6
19269	6
19270	7
19271	7
19272	6
19273	8
19274	7
19275	6
19276	5
19277	5
19278	6
19279	6
19280	5
19281	7
19282	6
19283	5
19284	4
19285	5
19286	5
19287	6
19288	6
19289	5
19290	7
19291	6
19292	5
19293	4
19294	4
19295	5
19296	5
19297	4
19298	6
19299	5
19300	4
19301	3
19302	4
19303	4
19304	5
19305	7
19306	6
19307	5
19308	4
19309	4
19310	3
19311	3
19312	4
19313	6
19314	5
19315	4
19316	3
19317	3
19318	2
19319	3
19320	3
19321	4
19322	6
19323	7
19324	7
19325	8
19326	8
19327	7
19328	9
19329	8
19330	7
19331	6
19332	6
19333	7
19334	7
19335	6
19336	8
19337	7
19338	6
19339	5
19340	6
19341	6
19342	7
19343	9
19344	8
19345	7
19346	6
19347	6
19348	5
19349	5
19350	6
19351	8
19352	7
19353	6
19354	5
19355	5
19356	4
19357	5
19358	5
19359	6
19360	8
19361	7
19362	6
19363	5
19364	5
19365	4
19366	4
19367	5
19368	7
19369	6
19370	5
19371	4
19372	4
19373	3
19374	3
19375	4
19376	4
19377	5
19378	7
19379	6
19380	5
19381	4
19382	4
19383	3
19384	5
19385	6
19386	6
19387	5
19388	5
19389	4
19390	5
19391	5
19392	4
19393	4
19394	3
19395	4
19396	4
19397	3
19398	3
19399	2
19400	2
19401	3
19402	5
19403	6
19404	6
19405	7
19406	7
19407	6
19408	8
19409	7
19410	6
19411	5
19412	5
19413	6
19414	6
19415	5
19416	7
19417	6
19418	5
19419	4
19420	5
19421	5
19422	6
19423	8
19424	7
19425	6
19426	5
19427	5
19428	4
19429	4
19430	5
19431	7
19432	6
19433	5
19434	4
19435	4
19436	3
19437	4
19438	4
19439	5
19440	7
19441	6
19442	5
19443	4
19444	4
19445	3
19446	3
19447	4
19448	6
19449	5
19450	4
19451	3
19452	3
19453	2
19454	2
19455	3
19456	3
19457	4
19458	6
19459	5
19460	4
19461	3
19462	3
19463	2
19464	4
19465	5
19466	5
19467	4
19468	4
19469	3
19470	4
19471	4
19472	3
19473	3
19474	2
19475	3
19476	3
19477	2
19478	2
19479	1
19480	2
19481	2
19482	3
19483	5
19484	6
19485	6
19486	7
19487	7
19488	8
19489	10
19490	11
19491	11
19492	10
19493	10
19494	9
19495	10
19496	10
19497	9
19498	9
19499	8
19500	9
19501	9
19502	8
19503	8
19504	7
19505	7
19506	8
19507	8
19508	7
19509	9
19510	8
19511	7
19512	6
19513	8
19514	9
19515	9
19516	10
19517	10
19518	9
19519	11
19520	10
19521	9
19522	8
19523	8
19524	9
19525	9
19526	8
19527	10
19528	9
19529	8
19530	7
19531	8
19532	8
19533	9
19534	9
19535	8
19536	10
19537	9
19538	8
19539	7
19540	7
19541	8
19542	8
19543	7
19544	9
19545	8
19546	7
19547	6
19548	7
19549	7
19550	8
19551	10
19552	9
19553	8
19554	7
19555	7
19556	6
19557	6
19558	7
19559	9
19560	8
19561	7
19562	6
19563	6
19564	5
19565	5
19566	6
19567	6
19568	7
19569	9
19570	10
19571	10
19572	9
19573	9
19574	8
19575	9
19576	9
19577	8
19578	8
19579	7
19580	8
19581	8
19582	7
19583	7
19584	6
19585	6
19586	7
19587	7
19588	6
19589	8
19590	7
19591	6
19592	5
19593	7
19594	8
19595	8
19596	9
19597	9
19598	8
19599	10
19600	9
19601	8
19602	7
19603	7
19604	8
19605	8
19606	7
19607	9
19608	8
19609	7
19610	6
19611	7
19612	7
19613	8
19614	8
19615	7
19616	9
19617	8
19618	7
19619	6
19620	6
19621	7
19622	7
19623	6
19624	8
19625	7
19626	6
19627	5
19628	6
19629	6
19630	7
19631	9
19632	8
19633	7
19634	6
19635	6
19636	5
19637	5
19638	6
19639	8
19640	7
19641	6
19642	5
19643	5
19644	4
19645	5
19646	5
19647	6
19648	8
19649	9
19650	9
19651	10
19652	10
19653	9
19654	11
19655	10
19656	9
19657	8
19658	8
19659	9
19660	9
19661	8
19662	10
19663	9
19664	8
19665	7
19666	8
19667	8
19668	9
19669	11
19670	10
19671	9
19672	8
19673	8
19674	7
19675	7
19676	8
19677	10
19678	9
19679	8
19680	7
19681	7
19682	6
19683	7
19684	7
19685	8
19686	10
19687	9
19688	8
19689	7
19690	7
19691	6
19692	6
19693	7
19694	9
19695	8
19696	7
19697	6
19698	6
19699	5
19700	5
19701	6
19702	6
19703	7
19704	9
19705	8
19706	7
19707	6
19708	6
19709	5
19710	7
19711	8
19712	8
19713	7
19714	7
19715	6
19716	7
19717	7
19718	6
19719	6
19720	5
19721	6
19722	6
19723	5
19724	5
19725	4
19726	4
19727	5
19728	7
19729	8
19730	8
19731	9
19732	9
19733	8
19734	10
19735	9
19736	8
19737	7
19738	7
19739	8
19740	8
19741	7
19742	9
19743	8
19744	7
19745	6
19746	7
19747	7
19748	8
19749	10
19750	9
19751	8
19752	7
19753	7
19754	6
19755	6
19756	7
19757	9
19758	8
19759	7
19760	6
19761	6
19762	5
19763	6
19764	6
19765	7
19766	9
19767	8
19768	7
19769	6
19770	6
19771	5
19772	5
19773	6
19774	8
19775	7
19776	6
19777	5
19778	5
19779	4
19780	4
19781	5
19782	5
19783	6
19784	8
19785	7
19786	6
19787	5
19788	5
19789	4
19790	6
19791	7
19792	7
19793	6
19794	6
19795	5
19796	6
19797	6
19798	5
19799	5
19800	4
19801	5
19802	5
19803	4
19804	4
19805	3
19806	4
19807	4
19808	5
19809	7
19810	8
19811	8
19812	9
19813	9
19814	8
19815	10
19816	9
19817	8
19818	7
19819	7
19820	8
19821	8
19822	7
19823	9
19824	8
19825	7
19826	6
19827	7
19828	7
19829	8
19830	10
19831	9
19832	8
19833	7
19834	7
19835	6
19836	6
19837	7
19838	9
19839	8
19840	7
19841	6
19842	6
19843	5
19844	6
19845	6
19846	7
19847	9
19848	8
19849	7
19850	6
19851	6
19852	5
19853	5
19854	6
19855	8
19856	7
19857	6
19858	5
19859	5
19860	4
19861	4
19862	5
19863	5
19864	6
19865	8
19866	7
19867	6
19868	5
19869	5
19870	4
19871	6
19872	7
19873	7
19874	6
19875	6
19876	5
19877	6
19878	6
19879	5
19880	5
19881	4
19882	5
19883	5
19884	4
19885	4
19886	3
19887	3
19888	4
19889	6
19890	7
19891	7
19892	8
19893	8
19894	7
19895	9
19896	8
19897	7
19898	6
19899	6
19900	7
19901	7
19902	6
19903	8
19904	7
19905	6
19906	5
19907	6
19908	6
19909	7
19910	9
19911	8
19912	7
19913	6
19914	6
19915	5
19916	5
19917	6
19918	8
19919	7
19920	6
19921	5
19922	5
19923	4
19924	5
19925	5
19926	6
19927	8
19928	7
19929	6
19930	5
19931	5
19932	4
19933	4
19934	5
19935	7
19936	6
19937	5
19938	4
19939	4
19940	3
19941	3
19942	4
19943	4
19944	5
19945	7
19946	6
19947	5
19948	4
19949	4
19950	3
19951	5
19952	6
19953	6
19954	5
19955	5
19956	4
19957	5
19958	5
19959	4
19960	4
19961	3
19962	4
19963	4
19964	3
19965	3
19966	2
19967	2
19968	3
19969	3
19970	4
19971	6
19972	7
19973	7
19974	8
19975	8
19976	7
19977	9
19978	8
19979	7
19980	6
19981	6
19982	7
19983	7
19984	6
19985	8
19986	7
19987	6
19988	5
19989	6
19990	6
19991	7
19992	9
19993	8
19994	7
19995	6
19996	6
19997	5
19998	5
19999	6
20000	8
20001	7
20002	6
20003	5
20004	5
20005	4
20006	5
20007	5
20008	6
20009	8
20010	7
20011	6
20012	5
20013	5
20014	4
20015	4
20016	5
20017	7
20018	6
20019	5
20020	4
20021	4
20022	3
20023	3
20024	4
20025	4
20026	5
20027	7
20028	6
20029	5
20030	4
20031	4
20032	3
20033	5
20034	6
20035	6
20036	5
20037	5
20038	4
20039	5
20040	5
20041	4
20042	4
20043	3
20044	4
20045	4
20046	3
20047	3
20048	2
20049	4
20050	5
20051	5
20052	6
20053	6
20054	7
20055	9
20056	8
20057	7
20058	6
20059	6
20060	5
20061	7
20062	8
20063	8
20064	7
20065	7
20066	6
20067	7
20068	7
20069	6
20070	6
20071	5
20072	6
20073	6
20074	5
20075	5
20076	4
20077	4
20078	5
20079	5
20080	6
20081	8
20082	7
20083	6
20084	5
20085	5
20086	4
20087	6
20088	7
20089	7
20090	6
20091	6
20092	5
20093	6
20094	6
20095	5
20096	5
20097	4
20098	5
20099	5
20100	4
20101	4
20102	3
20103	4
20104	4
20105	5
20106	5
20107	6
20108	8
20109	7
20110	6
20111	5
20112	5
20113	4
20114	6
20115	7
20116	7
20117	6
20118	6
20119	5
20120	6
20121	6
20122	5
20123	5
20124	4
20125	5
20126	5
20127	4
20128	4
20129	3
20130	3
20131	4
20132	4
20133	5
20134	7
20135	6
20136	5
20137	4
20138	4
20139	3
20140	5
20141	6
20142	6
20143	5
20144	5
20145	4
20146	5
20147	5
20148	4
20149	4
20150	3
20151	4
20152	4
20153	3
20154	3
20155	2
20156	3
20157	3
20158	4
20159	6
20160	7
20161	7
20162	6
20163	6
20164	5
20165	6
20166	6
20167	5
20168	5
20169	4
20170	5
20171	5
20172	4
20173	4
20174	3
20175	3
20176	4
20177	4
20178	3
20179	5
20180	4
20181	3
20182	2
20183	2
20184	3
20185	5
20186	6
20187	6
20188	5
20189	5
20190	4
20191	5
20192	5
20193	4
20194	4
20195	3
20196	4
20197	4
20198	3
20199	3
20200	2
20201	2
20202	3
20203	3
20204	2
20205	4
20206	3
20207	2
20208	1
20209	1
20210	2
20211	4
20212	5
20213	5
20214	6
20215	6
20216	7
20217	9
20218	10
20219	10
20220	9
20221	9
20222	8
20223	9
20224	9
20225	8
20226	8
20227	7
20228	8
20229	8
20230	7
20231	7
20232	6
20233	6
20234	7
20235	7
20236	6
20237	8
20238	7
20239	6
20240	5
20241	7
20242	8
20243	8
20244	9
20245	9
20246	8
20247	10
20248	9
20249	8
20250	7
20251	7
20252	8
20253	8
20254	7
20255	9
20256	8
20257	7
20258	6
20259	7
20260	7
20261	8
20262	8
20263	7
20264	9
20265	8
20266	7
20267	6
20268	6
20269	7
20270	7
20271	6
20272	8
20273	7
20274	6
20275	5
20276	6
20277	6
20278	7
20279	9
20280	8
20281	7
20282	6
20283	6
20284	5
20285	5
20286	6
20287	8
20288	7
20289	6
20290	5
20291	5
20292	4
20293	4
20294	5
20295	5
20296	6
20297	8
20298	9
20299	9
20300	8
20301	8
20302	7
20303	8
20304	8
20305	7
20306	7
20307	6
20308	7
20309	7
20310	6
20311	6
20312	5
20313	5
20314	6
20315	6
20316	5
20317	7
20318	6
20319	5
20320	4
20321	6
20322	7
20323	7
20324	8
20325	8
20326	7
20327	9
20328	8
20329	7
20330	6
20331	6
20332	7
20333	7
20334	6
20335	8
20336	7
20337	6
20338	5
20339	6
20340	6
20341	7
20342	7
20343	6
20344	8
20345	7
20346	6
20347	5
20348	5
20349	6
20350	6
20351	5
20352	7
20353	6
20354	5
20355	4
20356	5
20357	5
20358	6
20359	8
20360	7
20361	6
20362	5
20363	5
20364	4
20365	4
20366	5
20367	7
20368	6
20369	5
20370	4
20371	4
20372	3
20373	4
20374	4
20375	5
20376	7
20377	8
20378	8
20379	9
20380	9
20381	8
20382	10
20383	9
20384	8
20385	7
20386	7
20387	8
20388	8
20389	7
20390	9
20391	8
20392	7
20393	6
20394	7
20395	7
20396	8
20397	10
20398	9
20399	8
20400	7
20401	7
20402	6
20403	6
20404	7
20405	9
20406	8
20407	7
20408	6
20409	6
20410	5
20411	6
20412	6
20413	7
20414	9
20415	8
20416	7
20417	6
20418	6
20419	5
20420	5
20421	6
20422	8
20423	7
20424	6
20425	5
20426	5
20427	4
20428	4
20429	5
20430	5
20431	6
20432	8
20433	7
20434	6
20435	5
20436	5
20437	4
20438	6
20439	7
20440	7
20441	6
20442	6
20443	5
20444	6
20445	6
20446	5
20447	5
20448	4
20449	5
20450	5
20451	4
20452	4
20453	3
20454	3
20455	4
20456	6
20457	7
20458	7
20459	8
20460	8
20461	7
20462	9
20463	8
20464	7
20465	6
20466	6
20467	7
20468	7
20469	6
20470	8
20471	7
20472	6
20473	5
20474	6
20475	6
20476	7
20477	9
20478	8
20479	7
20480	6
20481	6
20482	5
20483	5
20484	6
20485	8
20486	7
20487	6
20488	5
20489	5
20490	4
20491	5
20492	5
20493	6
20494	8
20495	7
20496	6
20497	5
20498	5
20499	4
20500	4
20501	5
20502	7
20503	6
20504	5
20505	4
20506	4
20507	3
20508	3
20509	4
20510	4
20511	5
20512	7
20513	6
20514	5
20515	4
20516	4
20517	3
20518	5
20519	6
20520	6
20521	5
20522	5
20523	4
20524	5
20525	5
20526	4
20527	4
20528	3
20529	4
20530	4
20531	3
20532	3
20533	2
20534	3
20535	3
20536	4
20537	6
20538	7
20539	7
20540	8
20541	8
20542	7
20543	9
20544	8
20545	7
20546	6
20547	6
20548	7
20549	7
20550	6
20551	8
20552	7
20553	6
20554	5
20555	6
20556	6
20557	7
20558	9
20559	8
20560	7
20561	6
20562	6
20563	5
20564	5
20565	6
20566	8
20567	7
20568	6
20569	5
20570	5
20571	4
20572	5
20573	5
20574	6
20575	8
20576	7
20577	6
20578	5
20579	5
20580	4
20581	4
20582	5
20583	7
20584	6
20585	5
20586	4
20587	4
20588	3
20589	3
20590	4
20591	4
20592	5
20593	7
20594	6
20595	5
20596	4
20597	4
20598	3
20599	5
20600	6
20601	6
20602	5
20603	5
20604	4
20605	5
20606	5
20607	4
20608	4
20609	3
20610	4
20611	4
20612	3
20613	3
20614	2
20615	2
20616	3
20617	5
20618	6
20619	6
20620	7
20621	7
20622	6
20623	8
20624	7
20625	6
20626	5
20627	5
20628	6
20629	6
20630	5
20631	7
20632	6
20633	5
20634	4
20635	5
20636	5
20637	6
20638	8
20639	7
20640	6
20641	5
20642	5
20643	4
20644	4
20645	5
20646	7
20647	6
20648	5
20649	4
20650	4
20651	3
20652	4
20653	4
20654	5
20655	7
20656	6
20657	5
20658	4
20659	4
20660	3
20661	3
20662	4
20663	6
20664	5
20665	4
20666	3
20667	3
20668	2
20669	2
20670	3
20671	3
20672	4
20673	6
20674	5
20675	4
20676	3
20677	3
20678	2
20679	4
20680	5
20681	5
20682	4
20683	4
20684	3
20685	4
20686	4
20687	3
20688	3
20689	2
20690	3
20691	3
20692	2
20693	2
20694	1
20695	1
20696	2
20697	2
20698	3
20699	5
20700	6
20701	6
20702	7
20703	7
20704	6
20705	8
20706	7
20707	6
20708	5
20709	5
20710	6
20711	6
20712	5
20713	7
20714	6
20715	5
20716	4
20717	5
20718	5
20719	6
20720	8
20721	7
20722	6
20723	5
20724	5
20725	4
20726	4
20727	5
20728	7
20729	6
20730	5
20731	4
20732	4
20733	3
20734	4
20735	4
20736	5
20737	7
20738	6
20739	5
20740	4
20741	4
20742	3
20743	3
20744	4
20745	6
20746	5
20747	4
20748	3
20749	3
20750	2
20751	2
20752	3
20753	3
20754	4
20755	6
20756	5
20757	4
20758	3
20759	3
20760	2
20761	4
20762	5
20763	5
20764	4
20765	4
20766	3
20767	4
20768	4
20769	3
20770	3
20771	2
20772	3
20773	3
20774	2
20775	2
20776	1
20777	3
20778	4
20779	4
20780	5
20781	5
20782	6
20783	8
20784	7
20785	6
20786	5
20787	5
20788	4
20789	6
20790	7
20791	7
20792	6
20793	6
20794	5
20795	6
20796	6
20797	5
20798	5
20799	4
20800	5
20801	5
20802	4
20803	4
20804	3
20805	3
20806	4
20807	4
20808	5
20809	7
20810	6
20811	5
20812	4
20813	4
20814	3
20815	5
20816	6
20817	6
20818	5
20819	5
20820	4
20821	5
20822	5
20823	4
20824	4
20825	3
20826	4
20827	4
20828	3
20829	3
20830	2
20831	3
20832	3
20833	4
20834	4
20835	5
20836	7
20837	6
20838	5
20839	4
20840	4
20841	3
20842	5
20843	6
20844	6
20845	5
20846	5
20847	4
20848	5
20849	5
20850	4
20851	4
20852	3
20853	4
20854	4
20855	3
20856	3
20857	2
20858	2
20859	3
20860	3
20861	4
20862	6
20863	5
20864	4
20865	3
20866	3
20867	2
20868	4
20869	5
20870	5
20871	4
20872	4
20873	3
20874	4
20875	4
20876	3
20877	3
20878	2
20879	3
20880	3
20881	2
20882	2
20883	1
20884	2
20885	2
20886	3
20887	5
20888	6
20889	6
20890	5
20891	5
20892	4
20893	5
20894	5
20895	4
20896	4
20897	3
20898	4
20899	4
20900	3
20901	3
20902	2
20903	2
20904	3
20905	3
20906	2
20907	4
20908	3
20909	2
20910	1
20911	1
20912	2
20913	4
20914	5
20915	5
20916	4
20917	4
20918	3
20919	4
20920	4
20921	3
20922	3
20923	2
20924	3
20925	3
20926	2
20927	2
20928	1
20929	1
20930	2
20931	2
20932	1
20933	3
20934	2
20935	1
20936	1
20937	3
20938	3
20939	4
20940	6
20941	7
20942	7
20943	8
20944	8
20945	9
20946	11
20947	12
20948	12
20949	13
20950	13
20951	14
20952	13
20953	12
20954	14
20955	15
20956	14
20957	13
20958	14
20959	13
20960	12
20961	13
20962	12
20963	11
20964	11
20965	12
20966	12
20967	13
20968	12
20969	11
20970	13
20971	14
20972	13
20973	12
20974	13
20975	12
20976	11
20977	12
20978	11
20979	10
20980	11
20981	11
20982	12
20983	14
20984	15
20985	14
20986	13
20987	14
20988	13
20989	12
20990	13
20991	12
20992	11
20993	11
20994	12
20995	11
20996	10
20997	10
20998	11
20999	13
21000	14
21001	13
21002	12
21003	13
21004	12
21005	11
21006	12
21007	11
21008	10
21009	10
21010	11
21011	10
21012	9
21013	10
21014	10
21015	11
21016	13
21017	14
21018	13
21019	12
21020	13
21021	12
21022	11
21023	12
21024	11
21025	10
21026	10
21027	11
21028	10
21029	9
21030	9
21031	10
21032	12
21033	13
21034	12
21035	11
21036	12
21037	11
21038	10
21039	11
21040	10
21041	9
21042	9
21043	10
21044	9
21045	8
21046	8
21047	9
21048	9
21049	10
21050	12
21051	13
21052	12
21053	11
21054	12
21055	11
21056	10
21057	11
21058	10
21059	9
21060	9
21061	10
21062	9
21063	8
21064	10
21065	11
21066	11
21067	12
21068	11
21069	10
21070	10
21071	11
21072	10
21073	9
21074	10
21075	10
21076	11
21077	10
21078	9
21079	9
21080	10
21081	9
21082	8
21083	9
21084	9
21085	10
21086	9
21087	8
21088	8
21089	9
21090	8
21091	7
21092	9
21093	10
21094	10
21095	11
21096	11
21097	12
21098	14
21099	15
21100	14
21101	13
21102	14
21103	13
21104	12
21105	13
21106	12
21107	11
21108	11
21109	12
21110	11
21111	10
21112	12
21113	13
21114	13
21115	14
21116	13
21117	12
21118	12
21119	13
21120	12
21121	11
21122	12
21123	12
21124	13
21125	12
21126	11
21127	11
21128	12
21129	11
21130	10
21131	11
21132	11
21133	12
21134	11
21135	10
21136	10
21137	11
21138	10
21139	9
21140	9
21141	10
21142	10
21143	11
21144	13
21145	14
21146	13
21147	12
21148	13
21149	12
21150	11
21151	12
21152	11
21153	10
21154	10
21155	11
21156	10
21157	9
21158	11
21159	12
21160	12
21161	13
21162	12
21163	11
21164	11
21165	12
21166	11
21167	10
21168	11
21169	11
21170	12
21171	11
21172	10
21173	10
21174	11
21175	10
21176	9
21177	10
21178	10
21179	11
21180	10
21181	9
21182	9
21183	10
21184	9
21185	8
21186	9
21187	9
21188	10
21189	10
21190	11
21191	13
21192	14
21193	13
21194	12
21195	13
21196	12
21197	11
21198	12
21199	11
21200	10
21201	10
21202	11
21203	10
21204	9
21205	11
21206	12
21207	12
21208	13
21209	12
21210	11
21211	11
21212	12
21213	11
21214	10
21215	11
21216	11
21217	12
21218	11
21219	10
21220	10
21221	11
21222	10
21223	9
21224	10
21225	10
21226	11
21227	10
21228	9
21229	9
21230	10
21231	9
21232	8
21233	8
21234	9
21235	9
21236	10
21237	12
21238	13
21239	12
21240	11
21241	12
21242	11
21243	10
21244	11
21245	10
21246	9
21247	9
21248	10
21249	9
21250	8
21251	10
21252	11
21253	11
21254	12
21255	11
21256	10
21257	10
21258	11
21259	10
21260	9
21261	10
21262	10
21263	11
21264	10
21265	9
21266	9
21267	10
21268	9
21269	8
21270	9
21271	9
21272	10
21273	9
21274	8
21275	8
21276	9
21277	8
21278	7
21279	8
21280	8
21281	9
21282	11
21283	12
21284	12
21285	13
21286	12
21287	11
21288	11
21289	12
21290	11
21291	10
21292	11
21293	11
21294	12
21295	11
21296	10
21297	10
21298	11
21299	10
21300	9
21301	10
21302	10
21303	11
21304	10
21305	9
21306	9
21307	10
21308	9
21309	8
21310	8
21311	9
21312	9
21313	10
21314	9
21315	8
21316	10
21317	11
21318	10
21319	9
21320	10
21321	9
21322	8
21323	9
21324	8
21325	7
21326	7
21327	8
21328	10
21329	11
21330	11
21331	12
21332	11
21333	10
21334	10
21335	11
21336	10
21337	9
21338	10
21339	10
21340	11
21341	10
21342	9
21343	9
21344	10
21345	9
21346	8
21347	9
21348	9
21349	10
21350	9
21351	8
21352	8
21353	9
21354	8
21355	7
21356	7
21357	8
21358	8
21359	9
21360	8
21361	7
21362	9
21363	10
21364	9
21365	8
21366	9
21367	8
21368	7
21369	8
21370	7
21371	6
21372	6
21373	7
21374	7
21375	8
21376	10
21377	11
21378	11
21379	12
21380	12
21381	13
21382	12
21383	11
21384	13
21385	14
21386	13
21387	12
21388	13
21389	12
21390	11
21391	12
21392	11
21393	10
21394	10
21395	11
21396	11
21397	12
21398	11
21399	10
21400	12
21401	13
21402	12
21403	11
21404	12
21405	11
21406	10
21407	11
21408	10
21409	9
21410	10
21411	10
21412	11
21413	13
21414	14
21415	13
21416	12
21417	13
21418	12
21419	11
21420	12
21421	11
21422	10
21423	10
21424	11
21425	10
21426	9
21427	9
21428	10
21429	12
21430	13
21431	12
21432	11
21433	12
21434	11
21435	10
21436	11
21437	10
21438	9
21439	9
21440	10
21441	9
21442	8
21443	9
21444	9
21445	10
21446	12
21447	13
21448	12
21449	11
21450	12
21451	11
21452	10
21453	11
21454	10
21455	9
21456	9
21457	10
21458	9
21459	8
21460	8
21461	9
21462	11
21463	12
21464	11
21465	10
21466	11
21467	10
21468	9
21469	10
21470	9
21471	8
21472	8
21473	9
21474	8
21475	7
21476	7
21477	8
21478	8
21479	9
21480	11
21481	12
21482	11
21483	10
21484	11
21485	10
21486	9
21487	10
21488	9
21489	8
21490	8
21491	9
21492	8
21493	7
21494	9
21495	10
21496	10
21497	11
21498	10
21499	9
21500	9
21501	10
21502	9
21503	8
21504	9
21505	9
21506	10
21507	9
21508	8
21509	8
21510	9
21511	8
21512	7
21513	8
21514	8
21515	9
21516	8
21517	7
21518	7
21519	8
21520	7
21521	6
21522	8
21523	9
21524	9
21525	10
21526	10
21527	11
21528	13
21529	14
21530	13
21531	12
21532	13
21533	12
21534	11
21535	12
21536	11
21537	10
21538	10
21539	11
21540	10
21541	9
21542	11
21543	12
21544	12
21545	13
21546	12
21547	11
21548	11
21549	12
21550	11
21551	10
21552	11
21553	11
21554	12
21555	11
21556	10
21557	10
21558	11
21559	10
21560	9
21561	10
21562	10
21563	11
21564	10
21565	9
21566	9
21567	10
21568	9
21569	8
21570	8
21571	9
21572	9
21573	10
21574	12
21575	13
21576	12
21577	11
21578	12
21579	11
21580	10
21581	11
21582	10
21583	9
21584	9
21585	10
21586	9
21587	8
21588	10
21589	11
21590	11
21591	12
21592	11
21593	10
21594	10
21595	11
21596	10
21597	9
21598	10
21599	10
21600	11
21601	10
21602	9
21603	9
21604	10
21605	9
21606	8
21607	9
21608	9
21609	10
21610	9
21611	8
21612	8
21613	9
21614	8
21615	7
21616	8
21617	8
21618	9
21619	9
21620	10
21621	12
21622	13
21623	12
21624	11
21625	12
21626	11
21627	10
21628	11
21629	10
21630	9
21631	9
21632	10
21633	9
21634	8
21635	10
21636	11
21637	11
21638	12
21639	11
21640	10
21641	10
21642	11
21643	10
21644	9
21645	10
21646	10
21647	11
21648	10
21649	9
21650	9
21651	10
21652	9
21653	8
21654	9
21655	9
21656	10
21657	9
21658	8
21659	8
21660	9
21661	8
21662	7
21663	7
21664	8
21665	8
21666	9
21667	11
21668	12
21669	11
21670	10
21671	11
21672	10
21673	9
21674	10
21675	9
21676	8
21677	8
21678	9
21679	8
21680	7
21681	9
21682	10
21683	10
21684	11
21685	10
21686	9
21687	9
21688	10
21689	9
21690	8
21691	9
21692	9
21693	10
21694	9
21695	8
21696	8
21697	9
21698	8
21699	7
21700	8
21701	8
21702	9
21703	8
21704	7
21705	7
21706	8
21707	7
21708	6
21709	7
21710	7
21711	8
21712	10
21713	11
21714	11
21715	12
21716	11
21717	10
21718	10
21719	11
21720	10
21721	9
21722	10
21723	10
21724	11
21725	10
21726	9
21727	9
21728	10
21729	9
21730	8
21731	9
21732	9
21733	10
21734	9
21735	8
21736	8
21737	9
21738	8
21739	7
21740	7
21741	8
21742	8
21743	9
21744	8
21745	7
21746	9
21747	10
21748	9
21749	8
21750	9
21751	8
21752	7
21753	8
21754	7
21755	6
21756	6
21757	7
21758	9
21759	10
21760	10
21761	11
21762	10
21763	9
21764	9
21765	10
21766	9
21767	8
21768	9
21769	9
21770	10
21771	9
21772	8
21773	8
21774	9
21775	8
21776	7
21777	8
21778	8
21779	9
21780	8
21781	7
21782	7
21783	8
21784	7
21785	6
21786	6
21787	7
21788	7
21789	8
21790	7
21791	6
21792	8
21793	9
21794	8
21795	7
21796	8
21797	7
21798	6
21799	7
21800	6
21801	5
21802	6
21803	6
21804	7
21805	9
21806	10
21807	10
21808	11
21809	11
21810	12
21811	14
21812	15
21813	14
21814	13
21815	14
21816	13
21817	12
21818	13
21819	12
21820	11
21821	11
21822	12
21823	11
21824	10
21825	12
21826	13
21827	13
21828	14
21829	13
21830	12
21831	12
21832	13
21833	12
21834	11
21835	12
21836	12
21837	13
21838	12
21839	11
21840	11
21841	12
21842	11
21843	10
21844	11
21845	11
21846	12
21847	11
21848	10
21849	10
21850	11
21851	10
21852	9
21853	9
21854	10
21855	10
21856	11
21857	13
21858	14
21859	13
21860	12
21861	13
21862	12
21863	11
21864	12
21865	11
21866	10
21867	10
21868	11
21869	10
21870	9
21871	11
21872	12
21873	12
21874	13
21875	12
21876	11
21877	11
21878	12
21879	11
21880	10
21881	11
21882	11
21883	12
21884	11
21885	10
21886	10
21887	11
21888	10
21889	9
21890	10
21891	10
21892	11
21893	10
21894	9
21895	9
21896	10
21897	9
21898	8
21899	9
21900	9
21901	10
21902	12
21903	13
21904	13
21905	14
21906	13
21907	12
21908	12
21909	13
21910	12
21911	11
21912	12
21913	12
21914	13
21915	12
21916	11
21917	11
21918	12
21919	11
21920	10
21921	11
21922	11
21923	12
21924	11
21925	10
21926	10
21927	11
21928	10
21929	9
21930	9
21931	10
21932	10
21933	11
21934	10
21935	9
21936	11
21937	12
21938	11
21939	10
21940	11
21941	10
21942	9
21943	10
21944	9
21945	8
21946	8
21947	9
21948	11
21949	12
21950	12
21951	13
21952	12
21953	11
21954	11
21955	12
21956	11
21957	10
21958	11
21959	11
21960	12
21961	11
21962	10
21963	10
21964	11
21965	10
21966	9
21967	10
21968	10
21969	11
21970	10
21971	9
21972	9
21973	10
21974	9
21975	8
21976	8
21977	9
21978	9
21979	10
21980	9
21981	8
21982	10
21983	11
21984	10
21985	9
21986	10
21987	9
21988	8
21989	9
21990	8
21991	7
21992	8
21993	8
21994	9
21995	11
21996	12
21997	12
21998	13
21999	12
22000	11
22001	11
22002	12
22003	11
22004	10
22005	11
22006	11
22007	12
22008	11
22009	10
22010	10
22011	11
22012	10
22013	9
22014	10
22015	10
22016	11
22017	10
22018	9
22019	9
22020	10
22021	9
22022	8
22023	8
22024	9
22025	9
22026	10
22027	9
22028	8
22029	10
22030	11
22031	10
22032	9
22033	10
22034	9
22035	8
22036	9
22037	8
22038	7
22039	7
22040	8
22041	10
22042	11
22043	11
22044	12
22045	11
22046	10
22047	10
22048	11
22049	10
22050	9
22051	10
22052	10
22053	11
22054	10
22055	9
22056	9
22057	10
22058	9
22059	8
22060	9
22061	9
22062	10
22063	9
22064	8
22065	8
22066	9
22067	8
22068	7
22069	7
22070	8
22071	8
22072	9
22073	8
22074	7
22075	9
22076	10
22077	9
22078	8
22079	9
22080	8
22081	7
22082	8
22083	7
22084	6
22085	6
22086	7
22087	7
22088	8
22089	10
22090	11
22091	11
22092	12
22093	11
22094	10
22095	10
22096	11
22097	10
22098	9
22099	10
22100	10
22101	11
22102	10
22103	9
22104	9
22105	10
22106	9
22107	8
22108	9
22109	9
22110	10
22111	9
22112	8
22113	8
22114	9
22115	8
22116	7
22117	7
22118	8
22119	8
22120	9
22121	8
22122	7
22123	9
22124	10
22125	9
22126	8
22127	9
22128	8
22129	7
22130	8
22131	7
22132	6
22133	8
22134	9
22135	9
22136	10
22137	10
22138	11
22139	10
22140	9
22141	11
22142	12
22143	11
22144	10
22145	11
22146	10
22147	9
22148	10
22149	9
22150	8
22151	8
22152	9
22153	9
22154	10
22155	9
22156	8
22157	10
22158	11
22159	10
22160	9
22161	10
22162	9
22163	8
22164	9
22165	8
22166	7
22167	8
22168	8
22169	9
22170	9
22171	10
22172	9
22173	8
22174	10
22175	11
22176	10
22177	9
22178	10
22179	9
22180	8
22181	9
22182	8
22183	7
22184	7
22185	8
22186	8
22187	9
22188	8
22189	7
22190	9
22191	10
22192	9
22193	8
22194	9
22195	8
22196	7
22197	8
22198	7
22199	6
22200	7
22201	7
22202	8
22203	10
22204	11
22205	10
22206	9
22207	10
22208	9
22209	8
22210	9
22211	8
22212	7
22213	7
22214	8
22215	7
22216	6
22217	6
22218	7
22219	9
22220	10
22221	9
22222	8
22223	9
22224	8
22225	7
22226	8
22227	7
22228	6
22229	6
22230	7
22231	6
22232	5
22233	5
22234	6
22235	8
22236	9
22237	9
22238	10
22239	10
22240	11
22241	13
22242	14
22243	13
22244	12
22245	13
22246	12
22247	11
22248	12
22249	11
22250	10
22251	10
22252	11
22253	10
22254	9
22255	11
22256	12
22257	12
22258	13
22259	12
22260	11
22261	11
22262	12
22263	11
22264	10
22265	11
22266	11
22267	12
22268	11
22269	10
22270	10
22271	11
22272	10
22273	9
22274	10
22275	10
22276	11
22277	10
22278	9
22279	9
22280	10
22281	9
22282	8
22283	8
22284	9
22285	9
22286	10
22287	12
22288	13
22289	12
22290	11
22291	12
22292	11
22293	10
22294	11
22295	10
22296	9
22297	9
22298	10
22299	9
22300	8
22301	10
22302	11
22303	11
22304	12
22305	11
22306	10
22307	10
22308	11
22309	10
22310	9
22311	10
22312	10
22313	11
22314	10
22315	9
22316	9
22317	10
22318	9
22319	8
22320	9
22321	9
22322	10
22323	9
22324	8
22325	8
22326	9
22327	8
22328	7
22329	8
22330	8
22331	9
22332	11
22333	12
22334	12
22335	13
22336	12
22337	11
22338	11
22339	12
22340	11
22341	10
22342	11
22343	11
22344	12
22345	11
22346	10
22347	10
22348	11
22349	10
22350	9
22351	10
22352	10
22353	11
22354	10
22355	9
22356	9
22357	10
22358	9
22359	8
22360	8
22361	9
22362	9
22363	10
22364	9
22365	8
22366	10
22367	11
22368	10
22369	9
22370	10
22371	9
22372	8
22373	9
22374	8
22375	7
22376	7
22377	8
22378	10
22379	11
22380	11
22381	12
22382	11
22383	10
22384	10
22385	11
22386	10
22387	9
22388	10
22389	10
22390	11
22391	10
22392	9
22393	9
22394	10
22395	9
22396	8
22397	9
22398	9
22399	10
22400	9
22401	8
22402	8
22403	9
22404	8
22405	7
22406	7
22407	8
22408	8
22409	9
22410	8
22411	7
22412	9
22413	10
22414	9
22415	8
22416	9
22417	8
22418	7
22419	8
22420	7
22421	6
22422	7
22423	7
22424	8
22425	10
22426	11
22427	11
22428	12
22429	11
22430	10
22431	10
22432	11
22433	10
22434	9
22435	10
22436	10
22437	11
22438	10
22439	9
22440	9
22441	10
22442	9
22443	8
22444	9
22445	9
22446	10
22447	9
22448	8
22449	8
22450	9
22451	8
22452	7
22453	7
22454	8
22455	8
22456	9
22457	8
22458	7
22459	9
22460	10
22461	9
22462	8
22463	9
22464	8
22465	7
22466	8
22467	7
22468	6
22469	6
22470	7
22471	9
22472	10
22473	10
22474	11
22475	10
22476	9
22477	9
22478	10
22479	9
22480	8
22481	9
22482	9
22483	10
22484	9
22485	8
22486	8
22487	9
22488	8
22489	7
22490	8
22491	8
22492	9
22493	8
22494	7
22495	7
22496	8
22497	7
22498	6
22499	6
22500	7
22501	7
22502	8
22503	7
22504	6
22505	8
22506	9
22507	8
22508	7
22509	8
22510	7
22511	6
22512	7
22513	6
22514	5
22515	5
22516	6
22517	6
22518	7
22519	9
22520	10
22521	10
22522	11
22523	10
22524	9
22525	9
22526	10
22527	9
22528	8
22529	9
22530	9
22531	10
22532	9
22533	8
22534	8
22535	9
22536	8
22537	7
22538	8
22539	8
22540	9
22541	8
22542	7
22543	7
22544	8
22545	7
22546	6
22547	6
22548	7
22549	7
22550	8
22551	7
22552	6
22553	8
22554	9
22555	8
22556	7
22557	8
22558	7
22559	6
22560	7
22561	6
22562	5
22563	7
22564	8
22565	8
22566	9
22567	9
22568	10
22569	9
22570	8
22571	10
22572	11
22573	10
22574	9
22575	10
22576	9
22577	8
22578	9
22579	8
22580	7
22581	7
22582	8
22583	8
22584	9
22585	8
22586	7
22587	9
22588	10
22589	9
22590	8
22591	9
22592	8
22593	7
22594	8
22595	7
22596	6
22597	7
22598	7
22599	8
22600	8
22601	9
22602	8
22603	7
22604	9
22605	10
22606	9
22607	8
22608	9
22609	8
22610	7
22611	8
22612	7
22613	6
22614	6
22615	7
22616	7
22617	8
22618	7
22619	6
22620	8
22621	9
22622	8
22623	7
22624	8
22625	7
22626	6
22627	7
22628	6
22629	5
22630	6
22631	6
22632	7
22633	9
22634	10
22635	9
22636	8
22637	9
22638	8
22639	7
22640	8
22641	7
22642	6
22643	6
22644	7
22645	6
22646	5
22647	5
22648	6
22649	8
22650	9
22651	8
22652	7
22653	8
22654	7
22655	6
22656	7
22657	6
22658	5
22659	5
22660	6
22661	5
22662	4
22663	5
22664	5
22665	6
22666	8
22667	9
22668	9
22669	10
22670	10
22671	11
22672	13
22673	14
22674	13
22675	12
22676	13
22677	12
22678	11
22679	12
22680	11
22681	10
22682	10
22683	11
22684	10
22685	9
22686	11
22687	12
22688	12
22689	13
22690	12
22691	11
22692	11
22693	12
22694	11
22695	10
22696	11
22697	11
22698	12
22699	11
22700	10
22701	10
22702	11
22703	10
22704	9
22705	10
22706	10
22707	11
22708	10
22709	9
22710	9
22711	10
22712	9
22713	8
22714	8
22715	9
22716	9
22717	10
22718	12
22719	13
22720	12
22721	11
22722	12
22723	11
22724	10
22725	11
22726	10
22727	9
22728	9
22729	10
22730	9
22731	8
22732	10
22733	11
22734	11
22735	12
22736	11
22737	10
22738	10
22739	11
22740	10
22741	9
22742	10
22743	10
22744	11
22745	10
22746	9
22747	9
22748	10
22749	9
22750	8
22751	9
22752	9
22753	10
22754	9
22755	8
22756	8
22757	9
22758	8
22759	7
22760	8
22761	8
22762	9
22763	11
22764	12
22765	12
22766	13
22767	12
22768	11
22769	11
22770	12
22771	11
22772	10
22773	11
22774	11
22775	12
22776	11
22777	10
22778	10
22779	11
22780	10
22781	9
22782	10
22783	10
22784	11
22785	10
22786	9
22787	9
22788	10
22789	9
22790	8
22791	8
22792	9
22793	9
22794	10
22795	9
22796	8
22797	10
22798	11
22799	10
22800	9
22801	10
22802	9
22803	8
22804	9
22805	8
22806	7
22807	7
22808	8
22809	10
22810	11
22811	11
22812	12
22813	11
22814	10
22815	10
22816	11
22817	10
22818	9
22819	10
22820	10
22821	11
22822	10
22823	9
22824	9
22825	10
22826	9
22827	8
22828	9
22829	9
22830	10
22831	9
22832	8
22833	8
22834	9
22835	8
22836	7
22837	7
22838	8
22839	8
22840	9
22841	8
22842	7
22843	9
22844	10
22845	9
22846	8
22847	9
22848	8
22849	7
22850	8
22851	7
22852	6
22853	7
22854	7
22855	8
22856	10
22857	11
22858	11
22859	12
22860	11
22861	10
22862	10
22863	11
22864	10
22865	9
22866	10
22867	10
22868	11
22869	10
22870	9
22871	9
22872	10
22873	9
22874	8
22875	9
22876	9
22877	10
22878	9
22879	8
22880	8
22881	9
22882	8
22883	7
22884	7
22885	8
22886	8
22887	9
22888	8
22889	7
22890	9
22891	10
22892	9
22893	8
22894	9
22895	8
22896	7
22897	8
22898	7
22899	6
22900	6
22901	7
22902	9
22903	10
22904	10
22905	11
22906	10
22907	9
22908	9
22909	10
22910	9
22911	8
22912	9
22913	9
22914	10
22915	9
22916	8
22917	8
22918	9
22919	8
22920	7
22921	8
22922	8
22923	9
22924	8
22925	7
22926	7
22927	8
22928	7
22929	6
22930	6
22931	7
22932	7
22933	8
22934	7
22935	6
22936	8
22937	9
22938	8
22939	7
22940	8
22941	7
22942	6
22943	7
22944	6
22945	5
22946	5
22947	6
22948	6
22949	7
22950	9
22951	10
22952	10
22953	11
22954	10
22955	9
22956	9
22957	10
22958	9
22959	8
22960	9
22961	9
22962	10
22963	9
22964	8
22965	8
22966	9
22967	8
22968	7
22969	8
22970	8
22971	9
22972	8
22973	7
22974	7
22975	8
22976	7
22977	6
22978	6
22979	7
22980	7
22981	8
22982	7
22983	6
22984	8
22985	9
22986	8
22987	7
22988	8
22989	7
22990	6
22991	7
22992	6
22993	5
22994	7
22995	8
22996	8
22997	9
22998	9
22999	10
23000	9
23001	8
23002	10
23003	11
23004	10
23005	9
23006	10
23007	9
23008	8
23009	9
23010	8
23011	7
23012	7
23013	8
23014	8
23015	9
23016	8
23017	7
23018	9
23019	10
23020	9
23021	8
23022	9
23023	8
23024	7
23025	8
23026	7
23027	6
23028	7
23029	7
23030	8
23031	8
23032	9
23033	8
23034	7
23035	9
23036	10
23037	9
23038	8
23039	9
23040	8
23041	7
23042	8
23043	7
23044	6
23045	6
23046	7
23047	7
23048	8
23049	7
23050	6
23051	8
23052	9
23053	8
23054	7
23055	8
23056	7
23057	6
23058	7
23059	6
23060	5
23061	6
23062	6
23063	7
23064	9
23065	10
23066	9
23067	8
23068	9
23069	8
23070	7
23071	8
23072	7
23073	6
23074	6
23075	7
23076	6
23077	5
23078	5
23079	6
23080	8
23081	9
23082	8
23083	7
23084	8
23085	7
23086	6
23087	7
23088	6
23089	5
23090	5
23091	6
23092	5
23093	4
23094	4
23095	5
23096	7
23097	8
23098	8
23099	9
23100	9
23101	10
23102	12
23103	13
23104	12
23105	11
23106	12
23107	11
23108	10
23109	11
23110	10
23111	9
23112	9
23113	10
23114	9
23115	8
23116	10
23117	11
23118	11
23119	12
23120	11
23121	10
23122	10
23123	11
23124	10
23125	9
23126	10
23127	10
23128	11
23129	10
23130	9
23131	9
23132	10
23133	9
23134	8
23135	9
23136	9
23137	10
23138	9
23139	8
23140	8
23141	9
23142	8
23143	7
23144	7
23145	8
23146	8
23147	9
23148	11
23149	12
23150	11
23151	10
23152	11
23153	10
23154	9
23155	10
23156	9
23157	8
23158	8
23159	9
23160	8
23161	7
23162	9
23163	10
23164	10
23165	11
23166	10
23167	9
23168	9
23169	10
23170	9
23171	8
23172	9
23173	9
23174	10
23175	9
23176	8
23177	8
23178	9
23179	8
23180	7
23181	8
23182	8
23183	9
23184	8
23185	7
23186	7
23187	8
23188	7
23189	6
23190	7
23191	7
23192	8
23193	10
23194	11
23195	11
23196	12
23197	11
23198	10
23199	10
23200	11
23201	10
23202	9
23203	10
23204	10
23205	11
23206	10
23207	9
23208	9
23209	10
23210	9
23211	8
23212	9
23213	9
23214	10
23215	9
23216	8
23217	8
23218	9
23219	8
23220	7
23221	7
23222	8
23223	8
23224	9
23225	8
23226	7
23227	9
23228	10
23229	9
23230	8
23231	9
23232	8
23233	7
23234	8
23235	7
23236	6
23237	6
23238	7
23239	9
23240	10
23241	10
23242	11
23243	10
23244	9
23245	9
23246	10
23247	9
23248	8
23249	9
23250	9
23251	10
23252	9
23253	8
23254	8
23255	9
23256	8
23257	7
23258	8
23259	8
23260	9
23261	8
23262	7
23263	7
23264	8
23265	7
23266	6
23267	6
23268	7
23269	7
23270	8
23271	7
23272	6
23273	8
23274	9
23275	8
23276	7
23277	8
23278	7
23279	6
23280	7
23281	6
23282	5
23283	6
23284	6
23285	7
23286	9
23287	10
23288	10
23289	11
23290	10
23291	9
23292	9
23293	10
23294	9
23295	8
23296	9
23297	9
23298	10
23299	9
23300	8
23301	8
23302	9
23303	8
23304	7
23305	8
23306	8
23307	9
23308	8
23309	7
23310	7
23311	8
23312	7
23313	6
23314	6
23315	7
23316	7
23317	8
23318	7
23319	6
23320	8
23321	9
23322	8
23323	7
23324	8
23325	7
23326	6
23327	7
23328	6
23329	5
23330	5
23331	6
23332	8
23333	9
23334	9
23335	10
23336	9
23337	8
23338	8
23339	9
23340	8
23341	7
23342	8
23343	8
23344	9
23345	8
23346	7
23347	7
23348	8
23349	7
23350	6
23351	7
23352	7
23353	8
23354	7
23355	6
23356	6
23357	7
23358	6
23359	5
23360	5
23361	6
23362	6
23363	7
23364	6
23365	5
23366	7
23367	8
23368	7
23369	6
23370	7
23371	6
23372	5
23373	6
23374	5
23375	4
23376	4
23377	5
23378	5
23379	6
23380	8
23381	9
23382	9
23383	10
23384	9
23385	8
23386	8
23387	9
23388	8
23389	7
23390	8
23391	8
23392	9
23393	8
23394	7
23395	7
23396	8
23397	7
23398	6
23399	7
23400	7
23401	8
23402	7
23403	6
23404	6
23405	7
23406	6
23407	5
23408	5
23409	6
23410	6
23411	7
23412	6
23413	5
23414	7
23415	8
23416	7
23417	6
23418	7
23419	6
23420	5
23421	6
23422	5
23423	4
23424	6
23425	7
23426	7
23427	8
23428	8
23429	9
23430	8
23431	7
23432	9
23433	10
23434	9
23435	8
23436	9
23437	8
23438	7
23439	8
23440	7
23441	6
23442	6
23443	7
23444	7
23445	8
23446	7
23447	6
23448	8
23449	9
23450	8
23451	7
23452	8
23453	7
23454	6
23455	7
23456	6
23457	5
23458	6
23459	6
23460	7
23461	7
23462	8
23463	7
23464	6
23465	8
23466	9
23467	8
23468	7
23469	8
23470	7
23471	6
23472	7
23473	6
23474	5
23475	5
23476	6
23477	6
23478	7
23479	6
23480	5
23481	7
23482	8
23483	7
23484	6
23485	7
23486	6
23487	5
23488	6
23489	5
23490	4
23491	5
23492	5
23493	6
23494	8
23495	9
23496	8
23497	7
23498	8
23499	7
23500	6
23501	7
23502	6
23503	5
23504	5
23505	6
23506	5
23507	4
23508	4
23509	5
23510	7
23511	8
23512	7
23513	6
23514	7
23515	6
23516	5
23517	6
23518	5
23519	4
23520	4
23521	5
23522	4
23523	3
23524	3
23525	4
23526	4
23527	5
23528	7
23529	8
23530	8
23531	9
23532	9
23533	10
23534	12
23535	13
23536	12
23537	11
23538	12
23539	11
23540	10
23541	11
23542	10
23543	9
23544	9
23545	10
23546	9
23547	8
23548	10
23549	11
23550	11
23551	12
23552	11
23553	10
23554	10
23555	11
23556	10
23557	9
23558	10
23559	10
23560	11
23561	10
23562	9
23563	9
23564	10
23565	9
23566	8
23567	9
23568	9
23569	10
23570	9
23571	8
23572	8
23573	9
23574	8
23575	7
23576	7
23577	8
23578	8
23579	9
23580	11
23581	12
23582	11
23583	10
23584	11
23585	10
23586	9
23587	10
23588	9
23589	8
23590	8
23591	9
23592	8
23593	7
23594	9
23595	10
23596	10
23597	11
23598	10
23599	9
23600	9
23601	10
23602	9
23603	8
23604	9
23605	9
23606	10
23607	9
23608	8
23609	8
23610	9
23611	8
23612	7
23613	8
23614	8
23615	9
23616	8
23617	7
23618	7
23619	8
23620	7
23621	6
23622	7
23623	7
23624	8
23625	10
23626	11
23627	11
23628	12
23629	11
23630	10
23631	10
23632	11
23633	10
23634	9
23635	10
23636	10
23637	11
23638	10
23639	9
23640	9
23641	10
23642	9
23643	8
23644	9
23645	9
23646	10
23647	9
23648	8
23649	8
23650	9
23651	8
23652	7
23653	7
23654	8
23655	8
23656	9
23657	8
23658	7
23659	9
23660	10
23661	9
23662	8
23663	9
23664	8
23665	7
23666	8
23667	7
23668	6
23669	6
23670	7
23671	9
23672	10
23673	10
23674	11
23675	10
23676	9
23677	9
23678	10
23679	9
23680	8
23681	9
23682	9
23683	10
23684	9
23685	8
23686	8
23687	9
23688	8
23689	7
23690	8
23691	8
23692	9
23693	8
23694	7
23695	7
23696	8
23697	7
23698	6
23699	6
23700	7
23701	7
23702	8
23703	7
23704	6
23705	8
23706	9
23707	8
23708	7
23709	8
23710	7
23711	6
23712	7
23713	6
23714	5
23715	6
23716	6
23717	7
23718	9
23719	10
23720	10
23721	11
23722	10
23723	9
23724	9
23725	10
23726	9
23727	8
23728	9
23729	9
23730	10
23731	9
23732	8
23733	8
23734	9
23735	8
23736	7
23737	8
23738	8
23739	9
23740	8
23741	7
23742	7
23743	8
23744	7
23745	6
23746	6
23747	7
23748	7
23749	8
23750	7
23751	6
23752	8
23753	9
23754	8
23755	7
23756	8
23757	7
23758	6
23759	7
23760	6
23761	5
23762	5
23763	6
23764	8
23765	9
23766	9
23767	10
23768	9
23769	8
23770	8
23771	9
23772	8
23773	7
23774	8
23775	8
23776	9
23777	8
23778	7
23779	7
23780	8
23781	7
23782	6
23783	7
23784	7
23785	8
23786	7
23787	6
23788	6
23789	7
23790	6
23791	5
23792	5
23793	6
23794	6
23795	7
23796	6
23797	5
23798	7
23799	8
23800	7
23801	6
23802	7
23803	6
23804	5
23805	6
23806	5
23807	4
23808	4
23809	5
23810	5
23811	6
23812	8
23813	9
23814	9
23815	10
23816	9
23817	8
23818	8
23819	9
23820	8
23821	7
23822	8
23823	8
23824	9
23825	8
23826	7
23827	7
23828	8
23829	7
23830	6
23831	7
23832	7
23833	8
23834	7
23835	6
23836	6
23837	7
23838	6
23839	5
23840	5
23841	6
23842	6
23843	7
23844	6
23845	5
23846	7
23847	8
23848	7
23849	6
23850	7
23851	6
23852	5
23853	6
23854	5
23855	4
23856	6
23857	7
23858	7
23859	8
23860	8
23861	9
23862	8
23863	7
23864	9
23865	10
23866	9
23867	8
23868	9
23869	8
23870	7
23871	8
23872	7
23873	6
23874	6
23875	7
23876	7
23877	8
23878	7
23879	6
23880	8
23881	9
23882	8
23883	7
23884	8
23885	7
23886	6
23887	7
23888	6
23889	5
23890	6
23891	6
23892	7
23893	7
23894	8
23895	7
23896	6
23897	8
23898	9
23899	8
23900	7
23901	8
23902	7
23903	6
23904	7
23905	6
23906	5
23907	5
23908	6
23909	6
23910	7
23911	6
23912	5
23913	7
23914	8
23915	7
23916	6
23917	7
23918	6
23919	5
23920	6
23921	5
23922	4
23923	5
23924	5
23925	6
23926	8
23927	9
23928	8
23929	7
23930	8
23931	7
23932	6
23933	7
23934	6
23935	5
23936	5
23937	6
23938	5
23939	4
23940	4
23941	5
23942	7
23943	8
23944	7
23945	6
23946	7
23947	6
23948	5
23949	6
23950	5
23951	4
23952	4
23953	5
23954	4
23955	3
23956	5
23957	6
23958	6
23959	7
23960	7
23961	8
23962	10
23963	11
23964	11
23965	12
23966	11
23967	10
23968	10
23969	11
23970	10
23971	9
23972	10
23973	10
23974	11
23975	10
23976	9
23977	9
23978	10
23979	9
23980	8
23981	9
23982	9
23983	10
23984	9
23985	8
23986	8
23987	9
23988	8
23989	7
23990	7
23991	8
23992	8
23993	9
23994	8
23995	7
23996	9
23997	10
23998	9
23999	8
24000	9
24001	8
24002	7
24003	8
24004	7
24005	6
24006	8
24007	9
24008	9
24009	10
24010	10
24011	11
24012	10
24013	9
24014	11
24015	12
24016	11
24017	10
24018	11
24019	10
24020	9
24021	10
24022	9
24023	8
24024	8
24025	9
24026	9
24027	10
24028	9
24029	8
24030	10
24031	11
24032	10
24033	9
24034	10
24035	9
24036	8
24037	9
24038	8
24039	7
24040	8
24041	8
24042	9
24043	9
24044	10
24045	9
24046	8
24047	10
24048	11
24049	10
24050	9
24051	10
24052	9
24053	8
24054	9
24055	8
24056	7
24057	7
24058	8
24059	8
24060	9
24061	8
24062	7
24063	9
24064	10
24065	9
24066	8
24067	9
24068	8
24069	7
24070	8
24071	7
24072	6
24073	7
24074	7
24075	8
24076	10
24077	11
24078	10
24079	9
24080	10
24081	9
24082	8
24083	9
24084	8
24085	7
24086	7
24087	8
24088	7
24089	6
24090	6
24091	7
24092	9
24093	10
24094	9
24095	8
24096	9
24097	8
24098	7
24099	8
24100	7
24101	6
24102	6
24103	7
24104	6
24105	5
24106	5
24107	6
24108	6
24109	7
24110	9
24111	10
24112	10
24113	11
24114	10
24115	9
24116	9
24117	10
24118	9
24119	8
24120	9
24121	9
24122	10
24123	9
24124	8
24125	8
24126	9
24127	8
24128	7
24129	8
24130	8
24131	9
24132	8
24133	7
24134	7
24135	8
24136	7
24137	6
24138	6
24139	7
24140	7
24141	8
24142	7
24143	6
24144	8
24145	9
24146	8
24147	7
24148	8
24149	7
24150	6
24151	7
24152	6
24153	5
24154	7
24155	8
24156	8
24157	9
24158	9
24159	10
24160	9
24161	8
24162	10
24163	11
24164	10
24165	9
24166	10
24167	9
24168	8
24169	9
24170	8
24171	7
24172	7
24173	8
24174	8
24175	9
24176	8
24177	7
24178	9
24179	10
24180	9
24181	8
24182	9
24183	8
24184	7
24185	8
24186	7
24187	6
24188	7
24189	7
24190	8
24191	8
24192	9
24193	8
24194	7
24195	9
24196	10
24197	9
24198	8
24199	9
24200	8
24201	7
24202	8
24203	7
24204	6
24205	6
24206	7
24207	7
24208	8
24209	7
24210	6
24211	8
24212	9
24213	8
24214	7
24215	8
24216	7
24217	6
24218	7
24219	6
24220	5
24221	6
24222	6
24223	7
24224	9
24225	10
24226	9
24227	8
24228	9
24229	8
24230	7
24231	8
24232	7
24233	6
24234	6
24235	7
24236	6
24237	5
24238	5
24239	6
24240	8
24241	9
24242	8
24243	7
24244	8
24245	7
24246	6
24247	7
24248	6
24249	5
24250	5
24251	6
24252	5
24253	4
24254	5
24255	5
24256	6
24257	6
24258	7
24259	9
24260	10
24261	10
24262	11
24263	10
24264	9
24265	9
24266	10
24267	9
24268	8
24269	9
24270	9
24271	10
24272	9
24273	8
24274	8
24275	9
24276	8
24277	7
24278	8
24279	8
24280	9
24281	8
24282	7
24283	7
24284	8
24285	7
24286	6
24287	6
24288	7
24289	7
24290	8
24291	7
24292	6
24293	8
24294	9
24295	8
24296	7
24297	8
24298	7
24299	6
24300	7
24301	6
24302	5
24303	7
24304	8
24305	8
24306	9
24307	9
24308	10
24309	9
24310	8
24311	10
24312	11
24313	10
24314	9
24315	10
24316	9
24317	8
24318	9
24319	8
24320	7
24321	7
24322	8
24323	8
24324	9
24325	8
24326	7
24327	9
24328	10
24329	9
24330	8
24331	9
24332	8
24333	7
24334	8
24335	7
24336	6
24337	7
24338	7
24339	8
24340	8
24341	9
24342	8
24343	7
24344	9
24345	10
24346	9
24347	8
24348	9
24349	8
24350	7
24351	8
24352	7
24353	6
24354	6
24355	7
24356	7
24357	8
24358	7
24359	6
24360	8
24361	9
24362	8
24363	7
24364	8
24365	7
24366	6
24367	7
24368	6
24369	5
24370	6
24371	6
24372	7
24373	9
24374	10
24375	9
24376	8
24377	9
24378	8
24379	7
24380	8
24381	7
24382	6
24383	6
24384	7
24385	6
24386	5
24387	5
24388	6
24389	8
24390	9
24391	8
24392	7
24393	8
24394	7
24395	6
24396	7
24397	6
24398	5
24399	5
24400	6
24401	5
24402	4
24403	4
24404	5
24405	5
24406	6
24407	8
24408	9
24409	9
24410	10
24411	9
24412	8
24413	8
24414	9
24415	8
24416	7
24417	8
24418	8
24419	9
24420	8
24421	7
24422	7
24423	8
24424	7
24425	6
24426	7
24427	7
24428	8
24429	7
24430	6
24431	6
24432	7
24433	6
24434	5
24435	5
24436	6
24437	6
24438	7
24439	6
24440	5
24441	7
24442	8
24443	7
24444	6
24445	7
24446	6
24447	5
24448	6
24449	5
24450	4
24451	6
24452	7
24453	7
24454	8
24455	8
24456	9
24457	8
24458	7
24459	9
24460	10
24461	9
24462	8
24463	9
24464	8
24465	7
24466	8
24467	7
24468	6
24469	6
24470	7
24471	7
24472	8
24473	7
24474	6
24475	8
24476	9
24477	8
24478	7
24479	8
24480	7
24481	6
24482	7
24483	6
24484	5
24485	6
24486	6
24487	7
24488	7
24489	8
24490	7
24491	6
24492	8
24493	9
24494	8
24495	7
24496	8
24497	7
24498	6
24499	7
24500	6
24501	5
24502	5
24503	6
24504	6
24505	7
24506	6
24507	5
24508	7
24509	8
24510	7
24511	6
24512	7
24513	6
24514	5
24515	6
24516	5
24517	4
24518	5
24519	5
24520	6
24521	8
24522	9
24523	8
24524	7
24525	8
24526	7
24527	6
24528	7
24529	6
24530	5
24531	5
24532	6
24533	5
24534	4
24535	4
24536	5
24537	7
24538	8
24539	7
24540	6
24541	7
24542	6
24543	5
24544	6
24545	5
24546	4
24547	4
24548	5
24549	4
24550	3
24551	4
24552	4
24553	5
24554	7
24555	8
24556	8
24557	9
24558	9
24559	10
24560	9
24561	8
24562	10
24563	11
24564	10
24565	9
24566	10
24567	9
24568	8
24569	9
24570	8
24571	7
24572	7
24573	8
24574	8
24575	9
24576	8
24577	7
24578	9
24579	10
24580	9
24581	8
24582	9
24583	8
24584	7
24585	8
24586	7
24587	6
24588	7
24589	7
24590	8
24591	10
24592	11
24593	10
24594	9
24595	10
24596	9
24597	8
24598	9
24599	8
24600	7
24601	7
24602	8
24603	7
24604	6
24605	6
24606	7
24607	9
24608	10
24609	9
24610	8
24611	9
24612	8
24613	7
24614	8
24615	7
24616	6
24617	6
24618	7
24619	6
24620	5
24621	6
24622	6
24623	7
24624	9
24625	10
24626	9
24627	8
24628	9
24629	8
24630	7
24631	8
24632	7
24633	6
24634	6
24635	7
24636	6
24637	5
24638	5
24639	6
24640	8
24641	9
24642	8
24643	7
24644	8
24645	7
24646	6
24647	7
24648	6
24649	5
24650	5
24651	6
24652	5
24653	4
24654	4
24655	5
24656	5
24657	6
24658	8
24659	9
24660	8
24661	7
24662	8
24663	7
24664	6
24665	7
24666	6
24667	5
24668	5
24669	6
24670	5
24671	4
24672	6
24673	7
24674	7
24675	8
24676	7
24677	6
24678	6
24679	7
24680	6
24681	5
24682	6
24683	6
24684	7
24685	6
24686	5
24687	5
24688	6
24689	5
24690	4
24691	5
24692	5
24693	6
24694	5
24695	4
24696	4
24697	5
24698	4
24699	3
24700	3
24701	4
24702	6
24703	7
24704	7
24705	8
24706	8
24707	9
24708	8
24709	7
24710	9
24711	10
24712	9
24713	8
24714	9
24715	8
24716	7
24717	8
24718	7
24719	6
24720	6
24721	7
24722	7
24723	8
24724	7
24725	6
24726	8
24727	9
24728	8
24729	7
24730	8
24731	7
24732	6
24733	7
24734	6
24735	5
24736	6
24737	6
24738	7
24739	9
24740	10
24741	9
24742	8
24743	9
24744	8
24745	7
24746	8
24747	7
24748	6
24749	6
24750	7
24751	6
24752	5
24753	5
24754	6
24755	8
24756	9
24757	8
24758	7
24759	8
24760	7
24761	6
24762	7
24763	6
24764	5
24765	5
24766	6
24767	5
24768	4
24769	5
24770	5
24771	6
24772	8
24773	9
24774	8
24775	7
24776	8
24777	7
24778	6
24779	7
24780	6
24781	5
24782	5
24783	6
24784	5
24785	4
24786	4
24787	5
24788	7
24789	8
24790	7
24791	6
24792	7
24793	6
24794	5
24795	6
24796	5
24797	4
24798	4
24799	5
24800	4
24801	3
24802	3
24803	4
24804	4
24805	5
24806	7
24807	8
24808	7
24809	6
24810	7
24811	6
24812	5
24813	6
24814	5
24815	4
24816	4
24817	5
24818	4
24819	3
24820	5
24821	6
24822	6
24823	7
24824	6
24825	5
24826	5
24827	6
24828	5
24829	4
24830	5
24831	5
24832	6
24833	5
24834	4
24835	4
24836	5
24837	4
24838	3
24839	4
24840	4
24841	5
24842	4
24843	3
24844	3
24845	4
24846	3
24847	2
24848	2
24849	3
24850	5
24851	6
24852	6
24853	7
24854	7
24855	8
24856	10
24857	11
24858	11
24859	12
24860	12
24861	13
24862	12
24863	11
24864	13
24865	14
24866	13
24867	12
24868	13
24869	12
24870	11
24871	12
24872	11
24873	10
24874	10
24875	11
24876	11
24877	12
24878	11
24879	10
24880	12
24881	13
24882	12
24883	11
24884	12
24885	11
24886	10
24887	11
24888	10
24889	9
24890	10
24891	10
24892	11
24893	13
24894	14
24895	13
24896	12
24897	13
24898	12
24899	11
24900	12
24901	11
24902	10
24903	10
24904	11
24905	10
24906	9
24907	9
24908	10
24909	12
24910	13
24911	12
24912	11
24913	12
24914	11
24915	10
24916	11
24917	10
24918	9
24919	9
24920	10
24921	9
24922	8
24923	9
24924	9
24925	10
24926	12
24927	13
24928	12
24929	11
24930	12
24931	11
24932	10
24933	11
24934	10
24935	9
24936	9
24937	10
24938	9
24939	8
24940	8
24941	9
24942	11
24943	12
24944	11
24945	10
24946	11
24947	10
24948	9
24949	10
24950	9
24951	8
24952	8
24953	9
24954	8
24955	7
24956	7
24957	8
24958	8
24959	9
24960	11
24961	12
24962	11
24963	10
24964	11
24965	10
24966	9
24967	10
24968	9
24969	8
24970	8
24971	9
24972	8
24973	7
24974	9
24975	10
24976	10
24977	11
24978	10
24979	9
24980	9
24981	10
24982	9
24983	8
24984	9
24985	9
24986	10
24987	9
24988	8
24989	8
24990	9
24991	8
24992	7
24993	8
24994	8
24995	9
24996	8
24997	7
24998	7
24999	8
25000	7
25001	6
25002	8
25003	9
25004	9
25005	10
25006	10
25007	11
25008	13
25009	14
25010	13
25011	12
25012	13
25013	12
25014	11
25015	12
25016	11
25017	10
25018	10
25019	11
25020	10
25021	9
25022	11
25023	12
25024	12
25025	13
25026	12
25027	11
25028	11
25029	12
25030	11
25031	10
25032	11
25033	11
25034	12
25035	11
25036	10
25037	10
25038	11
25039	10
25040	9
25041	10
25042	10
25043	11
25044	10
25045	9
25046	9
25047	10
25048	9
25049	8
25050	8
25051	9
25052	9
25053	10
25054	12
25055	13
25056	12
25057	11
25058	12
25059	11
25060	10
25061	11
25062	10
25063	9
25064	9
25065	10
25066	9
25067	8
25068	10
25069	11
25070	11
25071	12
25072	11
25073	10
25074	10
25075	11
25076	10
25077	9
25078	10
25079	10
25080	11
25081	10
25082	9
25083	9
25084	10
25085	9
25086	8
25087	9
25088	9
25089	10
25090	9
25091	8
25092	8
25093	9
25094	8
25095	7
25096	8
25097	8
25098	9
25099	9
25100	10
25101	12
25102	13
25103	12
25104	11
25105	12
25106	11
25107	10
25108	11
25109	10
25110	9
25111	9
25112	10
25113	9
25114	8
25115	10
25116	11
25117	11
25118	12
25119	11
25120	10
25121	10
25122	11
25123	10
25124	9
25125	10
25126	10
25127	11
25128	10
25129	9
25130	9
25131	10
25132	9
25133	8
25134	9
25135	9
25136	10
25137	9
25138	8
25139	8
25140	9
25141	8
25142	7
25143	7
25144	8
25145	8
25146	9
25147	11
25148	12
25149	11
25150	10
25151	11
25152	10
25153	9
25154	10
25155	9
25156	8
25157	8
25158	9
25159	8
25160	7
25161	9
25162	10
25163	10
25164	11
25165	10
25166	9
25167	9
25168	10
25169	9
25170	8
25171	9
25172	9
25173	10
25174	9
25175	8
25176	8
25177	9
25178	8
25179	7
25180	8
25181	8
25182	9
25183	8
25184	7
25185	7
25186	8
25187	7
25188	6
25189	7
25190	7
25191	8
25192	10
25193	11
25194	11
25195	12
25196	11
25197	10
25198	10
25199	11
25200	10
25201	9
25202	10
25203	10
25204	11
25205	10
25206	9
25207	9
25208	10
25209	9
25210	8
25211	9
25212	9
25213	10
25214	9
25215	8
25216	8
25217	9
25218	8
25219	7
25220	7
25221	8
25222	8
25223	9
25224	8
25225	7
25226	9
25227	10
25228	9
25229	8
25230	9
25231	8
25232	7
25233	8
25234	7
25235	6
25236	6
25237	7
25238	9
25239	10
25240	10
25241	11
25242	10
25243	9
25244	9
25245	10
25246	9
25247	8
25248	9
25249	9
25250	10
25251	9
25252	8
25253	8
25254	9
25255	8
25256	7
25257	8
25258	8
25259	9
25260	8
25261	7
25262	7
25263	8
25264	7
25265	6
25266	6
25267	7
25268	7
25269	8
25270	7
25271	6
25272	8
25273	9
25274	8
25275	7
25276	8
25277	7
25278	6
25279	7
25280	6
25281	5
25282	5
25283	6
25284	6
25285	7
25286	9
25287	10
25288	10
25289	11
25290	11
25291	12
25292	11
25293	10
25294	12
25295	13
25296	12
25297	11
25298	12
25299	11
25300	10
25301	11
25302	10
25303	9
25304	9
25305	10
25306	10
25307	11
25308	10
25309	9
25310	11
25311	12
25312	11
25313	10
25314	11
25315	10
25316	9
25317	10
25318	9
25319	8
25320	9
25321	9
25322	10
25323	12
25324	13
25325	12
25326	11
25327	12
25328	11
25329	10
25330	11
25331	10
25332	9
25333	9
25334	10
25335	9
25336	8
25337	8
25338	9
25339	11
25340	12
25341	11
25342	10
25343	11
25344	10
25345	9
25346	10
25347	9
25348	8
25349	8
25350	9
25351	8
25352	7
25353	8
25354	8
25355	9
25356	11
25357	12
25358	11
25359	10
25360	11
25361	10
25362	9
25363	10
25364	9
25365	8
25366	8
25367	9
25368	8
25369	7
25370	7
25371	8
25372	10
25373	11
25374	10
25375	9
25376	10
25377	9
25378	8
25379	9
25380	8
25381	7
25382	7
25383	8
25384	7
25385	6
25386	6
25387	7
25388	7
25389	8
25390	10
25391	11
25392	10
25393	9
25394	10
25395	9
25396	8
25397	9
25398	8
25399	7
25400	7
25401	8
25402	7
25403	6
25404	8
25405	9
25406	9
25407	10
25408	9
25409	8
25410	8
25411	9
25412	8
25413	7
25414	8
25415	8
25416	9
25417	8
25418	7
25419	7
25420	8
25421	7
25422	6
25423	7
25424	7
25425	8
25426	7
25427	6
25428	6
25429	7
25430	6
25431	5
25432	7
25433	8
25434	8
25435	9
25436	9
25437	10
25438	12
25439	13
25440	12
25441	11
25442	12
25443	11
25444	10
25445	11
25446	10
25447	9
25448	9
25449	10
25450	9
25451	8
25452	10
25453	11
25454	11
25455	12
25456	11
25457	10
25458	10
25459	11
25460	10
25461	9
25462	10
25463	10
25464	11
25465	10
25466	9
25467	9
25468	10
25469	9
25470	8
25471	9
25472	9
25473	10
25474	9
25475	8
25476	8
25477	9
25478	8
25479	7
25480	7
25481	8
25482	8
25483	9
25484	11
25485	12
25486	11
25487	10
25488	11
25489	10
25490	9
25491	10
25492	9
25493	8
25494	8
25495	9
25496	8
25497	7
25498	9
25499	10
25500	10
25501	11
25502	10
25503	9
25504	9
25505	10
25506	9
25507	8
25508	9
25509	9
25510	10
25511	9
25512	8
25513	8
25514	9
25515	8
25516	7
25517	8
25518	8
25519	9
25520	8
25521	7
25522	7
25523	8
25524	7
25525	6
25526	7
25527	7
25528	8
25529	8
25530	9
25531	11
25532	12
25533	11
25534	10
25535	11
25536	10
25537	9
25538	10
25539	9
25540	8
25541	8
25542	9
25543	8
25544	7
25545	9
25546	10
25547	10
25548	11
25549	10
25550	9
25551	9
25552	10
25553	9
25554	8
25555	9
25556	9
25557	10
25558	9
25559	8
25560	8
25561	9
25562	8
25563	7
25564	8
25565	8
25566	9
25567	8
25568	7
25569	7
25570	8
25571	7
25572	6
25573	6
25574	7
25575	7
25576	8
25577	10
25578	11
25579	10
25580	9
25581	10
25582	9
25583	8
25584	9
25585	8
25586	7
25587	7
25588	8
25589	7
25590	6
25591	8
25592	9
25593	9
25594	10
25595	9
25596	8
25597	8
25598	9
25599	8
25600	7
25601	8
25602	8
25603	9
25604	8
25605	7
25606	7
25607	8
25608	7
25609	6
25610	7
25611	7
25612	8
25613	7
25614	6
25615	6
25616	7
25617	6
25618	5
25619	6
25620	6
25621	7
25622	9
25623	10
25624	10
25625	11
25626	10
25627	9
25628	9
25629	10
25630	9
25631	8
25632	9
25633	9
25634	10
25635	9
25636	8
25637	8
25638	9
25639	8
25640	7
25641	8
25642	8
25643	9
25644	8
25645	7
25646	7
25647	8
25648	7
25649	6
25650	6
25651	7
25652	7
25653	8
25654	7
25655	6
25656	8
25657	9
25658	8
25659	7
25660	8
25661	7
25662	6
25663	7
25664	6
25665	5
25666	5
25667	6
25668	8
25669	9
25670	9
25671	10
25672	9
25673	8
25674	8
25675	9
25676	8
25677	7
25678	8
25679	8
25680	9
25681	8
25682	7
25683	7
25684	8
25685	7
25686	6
25687	7
25688	7
25689	8
25690	7
25691	6
25692	6
25693	7
25694	6
25695	5
25696	5
25697	6
25698	6
25699	7
25700	6
25701	5
25702	7
25703	8
25704	7
25705	6
25706	7
25707	6
25708	5
25709	6
25710	5
25711	4
25712	5
25713	5
25714	6
25715	8
25716	9
25717	9
25718	10
25719	10
25720	11
25721	13
25722	14
25723	13
25724	12
25725	13
25726	12
25727	11
25728	12
25729	11
25730	10
25731	10
25732	11
25733	10
25734	9
25735	11
25736	12
25737	12
25738	13
25739	12
25740	11
25741	11
25742	12
25743	11
25744	10
25745	11
25746	11
25747	12
25748	11
25749	10
25750	10
25751	11
25752	10
25753	9
25754	10
25755	10
25756	11
25757	10
25758	9
25759	9
25760	10
25761	9
25762	8
25763	8
25764	9
25765	9
25766	10
25767	12
25768	13
25769	12
25770	11
25771	12
25772	11
25773	10
25774	11
25775	10
25776	9
25777	9
25778	10
25779	9
25780	8
25781	10
25782	11
25783	11
25784	12
25785	11
25786	10
25787	10
25788	11
25789	10
25790	9
25791	10
25792	10
25793	11
25794	10
25795	9
25796	9
25797	10
25798	9
25799	8
25800	9
25801	9
25802	10
25803	9
25804	8
25805	8
25806	9
25807	8
25808	7
25809	8
25810	8
25811	9
25812	11
25813	12
25814	12
25815	13
25816	12
25817	11
25818	11
25819	12
25820	11
25821	10
25822	11
25823	11
25824	12
25825	11
25826	10
25827	10
25828	11
25829	10
25830	9
25831	10
25832	10
25833	11
25834	10
25835	9
25836	9
25837	10
25838	9
25839	8
25840	8
25841	9
25842	9
25843	10
25844	9
25845	8
25846	10
25847	11
25848	10
25849	9
25850	10
25851	9
25852	8
25853	9
25854	8
25855	7
25856	7
25857	8
25858	10
25859	11
25860	11
25861	12
25862	11
25863	10
25864	10
25865	11
25866	10
25867	9
25868	10
25869	10
25870	11
25871	10
25872	9
25873	9
25874	10
25875	9
25876	8
25877	9
25878	9
25879	10
25880	9
25881	8
25882	8
25883	9
25884	8
25885	7
25886	7
25887	8
25888	8
25889	9
25890	8
25891	7
25892	9
25893	10
25894	9
25895	8
25896	9
25897	8
25898	7
25899	8
25900	7
25901	6
25902	7
25903	7
25904	8
25905	10
25906	11
25907	11
25908	12
25909	11
25910	10
25911	10
25912	11
25913	10
25914	9
25915	10
25916	10
25917	11
25918	10
25919	9
25920	9
25921	10
25922	9
25923	8
25924	9
25925	9
25926	10
25927	9
25928	8
25929	8
25930	9
25931	8
25932	7
25933	7
25934	8
25935	8
25936	9
25937	8
25938	7
25939	9
25940	10
25941	9
25942	8
25943	9
25944	8
25945	7
25946	8
25947	7
25948	6
25949	6
25950	7
25951	9
25952	10
25953	10
25954	11
25955	10
25956	9
25957	9
25958	10
25959	9
25960	8
25961	9
25962	9
25963	10
25964	9
25965	8
25966	8
25967	9
25968	8
25969	7
25970	8
25971	8
25972	9
25973	8
25974	7
25975	7
25976	8
25977	7
25978	6
25979	6
25980	7
25981	7
25982	8
25983	7
25984	6
25985	8
25986	9
25987	8
25988	7
25989	8
25990	7
25991	6
25992	7
25993	6
25994	5
25995	5
25996	6
25997	6
25998	7
25999	9
26000	10
26001	10
26002	11
26003	10
26004	9
26005	9
26006	10
26007	9
26008	8
26009	9
26010	9
26011	10
26012	9
26013	8
26014	8
26015	9
26016	8
26017	7
26018	8
26019	8
26020	9
26021	8
26022	7
26023	7
26024	8
26025	7
26026	6
26027	6
26028	7
26029	7
26030	8
26031	7
26032	6
26033	8
26034	9
26035	8
26036	7
26037	8
26038	7
26039	6
26040	7
26041	6
26042	5
26043	7
26044	8
26045	8
26046	9
26047	9
26048	10
26049	9
26050	8
26051	10
26052	11
26053	10
26054	9
26055	10
26056	9
26057	8
26058	9
26059	8
26060	7
26061	7
26062	8
26063	8
26064	9
26065	8
26066	7
26067	9
26068	10
26069	9
26070	8
26071	9
26072	8
26073	7
26074	8
26075	7
26076	6
26077	7
26078	7
26079	8
26080	8
26081	9
26082	8
26083	7
26084	9
26085	10
26086	9
26087	8
26088	9
26089	8
26090	7
26091	8
26092	7
26093	6
26094	6
26095	7
26096	7
26097	8
26098	7
26099	6
26100	8
26101	9
26102	8
26103	7
26104	8
26105	7
26106	6
26107	7
26108	6
26109	5
26110	6
26111	6
26112	7
26113	9
26114	10
26115	9
26116	8
26117	9
26118	8
26119	7
26120	8
26121	7
26122	6
26123	6
26124	7
26125	6
26126	5
26127	5
26128	6
26129	8
26130	9
26131	8
26132	7
26133	8
26134	7
26135	6
26136	7
26137	6
26138	5
26139	5
26140	6
26141	5
26142	4
26143	4
26144	5
26145	7
26146	8
26147	8
26148	9
26149	9
26150	10
26151	12
26152	13
26153	12
26154	11
26155	12
26156	11
26157	10
26158	11
26159	10
26160	9
26161	9
26162	10
26163	9
26164	8
26165	10
26166	11
26167	11
26168	12
26169	11
26170	10
26171	10
26172	11
26173	10
26174	9
26175	10
26176	10
26177	11
26178	10
26179	9
26180	9
26181	10
26182	9
26183	8
26184	9
26185	9
26186	10
26187	9
26188	8
26189	8
26190	9
26191	8
26192	7
26193	7
26194	8
26195	8
26196	9
26197	11
26198	12
26199	11
26200	10
26201	11
26202	10
26203	9
26204	10
26205	9
26206	8
26207	8
26208	9
26209	8
26210	7
26211	9
26212	10
26213	10
26214	11
26215	10
26216	9
26217	9
26218	10
26219	9
26220	8
26221	9
26222	9
26223	10
26224	9
26225	8
26226	8
26227	9
26228	8
26229	7
26230	8
26231	8
26232	9
26233	8
26234	7
26235	7
26236	8
26237	7
26238	6
26239	7
26240	7
26241	8
26242	10
26243	11
26244	11
26245	12
26246	11
26247	10
26248	10
26249	11
26250	10
26251	9
26252	10
26253	10
26254	11
26255	10
26256	9
26257	9
26258	10
26259	9
26260	8
26261	9
26262	9
26263	10
26264	9
26265	8
26266	8
26267	9
26268	8
26269	7
26270	7
26271	8
26272	8
26273	9
26274	8
26275	7
26276	9
26277	10
26278	9
26279	8
26280	9
26281	8
26282	7
26283	8
26284	7
26285	6
26286	6
26287	7
26288	9
26289	10
26290	10
26291	11
26292	10
26293	9
26294	9
26295	10
26296	9
26297	8
26298	9
26299	9
26300	10
26301	9
26302	8
26303	8
26304	9
26305	8
26306	7
26307	8
26308	8
26309	9
26310	8
26311	7
26312	7
26313	8
26314	7
26315	6
26316	6
26317	7
26318	7
26319	8
26320	7
26321	6
26322	8
26323	9
26324	8
26325	7
26326	8
26327	7
26328	6
26329	7
26330	6
26331	5
26332	6
26333	6
26334	7
26335	9
26336	10
26337	10
26338	11
26339	10
26340	9
26341	9
26342	10
26343	9
26344	8
26345	9
26346	9
26347	10
26348	9
26349	8
26350	8
26351	9
26352	8
26353	7
26354	8
26355	8
26356	9
26357	8
26358	7
26359	7
26360	8
26361	7
26362	6
26363	6
26364	7
26365	7
26366	8
26367	7
26368	6
26369	8
26370	9
26371	8
26372	7
26373	8
26374	7
26375	6
26376	7
26377	6
26378	5
26379	5
26380	6
26381	8
26382	9
26383	9
26384	10
26385	9
26386	8
26387	8
26388	9
26389	8
26390	7
26391	8
26392	8
26393	9
26394	8
26395	7
26396	7
26397	8
26398	7
26399	6
26400	7
26401	7
26402	8
26403	7
26404	6
26405	6
26406	7
26407	6
26408	5
26409	5
26410	6
26411	6
26412	7
26413	6
26414	5
26415	7
26416	8
26417	7
26418	6
26419	7
26420	6
26421	5
26422	6
26423	5
26424	4
26425	4
26426	5
26427	5
26428	6
26429	8
26430	9
26431	9
26432	10
26433	9
26434	8
26435	8
26436	9
26437	8
26438	7
26439	8
26440	8
26441	9
26442	8
26443	7
26444	7
26445	8
26446	7
26447	6
26448	7
26449	7
26450	8
26451	7
26452	6
26453	6
26454	7
26455	6
26456	5
26457	5
26458	6
26459	6
26460	7
26461	6
26462	5
26463	7
26464	8
26465	7
26466	6
26467	7
26468	6
26469	5
26470	6
26471	5
26472	4
26473	6
26474	7
26475	7
26476	8
26477	8
26478	9
26479	8
26480	7
26481	9
26482	10
26483	9
26484	8
26485	9
26486	8
26487	7
26488	8
26489	7
26490	6
26491	6
26492	7
26493	7
26494	8
26495	7
26496	6
26497	8
26498	9
26499	8
26500	7
26501	8
26502	7
26503	6
26504	7
26505	6
26506	5
26507	6
26508	6
26509	7
26510	7
26511	8
26512	7
26513	6
26514	8
26515	9
26516	8
26517	7
26518	8
26519	7
26520	6
26521	7
26522	6
26523	5
26524	5
26525	6
26526	6
26527	7
26528	6
26529	5
26530	7
26531	8
26532	7
26533	6
26534	7
26535	6
26536	5
26537	6
26538	5
26539	4
26540	5
26541	5
26542	6
26543	8
26544	9
26545	8
26546	7
26547	8
26548	7
26549	6
26550	7
26551	6
26552	5
26553	5
26554	6
26555	5
26556	4
26557	4
26558	5
26559	7
26560	8
26561	7
26562	6
26563	7
26564	6
26565	5
26566	6
26567	5
26568	4
26569	4
26570	5
26571	4
26572	3
26573	4
26574	4
26575	5
26576	7
26577	8
26578	8
26579	9
26580	9
26581	10
26582	12
26583	13
26584	12
26585	11
26586	12
26587	11
26588	10
26589	11
26590	10
26591	9
26592	9
26593	10
26594	9
26595	8
26596	10
26597	11
26598	11
26599	12
26600	11
26601	10
26602	10
26603	11
26604	10
26605	9
26606	10
26607	10
26608	11
26609	10
26610	9
26611	9
26612	10
26613	9
26614	8
26615	9
26616	9
26617	10
26618	9
26619	8
26620	8
26621	9
26622	8
26623	7
26624	7
26625	8
26626	8
26627	9
26628	11
26629	12
26630	11
26631	10
26632	11
26633	10
26634	9
26635	10
26636	9
26637	8
26638	8
26639	9
26640	8
26641	7
26642	9
26643	10
26644	10
26645	11
26646	10
26647	9
26648	9
26649	10
26650	9
26651	8
26652	9
26653	9
26654	10
26655	9
26656	8
26657	8
26658	9
26659	8
26660	7
26661	8
26662	8
26663	9
26664	8
26665	7
26666	7
26667	8
26668	7
26669	6
26670	7
26671	7
26672	8
26673	10
26674	11
26675	11
26676	12
26677	11
26678	10
26679	10
26680	11
26681	10
26682	9
26683	10
26684	10
26685	11
26686	10
26687	9
26688	9
26689	10
26690	9
26691	8
26692	9
26693	9
26694	10
26695	9
26696	8
26697	8
26698	9
26699	8
26700	7
26701	7
26702	8
26703	8
26704	9
26705	8
26706	7
26707	9
26708	10
26709	9
26710	8
26711	9
26712	8
26713	7
26714	8
26715	7
26716	6
26717	6
26718	7
26719	9
26720	10
26721	10
26722	11
26723	10
26724	9
26725	9
26726	10
26727	9
26728	8
26729	9
26730	9
26731	10
26732	9
26733	8
26734	8
26735	9
26736	8
26737	7
26738	8
26739	8
26740	9
26741	8
26742	7
26743	7
26744	8
26745	7
26746	6
26747	6
26748	7
26749	7
26750	8
26751	7
26752	6
26753	8
26754	9
26755	8
26756	7
26757	8
26758	7
26759	6
26760	7
26761	6
26762	5
26763	6
26764	6
26765	7
26766	9
26767	10
26768	10
26769	11
26770	10
26771	9
26772	9
26773	10
26774	9
26775	8
26776	9
26777	9
26778	10
26779	9
26780	8
26781	8
26782	9
26783	8
26784	7
26785	8
26786	8
26787	9
26788	8
26789	7
26790	7
26791	8
26792	7
26793	6
26794	6
26795	7
26796	7
26797	8
26798	7
26799	6
26800	8
26801	9
26802	8
26803	7
26804	8
26805	7
26806	6
26807	7
26808	6
26809	5
26810	5
26811	6
26812	8
26813	9
26814	9
26815	10
26816	9
26817	8
26818	8
26819	9
26820	8
26821	7
26822	8
26823	8
26824	9
26825	8
26826	7
26827	7
26828	8
26829	7
26830	6
26831	7
26832	7
26833	8
26834	7
26835	6
26836	6
26837	7
26838	6
26839	5
26840	5
26841	6
26842	6
26843	7
26844	6
26845	5
26846	7
26847	8
26848	7
26849	6
26850	7
26851	6
26852	5
26853	6
26854	5
26855	4
26856	4
26857	5
26858	5
26859	6
26860	8
26861	9
26862	9
26863	10
26864	9
26865	8
26866	8
26867	9
26868	8
26869	7
26870	8
26871	8
26872	9
26873	8
26874	7
26875	7
26876	8
26877	7
26878	6
26879	7
26880	7
26881	8
26882	7
26883	6
26884	6
26885	7
26886	6
26887	5
26888	5
26889	6
26890	6
26891	7
26892	6
26893	5
26894	7
26895	8
26896	7
26897	6
26898	7
26899	6
26900	5
26901	6
26902	5
26903	4
26904	6
26905	7
26906	7
26907	8
26908	8
26909	9
26910	8
26911	7
26912	9
26913	10
26914	9
26915	8
26916	9
26917	8
26918	7
26919	8
26920	7
26921	6
26922	6
26923	7
26924	7
26925	8
26926	7
26927	6
26928	8
26929	9
26930	8
26931	7
26932	8
26933	7
26934	6
26935	7
26936	6
26937	5
26938	6
26939	6
26940	7
26941	7
26942	8
26943	7
26944	6
26945	8
26946	9
26947	8
26948	7
26949	8
26950	7
26951	6
26952	7
26953	6
26954	5
26955	5
26956	6
26957	6
26958	7
26959	6
26960	5
26961	7
26962	8
26963	7
26964	6
26965	7
26966	6
26967	5
26968	6
26969	5
26970	4
26971	5
26972	5
26973	6
26974	8
26975	9
26976	8
26977	7
26978	8
26979	7
26980	6
26981	7
26982	6
26983	5
26984	5
26985	6
26986	5
26987	4
26988	4
26989	5
26990	7
26991	8
26992	7
26993	6
26994	7
26995	6
26996	5
26997	6
26998	5
26999	4
27000	4
27001	5
27002	4
27003	3
27004	3
27005	4
27006	6
27007	7
27008	7
27009	8
27010	8
27011	9
27012	11
27013	12
27014	11
27015	10
27016	11
27017	10
27018	9
27019	10
27020	9
27021	8
27022	8
27023	9
27024	8
27025	7
27026	9
27027	10
27028	10
27029	11
27030	10
27031	9
27032	9
27033	10
27034	9
27035	8
27036	9
27037	9
27038	10
27039	9
27040	8
27041	8
27042	9
27043	8
27044	7
27045	8
27046	8
27047	9
27048	8
27049	7
27050	7
27051	8
27052	7
27053	6
27054	6
27055	7
27056	7
27057	8
27058	10
27059	11
27060	10
27061	9
27062	10
27063	9
27064	8
27065	9
27066	8
27067	7
27068	7
27069	8
27070	7
27071	6
27072	8
27073	9
27074	9
27075	10
27076	9
27077	8
27078	8
27079	9
27080	8
27081	7
27082	8
27083	8
27084	9
27085	8
27086	7
27087	7
27088	8
27089	7
27090	6
27091	7
27092	7
27093	8
27094	7
27095	6
27096	6
27097	7
27098	6
27099	5
27100	6
27101	6
27102	7
27103	9
27104	10
27105	10
27106	11
27107	10
27108	9
27109	9
27110	10
27111	9
27112	8
27113	9
27114	9
27115	10
27116	9
27117	8
27118	8
27119	9
27120	8
27121	7
27122	8
27123	8
27124	9
27125	8
27126	7
27127	7
27128	8
27129	7
27130	6
27131	6
27132	7
27133	7
27134	8
27135	7
27136	6
27137	8
27138	9
27139	8
27140	7
27141	8
27142	7
27143	6
27144	7
27145	6
27146	5
27147	5
27148	6
27149	8
27150	9
27151	9
27152	10
27153	9
27154	8
27155	8
27156	9
27157	8
27158	7
27159	8
27160	8
27161	9
27162	8
27163	7
27164	7
27165	8
27166	7
27167	6
27168	7
27169	7
27170	8
27171	7
27172	6
27173	6
27174	7
27175	6
27176	5
27177	5
27178	6
27179	6
27180	7
27181	6
27182	5
27183	7
27184	8
27185	7
27186	6
27187	7
27188	6
27189	5
27190	6
27191	5
27192	4
27193	5
27194	5
27195	6
27196	8
27197	9
27198	9
27199	10
27200	9
27201	8
27202	8
27203	9
27204	8
27205	7
27206	8
27207	8
27208	9
27209	8
27210	7
27211	7
27212	8
27213	7
27214	6
27215	7
27216	7
27217	8
27218	7
27219	6
27220	6
27221	7
27222	6
27223	5
27224	5
27225	6
27226	6
27227	7
27228	6
27229	5
27230	7
27231	8
27232	7
27233	6
27234	7
27235	6
27236	5
27237	6
27238	5
27239	4
27240	4
27241	5
27242	7
27243	8
27244	8
27245	9
27246	8
27247	7
27248	7
27249	8
27250	7
27251	6
27252	7
27253	7
27254	8
27255	7
27256	6
27257	6
27258	7
27259	6
27260	5
27261	6
27262	6
27263	7
27264	6
27265	5
27266	5
27267	6
27268	5
27269	4
27270	4
27271	5
27272	5
27273	6
27274	5
27275	4
27276	6
27277	7
27278	6
27279	5
27280	6
27281	5
27282	4
27283	5
27284	4
27285	3
27286	3
27287	4
27288	4
27289	5
27290	7
27291	8
27292	8
27293	9
27294	8
27295	7
27296	7
27297	8
27298	7
27299	6
27300	7
27301	7
27302	8
27303	7
27304	6
27305	6
27306	7
27307	6
27308	5
27309	6
27310	6
27311	7
27312	6
27313	5
27314	5
27315	6
27316	5
27317	4
27318	4
27319	5
27320	5
27321	6
27322	5
27323	4
27324	6
27325	7
27326	6
27327	5
27328	6
27329	5
27330	4
27331	5
27332	4
27333	3
27334	5
27335	6
27336	6
27337	7
27338	7
27339	8
27340	7
27341	6
27342	8
27343	9
27344	8
27345	7
27346	8
27347	7
27348	6
27349	7
27350	6
27351	5
27352	5
27353	6
27354	6
27355	7
27356	6
27357	5
27358	7
27359	8
27360	7
27361	6
27362	7
27363	6
27364	5
27365	6
27366	5
27367	4
27368	5
27369	5
27370	6
27371	6
27372	7
27373	6
27374	5
27375	7
27376	8
27377	7
27378	6
27379	7
27380	6
27381	5
27382	6
27383	5
27384	4
27385	4
27386	5
27387	5
27388	6
27389	5
27390	4
27391	6
27392	7
27393	6
27394	5
27395	6
27396	5
27397	4
27398	5
27399	4
27400	3
27401	4
27402	4
27403	5
27404	7
27405	8
27406	7
27407	6
27408	7
27409	6
27410	5
27411	6
27412	5
27413	4
27414	4
27415	5
27416	4
27417	3
27418	3
27419	4
27420	6
27421	7
27422	6
27423	5
27424	6
27425	5
27426	4
27427	5
27428	4
27429	3
27430	3
27431	4
27432	3
27433	2
27434	2
27435	3
27436	3
27437	4
27438	6
27439	7
27440	7
27441	8
27442	8
27443	9
27444	11
27445	12
27446	11
27447	10
27448	11
27449	10
27450	9
27451	10
27452	9
27453	8
27454	8
27455	9
27456	8
27457	7
27458	9
27459	10
27460	10
27461	11
27462	10
27463	9
27464	9
27465	10
27466	9
27467	8
27468	9
27469	9
27470	10
27471	9
27472	8
27473	8
27474	9
27475	8
27476	7
27477	8
27478	8
27479	9
27480	8
27481	7
27482	7
27483	8
27484	7
27485	6
27486	6
27487	7
27488	7
27489	8
27490	10
27491	11
27492	10
27493	9
27494	10
27495	9
27496	8
27497	9
27498	8
27499	7
27500	7
27501	8
27502	7
27503	6
27504	8
27505	9
27506	9
27507	10
27508	9
27509	8
27510	8
27511	9
27512	8
27513	7
27514	8
27515	8
27516	9
27517	8
27518	7
27519	7
27520	8
27521	7
27522	6
27523	7
27524	7
27525	8
27526	7
27527	6
27528	6
27529	7
27530	6
27531	5
27532	6
27533	6
27534	7
27535	9
27536	10
27537	10
27538	11
27539	10
27540	9
27541	9
27542	10
27543	9
27544	8
27545	9
27546	9
27547	10
27548	9
27549	8
27550	8
27551	9
27552	8
27553	7
27554	8
27555	8
27556	9
27557	8
27558	7
27559	7
27560	8
27561	7
27562	6
27563	6
27564	7
27565	7
27566	8
27567	7
27568	6
27569	8
27570	9
27571	8
27572	7
27573	8
27574	7
27575	6
27576	7
27577	6
27578	5
27579	5
27580	6
27581	8
27582	9
27583	9
27584	10
27585	9
27586	8
27587	8
27588	9
27589	8
27590	7
27591	8
27592	8
27593	9
27594	8
27595	7
27596	7
27597	8
27598	7
27599	6
27600	7
27601	7
27602	8
27603	7
27604	6
27605	6
27606	7
27607	6
27608	5
27609	5
27610	6
27611	6
27612	7
27613	6
27614	5
27615	7
27616	8
27617	7
27618	6
27619	7
27620	6
27621	5
27622	6
27623	5
27624	4
27625	5
27626	5
27627	6
27628	8
27629	9
27630	9
27631	10
27632	9
27633	8
27634	8
27635	9
27636	8
27637	7
27638	8
27639	8
27640	9
27641	8
27642	7
27643	7
27644	8
27645	7
27646	6
27647	7
27648	7
27649	8
27650	7
27651	6
27652	6
27653	7
27654	6
27655	5
27656	5
27657	6
27658	6
27659	7
27660	6
27661	5
27662	7
27663	8
27664	7
27665	6
27666	7
27667	6
27668	5
27669	6
27670	5
27671	4
27672	4
27673	5
27674	7
27675	8
27676	8
27677	9
27678	8
27679	7
27680	7
27681	8
27682	7
27683	6
27684	7
27685	7
27686	8
27687	7
27688	6
27689	6
27690	7
27691	6
27692	5
27693	6
27694	6
27695	7
27696	6
27697	5
27698	5
27699	6
27700	5
27701	4
27702	4
27703	5
27704	5
27705	6
27706	5
27707	4
27708	6
27709	7
27710	6
27711	5
27712	6
27713	5
27714	4
27715	5
27716	4
27717	3
27718	3
27719	4
27720	4
27721	5
27722	7
27723	8
27724	8
27725	9
27726	8
27727	7
27728	7
27729	8
27730	7
27731	6
27732	7
27733	7
27734	8
27735	7
27736	6
27737	6
27738	7
27739	6
27740	5
27741	6
27742	6
27743	7
27744	6
27745	5
27746	5
27747	6
27748	5
27749	4
27750	4
27751	5
27752	5
27753	6
27754	5
27755	4
27756	6
27757	7
27758	6
27759	5
27760	6
27761	5
27762	4
27763	5
27764	4
27765	3
27766	5
27767	6
27768	6
27769	7
27770	7
27771	8
27772	7
27773	6
27774	8
27775	9
27776	8
27777	7
27778	8
27779	7
27780	6
27781	7
27782	6
27783	5
27784	5
27785	6
27786	6
27787	7
27788	6
27789	5
27790	7
27791	8
27792	7
27793	6
27794	7
27795	6
27796	5
27797	6
27798	5
27799	4
27800	5
27801	5
27802	6
27803	6
27804	7
27805	6
27806	5
27807	7
27808	8
27809	7
27810	6
27811	7
27812	6
27813	5
27814	6
27815	5
27816	4
27817	4
27818	5
27819	5
27820	6
27821	5
27822	4
27823	6
27824	7
27825	6
27826	5
27827	6
27828	5
27829	4
27830	5
27831	4
27832	3
27833	4
27834	4
27835	5
27836	7
27837	8
27838	7
27839	6
27840	7
27841	6
27842	5
27843	6
27844	5
27845	4
27846	4
27847	5
27848	4
27849	3
27850	3
27851	4
27852	6
27853	7
27854	6
27855	5
27856	6
27857	5
27858	4
27859	5
27860	4
27861	3
27862	3
27863	4
27864	3
27865	2
27866	4
27867	5
27868	5
27869	6
27870	6
27871	7
27872	9
27873	10
27874	10
27875	11
27876	10
27877	9
27878	9
27879	10
27880	9
27881	8
27882	9
27883	9
27884	10
27885	9
27886	8
27887	8
27888	9
27889	8
27890	7
27891	8
27892	8
27893	9
27894	8
27895	7
27896	7
27897	8
27898	7
27899	6
27900	6
27901	7
27902	7
27903	8
27904	7
27905	6
27906	8
27907	9
27908	8
27909	7
27910	8
27911	7
27912	6
27913	7
27914	6
27915	5
27916	7
27917	8
27918	8
27919	9
27920	9
27921	10
27922	9
27923	8
27924	10
27925	11
27926	10
27927	9
27928	10
27929	9
27930	8
27931	9
27932	8
27933	7
27934	7
27935	8
27936	8
27937	9
27938	8
27939	7
27940	9
27941	10
27942	9
27943	8
27944	9
27945	8
27946	7
27947	8
27948	7
27949	6
27950	7
27951	7
27952	8
27953	8
27954	9
27955	8
27956	7
27957	9
27958	10
27959	9
27960	8
27961	9
27962	8
27963	7
27964	8
27965	7
27966	6
27967	6
27968	7
27969	7
27970	8
27971	7
27972	6
27973	8
27974	9
27975	8
27976	7
27977	8
27978	7
27979	6
27980	7
27981	6
27982	5
27983	6
27984	6
27985	7
27986	9
27987	10
27988	9
27989	8
27990	9
27991	8
27992	7
27993	8
27994	7
27995	6
27996	6
27997	7
27998	6
27999	5
28000	5
28001	6
28002	8
28003	9
28004	8
28005	7
28006	8
28007	7
28008	6
28009	7
28010	6
28011	5
28012	5
28013	6
28014	5
28015	4
28016	4
28017	5
28018	5
28019	6
28020	8
28021	9
28022	9
28023	10
28024	9
28025	8
28026	8
28027	9
28028	8
28029	7
28030	8
28031	8
28032	9
28033	8
28034	7
28035	7
28036	8
28037	7
28038	6
28039	7
28040	7
28041	8
28042	7
28043	6
28044	6
28045	7
28046	6
28047	5
28048	5
28049	6
28050	6
28051	7
28052	6
28053	5
28054	7
28055	8
28056	7
28057	6
28058	7
28059	6
28060	5
28061	6
28062	5
28063	4
28064	6
28065	7
28066	7
28067	8
28068	8
28069	9
28070	8
28071	7
28072	9
28073	10
28074	9
28075	8
28076	9
28077	8
28078	7
28079	8
28080	7
28081	6
28082	6
28083	7
28084	7
28085	8
28086	7
28087	6
28088	8
28089	9
28090	8
28091	7
28092	8
28093	7
28094	6
28095	7
28096	6
28097	5
28098	6
28099	6
28100	7
28101	7
28102	8
28103	7
28104	6
28105	8
28106	9
28107	8
28108	7
28109	8
28110	7
28111	6
28112	7
28113	6
28114	5
28115	5
28116	6
28117	6
28118	7
28119	6
28120	5
28121	7
28122	8
28123	7
28124	6
28125	7
28126	6
28127	5
28128	6
28129	5
28130	4
28131	5
28132	5
28133	6
28134	8
28135	9
28136	8
28137	7
28138	8
28139	7
28140	6
28141	7
28142	6
28143	5
28144	5
28145	6
28146	5
28147	4
28148	4
28149	5
28150	7
28151	8
28152	7
28153	6
28154	7
28155	6
28156	5
28157	6
28158	5
28159	4
28160	4
28161	5
28162	4
28163	3
28164	4
28165	4
28166	5
28167	5
28168	6
28169	8
28170	9
28171	9
28172	10
28173	9
28174	8
28175	8
28176	9
28177	8
28178	7
28179	8
28180	8
28181	9
28182	8
28183	7
28184	7
28185	8
28186	7
28187	6
28188	7
28189	7
28190	8
28191	7
28192	6
28193	6
28194	7
28195	6
28196	5
28197	5
28198	6
28199	6
28200	7
28201	6
28202	5
28203	7
28204	8
28205	7
28206	6
28207	7
28208	6
28209	5
28210	6
28211	5
28212	4
28213	6
28214	7
28215	7
28216	8
28217	8
28218	9
28219	8
28220	7
28221	9
28222	10
28223	9
28224	8
28225	9
28226	8
28227	7
28228	8
28229	7
28230	6
28231	6
28232	7
28233	7
28234	8
28235	7
28236	6
28237	8
28238	9
28239	8
28240	7
28241	8
28242	7
28243	6
28244	7
28245	6
28246	5
28247	6
28248	6
28249	7
28250	7
28251	8
28252	7
28253	6
28254	8
28255	9
28256	8
28257	7
28258	8
28259	7
28260	6
28261	7
28262	6
28263	5
28264	5
28265	6
28266	6
28267	7
28268	6
28269	5
28270	7
28271	8
28272	7
28273	6
28274	7
28275	6
28276	5
28277	6
28278	5
28279	4
28280	5
28281	5
28282	6
28283	8
28284	9
28285	8
28286	7
28287	8
28288	7
28289	6
28290	7
28291	6
28292	5
28293	5
28294	6
28295	5
28296	4
28297	4
28298	5
28299	7
28300	8
28301	7
28302	6
28303	7
28304	6
28305	5
28306	6
28307	5
28308	4
28309	4
28310	5
28311	4
28312	3
28313	3
28314	4
28315	4
28316	5
28317	7
28318	8
28319	8
28320	9
28321	8
28322	7
28323	7
28324	8
28325	7
28326	6
28327	7
28328	7
28329	8
28330	7
28331	6
28332	6
28333	7
28334	6
28335	5
28336	6
28337	6
28338	7
28339	6
28340	5
28341	5
28342	6
28343	5
28344	4
28345	4
28346	5
28347	5
28348	6
28349	5
28350	4
28351	6
28352	7
28353	6
28354	5
28355	6
28356	5
28357	4
28358	5
28359	4
28360	3
28361	5
28362	6
28363	6
28364	7
28365	7
28366	8
28367	7
28368	6
28369	8
28370	9
28371	8
28372	7
28373	8
28374	7
28375	6
28376	7
28377	6
28378	5
28379	5
28380	6
28381	6
28382	7
28383	6
28384	5
28385	7
28386	8
28387	7
28388	6
28389	7
28390	6
28391	5
28392	6
28393	5
28394	4
28395	5
28396	5
28397	6
28398	6
28399	7
28400	6
28401	5
28402	7
28403	8
28404	7
28405	6
28406	7
28407	6
28408	5
28409	6
28410	5
28411	4
28412	4
28413	5
28414	5
28415	6
28416	5
28417	4
28418	6
28419	7
28420	6
28421	5
28422	6
28423	5
28424	4
28425	5
28426	4
28427	3
28428	4
28429	4
28430	5
28431	7
28432	8
28433	7
28434	6
28435	7
28436	6
28437	5
28438	6
28439	5
28440	4
28441	4
28442	5
28443	4
28444	3
28445	3
28446	4
28447	6
28448	7
28449	6
28450	5
28451	6
28452	5
28453	4
28454	5
28455	4
28456	3
28457	3
28458	4
28459	3
28460	2
28461	3
28462	3
28463	4
28464	6
28465	7
28466	7
28467	8
28468	8
28469	9
28470	8
28471	7
28472	9
28473	10
28474	9
28475	8
28476	9
28477	8
28478	7
28479	8
28480	7
28481	6
28482	6
28483	7
28484	7
28485	8
28486	7
28487	6
28488	8
28489	9
28490	8
28491	7
28492	8
28493	7
28494	6
28495	7
28496	6
28497	5
28498	6
28499	6
28500	7
28501	9
28502	10
28503	9
28504	8
28505	9
28506	8
28507	7
28508	8
28509	7
28510	6
28511	6
28512	7
28513	6
28514	5
28515	5
28516	6
28517	8
28518	9
28519	8
28520	7
28521	8
28522	7
28523	6
28524	7
28525	6
28526	5
28527	5
28528	6
28529	5
28530	4
28531	5
28532	5
28533	6
28534	8
28535	9
28536	8
28537	7
28538	8
28539	7
28540	6
28541	7
28542	6
28543	5
28544	5
28545	6
28546	5
28547	4
28548	4
28549	5
28550	7
28551	8
28552	7
28553	6
28554	7
28555	6
28556	5
28557	6
28558	5
28559	4
28560	4
28561	5
28562	4
28563	3
28564	3
28565	4
28566	4
28567	5
28568	7
28569	8
28570	7
28571	6
28572	7
28573	6
28574	5
28575	6
28576	5
28577	4
28578	4
28579	5
28580	4
28581	3
28582	5
28583	6
28584	6
28585	7
28586	6
28587	5
28588	5
28589	6
28590	5
28591	4
28592	5
28593	5
28594	6
28595	5
28596	4
28597	4
28598	5
28599	4
28600	3
28601	4
28602	4
28603	5
28604	4
28605	3
28606	3
28607	4
28608	3
28609	2
28610	2
28611	3
28612	5
28613	6
28614	6
28615	7
28616	7
28617	8
28618	7
28619	6
28620	8
28621	9
28622	8
28623	7
28624	8
28625	7
28626	6
28627	7
28628	6
28629	5
28630	5
28631	6
28632	6
28633	7
28634	6
28635	5
28636	7
28637	8
28638	7
28639	6
28640	7
28641	6
28642	5
28643	6
28644	5
28645	4
28646	5
28647	5
28648	6
28649	8
28650	9
28651	8
28652	7
28653	8
28654	7
28655	6
28656	7
28657	6
28658	5
28659	5
28660	6
28661	5
28662	4
28663	4
28664	5
28665	7
28666	8
28667	7
28668	6
28669	7
28670	6
28671	5
28672	6
28673	5
28674	4
28675	4
28676	5
28677	4
28678	3
28679	4
28680	4
28681	5
28682	7
28683	8
28684	7
28685	6
28686	7
28687	6
28688	5
28689	6
28690	5
28691	4
28692	4
28693	5
28694	4
28695	3
28696	3
28697	4
28698	6
28699	7
28700	6
28701	5
28702	6
28703	5
28704	4
28705	5
28706	4
28707	3
28708	3
28709	4
28710	3
28711	2
28712	2
28713	3
28714	3
28715	4
28716	6
28717	7
28718	6
28719	5
28720	6
28721	5
28722	4
28723	5
28724	4
28725	3
28726	3
28727	4
28728	3
28729	2
28730	4
28731	5
28732	5
28733	6
28734	5
28735	4
28736	4
28737	5
28738	4
28739	3
28740	4
28741	4
28742	5
28743	4
28744	3
28745	3
28746	4
28747	3
28748	2
28749	3
28750	3
28751	4
28752	3
28753	2
28754	2
28755	3
28756	2
28757	1
28758	3
28759	4
28760	4
28761	5
28762	5
28763	6
28764	8
28765	9
28766	9
28767	10
28768	10
28769	11
28770	13
28771	14
28772	13
28773	12
28774	13
28775	12
28776	11
28777	12
28778	11
28779	10
28780	10
28781	11
28782	10
28783	9
28784	11
28785	12
28786	12
28787	13
28788	12
28789	11
28790	11
28791	12
28792	11
28793	10
28794	11
28795	11
28796	12
28797	11
28798	10
28799	10
28800	11
28801	10
28802	9
28803	10
28804	10
28805	11
28806	10
28807	9
28808	9
28809	10
28810	9
28811	8
28812	8
28813	9
28814	9
28815	10
28816	12
28817	13
28818	12
28819	11
28820	12
28821	11
28822	10
28823	11
28824	10
28825	9
28826	9
28827	10
28828	9
28829	8
28830	10
28831	11
28832	11
28833	12
28834	11
28835	10
28836	10
28837	11
28838	10
28839	9
28840	10
28841	10
28842	11
28843	10
28844	9
28845	9
28846	10
28847	9
28848	8
28849	9
28850	9
28851	10
28852	9
28853	8
28854	8
28855	9
28856	8
28857	7
28858	8
28859	8
28860	9
28861	11
28862	12
28863	12
28864	13
28865	12
28866	11
28867	11
28868	12
28869	11
28870	10
28871	11
28872	11
28873	12
28874	11
28875	10
28876	10
28877	11
28878	10
28879	9
28880	10
28881	10
28882	11
28883	10
28884	9
28885	9
28886	10
28887	9
28888	8
28889	8
28890	9
28891	9
28892	10
28893	9
28894	8
28895	10
28896	11
28897	10
28898	9
28899	10
28900	9
28901	8
28902	9
28903	8
28904	7
28905	7
28906	8
28907	10
28908	11
28909	11
28910	12
28911	11
28912	10
28913	10
28914	11
28915	10
28916	9
28917	10
28918	10
28919	11
28920	10
28921	9
28922	9
28923	10
28924	9
28925	8
28926	9
28927	9
28928	10
28929	9
28930	8
28931	8
28932	9
28933	8
28934	7
28935	7
28936	8
28937	8
28938	9
28939	8
28940	7
28941	9
28942	10
28943	9
28944	8
28945	9
28946	8
28947	7
28948	8
28949	7
28950	6
28951	7
28952	7
28953	8
28954	10
28955	11
28956	11
28957	12
28958	11
28959	10
28960	10
28961	11
28962	10
28963	9
28964	10
28965	10
28966	11
28967	10
28968	9
28969	9
28970	10
28971	9
28972	8
28973	9
28974	9
28975	10
28976	9
28977	8
28978	8
28979	9
28980	8
28981	7
28982	7
28983	8
28984	8
28985	9
28986	8
28987	7
28988	9
28989	10
28990	9
28991	8
28992	9
28993	8
28994	7
28995	8
28996	7
28997	6
28998	6
28999	7
29000	9
29001	10
29002	10
29003	11
29004	10
29005	9
29006	9
29007	10
29008	9
29009	8
29010	9
29011	9
29012	10
29013	9
29014	8
29015	8
29016	9
29017	8
29018	7
29019	8
29020	8
29021	9
29022	8
29023	7
29024	7
29025	8
29026	7
29027	6
29028	6
29029	7
29030	7
29031	8
29032	7
29033	6
29034	8
29035	9
29036	8
29037	7
29038	8
29039	7
29040	6
29041	7
29042	6
29043	5
29044	5
29045	6
29046	6
29047	7
29048	9
29049	10
29050	10
29051	11
29052	10
29053	9
29054	9
29055	10
29056	9
29057	8
29058	9
29059	9
29060	10
29061	9
29062	8
29063	8
29064	9
29065	8
29066	7
29067	8
29068	8
29069	9
29070	8
29071	7
29072	7
29073	8
29074	7
29075	6
29076	6
29077	7
29078	7
29079	8
29080	7
29081	6
29082	8
29083	9
29084	8
29085	7
29086	8
29087	7
29088	6
29089	7
29090	6
29091	5
29092	7
29093	8
29094	8
29095	9
29096	9
29097	10
29098	9
29099	8
29100	10
29101	11
29102	10
29103	9
29104	10
29105	9
29106	8
29107	9
29108	8
29109	7
29110	7
29111	8
29112	8
29113	9
29114	8
29115	7
29116	9
29117	10
29118	9
29119	8
29120	9
29121	8
29122	7
29123	8
29124	7
29125	6
29126	7
29127	7
29128	8
29129	8
29130	9
29131	8
29132	7
29133	9
29134	10
29135	9
29136	8
29137	9
29138	8
29139	7
29140	8
29141	7
29142	6
29143	6
29144	7
29145	7
29146	8
29147	7
29148	6
29149	8
29150	9
29151	8
29152	7
29153	8
29154	7
29155	6
29156	7
29157	6
29158	5
29159	6
29160	6
29161	7
29162	9
29163	10
29164	9
29165	8
29166	9
29167	8
29168	7
29169	8
29170	7
29171	6
29172	6
29173	7
29174	6
29175	5
29176	5
29177	6
29178	8
29179	9
29180	8
29181	7
29182	8
29183	7
29184	6
29185	7
29186	6
29187	5
29188	5
29189	6
29190	5
29191	4
29192	6
29193	7
29194	7
29195	8
29196	8
29197	9
29198	11
29199	12
29200	12
29201	13
29202	12
29203	11
29204	11
29205	12
29206	11
29207	10
29208	11
29209	11
29210	12
29211	11
29212	10
29213	10
29214	11
29215	10
29216	9
29217	10
29218	10
29219	11
29220	10
29221	9
29222	9
29223	10
29224	9
29225	8
29226	8
29227	9
29228	9
29229	10
29230	9
29231	8
29232	10
29233	11
29234	10
29235	9
29236	10
29237	9
29238	8
29239	9
29240	8
29241	7
29242	9
29243	10
29244	10
29245	11
29246	11
29247	12
29248	11
29249	10
29250	12
29251	13
29252	12
29253	11
29254	12
29255	11
29256	10
29257	11
29258	10
29259	9
29260	9
29261	10
29262	10
29263	11
29264	10
29265	9
29266	11
29267	12
29268	11
29269	10
29270	11
29271	10
29272	9
29273	10
29274	9
29275	8
29276	9
29277	9
29278	10
29279	10
29280	11
29281	10
29282	9
29283	11
29284	12
29285	11
29286	10
29287	11
29288	10
29289	9
29290	10
29291	9
29292	8
29293	8
29294	9
29295	9
29296	10
29297	9
29298	8
29299	10
29300	11
29301	10
29302	9
29303	10
29304	9
29305	8
29306	9
29307	8
29308	7
29309	8
29310	8
29311	9
29312	11
29313	12
29314	11
29315	10
29316	11
29317	10
29318	9
29319	10
29320	9
29321	8
29322	8
29323	9
29324	8
29325	7
29326	7
29327	8
29328	10
29329	11
29330	10
29331	9
29332	10
29333	9
29334	8
29335	9
29336	8
29337	7
29338	7
29339	8
29340	7
29341	6
29342	6
29343	7
29344	7
29345	8
29346	10
29347	11
29348	11
29349	12
29350	11
29351	10
29352	10
29353	11
29354	10
29355	9
29356	10
29357	10
29358	11
29359	10
29360	9
29361	9
29362	10
29363	9
29364	8
29365	9
29366	9
29367	10
29368	9
29369	8
29370	8
29371	9
29372	8
29373	7
29374	7
29375	8
29376	8
29377	9
29378	8
29379	7
29380	9
29381	10
29382	9
29383	8
29384	9
29385	8
29386	7
29387	8
29388	7
29389	6
29390	8
29391	9
29392	9
29393	10
29394	10
29395	11
29396	10
29397	9
29398	11
29399	12
29400	11
29401	10
29402	11
29403	10
29404	9
29405	10
29406	9
29407	8
29408	8
29409	9
29410	9
29411	10
29412	9
29413	8
29414	10
29415	11
29416	10
29417	9
29418	10
29419	9
29420	8
29421	9
29422	8
29423	7
29424	8
29425	8
29426	9
29427	9
29428	10
29429	9
29430	8
29431	10
29432	11
29433	10
29434	9
29435	10
29436	9
29437	8
29438	9
29439	8
29440	7
29441	7
29442	8
29443	8
29444	9
29445	8
29446	7
29447	9
29448	10
29449	9
29450	8
29451	9
29452	8
29453	7
29454	8
29455	7
29456	6
29457	7
29458	7
29459	8
29460	10
29461	11
29462	10
29463	9
29464	10
29465	9
29466	8
29467	9
29468	8
29469	7
29470	7
29471	8
29472	7
29473	6
29474	6
29475	7
29476	9
29477	10
29478	9
29479	8
29480	9
29481	8
29482	7
29483	8
29484	7
29485	6
29486	6
29487	7
29488	6
29489	5
29490	6
29491	6
29492	7
29493	7
29494	8
29495	10
29496	11
29497	11
29498	12
29499	11
29500	10
29501	10
29502	11
29503	10
29504	9
29505	10
29506	10
29507	11
29508	10
29509	9
29510	9
29511	10
29512	9
29513	8
29514	9
29515	9
29516	10
29517	9
29518	8
29519	8
29520	9
29521	8
29522	7
29523	7
29524	8
29525	8
29526	9
29527	8
29528	7
29529	9
29530	10
29531	9
29532	8
29533	9
29534	8
29535	7
29536	8
29537	7
29538	6
29539	8
29540	9
29541	9
29542	10
29543	10
29544	11
29545	10
29546	9
29547	11
29548	12
29549	11
29550	10
29551	11
29552	10
29553	9
29554	10
29555	9
29556	8
29557	8
29558	9
29559	9
29560	10
29561	9
29562	8
29563	10
29564	11
29565	10
29566	9
29567	10
29568	9
29569	8
29570	9
29571	8
29572	7
29573	8
29574	8
29575	9
29576	9
29577	10
29578	9
29579	8
29580	10
29581	11
29582	10
29583	9
29584	10
29585	9
29586	8
29587	9
29588	8
29589	7
29590	7
29591	8
29592	8
29593	9
29594	8
29595	7
29596	9
29597	10
29598	9
29599	8
29600	9
29601	8
29602	7
29603	8
29604	7
29605	6
29606	7
29607	7
29608	8
29609	10
29610	11
29611	10
29612	9
29613	10
29614	9
29615	8
29616	9
29617	8
29618	7
29619	7
29620	8
29621	7
29622	6
29623	6
29624	7
29625	9
29626	10
29627	9
29628	8
29629	9
29630	8
29631	7
29632	8
29633	7
29634	6
29635	6
29636	7
29637	6
29638	5
29639	5
29640	6
29641	6
29642	7
29643	9
29644	10
29645	10
29646	11
29647	10
29648	9
29649	9
29650	10
29651	9
29652	8
29653	9
29654	9
29655	10
29656	9
29657	8
29658	8
29659	9
29660	8
29661	7
29662	8
29663	8
29664	9
29665	8
29666	7
29667	7
29668	8
29669	7
29670	6
29671	6
29672	7
29673	7
29674	8
29675	7
29676	6
29677	8
29678	9
29679	8
29680	7
29681	8
29682	7
29683	6
29684	7
29685	6
29686	5
29687	7
29688	8
29689	8
29690	9
29691	9
29692	10
29693	9
29694	8
29695	10
29696	11
29697	10
29698	9
29699	10
29700	9
29701	8
29702	9
29703	8
29704	7
29705	7
29706	8
29707	8
29708	9
29709	8
29710	7
29711	9
29712	10
29713	9
29714	8
29715	9
29716	8
29717	7
29718	8
29719	7
29720	6
29721	7
29722	7
29723	8
29724	8
29725	9
29726	8
29727	7
29728	9
29729	10
29730	9
29731	8
29732	9
29733	8
29734	7
29735	8
29736	7
29737	6
29738	6
29739	7
29740	7
29741	8
29742	7
29743	6
29744	8
29745	9
29746	8
29747	7
29748	8
29749	7
29750	6
29751	7
29752	6
29753	5
29754	6
29755	6
29756	7
29757	9
29758	10
29759	9
29760	8
29761	9
29762	8
29763	7
29764	8
29765	7
29766	6
29767	6
29768	7
29769	6
29770	5
29771	5
29772	6
29773	8
29774	9
29775	8
29776	7
29777	8
29778	7
29779	6
29780	7
29781	6
29782	5
29783	5
29784	6
29785	5
29786	4
29787	5
29788	5
29789	6
29790	8
29791	9
29792	9
29793	10
29794	10
29795	11
29796	10
29797	9
29798	11
29799	12
29800	11
29801	10
29802	11
29803	10
29804	9
29805	10
29806	9
29807	8
29808	8
29809	9
29810	9
29811	10
29812	9
29813	8
29814	10
29815	11
29816	10
29817	9
29818	10
29819	9
29820	8
29821	9
29822	8
29823	7
29824	8
29825	8
29826	9
29827	11
29828	12
29829	11
29830	10
29831	11
29832	10
29833	9
29834	10
29835	9
29836	8
29837	8
29838	9
29839	8
29840	7
29841	7
29842	8
29843	10
29844	11
29845	10
29846	9
29847	10
29848	9
29849	8
29850	9
29851	8
29852	7
29853	7
29854	8
29855	7
29856	6
29857	7
29858	7
29859	8
29860	10
29861	11
29862	10
29863	9
29864	10
29865	9
29866	8
29867	9
29868	8
29869	7
29870	7
29871	8
29872	7
29873	6
29874	6
29875	7
29876	9
29877	10
29878	9
29879	8
29880	9
29881	8
29882	7
29883	8
29884	7
29885	6
29886	6
29887	7
29888	6
29889	5
29890	5
29891	6
29892	6
29893	7
29894	9
29895	10
29896	9
29897	8
29898	9
29899	8
29900	7
29901	8
29902	7
29903	6
29904	6
29905	7
29906	6
29907	5
29908	7
29909	8
29910	8
29911	9
29912	8
29913	7
29914	7
29915	8
29916	7
29917	6
29918	7
29919	7
29920	8
29921	7
29922	6
29923	6
29924	7
29925	6
29926	5
29927	6
29928	6
29929	7
29930	6
29931	5
29932	5
29933	6
29934	5
29935	4
29936	4
29937	5
29938	7
29939	8
29940	8
29941	9
29942	9
29943	10
29944	9
29945	8
29946	10
29947	11
29948	10
29949	9
29950	10
29951	9
29952	8
29953	9
29954	8
29955	7
29956	7
29957	8
29958	8
29959	9
29960	8
29961	7
29962	9
29963	10
29964	9
29965	8
29966	9
29967	8
29968	7
29969	8
29970	7
29971	6
29972	7
29973	7
29974	8
29975	10
29976	11
29977	10
29978	9
29979	10
29980	9
29981	8
29982	9
29983	8
29984	7
29985	7
29986	8
29987	7
29988	6
29989	6
29990	7
29991	9
29992	10
29993	9
29994	8
29995	9
29996	8
29997	7
29998	8
29999	7
30000	6
30001	6
30002	7
30003	6
30004	5
30005	6
30006	6
30007	7
30008	9
30009	10
30010	9
30011	8
30012	9
30013	8
30014	7
30015	8
30016	7
30017	6
30018	6
30019	7
30020	6
30021	5
30022	5
30023	6
30024	8
30025	9
30026	8
30027	7
30028	8
30029	7
30030	6
30031	7
30032	6
30033	5
30034	5
30035	6
30036	5
30037	4
30038	4
30039	5
30040	5
30041	6
30042	8
30043	9
30044	8
30045	7
30046	8
30047	7
30048	6
30049	7
30050	6
30051	5
30052	5
30053	6
30054	5
30055	4
30056	6
30057	7
30058	7
30059	8
30060	7
30061	6
30062	6
30063	7
30064	6
30065	5
30066	6
30067	6
30068	7
30069	6
30070	5
30071	5
30072	6
30073	5
30074	4
30075	5
30076	5
30077	6
30078	5
30079	4
30080	4
30081	5
30082	4
30083	3
30084	3
30085	4
30086	4
30087	5
30088	7
30089	8
30090	8
30091	9
30092	9
30093	10
30094	12
30095	13
30096	12
30097	11
30098	12
30099	11
30100	10
30101	11
30102	10
30103	9
30104	9
30105	10
30106	9
30107	8
30108	10
30109	11
30110	11
30111	12
30112	11
30113	10
30114	10
30115	11
30116	10
30117	9
30118	10
30119	10
30120	11
30121	10
30122	9
30123	9
30124	10
30125	9
30126	8
30127	9
30128	9
30129	10
30130	9
30131	8
30132	8
30133	9
30134	8
30135	7
30136	7
30137	8
30138	8
30139	9
30140	11
30141	12
30142	11
30143	10
30144	11
30145	10
30146	9
30147	10
30148	9
30149	8
30150	8
30151	9
30152	8
30153	7
30154	9
30155	10
30156	10
30157	11
30158	10
30159	9
30160	9
30161	10
30162	9
30163	8
30164	9
30165	9
30166	10
30167	9
30168	8
30169	8
30170	9
30171	8
30172	7
30173	8
30174	8
30175	9
30176	8
30177	7
30178	7
30179	8
30180	7
30181	6
30182	7
30183	7
30184	8
30185	10
30186	11
30187	11
30188	12
30189	11
30190	10
30191	10
30192	11
30193	10
30194	9
30195	10
30196	10
30197	11
30198	10
30199	9
30200	9
30201	10
30202	9
30203	8
30204	9
30205	9
30206	10
30207	9
30208	8
30209	8
30210	9
30211	8
30212	7
30213	7
30214	8
30215	8
30216	9
30217	8
30218	7
30219	9
30220	10
30221	9
30222	8
30223	9
30224	8
30225	7
30226	8
30227	7
30228	6
30229	6
30230	7
30231	9
30232	10
30233	10
30234	11
30235	10
30236	9
30237	9
30238	10
30239	9
30240	8
30241	9
30242	9
30243	10
30244	9
30245	8
30246	8
30247	9
30248	8
30249	7
30250	8
30251	8
30252	9
30253	8
30254	7
30255	7
30256	8
30257	7
30258	6
30259	6
30260	7
30261	7
30262	8
30263	7
30264	6
30265	8
30266	9
30267	8
30268	7
30269	8
30270	7
30271	6
30272	7
30273	6
30274	5
30275	6
30276	6
30277	7
30278	9
30279	10
30280	10
30281	11
30282	10
30283	9
30284	9
30285	10
30286	9
30287	8
30288	9
30289	9
30290	10
30291	9
30292	8
30293	8
30294	9
30295	8
30296	7
30297	8
30298	8
30299	9
30300	8
30301	7
30302	7
30303	8
30304	7
30305	6
30306	6
30307	7
30308	7
30309	8
30310	7
30311	6
30312	8
30313	9
30314	8
30315	7
30316	8
30317	7
30318	6
30319	7
30320	6
30321	5
30322	5
30323	6
30324	8
30325	9
30326	9
30327	10
30328	9
30329	8
30330	8
30331	9
30332	8
30333	7
30334	8
30335	8
30336	9
30337	8
30338	7
30339	7
30340	8
30341	7
30342	6
30343	7
30344	7
30345	8
30346	7
30347	6
30348	6
30349	7
30350	6
30351	5
30352	5
30353	6
30354	6
30355	7
30356	6
30357	5
30358	7
30359	8
30360	7
30361	6
30362	7
30363	6
30364	5
30365	6
30366	5
30367	4
30368	4
30369	5
30370	5
30371	6
30372	8
30373	9
30374	9
30375	10
30376	9
30377	8
30378	8
30379	9
30380	8
30381	7
30382	8
30383	8
30384	9
30385	8
30386	7
30387	7
30388	8
30389	7
30390	6
30391	7
30392	7
30393	8
30394	7
30395	6
30396	6
30397	7
30398	6
30399	5
30400	5
30401	6
30402	6
30403	7
30404	6
30405	5
30406	7
30407	8
30408	7
30409	6
30410	7
30411	6
30412	5
30413	6
30414	5
30415	4
30416	6
30417	7
30418	7
30419	8
30420	8
30421	9
30422	8
30423	7
30424	9
30425	10
30426	9
30427	8
30428	9
30429	8
30430	7
30431	8
30432	7
30433	6
30434	6
30435	7
30436	7
30437	8
30438	7
30439	6
30440	8
30441	9
30442	8
30443	7
30444	8
30445	7
30446	6
30447	7
30448	6
30449	5
30450	6
30451	6
30452	7
30453	7
30454	8
30455	7
30456	6
30457	8
30458	9
30459	8
30460	7
30461	8
30462	7
30463	6
30464	7
30465	6
30466	5
30467	5
30468	6
30469	6
30470	7
30471	6
30472	5
30473	7
30474	8
30475	7
30476	6
30477	7
30478	6
30479	5
30480	6
30481	5
30482	4
30483	5
30484	5
30485	6
30486	8
30487	9
30488	8
30489	7
30490	8
30491	7
30492	6
30493	7
30494	6
30495	5
30496	5
30497	6
30498	5
30499	4
30500	4
30501	5
30502	7
30503	8
30504	7
30505	6
30506	7
30507	6
30508	5
30509	6
30510	5
30511	4
30512	4
30513	5
30514	4
30515	3
30516	5
30517	6
30518	6
30519	7
30520	7
30521	8
30522	10
30523	11
30524	11
30525	12
30526	11
30527	10
30528	10
30529	11
30530	10
30531	9
30532	10
30533	10
30534	11
30535	10
30536	9
30537	9
30538	10
30539	9
30540	8
30541	9
30542	9
30543	10
30544	9
30545	8
30546	8
30547	9
30548	8
30549	7
30550	7
30551	8
30552	8
30553	9
30554	8
30555	7
30556	9
30557	10
30558	9
30559	8
30560	9
30561	8
30562	7
30563	8
30564	7
30565	6
30566	8
30567	9
30568	9
30569	10
30570	10
30571	11
30572	10
30573	9
30574	11
30575	12
30576	11
30577	10
30578	11
30579	10
30580	9
30581	10
30582	9
30583	8
30584	8
30585	9
30586	9
30587	10
30588	9
30589	8
30590	10
30591	11
30592	10
30593	9
30594	10
30595	9
30596	8
30597	9
30598	8
30599	7
30600	8
30601	8
30602	9
30603	9
30604	10
30605	9
30606	8
30607	10
30608	11
30609	10
30610	9
30611	10
30612	9
30613	8
30614	9
30615	8
30616	7
30617	7
30618	8
30619	8
30620	9
30621	8
30622	7
30623	9
30624	10
30625	9
30626	8
30627	9
30628	8
30629	7
30630	8
30631	7
30632	6
30633	7
30634	7
30635	8
30636	10
30637	11
30638	10
30639	9
30640	10
30641	9
30642	8
30643	9
30644	8
30645	7
30646	7
30647	8
30648	7
30649	6
30650	6
30651	7
30652	9
30653	10
30654	9
30655	8
30656	9
30657	8
30658	7
30659	8
30660	7
30661	6
30662	6
30663	7
30664	6
30665	5
30666	5
30667	6
30668	6
30669	7
30670	9
30671	10
30672	10
30673	11
30674	10
30675	9
30676	9
30677	10
30678	9
30679	8
30680	9
30681	9
30682	10
30683	9
30684	8
30685	8
30686	9
30687	8
30688	7
30689	8
30690	8
30691	9
30692	8
30693	7
30694	7
30695	8
30696	7
30697	6
30698	6
30699	7
30700	7
30701	8
30702	7
30703	6
30704	8
30705	9
30706	8
30707	7
30708	8
30709	7
30710	6
30711	7
30712	6
30713	5
30714	7
30715	8
30716	8
30717	9
30718	9
30719	10
30720	9
30721	8
30722	10
30723	11
30724	10
30725	9
30726	10
30727	9
30728	8
30729	9
30730	8
30731	7
30732	7
30733	8
30734	8
30735	9
30736	8
30737	7
30738	9
30739	10
30740	9
30741	8
30742	9
30743	8
30744	7
30745	8
30746	7
30747	6
30748	7
30749	7
30750	8
30751	8
30752	9
30753	8
30754	7
30755	9
30756	10
30757	9
30758	8
30759	9
30760	8
30761	7
30762	8
30763	7
30764	6
30765	6
30766	7
30767	7
30768	8
30769	7
30770	6
30771	8
30772	9
30773	8
30774	7
30775	8
30776	7
30777	6
30778	7
30779	6
30780	5
30781	6
30782	6
30783	7
30784	9
30785	10
30786	9
30787	8
30788	9
30789	8
30790	7
30791	8
30792	7
30793	6
30794	6
30795	7
30796	6
30797	5
30798	5
30799	6
30800	8
30801	9
30802	8
30803	7
30804	8
30805	7
30806	6
30807	7
30808	6
30809	5
30810	5
30811	6
30812	5
30813	4
30814	5
30815	5
30816	6
30817	6
30818	7
30819	9
30820	10
30821	10
30822	11
30823	10
30824	9
30825	9
30826	10
30827	9
30828	8
30829	9
30830	9
30831	10
30832	9
30833	8
30834	8
30835	9
30836	8
30837	7
30838	8
30839	8
30840	9
30841	8
30842	7
30843	7
30844	8
30845	7
30846	6
30847	6
30848	7
30849	7
30850	8
30851	7
30852	6
30853	8
30854	9
30855	8
30856	7
30857	8
30858	7
30859	6
30860	7
30861	6
30862	5
30863	7
30864	8
30865	8
30866	9
30867	9
30868	10
30869	9
30870	8
30871	10
30872	11
30873	10
30874	9
30875	10
30876	9
30877	8
30878	9
30879	8
30880	7
30881	7
30882	8
30883	8
30884	9
30885	8
30886	7
30887	9
30888	10
30889	9
30890	8
30891	9
30892	8
30893	7
30894	8
30895	7
30896	6
30897	7
30898	7
30899	8
30900	8
30901	9
30902	8
30903	7
30904	9
30905	10
30906	9
30907	8
30908	9
30909	8
30910	7
30911	8
30912	7
30913	6
30914	6
30915	7
30916	7
30917	8
30918	7
30919	6
30920	8
30921	9
30922	8
30923	7
30924	8
30925	7
30926	6
30927	7
30928	6
30929	5
30930	6
30931	6
30932	7
30933	9
30934	10
30935	9
30936	8
30937	9
30938	8
30939	7
30940	8
30941	7
30942	6
30943	6
30944	7
30945	6
30946	5
30947	5
30948	6
30949	8
30950	9
30951	8
30952	7
30953	8
30954	7
30955	6
30956	7
30957	6
30958	5
30959	5
30960	6
30961	5
30962	4
30963	4
30964	5
30965	5
30966	6
30967	8
30968	9
30969	9
30970	10
30971	9
30972	8
30973	8
30974	9
30975	8
30976	7
30977	8
30978	8
30979	9
30980	8
30981	7
30982	7
30983	8
30984	7
30985	6
30986	7
30987	7
30988	8
30989	7
30990	6
30991	6
30992	7
30993	6
30994	5
30995	5
30996	6
30997	6
30998	7
30999	6
31000	5
31001	7
31002	8
31003	7
31004	6
31005	7
31006	6
31007	5
31008	6
31009	5
31010	4
31011	6
31012	7
31013	7
31014	8
31015	8
31016	9
31017	8
31018	7
31019	9
31020	10
31021	9
31022	8
31023	9
31024	8
31025	7
31026	8
31027	7
31028	6
31029	6
31030	7
31031	7
31032	8
31033	7
31034	6
31035	8
31036	9
31037	8
31038	7
31039	8
31040	7
31041	6
31042	7
31043	6
31044	5
31045	6
31046	6
31047	7
31048	7
31049	8
31050	7
31051	6
31052	8
31053	9
31054	8
31055	7
31056	8
31057	7
31058	6
31059	7
31060	6
31061	5
31062	5
31063	6
31064	6
31065	7
31066	6
31067	5
31068	7
31069	8
31070	7
31071	6
31072	7
31073	6
31074	5
31075	6
31076	5
31077	4
31078	5
31079	5
31080	6
31081	8
31082	9
31083	8
31084	7
31085	8
31086	7
31087	6
31088	7
31089	6
31090	5
31091	5
31092	6
31093	5
31094	4
31095	4
31096	5
31097	7
31098	8
31099	7
31100	6
31101	7
31102	6
31103	5
31104	6
31105	5
31106	4
31107	4
31108	5
31109	4
31110	3
31111	4
31112	4
31113	5
31114	7
31115	8
31116	8
31117	9
31118	9
31119	10
31120	9
31121	8
31122	10
31123	11
31124	10
31125	9
31126	10
31127	9
31128	8
31129	9
31130	8
31131	7
31132	7
31133	8
31134	8
31135	9
31136	8
31137	7
31138	9
31139	10
31140	9
31141	8
31142	9
31143	8
31144	7
31145	8
31146	7
31147	6
31148	7
31149	7
31150	8
31151	10
31152	11
31153	10
31154	9
31155	10
31156	9
31157	8
31158	9
31159	8
31160	7
31161	7
31162	8
31163	7
31164	6
31165	6
31166	7
31167	9
31168	10
31169	9
31170	8
31171	9
31172	8
31173	7
31174	8
31175	7
31176	6
31177	6
31178	7
31179	6
31180	5
31181	6
31182	6
31183	7
31184	9
31185	10
31186	9
31187	8
31188	9
31189	8
31190	7
31191	8
31192	7
31193	6
31194	6
31195	7
31196	6
31197	5
31198	5
31199	6
31200	8
31201	9
31202	8
31203	7
31204	8
31205	7
31206	6
31207	7
31208	6
31209	5
31210	5
31211	6
31212	5
31213	4
31214	4
31215	5
31216	5
31217	6
31218	8
31219	9
31220	8
31221	7
31222	8
31223	7
31224	6
31225	7
31226	6
31227	5
31228	5
31229	6
31230	5
31231	4
31232	6
31233	7
31234	7
31235	8
31236	7
31237	6
31238	6
31239	7
31240	6
31241	5
31242	6
31243	6
31244	7
31245	6
31246	5
31247	5
31248	6
31249	5
31250	4
31251	5
31252	5
31253	6
31254	5
31255	4
31256	4
31257	5
31258	4
31259	3
31260	3
31261	4
31262	6
31263	7
31264	7
31265	8
31266	8
31267	9
31268	8
31269	7
31270	9
31271	10
31272	9
31273	8
31274	9
31275	8
31276	7
31277	8
31278	7
31279	6
31280	6
31281	7
31282	7
31283	8
31284	7
31285	6
31286	8
31287	9
31288	8
31289	7
31290	8
31291	7
31292	6
31293	7
31294	6
31295	5
31296	6
31297	6
31298	7
31299	9
31300	10
31301	9
31302	8
31303	9
31304	8
31305	7
31306	8
31307	7
31308	6
31309	6
31310	7
31311	6
31312	5
31313	5
31314	6
31315	8
31316	9
31317	8
31318	7
31319	8
31320	7
31321	6
31322	7
31323	6
31324	5
31325	5
31326	6
31327	5
31328	4
31329	5
31330	5
31331	6
31332	8
31333	9
31334	8
31335	7
31336	8
31337	7
31338	6
31339	7
31340	6
31341	5
31342	5
31343	6
31344	5
31345	4
31346	4
31347	5
31348	7
31349	8
31350	7
31351	6
31352	7
31353	6
31354	5
31355	6
31356	5
31357	4
31358	4
31359	5
31360	4
31361	3
31362	3
31363	4
31364	4
31365	5
31366	7
31367	8
31368	7
31369	6
31370	7
31371	6
31372	5
31373	6
31374	5
31375	4
31376	4
31377	5
31378	4
31379	3
31380	5
31381	6
31382	6
31383	7
31384	6
31385	5
31386	5
31387	6
31388	5
31389	4
31390	5
31391	5
31392	6
31393	5
31394	4
31395	4
31396	5
31397	4
31398	3
31399	4
31400	4
31401	5
31402	4
31403	3
31404	3
31405	4
31406	3
31407	2
31408	3
31409	3
31410	4
31411	4
31412	5
31413	7
31414	8
31415	8
31416	9
31417	9
31418	10
31419	12
31420	13
31421	12
31422	11
31423	12
31424	11
31425	10
31426	11
31427	10
31428	9
31429	9
31430	10
31431	9
31432	8
31433	10
31434	11
31435	11
31436	12
31437	11
31438	10
31439	10
31440	11
31441	10
31442	9
31443	10
31444	10
31445	11
31446	10
31447	9
31448	9
31449	10
31450	9
31451	8
31452	9
31453	9
31454	10
31455	9
31456	8
31457	8
31458	9
31459	8
31460	7
31461	7
31462	8
31463	8
31464	9
31465	11
31466	12
31467	11
31468	10
31469	11
31470	10
31471	9
31472	10
31473	9
31474	8
31475	8
31476	9
31477	8
31478	7
31479	9
31480	10
31481	10
31482	11
31483	10
31484	9
31485	9
31486	10
31487	9
31488	8
31489	9
31490	9
31491	10
31492	9
31493	8
31494	8
31495	9
31496	8
31497	7
31498	8
31499	8
31500	9
31501	8
31502	7
31503	7
31504	8
31505	7
31506	6
31507	7
31508	7
31509	8
31510	10
31511	11
31512	11
31513	12
31514	11
31515	10
31516	10
31517	11
31518	10
31519	9
31520	10
31521	10
31522	11
31523	10
31524	9
31525	9
31526	10
31527	9
31528	8
31529	9
31530	9
31531	10
31532	9
31533	8
31534	8
31535	9
31536	8
31537	7
31538	7
31539	8
31540	8
31541	9
31542	8
31543	7
31544	9
31545	10
31546	9
31547	8
31548	9
31549	8
31550	7
31551	8
31552	7
31553	6
31554	6
31555	7
31556	9
31557	10
31558	10
31559	11
31560	10
31561	9
31562	9
31563	10
31564	9
31565	8
31566	9
31567	9
31568	10
31569	9
31570	8
31571	8
31572	9
31573	8
31574	7
31575	8
31576	8
31577	9
31578	8
31579	7
31580	7
31581	8
31582	7
31583	6
31584	6
31585	7
31586	7
31587	8
31588	7
31589	6
31590	8
31591	9
31592	8
31593	7
31594	8
31595	7
31596	6
31597	7
31598	6
31599	5
31600	6
31601	6
31602	7
31603	9
31604	10
31605	10
31606	11
31607	10
31608	9
31609	9
31610	10
31611	9
31612	8
31613	9
31614	9
31615	10
31616	9
31617	8
31618	8
31619	9
31620	8
31621	7
31622	8
31623	8
31624	9
31625	8
31626	7
31627	7
31628	8
31629	7
31630	6
31631	6
31632	7
31633	7
31634	8
31635	7
31636	6
31637	8
31638	9
31639	8
31640	7
31641	8
31642	7
31643	6
31644	7
31645	6
31646	5
31647	5
31648	6
31649	8
31650	9
31651	9
31652	10
31653	9
31654	8
31655	8
31656	9
31657	8
31658	7
31659	8
31660	8
31661	9
31662	8
31663	7
31664	7
31665	8
31666	7
31667	6
31668	7
31669	7
31670	8
31671	7
31672	6
31673	6
31674	7
31675	6
31676	5
31677	5
31678	6
31679	6
31680	7
31681	6
31682	5
31683	7
31684	8
31685	7
31686	6
31687	7
31688	6
31689	5
31690	6
31691	5
31692	4
31693	4
31694	5
31695	5
31696	6
31697	8
31698	9
31699	9
31700	10
31701	9
31702	8
31703	8
31704	9
31705	8
31706	7
31707	8
31708	8
31709	9
31710	8
31711	7
31712	7
31713	8
31714	7
31715	6
31716	7
31717	7
31718	8
31719	7
31720	6
31721	6
31722	7
31723	6
31724	5
31725	5
31726	6
31727	6
31728	7
31729	6
31730	5
31731	7
31732	8
31733	7
31734	6
31735	7
31736	6
31737	5
31738	6
31739	5
31740	4
31741	6
31742	7
31743	7
31744	8
31745	8
31746	9
31747	8
31748	7
31749	9
31750	10
31751	9
31752	8
31753	9
31754	8
31755	7
31756	8
31757	7
31758	6
31759	6
31760	7
31761	7
31762	8
31763	7
31764	6
31765	8
31766	9
31767	8
31768	7
31769	8
31770	7
31771	6
31772	7
31773	6
31774	5
31775	6
31776	6
31777	7
31778	7
31779	8
31780	7
31781	6
31782	8
31783	9
31784	8
31785	7
31786	8
31787	7
31788	6
31789	7
31790	6
31791	5
31792	5
31793	6
31794	6
31795	7
31796	6
31797	5
31798	7
31799	8
31800	7
31801	6
31802	7
31803	6
31804	5
31805	6
31806	5
31807	4
31808	5
31809	5
31810	6
31811	8
31812	9
31813	8
31814	7
31815	8
31816	7
31817	6
31818	7
31819	6
31820	5
31821	5
31822	6
31823	5
31824	4
31825	4
31826	5
31827	7
31828	8
31829	7
31830	6
31831	7
31832	6
31833	5
31834	6
31835	5
31836	4
31837	4
31838	5
31839	4
31840	3
31841	5
31842	6
31843	6
31844	7
31845	7
31846	8
31847	10
31848	11
31849	11
31850	12
31851	11
31852	10
31853	10
31854	11
31855	10
31856	9
31857	10
31858	10
31859	11
31860	10
31861	9
31862	9
31863	10
31864	9
31865	8
31866	9
31867	9
31868	10
31869	9
31870	8
31871	8
31872	9
31873	8
31874	7
31875	7
31876	8
31877	8
31878	9
31879	8
31880	7
31881	9
31882	10
31883	9
31884	8
31885	9
31886	8
31887	7
31888	8
31889	7
31890	6
31891	8
31892	9
31893	9
31894	10
31895	10
31896	11
31897	10
31898	9
31899	11
31900	12
31901	11
31902	10
31903	11
31904	10
31905	9
31906	10
31907	9
31908	8
31909	8
31910	9
31911	9
31912	10
31913	9
31914	8
31915	10
31916	11
31917	10
31918	9
31919	10
31920	9
31921	8
31922	9
31923	8
31924	7
31925	8
31926	8
31927	9
31928	9
31929	10
31930	9
31931	8
31932	10
31933	11
31934	10
31935	9
31936	10
31937	9
31938	8
31939	9
31940	8
31941	7
31942	7
31943	8
31944	8
31945	9
31946	8
31947	7
31948	9
31949	10
31950	9
31951	8
31952	9
31953	8
31954	7
31955	8
31956	7
31957	6
31958	7
31959	7
31960	8
31961	10
31962	11
31963	10
31964	9
31965	10
31966	9
31967	8
31968	9
31969	8
31970	7
31971	7
31972	8
31973	7
31974	6
31975	6
31976	7
31977	9
31978	10
31979	9
31980	8
31981	9
31982	8
31983	7
31984	8
31985	7
31986	6
31987	6
31988	7
31989	6
31990	5
31991	5
31992	6
31993	6
31994	7
31995	9
31996	10
31997	10
31998	11
31999	10
32000	9
32001	9
32002	10
32003	9
32004	8
32005	9
32006	9
32007	10
32008	9
32009	8
32010	8
32011	9
32012	8
32013	7
32014	8
32015	8
32016	9
32017	8
32018	7
32019	7
32020	8
32021	7
32022	6
32023	6
32024	7
32025	7
32026	8
32027	7
32028	6
32029	8
32030	9
32031	8
32032	7
32033	8
32034	7
32035	6
32036	7
32037	6
32038	5
32039	7
32040	8
32041	8
32042	9
32043	9
32044	10
32045	9
32046	8
32047	10
32048	11
32049	10
32050	9
32051	10
32052	9
32053	8
32054	9
32055	8
32056	7
32057	7
32058	8
32059	8
32060	9
32061	8
32062	7
32063	9
32064	10
32065	9
32066	8
32067	9
32068	8
32069	7
32070	8
32071	7
32072	6
32073	7
32074	7
32075	8
32076	8
32077	9
32078	8
32079	7
32080	9
32081	10
32082	9
32083	8
32084	9
32085	8
32086	7
32087	8
32088	7
32089	6
32090	6
32091	7
32092	7
32093	8
32094	7
32095	6
32096	8
32097	9
32098	8
32099	7
32100	8
32101	7
32102	6
32103	7
32104	6
32105	5
32106	6
32107	6
32108	7
32109	9
32110	10
32111	9
32112	8
32113	9
32114	8
32115	7
32116	8
32117	7
32118	6
32119	6
32120	7
32121	6
32122	5
32123	5
32124	6
32125	8
32126	9
32127	8
32128	7
32129	8
32130	7
32131	6
32132	7
32133	6
32134	5
32135	5
32136	6
32137	5
32138	4
32139	5
32140	5
32141	6
32142	6
32143	7
32144	9
32145	10
32146	10
32147	11
32148	10
32149	9
32150	9
32151	10
32152	9
32153	8
32154	9
32155	9
32156	10
32157	9
32158	8
32159	8
32160	9
32161	8
32162	7
32163	8
32164	8
32165	9
32166	8
32167	7
32168	7
32169	8
32170	7
32171	6
32172	6
32173	7
32174	7
32175	8
32176	7
32177	6
32178	8
32179	9
32180	8
32181	7
32182	8
32183	7
32184	6
32185	7
32186	6
32187	5
32188	7
32189	8
32190	8
32191	9
32192	9
32193	10
32194	9
32195	8
32196	10
32197	11
32198	10
32199	9
32200	10
32201	9
32202	8
32203	9
32204	8
32205	7
32206	7
32207	8
32208	8
32209	9
32210	8
32211	7
32212	9
32213	10
32214	9
32215	8
32216	9
32217	8
32218	7
32219	8
32220	7
32221	6
32222	7
32223	7
32224	8
32225	8
32226	9
32227	8
32228	7
32229	9
32230	10
32231	9
32232	8
32233	9
32234	8
32235	7
32236	8
32237	7
32238	6
32239	6
32240	7
32241	7
32242	8
32243	7
32244	6
32245	8
32246	9
32247	8
32248	7
32249	8
32250	7
32251	6
32252	7
32253	6
32254	5
32255	6
32256	6
32257	7
32258	9
32259	10
32260	9
32261	8
32262	9
32263	8
32264	7
32265	8
32266	7
32267	6
32268	6
32269	7
32270	6
32271	5
32272	5
32273	6
32274	8
32275	9
32276	8
32277	7
32278	8
32279	7
32280	6
32281	7
32282	6
32283	5
32284	5
32285	6
32286	5
32287	4
32288	4
32289	5
32290	5
32291	6
32292	8
32293	9
32294	9
32295	10
32296	9
32297	8
32298	8
32299	9
32300	8
32301	7
32302	8
32303	8
32304	9
32305	8
32306	7
32307	7
32308	8
32309	7
32310	6
32311	7
32312	7
32313	8
32314	7
32315	6
32316	6
32317	7
32318	6
32319	5
32320	5
32321	6
32322	6
32323	7
32324	6
32325	5
32326	7
32327	8
32328	7
32329	6
32330	7
32331	6
32332	5
32333	6
32334	5
32335	4
32336	6
32337	7
32338	7
32339	8
32340	8
32341	9
32342	8
32343	7
32344	9
32345	10
32346	9
32347	8
32348	9
32349	8
32350	7
32351	8
32352	7
32353	6
32354	6
32355	7
32356	7
32357	8
32358	7
32359	6
32360	8
32361	9
32362	8
32363	7
32364	8
32365	7
32366	6
32367	7
32368	6
32369	5
32370	6
32371	6
32372	7
32373	7
32374	8
32375	7
32376	6
32377	8
32378	9
32379	8
32380	7
32381	8
32382	7
32383	6
32384	7
32385	6
32386	5
32387	5
32388	6
32389	6
32390	7
32391	6
32392	5
32393	7
32394	8
32395	7
32396	6
32397	7
32398	6
32399	5
32400	6
32401	5
32402	4
32403	5
32404	5
32405	6
32406	8
32407	9
32408	8
32409	7
32410	8
32411	7
32412	6
32413	7
32414	6
32415	5
32416	5
32417	6
32418	5
32419	4
32420	4
32421	5
32422	7
32423	8
32424	7
32425	6
32426	7
32427	6
32428	5
32429	6
32430	5
32431	4
32432	4
32433	5
32434	4
32435	3
32436	4
32437	4
32438	5
32439	7
32440	8
32441	8
32442	9
32443	9
32444	10
32445	9
32446	8
32447	10
32448	11
32449	10
32450	9
32451	10
32452	9
32453	8
32454	9
32455	8
32456	7
32457	7
32458	8
32459	8
32460	9
32461	8
32462	7
32463	9
32464	10
32465	9
32466	8
32467	9
32468	8
32469	7
32470	8
32471	7
32472	6
32473	7
32474	7
32475	8
32476	10
32477	11
32478	10
32479	9
32480	10
32481	9
32482	8
32483	9
32484	8
32485	7
32486	7
32487	8
32488	7
32489	6
32490	6
32491	7
32492	9
32493	10
32494	9
32495	8
32496	9
32497	8
32498	7
32499	8
32500	7
32501	6
32502	6
32503	7
32504	6
32505	5
32506	6
32507	6
32508	7
32509	9
32510	10
32511	9
32512	8
32513	9
32514	8
32515	7
32516	8
32517	7
32518	6
32519	6
32520	7
32521	6
32522	5
32523	5
32524	6
32525	8
32526	9
32527	8
32528	7
32529	8
32530	7
32531	6
32532	7
32533	6
32534	5
32535	5
32536	6
32537	5
32538	4
32539	4
32540	5
32541	5
32542	6
32543	8
32544	9
32545	8
32546	7
32547	8
32548	7
32549	6
32550	7
32551	6
32552	5
32553	5
32554	6
32555	5
32556	4
32557	6
32558	7
32559	7
32560	8
32561	7
32562	6
32563	6
32564	7
32565	6
32566	5
32567	6
32568	6
32569	7
32570	6
32571	5
32572	5
32573	6
32574	5
32575	4
32576	5
32577	5
32578	6
32579	5
32580	4
32581	4
32582	5
32583	4
32584	3
32585	3
32586	4
32587	6
32588	7
32589	7
32590	8
32591	8
32592	9
32593	8
32594	7
32595	9
32596	10
32597	9
32598	8
32599	9
32600	8
32601	7
32602	8
32603	7
32604	6
32605	6
32606	7
32607	7
32608	8
32609	7
32610	6
32611	8
32612	9
32613	8
32614	7
32615	8
32616	7
32617	6
32618	7
32619	6
32620	5
32621	6
32622	6
32623	7
32624	9
32625	10
32626	9
32627	8
32628	9
32629	8
32630	7
32631	8
32632	7
32633	6
32634	6
32635	7
32636	6
32637	5
32638	5
32639	6
32640	8
32641	9
32642	8
32643	7
32644	8
32645	7
32646	6
32647	7
32648	6
32649	5
32650	5
32651	6
32652	5
32653	4
32654	5
32655	5
32656	6
32657	8
32658	9
32659	8
32660	7
32661	8
32662	7
32663	6
32664	7
32665	6
32666	5
32667	5
32668	6
32669	5
32670	4
32671	4
32672	5
32673	7
32674	8
32675	7
32676	6
32677	7
32678	6
32679	5
32680	6
32681	5
32682	4
32683	4
32684	5
32685	4
32686	3
32687	3
32688	4
32689	4
32690	5
32691	7
32692	8
32693	7
32694	6
32695	7
32696	6
32697	5
32698	6
32699	5
32700	4
32701	4
32702	5
32703	4
32704	3
32705	5
32706	6
32707	6
32708	7
32709	6
32710	5
32711	5
32712	6
32713	5
32714	4
32715	5
32716	5
32717	6
32718	5
32719	4
32720	4
32721	5
32722	4
32723	3
32724	4
32725	4
32726	5
32727	4
32728	3
32729	3
32730	4
32731	3
32732	2
32733	2
32734	3
32735	3
32736	4
32737	6
32738	7
32739	7
32740	8
32741	8
32742	9
32743	11
32744	12
32745	11
32746	10
32747	11
32748	10
32749	9
32750	10
32751	9
32752	8
32753	8
32754	9
32755	8
32756	7
32757	9
32758	10
32759	10
32760	11
32761	10
32762	9
32763	9
32764	10
32765	9
32766	8
32767	9
32768	9
32769	10
32770	9
32771	8
32772	8
32773	9
32774	8
32775	7
32776	8
32777	8
32778	9
32779	8
32780	7
32781	7
32782	8
32783	7
32784	6
32785	6
32786	7
32787	7
32788	8
32789	10
32790	11
32791	10
32792	9
32793	10
32794	9
32795	8
32796	9
32797	8
32798	7
32799	7
32800	8
32801	7
32802	6
32803	8
32804	9
32805	9
32806	10
32807	9
32808	8
32809	8
32810	9
32811	8
32812	7
32813	8
32814	8
32815	9
32816	8
32817	7
32818	7
32819	8
32820	7
32821	6
32822	7
32823	7
32824	8
32825	7
32826	6
32827	6
32828	7
32829	6
32830	5
32831	6
32832	6
32833	7
32834	9
32835	10
32836	10
32837	11
32838	10
32839	9
32840	9
32841	10
32842	9
32843	8
32844	9
32845	9
32846	10
32847	9
32848	8
32849	8
32850	9
32851	8
32852	7
32853	8
32854	8
32855	9
32856	8
32857	7
32858	7
32859	8
32860	7
32861	6
32862	6
32863	7
32864	7
32865	8
32866	7
32867	6
32868	8
32869	9
32870	8
32871	7
32872	8
32873	7
32874	6
32875	7
32876	6
32877	5
32878	5
32879	6
32880	8
32881	9
32882	9
32883	10
32884	9
32885	8
32886	8
32887	9
32888	8
32889	7
32890	8
32891	8
32892	9
32893	8
32894	7
32895	7
32896	8
32897	7
32898	6
32899	7
32900	7
32901	8
32902	7
32903	6
32904	6
32905	7
32906	6
32907	5
32908	5
32909	6
32910	6
32911	7
32912	6
32913	5
32914	7
32915	8
32916	7
32917	6
32918	7
32919	6
32920	5
32921	6
32922	5
32923	4
32924	5
32925	5
32926	6
32927	8
32928	9
32929	9
32930	10
32931	9
32932	8
32933	8
32934	9
32935	8
32936	7
32937	8
32938	8
32939	9
32940	8
32941	7
32942	7
32943	8
32944	7
32945	6
32946	7
32947	7
32948	8
32949	7
32950	6
32951	6
32952	7
32953	6
32954	5
32955	5
32956	6
32957	6
32958	7
32959	6
32960	5
32961	7
32962	8
32963	7
32964	6
32965	7
32966	6
32967	5
32968	6
32969	5
32970	4
32971	4
32972	5
32973	7
32974	8
32975	8
32976	9
32977	8
32978	7
32979	7
32980	8
32981	7
32982	6
32983	7
32984	7
32985	8
32986	7
32987	6
32988	6
32989	7
32990	6
32991	5
32992	6
32993	6
32994	7
32995	6
32996	5
32997	5
32998	6
32999	5
33000	4
33001	4
33002	5
33003	5
33004	6
33005	5
33006	4
33007	6
33008	7
33009	6
33010	5
33011	6
33012	5
33013	4
33014	5
33015	4
33016	3
33017	3
33018	4
33019	4
33020	5
33021	7
33022	8
33023	8
33024	9
33025	8
33026	7
33027	7
33028	8
33029	7
33030	6
33031	7
33032	7
33033	8
33034	7
33035	6
33036	6
33037	7
33038	6
33039	5
33040	6
33041	6
33042	7
33043	6
33044	5
33045	5
33046	6
33047	5
33048	4
33049	4
33050	5
33051	5
33052	6
33053	5
33054	4
33055	6
33056	7
33057	6
33058	5
33059	6
33060	5
33061	4
33062	5
33063	4
33064	3
33065	5
33066	6
33067	6
33068	7
33069	7
33070	8
33071	7
33072	6
33073	8
33074	9
33075	8
33076	7
33077	8
33078	7
33079	6
33080	7
33081	6
33082	5
33083	5
33084	6
33085	6
33086	7
33087	6
33088	5
33089	7
33090	8
33091	7
33092	6
33093	7
33094	6
33095	5
33096	6
33097	5
33098	4
33099	5
33100	5
33101	6
33102	6
33103	7
33104	6
33105	5
33106	7
33107	8
33108	7
33109	6
33110	7
33111	6
33112	5
33113	6
33114	5
33115	4
33116	4
33117	5
33118	5
33119	6
33120	5
33121	4
33122	6
33123	7
33124	6
33125	5
33126	6
33127	5
33128	4
33129	5
33130	4
33131	3
33132	4
33133	4
33134	5
33135	7
33136	8
33137	7
33138	6
33139	7
33140	6
33141	5
33142	6
33143	5
33144	4
33145	4
33146	5
33147	4
33148	3
33149	3
33150	4
33151	6
33152	7
33153	6
33154	5
33155	6
33156	5
33157	4
33158	5
33159	4
33160	3
33161	3
33162	4
33163	3
33164	2
33165	4
33166	5
33167	5
33168	6
33169	6
33170	7
33171	9
33172	10
33173	10
33174	11
33175	10
33176	9
33177	9
33178	10
33179	9
33180	8
33181	9
33182	9
33183	10
33184	9
33185	8
33186	8
33187	9
33188	8
33189	7
33190	8
33191	8
33192	9
33193	8
33194	7
33195	7
33196	8
33197	7
33198	6
33199	6
33200	7
33201	7
33202	8
33203	7
33204	6
33205	8
33206	9
33207	8
33208	7
33209	8
33210	7
33211	6
33212	7
33213	6
33214	5
33215	7
33216	8
33217	8
33218	9
33219	9
33220	10
33221	9
33222	8
33223	10
33224	11
33225	10
33226	9
33227	10
33228	9
33229	8
33230	9
33231	8
33232	7
33233	7
33234	8
33235	8
33236	9
33237	8
33238	7
33239	9
33240	10
33241	9
33242	8
33243	9
33244	8
33245	7
33246	8
33247	7
33248	6
33249	7
33250	7
33251	8
33252	8
33253	9
33254	8
33255	7
33256	9
33257	10
33258	9
33259	8
33260	9
33261	8
33262	7
33263	8
33264	7
33265	6
33266	6
33267	7
33268	7
33269	8
33270	7
33271	6
33272	8
33273	9
33274	8
33275	7
33276	8
33277	7
33278	6
33279	7
33280	6
33281	5
33282	6
33283	6
33284	7
33285	9
33286	10
33287	9
33288	8
33289	9
33290	8
33291	7
33292	8
33293	7
33294	6
33295	6
33296	7
33297	6
33298	5
33299	5
33300	6
33301	8
33302	9
33303	8
33304	7
33305	8
33306	7
33307	6
33308	7
33309	6
33310	5
33311	5
33312	6
33313	5
33314	4
33315	4
33316	5
33317	5
33318	6
33319	8
33320	9
33321	9
33322	10
33323	9
33324	8
33325	8
33326	9
33327	8
33328	7
33329	8
33330	8
33331	9
33332	8
33333	7
33334	7
33335	8
33336	7
33337	6
33338	7
33339	7
33340	8
33341	7
33342	6
33343	6
33344	7
33345	6
33346	5
33347	5
33348	6
33349	6
33350	7
33351	6
33352	5
33353	7
33354	8
33355	7
33356	6
33357	7
33358	6
33359	5
33360	6
33361	5
33362	4
33363	6
33364	7
33365	7
33366	8
33367	8
33368	9
33369	8
33370	7
33371	9
33372	10
33373	9
33374	8
33375	9
33376	8
33377	7
33378	8
33379	7
33380	6
33381	6
33382	7
33383	7
33384	8
33385	7
33386	6
33387	8
33388	9
33389	8
33390	7
33391	8
33392	7
33393	6
33394	7
33395	6
33396	5
33397	6
33398	6
33399	7
33400	7
33401	8
33402	7
33403	6
33404	8
33405	9
33406	8
33407	7
33408	8
33409	7
33410	6
33411	7
33412	6
33413	5
33414	5
33415	6
33416	6
33417	7
33418	6
33419	5
33420	7
33421	8
33422	7
33423	6
33424	7
33425	6
33426	5
33427	6
33428	5
33429	4
33430	5
33431	5
33432	6
33433	8
33434	9
33435	8
33436	7
33437	8
33438	7
33439	6
33440	7
33441	6
33442	5
33443	5
33444	6
33445	5
33446	4
33447	4
33448	5
33449	7
33450	8
33451	7
33452	6
33453	7
33454	6
33455	5
33456	6
33457	5
33458	4
33459	4
33460	5
33461	4
33462	3
33463	4
33464	4
33465	5
33466	5
33467	6
33468	8
33469	9
33470	9
33471	10
33472	9
33473	8
33474	8
33475	9
33476	8
33477	7
33478	8
33479	8
33480	9
33481	8
33482	7
33483	7
33484	8
33485	7
33486	6
33487	7
33488	7
33489	8
33490	7
33491	6
33492	6
33493	7
33494	6
33495	5
33496	5
33497	6
33498	6
33499	7
33500	6
33501	5
33502	7
33503	8
33504	7
33505	6
33506	7
33507	6
33508	5
33509	6
33510	5
33511	4
33512	6
33513	7
33514	7
33515	8
33516	8
33517	9
33518	8
33519	7
33520	9
33521	10
33522	9
33523	8
33524	9
33525	8
33526	7
33527	8
33528	7
33529	6
33530	6
33531	7
33532	7
33533	8
33534	7
33535	6
33536	8
33537	9
33538	8
33539	7
33540	8
33541	7
33542	6
33543	7
33544	6
33545	5
33546	6
33547	6
33548	7
33549	7
33550	8
33551	7
33552	6
33553	8
33554	9
33555	8
33556	7
33557	8
33558	7
33559	6
33560	7
33561	6
33562	5
33563	5
33564	6
33565	6
33566	7
33567	6
33568	5
33569	7
33570	8
33571	7
33572	6
33573	7
33574	6
33575	5
33576	6
33577	5
33578	4
33579	5
33580	5
33581	6
33582	8
33583	9
33584	8
33585	7
33586	8
33587	7
33588	6
33589	7
33590	6
33591	5
33592	5
33593	6
33594	5
33595	4
33596	4
33597	5
33598	7
33599	8
33600	7
33601	6
33602	7
33603	6
33604	5
33605	6
33606	5
33607	4
33608	4
33609	5
33610	4
33611	3
33612	3
33613	4
33614	4
33615	5
33616	7
33617	8
33618	8
33619	9
33620	8
33621	7
33622	7
33623	8
33624	7
33625	6
33626	7
33627	7
33628	8
33629	7
33630	6
33631	6
33632	7
33633	6
33634	5
33635	6
33636	6
33637	7
33638	6
33639	5
33640	5
33641	6
33642	5
33643	4
33644	4
33645	5
33646	5
33647	6
33648	5
33649	4
33650	6
33651	7
33652	6
33653	5
33654	6
33655	5
33656	4
33657	5
33658	4
33659	3
33660	5
33661	6
33662	6
33663	7
33664	7
33665	8
33666	7
33667	6
33668	8
33669	9
33670	8
33671	7
33672	8
33673	7
33674	6
33675	7
33676	6
33677	5
33678	5
33679	6
33680	6
33681	7
33682	6
33683	5
33684	7
33685	8
33686	7
33687	6
33688	7
33689	6
33690	5
33691	6
33692	5
33693	4
33694	5
33695	5
33696	6
33697	6
33698	7
33699	6
33700	5
33701	7
33702	8
33703	7
33704	6
33705	7
33706	6
33707	5
33708	6
33709	5
33710	4
33711	4
33712	5
33713	5
33714	6
33715	5
33716	4
33717	6
33718	7
33719	6
33720	5
33721	6
33722	5
33723	4
33724	5
33725	4
33726	3
33727	4
33728	4
33729	5
33730	7
33731	8
33732	7
33733	6
33734	7
33735	6
33736	5
33737	6
33738	5
33739	4
33740	4
33741	5
33742	4
33743	3
33744	3
33745	4
33746	6
33747	7
33748	6
33749	5
33750	6
33751	5
33752	4
33753	5
33754	4
33755	3
33756	3
33757	4
33758	3
33759	2
33760	3
33761	3
33762	4
33763	6
33764	7
33765	7
33766	8
33767	8
33768	9
33769	8
33770	7
33771	9
33772	10
33773	9
33774	8
33775	9
33776	8
33777	7
33778	8
33779	7
33780	6
33781	6
33782	7
33783	7
33784	8
33785	7
33786	6
33787	8
33788	9
33789	8
33790	7
33791	8
33792	7
33793	6
33794	7
33795	6
33796	5
33797	6
33798	6
33799	7
33800	9
33801	10
33802	9
33803	8
33804	9
33805	8
33806	7
33807	8
33808	7
33809	6
33810	6
33811	7
33812	6
33813	5
33814	5
33815	6
33816	8
33817	9
33818	8
33819	7
33820	8
33821	7
33822	6
33823	7
33824	6
33825	5
33826	5
33827	6
33828	5
33829	4
33830	5
33831	5
33832	6
33833	8
33834	9
33835	8
33836	7
33837	8
33838	7
33839	6
33840	7
33841	6
33842	5
33843	5
33844	6
33845	5
33846	4
33847	4
33848	5
33849	7
33850	8
33851	7
33852	6
33853	7
33854	6
33855	5
33856	6
33857	5
33858	4
33859	4
33860	5
33861	4
33862	3
33863	3
33864	4
33865	4
33866	5
33867	7
33868	8
33869	7
33870	6
33871	7
33872	6
33873	5
33874	6
33875	5
33876	4
33877	4
33878	5
33879	4
33880	3
33881	5
33882	6
33883	6
33884	7
33885	6
33886	5
33887	5
33888	6
33889	5
33890	4
33891	5
33892	5
33893	6
33894	5
33895	4
33896	4
33897	5
33898	4
33899	3
33900	4
33901	4
33902	5
33903	4
33904	3
33905	3
33906	4
33907	3
33908	2
33909	2
33910	3
33911	5
33912	6
33913	6
33914	7
33915	7
33916	8
33917	7
33918	6
33919	8
33920	9
33921	8
33922	7
33923	8
33924	7
33925	6
33926	7
33927	6
33928	5
33929	5
33930	6
33931	6
33932	7
33933	6
33934	5
33935	7
33936	8
33937	7
33938	6
33939	7
33940	6
33941	5
33942	6
33943	5
33944	4
33945	5
33946	5
33947	6
33948	8
33949	9
33950	8
33951	7
33952	8
33953	7
33954	6
33955	7
33956	6
33957	5
33958	5
33959	6
33960	5
33961	4
33962	4
33963	5
33964	7
33965	8
33966	7
33967	6
33968	7
33969	6
33970	5
33971	6
33972	5
33973	4
33974	4
33975	5
33976	4
33977	3
33978	4
33979	4
33980	5
33981	7
33982	8
33983	7
33984	6
33985	7
33986	6
33987	5
33988	6
33989	5
33990	4
33991	4
33992	5
33993	4
33994	3
33995	3
33996	4
33997	6
33998	7
33999	6
34000	5
34001	6
34002	5
34003	4
34004	5
34005	4
34006	3
34007	3
34008	4
34009	3
34010	2
34011	2
34012	3
34013	3
34014	4
34015	6
34016	7
34017	6
34018	5
34019	6
34020	5
34021	4
34022	5
34023	4
34024	3
34025	3
34026	4
34027	3
34028	2
34029	4
34030	5
34031	5
34032	6
34033	5
34034	4
34035	4
34036	5
34037	4
34038	3
34039	4
34040	4
34041	5
34042	4
34043	3
34044	3
34045	4
34046	3
34047	2
34048	3
34049	3
34050	4
34051	3
34052	2
34053	2
34054	3
34055	2
34056	1
34057	2
34058	2
34059	3
34060	5
34061	6
34062	6
34063	7
34064	7
34065	8
34066	10
34067	11
34068	11
34069	12
34070	11
34071	10
34072	10
34073	11
34074	10
34075	9
34076	10
34077	10
34078	11
34079	10
34080	9
34081	9
34082	10
34083	9
34084	8
34085	9
34086	9
34087	10
34088	9
34089	8
34090	8
34091	9
34092	8
34093	7
34094	7
34095	8
34096	8
34097	9
34098	8
34099	7
34100	9
34101	10
34102	9
34103	8
34104	9
34105	8
34106	7
34107	8
34108	7
34109	6
34110	8
34111	9
34112	9
34113	10
34114	10
34115	11
34116	10
34117	9
34118	11
34119	12
34120	11
34121	10
34122	11
34123	10
34124	9
34125	10
34126	9
34127	8
34128	8
34129	9
34130	9
34131	10
34132	9
34133	8
34134	10
34135	11
34136	10
34137	9
34138	10
34139	9
34140	8
34141	9
34142	8
34143	7
34144	8
34145	8
34146	9
34147	9
34148	10
34149	9
34150	8
34151	10
34152	11
34153	10
34154	9
34155	10
34156	9
34157	8
34158	9
34159	8
34160	7
34161	7
34162	8
34163	8
34164	9
34165	8
34166	7
34167	9
34168	10
34169	9
34170	8
34171	9
34172	8
34173	7
34174	8
34175	7
34176	6
34177	7
34178	7
34179	8
34180	10
34181	11
34182	10
34183	9
34184	10
34185	9
34186	8
34187	9
34188	8
34189	7
34190	7
34191	8
34192	7
34193	6
34194	6
34195	7
34196	9
34197	10
34198	9
34199	8
34200	9
34201	8
34202	7
34203	8
34204	7
34205	6
34206	6
34207	7
34208	6
34209	5
34210	5
34211	6
34212	6
34213	7
34214	9
34215	10
34216	10
34217	11
34218	10
34219	9
34220	9
34221	10
34222	9
34223	8
34224	9
34225	9
34226	10
34227	9
34228	8
34229	8
34230	9
34231	8
34232	7
34233	8
34234	8
34235	9
34236	8
34237	7
34238	7
34239	8
34240	7
34241	6
34242	6
34243	7
34244	7
34245	8
34246	7
34247	6
34248	8
34249	9
34250	8
34251	7
34252	8
34253	7
34254	6
34255	7
34256	6
34257	5
34258	7
34259	8
34260	8
34261	9
34262	9
34263	10
34264	9
34265	8
34266	10
34267	11
34268	10
34269	9
34270	10
34271	9
34272	8
34273	9
34274	8
34275	7
34276	7
34277	8
34278	8
34279	9
34280	8
34281	7
34282	9
34283	10
34284	9
34285	8
34286	9
34287	8
34288	7
34289	8
34290	7
34291	6
34292	7
34293	7
34294	8
34295	8
34296	9
34297	8
34298	7
34299	9
34300	10
34301	9
34302	8
34303	9
34304	8
34305	7
34306	8
34307	7
34308	6
34309	6
34310	7
34311	7
34312	8
34313	7
34314	6
34315	8
34316	9
34317	8
34318	7
34319	8
34320	7
34321	6
34322	7
34323	6
34324	5
34325	6
34326	6
34327	7
34328	9
34329	10
34330	9
34331	8
34332	9
34333	8
34334	7
34335	8
34336	7
34337	6
34338	6
34339	7
34340	6
34341	5
34342	5
34343	6
34344	8
34345	9
34346	8
34347	7
34348	8
34349	7
34350	6
34351	7
34352	6
34353	5
34354	5
34355	6
34356	5
34357	4
34358	5
34359	5
34360	6
34361	8
34362	9
34363	9
34364	10
34365	10
34366	11
34367	10
34368	9
34369	11
34370	12
34371	11
34372	10
34373	11
34374	10
34375	9
34376	10
34377	9
34378	8
34379	8
34380	9
34381	9
34382	10
34383	9
34384	8
34385	10
34386	11
34387	10
34388	9
34389	10
34390	9
34391	8
34392	9
34393	8
34394	7
34395	8
34396	8
34397	9
34398	11
34399	12
34400	11
34401	10
34402	11
34403	10
34404	9
34405	10
34406	9
34407	8
34408	8
34409	9
34410	8
34411	7
34412	7
34413	8
34414	10
34415	11
34416	10
34417	9
34418	10
34419	9
34420	8
34421	9
34422	8
34423	7
34424	7
34425	8
34426	7
34427	6
34428	7
34429	7
34430	8
34431	10
34432	11
34433	10
34434	9
34435	10
34436	9
34437	8
34438	9
34439	8
34440	7
34441	7
34442	8
34443	7
34444	6
34445	6
34446	7
34447	9
34448	10
34449	9
34450	8
34451	9
34452	8
34453	7
34454	8
34455	7
34456	6
34457	6
34458	7
34459	6
34460	5
34461	5
34462	6
34463	6
34464	7
34465	9
34466	10
34467	9
34468	8
34469	9
34470	8
34471	7
34472	8
34473	7
34474	6
34475	6
34476	7
34477	6
34478	5
34479	7
34480	8
34481	8
34482	9
34483	8
34484	7
34485	7
34486	8
34487	7
34488	6
34489	7
34490	7
34491	8
34492	7
34493	6
34494	6
34495	7
34496	6
34497	5
34498	6
34499	6
34500	7
34501	6
34502	5
34503	5
34504	6
34505	5
34506	4
34507	4
34508	5
34509	7
34510	8
34511	8
34512	9
34513	9
34514	10
34515	9
34516	8
34517	10
34518	11
34519	10
34520	9
34521	10
34522	9
34523	8
34524	9
34525	8
34526	7
34527	7
34528	8
34529	8
34530	9
34531	8
34532	7
34533	9
34534	10
34535	9
34536	8
34537	9
34538	8
34539	7
34540	8
34541	7
34542	6
34543	7
34544	7
34545	8
34546	10
34547	11
34548	10
34549	9
34550	10
34551	9
34552	8
34553	9
34554	8
34555	7
34556	7
34557	8
34558	7
34559	6
34560	6
34561	7
34562	9
34563	10
34564	9
34565	8
34566	9
34567	8
34568	7
34569	8
34570	7
34571	6
34572	6
34573	7
34574	6
34575	5
34576	6
34577	6
34578	7
34579	9
34580	10
34581	9
34582	8
34583	9
34584	8
34585	7
34586	8
34587	7
34588	6
34589	6
34590	7
34591	6
34592	5
34593	5
34594	6
34595	8
34596	9
34597	8
34598	7
34599	8
34600	7
34601	6
34602	7
34603	6
34604	5
34605	5
34606	6
34607	5
34608	4
34609	4
34610	5
34611	5
34612	6
34613	8
34614	9
34615	8
34616	7
34617	8
34618	7
34619	6
34620	7
34621	6
34622	5
34623	5
34624	6
34625	5
34626	4
34627	6
34628	7
34629	7
34630	8
34631	7
34632	6
34633	6
34634	7
34635	6
34636	5
34637	6
34638	6
34639	7
34640	6
34641	5
34642	5
34643	6
34644	5
34645	4
34646	5
34647	5
34648	6
34649	5
34650	4
34651	4
34652	5
34653	4
34654	3
34655	4
34656	4
34657	5
34658	7
34659	8
34660	8
34661	9
34662	9
34663	10
34664	9
34665	8
34666	10
34667	11
34668	10
34669	9
34670	10
34671	9
34672	8
34673	9
34674	8
34675	7
34676	7
34677	8
34678	8
34679	9
34680	8
34681	7
34682	9
34683	10
34684	9
34685	8
34686	9
34687	8
34688	7
34689	8
34690	7
34691	6
34692	7
34693	7
34694	8
34695	10
34696	11
34697	10
34698	9
34699	10
34700	9
34701	8
34702	9
34703	8
34704	7
34705	7
34706	8
34707	7
34708	6
34709	6
34710	7
34711	9
34712	10
34713	9
34714	8
34715	9
34716	8
34717	7
34718	8
34719	7
34720	6
34721	6
34722	7
34723	6
34724	5
34725	6
34726	6
34727	7
34728	9
34729	10
34730	9
34731	8
34732	9
34733	8
34734	7
34735	8
34736	7
34737	6
34738	6
34739	7
34740	6
34741	5
34742	5
34743	6
34744	8
34745	9
34746	8
34747	7
34748	8
34749	7
34750	6
34751	7
34752	6
34753	5
34754	5
34755	6
34756	5
34757	4
34758	4
34759	5
34760	5
34761	6
34762	8
34763	9
34764	8
34765	7
34766	8
34767	7
34768	6
34769	7
34770	6
34771	5
34772	5
34773	6
34774	5
34775	4
34776	6
34777	7
34778	7
34779	8
34780	7
34781	6
34782	6
34783	7
34784	6
34785	5
34786	6
34787	6
34788	7
34789	6
34790	5
34791	5
34792	6
34793	5
34794	4
34795	5
34796	5
34797	6
34798	5
34799	4
34800	4
34801	5
34802	4
34803	3
34804	3
34805	4
34806	6
34807	7
34808	7
34809	8
34810	8
34811	9
34812	8
34813	7
34814	9
34815	10
34816	9
34817	8
34818	9
34819	8
34820	7
34821	8
34822	7
34823	6
34824	6
34825	7
34826	7
34827	8
34828	7
34829	6
34830	8
34831	9
34832	8
34833	7
34834	8
34835	7
34836	6
34837	7
34838	6
34839	5
34840	6
34841	6
34842	7
34843	9
34844	10
34845	9
34846	8
34847	9
34848	8
34849	7
34850	8
34851	7
34852	6
34853	6
34854	7
34855	6
34856	5
34857	5
34858	6
34859	8
34860	9
34861	8
34862	7
34863	8
34864	7
34865	6
34866	7
34867	6
34868	5
34869	5
34870	6
34871	5
34872	4
34873	5
34874	5
34875	6
34876	8
34877	9
34878	8
34879	7
34880	8
34881	7
34882	6
34883	7
34884	6
34885	5
34886	5
34887	6
34888	5
34889	4
34890	4
34891	5
34892	7
34893	8
34894	7
34895	6
34896	7
34897	6
34898	5
34899	6
34900	5
34901	4
34902	4
34903	5
34904	4
34905	3
34906	3
34907	4
34908	4
34909	5
34910	7
34911	8
34912	7
34913	6
34914	7
34915	6
34916	5
34917	6
34918	5
34919	4
34920	4
34921	5
34922	4
34923	3
34924	5
34925	6
34926	6
34927	7
34928	6
34929	5
34930	5
34931	6
34932	5
34933	4
34934	5
34935	5
34936	6
34937	5
34938	4
34939	4
34940	5
34941	4
34942	3
34943	4
34944	4
34945	5
34946	4
34947	3
34948	3
34949	4
34950	3
34951	2
34952	2
34953	3
34954	3
34955	4
34956	6
34957	7
34958	7
34959	8
34960	8
34961	9
34962	8
34963	7
34964	9
34965	10
34966	9
34967	8
34968	9
34969	8
34970	7
34971	8
34972	7
34973	6
34974	6
34975	7
34976	7
34977	8
34978	7
34979	6
34980	8
34981	9
34982	8
34983	7
34984	8
34985	7
34986	6
34987	7
34988	6
34989	5
34990	6
34991	6
34992	7
34993	9
34994	10
34995	9
34996	8
34997	9
34998	8
34999	7
35000	8
35001	7
35002	6
35003	6
35004	7
35005	6
35006	5
35007	5
35008	6
35009	8
35010	9
35011	8
35012	7
35013	8
35014	7
35015	6
35016	7
35017	6
35018	5
35019	5
35020	6
35021	5
35022	4
35023	5
35024	5
35025	6
35026	8
35027	9
35028	8
35029	7
35030	8
35031	7
35032	6
35033	7
35034	6
35035	5
35036	5
35037	6
35038	5
35039	4
35040	4
35041	5
35042	7
35043	8
35044	7
35045	6
35046	7
35047	6
35048	5
35049	6
35050	5
35051	4
35052	4
35053	5
35054	4
35055	3
35056	3
35057	4
35058	4
35059	5
35060	7
35061	8
35062	7
35063	6
35064	7
35065	6
35066	5
35067	6
35068	5
35069	4
35070	4
35071	5
35072	4
35073	3
35074	5
35075	6
35076	6
35077	7
35078	6
35079	5
35080	5
35081	6
35082	5
35083	4
35084	5
35085	5
35086	6
35087	5
35088	4
35089	4
35090	5
35091	4
35092	3
35093	4
35094	4
35095	5
35096	4
35097	3
35098	3
35099	4
35100	3
35101	2
35102	4
35103	5
35104	5
35105	6
35106	6
35107	7
35108	9
35109	10
35110	9
35111	8
35112	9
35113	8
35114	7
35115	8
35116	7
35117	6
35118	6
35119	7
35120	6
35121	5
35122	7
35123	8
35124	8
35125	9
35126	8
35127	7
35128	7
35129	8
35130	7
35131	6
35132	7
35133	7
35134	8
35135	7
35136	6
35137	6
35138	7
35139	6
35140	5
35141	6
35142	6
35143	7
35144	6
35145	5
35146	5
35147	6
35148	5
35149	4
35150	4
35151	5
35152	5
35153	6
35154	8
35155	9
35156	8
35157	7
35158	8
35159	7
35160	6
35161	7
35162	6
35163	5
35164	5
35165	6
35166	5
35167	4
35168	6
35169	7
35170	7
35171	8
35172	7
35173	6
35174	6
35175	7
35176	6
35177	5
35178	6
35179	6
35180	7
35181	6
35182	5
35183	5
35184	6
35185	5
35186	4
35187	5
35188	5
35189	6
35190	5
35191	4
35192	4
35193	5
35194	4
35195	3
35196	4
35197	4
35198	5
35199	5
35200	6
35201	8
35202	9
35203	8
35204	7
35205	8
35206	7
35207	6
35208	7
35209	6
35210	5
35211	5
35212	6
35213	5
35214	4
35215	6
35216	7
35217	7
35218	8
35219	7
35220	6
35221	6
35222	7
35223	6
35224	5
35225	6
35226	6
35227	7
35228	6
35229	5
35230	5
35231	6
35232	5
35233	4
35234	5
35235	5
35236	6
35237	5
35238	4
35239	4
35240	5
35241	4
35242	3
35243	3
35244	4
35245	4
35246	5
35247	7
35248	8
35249	7
35250	6
35251	7
35252	6
35253	5
35254	6
35255	5
35256	4
35257	4
35258	5
35259	4
35260	3
35261	5
35262	6
35263	6
35264	7
35265	6
35266	5
35267	5
35268	6
35269	5
35270	4
35271	5
35272	5
35273	6
35274	5
35275	4
35276	4
35277	5
35278	4
35279	3
35280	4
35281	4
35282	5
35283	4
35284	3
35285	3
35286	4
35287	3
35288	2
35289	3
35290	3
35291	4
35292	6
35293	7
35294	7
35295	8
35296	7
35297	6
35298	6
35299	7
35300	6
35301	5
35302	6
35303	6
35304	7
35305	6
35306	5
35307	5
35308	6
35309	5
35310	4
35311	5
35312	5
35313	6
35314	5
35315	4
35316	4
35317	5
35318	4
35319	3
35320	3
35321	4
35322	4
35323	5
35324	4
35325	3
35326	5
35327	6
35328	5
35329	4
35330	5
35331	4
35332	3
35333	4
35334	3
35335	2
35336	2
35337	3
35338	5
35339	6
35340	6
35341	7
35342	6
35343	5
35344	5
35345	6
35346	5
35347	4
35348	5
35349	5
35350	6
35351	5
35352	4
35353	4
35354	5
35355	4
35356	3
35357	4
35358	4
35359	5
35360	4
35361	3
35362	3
35363	4
35364	3
35365	2
35366	2
35367	3
35368	3
35369	4
35370	3
35371	2
35372	4
35373	5
35374	4
35375	3
35376	4
35377	3
35378	2
35379	3
35380	2
35381	1
35382	1
35383	2
35384	4
35385	5
35386	5
35387	6
35388	6
35389	7
35390	9
35391	10
35392	10
35393	11
35394	10
35395	9
35396	9
35397	10
35398	9
35399	8
35400	9
35401	9
35402	10
35403	9
35404	8
35405	8
35406	9
35407	8
35408	7
35409	8
35410	8
35411	9
35412	8
35413	7
35414	7
35415	8
35416	7
35417	6
35418	6
35419	7
35420	7
35421	8
35422	7
35423	6
35424	8
35425	9
35426	8
35427	7
35428	8
35429	7
35430	6
35431	7
35432	6
35433	5
35434	7
35435	8
35436	8
35437	9
35438	9
35439	10
35440	9
35441	8
35442	10
35443	11
35444	10
35445	9
35446	10
35447	9
35448	8
35449	9
35450	8
35451	7
35452	7
35453	8
35454	8
35455	9
35456	8
35457	7
35458	9
35459	10
35460	9
35461	8
35462	9
35463	8
35464	7
35465	8
35466	7
35467	6
35468	7
35469	7
35470	8
35471	8
35472	9
35473	8
35474	7
35475	9
35476	10
35477	9
35478	8
35479	9
35480	8
35481	7
35482	8
35483	7
35484	6
35485	6
35486	7
35487	7
35488	8
35489	7
35490	6
35491	8
35492	9
35493	8
35494	7
35495	8
35496	7
35497	6
35498	7
35499	6
35500	5
35501	6
35502	6
35503	7
35504	9
35505	10
35506	9
35507	8
35508	9
35509	8
35510	7
35511	8
35512	7
35513	6
35514	6
35515	7
35516	6
35517	5
35518	5
35519	6
35520	8
35521	9
35522	8
35523	7
35524	8
35525	7
35526	6
35527	7
35528	6
35529	5
35530	5
35531	6
35532	5
35533	4
35534	4
35535	5
35536	5
35537	6
35538	8
35539	9
35540	9
35541	10
35542	9
35543	8
35544	8
35545	9
35546	8
35547	7
35548	8
35549	8
35550	9
35551	8
35552	7
35553	7
35554	8
35555	7
35556	6
35557	7
35558	7
35559	8
35560	7
35561	6
35562	6
35563	7
35564	6
35565	5
35566	5
35567	6
35568	6
35569	7
35570	6
35571	5
35572	7
35573	8
35574	7
35575	6
35576	7
35577	6
35578	5
35579	6
35580	5
35581	4
35582	6
35583	7
35584	7
35585	8
35586	8
35587	9
35588	8
35589	7
35590	9
35591	10
35592	9
35593	8
35594	9
35595	8
35596	7
35597	8
35598	7
35599	6
35600	6
35601	7
35602	7
35603	8
35604	7
35605	6
35606	8
35607	9
35608	8
35609	7
35610	8
35611	7
35612	6
35613	7
35614	6
35615	5
35616	6
35617	6
35618	7
35619	7
35620	8
35621	7
35622	6
35623	8
35624	9
35625	8
35626	7
35627	8
35628	7
35629	6
35630	7
35631	6
35632	5
35633	5
35634	6
35635	6
35636	7
35637	6
35638	5
35639	7
35640	8
35641	7
35642	6
35643	7
35644	6
35645	5
35646	6
35647	5
35648	4
35649	5
35650	5
35651	6
35652	8
35653	9
35654	8
35655	7
35656	8
35657	7
35658	6
35659	7
35660	6
35661	5
35662	5
35663	6
35664	5
35665	4
35666	4
35667	5
35668	7
35669	8
35670	7
35671	6
35672	7
35673	6
35674	5
35675	6
35676	5
35677	4
35678	4
35679	5
35680	4
35681	3
35682	4
35683	4
35684	5
35685	7
35686	8
35687	8
35688	9
35689	9
35690	10
35691	9
35692	8
35693	10
35694	11
35695	10
35696	9
35697	10
35698	9
35699	8
35700	9
35701	8
35702	7
35703	7
35704	8
35705	8
35706	9
35707	8
35708	7
35709	9
35710	10
35711	9
35712	8
35713	9
35714	8
35715	7
35716	8
35717	7
35718	6
35719	7
35720	7
35721	8
35722	10
35723	11
35724	10
35725	9
35726	10
35727	9
35728	8
35729	9
35730	8
35731	7
35732	7
35733	8
35734	7
35735	6
35736	6
35737	7
35738	9
35739	10
35740	9
35741	8
35742	9
35743	8
35744	7
35745	8
35746	7
35747	6
35748	6
35749	7
35750	6
35751	5
35752	6
35753	6
35754	7
35755	9
35756	10
35757	9
35758	8
35759	9
35760	8
35761	7
35762	8
35763	7
35764	6
35765	6
35766	7
35767	6
35768	5
35769	5
35770	6
35771	8
35772	9
35773	8
35774	7
35775	8
35776	7
35777	6
35778	7
35779	6
35780	5
35781	5
35782	6
35783	5
35784	4
35785	4
35786	5
35787	5
35788	6
35789	8
35790	9
35791	8
35792	7
35793	8
35794	7
35795	6
35796	7
35797	6
35798	5
35799	5
35800	6
35801	5
35802	4
35803	6
35804	7
35805	7
35806	8
35807	7
35808	6
35809	6
35810	7
35811	6
35812	5
35813	6
35814	6
35815	7
35816	6
35817	5
35818	5
35819	6
35820	5
35821	4
35822	5
35823	5
35824	6
35825	5
35826	4
35827	4
35828	5
35829	4
35830	3
35831	3
35832	4
35833	6
35834	7
35835	7
35836	8
35837	8
35838	9
35839	8
35840	7
35841	9
35842	10
35843	9
35844	8
35845	9
35846	8
35847	7
35848	8
35849	7
35850	6
35851	6
35852	7
35853	7
35854	8
35855	7
35856	6
35857	8
35858	9
35859	8
35860	7
35861	8
35862	7
35863	6
35864	7
35865	6
35866	5
35867	6
35868	6
35869	7
35870	9
35871	10
35872	9
35873	8
35874	9
35875	8
35876	7
35877	8
35878	7
35879	6
35880	6
35881	7
35882	6
35883	5
35884	5
35885	6
35886	8
35887	9
35888	8
35889	7
35890	8
35891	7
35892	6
35893	7
35894	6
35895	5
35896	5
35897	6
35898	5
35899	4
35900	5
35901	5
35902	6
35903	8
35904	9
35905	8
35906	7
35907	8
35908	7
35909	6
35910	7
35911	6
35912	5
35913	5
35914	6
35915	5
35916	4
35917	4
35918	5
35919	7
35920	8
35921	7
35922	6
35923	7
35924	6
35925	5
35926	6
35927	5
35928	4
35929	4
35930	5
35931	4
35932	3
35933	3
35934	4
35935	4
35936	5
35937	7
35938	8
35939	7
35940	6
35941	7
35942	6
35943	5
35944	6
35945	5
35946	4
35947	4
35948	5
35949	4
35950	3
35951	5
35952	6
35953	6
35954	7
35955	6
35956	5
35957	5
35958	6
35959	5
35960	4
35961	5
35962	5
35963	6
35964	5
35965	4
35966	4
35967	5
35968	4
35969	3
35970	4
35971	4
35972	5
35973	4
35974	3
35975	3
35976	4
35977	3
35978	2
35979	3
35980	3
35981	4
35982	6
35983	7
35984	7
35985	8
35986	8
35987	9
35988	8
35989	7
35990	9
35991	10
35992	9
35993	8
35994	9
35995	8
35996	7
35997	8
35998	7
35999	6
36000	6
36001	7
36002	7
36003	8
36004	7
36005	6
36006	8
36007	9
36008	8
36009	7
36010	8
36011	7
36012	6
36013	7
36014	6
36015	5
36016	6
36017	6
36018	7
36019	9
36020	10
36021	9
36022	8
36023	9
36024	8
36025	7
36026	8
36027	7
36028	6
36029	6
36030	7
36031	6
36032	5
36033	5
36034	6
36035	8
36036	9
36037	8
36038	7
36039	8
36040	7
36041	6
36042	7
36043	6
36044	5
36045	5
36046	6
36047	5
36048	4
36049	5
36050	5
36051	6
36052	8
36053	9
36054	8
36055	7
36056	8
36057	7
36058	6
36059	7
36060	6
36061	5
36062	5
36063	6
36064	5
36065	4
36066	4
36067	5
36068	7
36069	8
36070	7
36071	6
36072	7
36073	6
36074	5
36075	6
36076	5
36077	4
36078	4
36079	5
36080	4
36081	3
36082	3
36083	4
36084	4
36085	5
36086	7
36087	8
36088	7
36089	6
36090	7
36091	6
36092	5
36093	6
36094	5
36095	4
36096	4
36097	5
36098	4
36099	3
36100	5
36101	6
36102	6
36103	7
36104	6
36105	5
36106	5
36107	6
36108	5
36109	4
36110	5
36111	5
36112	6
36113	5
36114	4
36115	4
36116	5
36117	4
36118	3
36119	4
36120	4
36121	5
36122	4
36123	3
36124	3
36125	4
36126	3
36127	2
36128	2
36129	3
36130	5
36131	6
36132	6
36133	7
36134	7
36135	8
36136	7
36137	6
36138	8
36139	9
36140	8
36141	7
36142	8
36143	7
36144	6
36145	7
36146	6
36147	5
36148	5
36149	6
36150	6
36151	7
36152	6
36153	5
36154	7
36155	8
36156	7
36157	6
36158	7
36159	6
36160	5
36161	6
36162	5
36163	4
36164	5
36165	5
36166	6
36167	8
36168	9
36169	8
36170	7
36171	8
36172	7
36173	6
36174	7
36175	6
36176	5
36177	5
36178	6
36179	5
36180	4
36181	4
36182	5
36183	7
36184	8
36185	7
36186	6
36187	7
36188	6
36189	5
36190	6
36191	5
36192	4
36193	4
36194	5
36195	4
36196	3
36197	4
36198	4
36199	5
36200	7
36201	8
36202	7
36203	6
36204	7
36205	6
36206	5
36207	6
36208	5
36209	4
36210	4
36211	5
36212	4
36213	3
36214	3
36215	4
36216	6
36217	7
36218	6
36219	5
36220	6
36221	5
36222	4
36223	5
36224	4
36225	3
36226	3
36227	4
36228	3
36229	2
36230	2
36231	3
36232	3
36233	4
36234	6
36235	7
36236	6
36237	5
36238	6
36239	5
36240	4
36241	5
36242	4
36243	3
36244	3
36245	4
36246	3
36247	2
36248	4
36249	5
36250	5
36251	6
36252	5
36253	4
36254	4
36255	5
36256	4
36257	3
36258	4
36259	4
36260	5
36261	4
36262	3
36263	3
36264	4
36265	3
36266	2
36267	3
36268	3
36269	4
36270	3
36271	2
36272	2
36273	3
36274	2
36275	1
36276	1
36277	2
36278	2
36279	3
36280	5
36281	6
36282	6
36283	7
36284	7
36285	8
36286	7
36287	6
36288	8
36289	9
36290	8
36291	7
36292	8
36293	7
36294	6
36295	7
36296	6
36297	5
36298	5
36299	6
36300	6
36301	7
36302	6
36303	5
36304	7
36305	8
36306	7
36307	6
36308	7
36309	6
36310	5
36311	6
36312	5
36313	4
36314	5
36315	5
36316	6
36317	8
36318	9
36319	8
36320	7
36321	8
36322	7
36323	6
36324	7
36325	6
36326	5
36327	5
36328	6
36329	5
36330	4
36331	4
36332	5
36333	7
36334	8
36335	7
36336	6
36337	7
36338	6
36339	5
36340	6
36341	5
36342	4
36343	4
36344	5
36345	4
36346	3
36347	4
36348	4
36349	5
36350	7
36351	8
36352	7
36353	6
36354	7
36355	6
36356	5
36357	6
36358	5
36359	4
36360	4
36361	5
36362	4
36363	3
36364	3
36365	4
36366	6
36367	7
36368	6
36369	5
36370	6
36371	5
36372	4
36373	5
36374	4
36375	3
36376	3
36377	4
36378	3
36379	2
36380	2
36381	3
36382	3
36383	4
36384	6
36385	7
36386	6
36387	5
36388	6
36389	5
36390	4
36391	5
36392	4
36393	3
36394	3
36395	4
36396	3
36397	2
36398	4
36399	5
36400	5
36401	6
36402	5
36403	4
36404	4
36405	5
36406	4
36407	3
36408	4
36409	4
36410	5
36411	4
36412	3
36413	3
36414	4
36415	3
36416	2
36417	3
36418	3
36419	4
36420	3
36421	2
36422	2
36423	3
36424	2
36425	1
36426	3
36427	4
36428	4
36429	5
36430	5
36431	6
36432	8
36433	9
36434	8
36435	7
36436	8
36437	7
36438	6
36439	7
36440	6
36441	5
36442	5
36443	6
36444	5
36445	4
36446	6
36447	7
36448	7
36449	8
36450	7
36451	6
36452	6
36453	7
36454	6
36455	5
36456	6
36457	6
36458	7
36459	6
36460	5
36461	5
36462	6
36463	5
36464	4
36465	5
36466	5
36467	6
36468	5
36469	4
36470	4
36471	5
36472	4
36473	3
36474	3
36475	4
36476	4
36477	5
36478	7
36479	8
36480	7
36481	6
36482	7
36483	6
36484	5
36485	6
36486	5
36487	4
36488	4
36489	5
36490	4
36491	3
36492	5
36493	6
36494	6
36495	7
36496	6
36497	5
36498	5
36499	6
36500	5
36501	4
36502	5
36503	5
36504	6
36505	5
36506	4
36507	4
36508	5
36509	4
36510	3
36511	4
36512	4
36513	5
36514	4
36515	3
36516	3
36517	4
36518	3
36519	2
36520	3
36521	3
36522	4
36523	4
36524	5
36525	7
36526	8
36527	7
36528	6
36529	7
36530	6
36531	5
36532	6
36533	5
36534	4
36535	4
36536	5
36537	4
36538	3
36539	5
36540	6
36541	6
36542	7
36543	6
36544	5
36545	5
36546	6
36547	5
36548	4
36549	5
36550	5
36551	6
36552	5
36553	4
36554	4
36555	5
36556	4
36557	3
36558	4
36559	4
36560	5
36561	4
36562	3
36563	3
36564	4
36565	3
36566	2
36567	2
36568	3
36569	3
36570	4
36571	6
36572	7
36573	6
36574	5
36575	6
36576	5
36577	4
36578	5
36579	4
36580	3
36581	3
36582	4
36583	3
36584	2
36585	4
36586	5
36587	5
36588	6
36589	5
36590	4
36591	4
36592	5
36593	4
36594	3
36595	4
36596	4
36597	5
36598	4
36599	3
36600	3
36601	4
36602	3
36603	2
36604	3
36605	3
36606	4
36607	3
36608	2
36609	2
36610	3
36611	2
36612	1
36613	2
36614	2
36615	3
36616	5
36617	6
36618	6
36619	7
36620	6
36621	5
36622	5
36623	6
36624	5
36625	4
36626	5
36627	5
36628	6
36629	5
36630	4
36631	4
36632	5
36633	4
36634	3
36635	4
36636	4
36637	5
36638	4
36639	3
36640	3
36641	4
36642	3
36643	2
36644	2
36645	3
36646	3
36647	4
36648	3
36649	2
36650	4
36651	5
36652	4
36653	3
36654	4
36655	3
36656	2
36657	3
36658	2
36659	1
36660	1
36661	2
36662	4
36663	5
36664	5
36665	6
36666	5
36667	4
36668	4
36669	5
36670	4
36671	3
36672	4
36673	4
36674	5
36675	4
36676	3
36677	3
36678	4
36679	3
36680	2
36681	3
36682	3
36683	4
36684	3
36685	2
36686	2
36687	3
36688	2
36689	1
36690	1
36691	2
36692	2
36693	3
36694	2
36695	1
36696	3
36697	4
36698	3
36699	2
36700	3
36701	2
36702	1
36703	2
36704	1
36705	1
36706	3
36707	3
36708	4
36709	6
36710	7
36711	7
36712	8
36713	8
36714	9
36715	11
36716	12
36717	12
36718	13
36719	13
36720	14
36721	16
36722	15
36723	14
36724	13
36725	13
36726	12
36727	14
36728	15
36729	15
36730	14
36731	14
36732	13
36733	14
36734	14
36735	13
36736	13
36737	12
36738	13
36739	13
36740	12
36741	12
36742	11
36743	11
36744	12
36745	12
36746	13
36747	15
36748	14
36749	13
36750	12
36751	12
36752	11
36753	13
36754	14
36755	14
36756	13
36757	13
36758	12
36759	13
36760	13
36761	12
36762	12
36763	11
36764	12
36765	12
36766	11
36767	11
36768	10
36769	11
36770	11
36771	12
36772	14
36773	15
36774	15
36775	14
36776	14
36777	13
36778	14
36779	14
36780	13
36781	13
36782	12
36783	13
36784	13
36785	12
36786	12
36787	11
36788	11
36789	12
36790	12
36791	11
36792	13
36793	12
36794	11
36795	10
36796	10
36797	11
36798	13
36799	14
36800	14
36801	13
36802	13
36803	12
36804	13
36805	13
36806	12
36807	12
36808	11
36809	12
36810	12
36811	11
36812	11
36813	10
36814	10
36815	11
36816	11
36817	10
36818	12
36819	11
36820	10
36821	9
36822	10
36823	10
36824	11
36825	13
36826	14
36827	14
36828	13
36829	13
36830	12
36831	13
36832	13
36833	12
36834	12
36835	11
36836	12
36837	12
36838	11
36839	11
36840	10
36841	10
36842	11
36843	11
36844	10
36845	12
36846	11
36847	10
36848	9
36849	9
36850	10
36851	12
36852	13
36853	13
36854	12
36855	12
36856	11
36857	12
36858	12
36859	11
36860	11
36861	10
36862	11
36863	11
36864	10
36865	10
36866	9
36867	9
36868	10
36869	10
36870	9
36871	11
36872	10
36873	9
36874	8
36875	8
36876	9
36877	9
36878	10
36879	12
36880	13
36881	13
36882	12
36883	12
36884	11
36885	12
36886	12
36887	11
36888	11
36889	10
36890	11
36891	11
36892	10
36893	10
36894	9
36895	9
36896	10
36897	10
36898	9
36899	11
36900	10
36901	9
36902	8
36903	10
36904	11
36905	11
36906	12
36907	12
36908	11
36909	13
36910	12
36911	11
36912	10
36913	10
36914	11
36915	11
36916	10
36917	12
36918	11
36919	10
36920	9
36921	10
36922	10
36923	11
36924	11
36925	10
36926	12
36927	11
36928	10
36929	9
36930	9
36931	10
36932	10
36933	9
36934	11
36935	10
36936	9
36937	8
36938	9
36939	9
36940	10
36941	12
36942	11
36943	10
36944	9
36945	9
36946	8
36947	8
36948	9
36949	11
36950	10
36951	9
36952	8
36953	8
36954	7
36955	9
36956	10
36957	10
36958	11
36959	11
36960	12
36961	14
36962	15
36963	15
36964	14
36965	14
36966	13
36967	14
36968	14
36969	13
36970	13
36971	12
36972	13
36973	13
36974	12
36975	12
36976	11
36977	11
36978	12
36979	12
36980	11
36981	13
36982	12
36983	11
36984	10
36985	12
36986	13
36987	13
36988	14
36989	14
36990	13
36991	15
36992	14
36993	13
36994	12
36995	12
36996	13
36997	13
36998	12
36999	14
37000	13
37001	12
37002	11
37003	12
37004	12
37005	13
37006	13
37007	12
37008	14
37009	13
37010	12
37011	11
37012	11
37013	12
37014	12
37015	11
37016	13
37017	12
37018	11
37019	10
37020	11
37021	11
37022	12
37023	14
37024	13
37025	12
37026	11
37027	11
37028	10
37029	10
37030	11
37031	13
37032	12
37033	11
37034	10
37035	10
37036	9
37037	9
37038	10
37039	10
37040	11
37041	13
37042	14
37043	14
37044	13
37045	13
37046	12
37047	13
37048	13
37049	12
37050	12
37051	11
37052	12
37053	12
37054	11
37055	11
37056	10
37057	10
37058	11
37059	11
37060	10
37061	12
37062	11
37063	10
37064	9
37065	11
37066	12
37067	12
37068	13
37069	13
37070	12
37071	14
37072	13
37073	12
37074	11
37075	11
37076	12
37077	12
37078	11
37079	13
37080	12
37081	11
37082	10
37083	11
37084	11
37085	12
37086	12
37087	11
37088	13
37089	12
37090	11
37091	10
37092	10
37093	11
37094	11
37095	10
37096	12
37097	11
37098	10
37099	9
37100	10
37101	10
37102	11
37103	13
37104	12
37105	11
37106	10
37107	10
37108	9
37109	9
37110	10
37111	12
37112	11
37113	10
37114	9
37115	9
37116	8
37117	9
37118	9
37119	10
37120	10
37121	11
37122	13
37123	14
37124	14
37125	13
37126	13
37127	12
37128	13
37129	13
37130	12
37131	12
37132	11
37133	12
37134	12
37135	11
37136	11
37137	10
37138	10
37139	11
37140	11
37141	10
37142	12
37143	11
37144	10
37145	9
37146	11
37147	12
37148	12
37149	13
37150	13
37151	12
37152	14
37153	13
37154	12
37155	11
37156	11
37157	12
37158	12
37159	11
37160	13
37161	12
37162	11
37163	10
37164	11
37165	11
37166	12
37167	12
37168	11
37169	13
37170	12
37171	11
37172	10
37173	10
37174	11
37175	11
37176	10
37177	12
37178	11
37179	10
37180	9
37181	10
37182	10
37183	11
37184	13
37185	12
37186	11
37187	10
37188	10
37189	9
37190	9
37191	10
37192	12
37193	11
37194	10
37195	9
37196	9
37197	8
37198	8
37199	9
37200	9
37201	10
37202	12
37203	13
37204	13
37205	12
37206	12
37207	11
37208	12
37209	12
37210	11
37211	11
37212	10
37213	11
37214	11
37215	10
37216	10
37217	9
37218	9
37219	10
37220	10
37221	9
37222	11
37223	10
37224	9
37225	8
37226	10
37227	11
37228	11
37229	12
37230	12
37231	11
37232	13
37233	12
37234	11
37235	10
37236	10
37237	11
37238	11
37239	10
37240	12
37241	11
37242	10
37243	9
37244	10
37245	10
37246	11
37247	11
37248	10
37249	12
37250	11
37251	10
37252	9
37253	9
37254	10
37255	10
37256	9
37257	11
37258	10
37259	9
37260	8
37261	9
37262	9
37263	10
37264	12
37265	11
37266	10
37267	9
37268	9
37269	8
37270	8
37271	9
37272	11
37273	10
37274	9
37275	8
37276	8
37277	7
37278	8
37279	8
37280	9
37281	11
37282	12
37283	12
37284	13
37285	13
37286	12
37287	14
37288	13
37289	12
37290	11
37291	11
37292	12
37293	12
37294	11
37295	13
37296	12
37297	11
37298	10
37299	11
37300	11
37301	12
37302	14
37303	13
37304	12
37305	11
37306	11
37307	10
37308	10
37309	11
37310	13
37311	12
37312	11
37313	10
37314	10
37315	9
37316	10
37317	10
37318	11
37319	13
37320	12
37321	11
37322	10
37323	10
37324	9
37325	9
37326	10
37327	12
37328	11
37329	10
37330	9
37331	9
37332	8
37333	8
37334	9
37335	9
37336	10
37337	12
37338	11
37339	10
37340	9
37341	9
37342	8
37343	10
37344	11
37345	11
37346	10
37347	10
37348	9
37349	10
37350	10
37351	9
37352	9
37353	8
37354	9
37355	9
37356	8
37357	8
37358	7
37359	7
37360	8
37361	10
37362	11
37363	11
37364	12
37365	12
37366	11
37367	13
37368	12
37369	11
37370	10
37371	10
37372	11
37373	11
37374	10
37375	12
37376	11
37377	10
37378	9
37379	10
37380	10
37381	11
37382	13
37383	12
37384	11
37385	10
37386	10
37387	9
37388	9
37389	10
37390	12
37391	11
37392	10
37393	9
37394	9
37395	8
37396	9
37397	9
37398	10
37399	12
37400	11
37401	10
37402	9
37403	9
37404	8
37405	8
37406	9
37407	11
37408	10
37409	9
37410	8
37411	8
37412	7
37413	7
37414	8
37415	8
37416	9
37417	11
37418	10
37419	9
37420	8
37421	8
37422	7
37423	9
37424	10
37425	10
37426	9
37427	9
37428	8
37429	9
37430	9
37431	8
37432	8
37433	7
37434	8
37435	8
37436	7
37437	7
37438	6
37439	6
37440	7
37441	7
37442	8
37443	10
37444	11
37445	11
37446	12
37447	12
37448	13
37449	15
37450	14
37451	13
37452	12
37453	12
37454	11
37455	13
37456	14
37457	14
37458	13
37459	13
37460	12
37461	13
37462	13
37463	12
37464	12
37465	11
37466	12
37467	12
37468	11
37469	11
37470	10
37471	10
37472	11
37473	11
37474	12
37475	14
37476	13
37477	12
37478	11
37479	11
37480	10
37481	12
37482	13
37483	13
37484	12
37485	12
37486	11
37487	12
37488	12
37489	11
37490	11
37491	10
37492	11
37493	11
37494	10
37495	10
37496	9
37497	10
37498	10
37499	11
37500	13
37501	14
37502	14
37503	13
37504	13
37505	12
37506	13
37507	13
37508	12
37509	12
37510	11
37511	12
37512	12
37513	11
37514	11
37515	10
37516	10
37517	11
37518	11
37519	10
37520	12
37521	11
37522	10
37523	9
37524	9
37525	10
37526	12
37527	13
37528	13
37529	12
37530	12
37531	11
37532	12
37533	12
37534	11
37535	11
37536	10
37537	11
37538	11
37539	10
37540	10
37541	9
37542	9
37543	10
37544	10
37545	9
37546	11
37547	10
37548	9
37549	8
37550	9
37551	9
37552	10
37553	12
37554	13
37555	13
37556	12
37557	12
37558	11
37559	12
37560	12
37561	11
37562	11
37563	10
37564	11
37565	11
37566	10
37567	10
37568	9
37569	9
37570	10
37571	10
37572	9
37573	11
37574	10
37575	9
37576	8
37577	8
37578	9
37579	11
37580	12
37581	12
37582	11
37583	11
37584	10
37585	11
37586	11
37587	10
37588	10
37589	9
37590	10
37591	10
37592	9
37593	9
37594	8
37595	8
37596	9
37597	9
37598	8
37599	10
37600	9
37601	8
37602	7
37603	7
37604	8
37605	8
37606	9
37607	11
37608	12
37609	12
37610	11
37611	11
37612	10
37613	11
37614	11
37615	10
37616	10
37617	9
37618	10
37619	10
37620	9
37621	9
37622	8
37623	8
37624	9
37625	9
37626	8
37627	10
37628	9
37629	8
37630	7
37631	9
37632	10
37633	10
37634	11
37635	11
37636	10
37637	12
37638	11
37639	10
37640	9
37641	9
37642	10
37643	10
37644	9
37645	11
37646	10
37647	9
37648	8
37649	9
37650	9
37651	10
37652	10
37653	9
37654	11
37655	10
37656	9
37657	8
37658	8
37659	9
37660	9
37661	8
37662	10
37663	9
37664	8
37665	7
37666	8
37667	8
37668	9
37669	11
37670	10
37671	9
37672	8
37673	8
37674	7
37675	7
37676	8
37677	10
37678	9
37679	8
37680	7
37681	7
37682	6
37683	8
37684	9
37685	9
37686	10
37687	10
37688	11
37689	13
37690	14
37691	14
37692	13
37693	13
37694	12
37695	13
37696	13
37697	12
37698	12
37699	11
37700	12
37701	12
37702	11
37703	11
37704	10
37705	10
37706	11
37707	11
37708	10
37709	12
37710	11
37711	10
37712	9
37713	11
37714	12
37715	12
37716	13
37717	13
37718	12
37719	14
37720	13
37721	12
37722	11
37723	11
37724	12
37725	12
37726	11
37727	13
37728	12
37729	11
37730	10
37731	11
37732	11
37733	12
37734	12
37735	11
37736	13
37737	12
37738	11
37739	10
37740	10
37741	11
37742	11
37743	10
37744	12
37745	11
37746	10
37747	9
37748	10
37749	10
37750	11
37751	13
37752	12
37753	11
37754	10
37755	10
37756	9
37757	9
37758	10
37759	12
37760	11
37761	10
37762	9
37763	9
37764	8
37765	8
37766	9
37767	9
37768	10
37769	12
37770	13
37771	13
37772	12
37773	12
37774	11
37775	12
37776	12
37777	11
37778	11
37779	10
37780	11
37781	11
37782	10
37783	10
37784	9
37785	9
37786	10
37787	10
37788	9
37789	11
37790	10
37791	9
37792	8
37793	10
37794	11
37795	11
37796	12
37797	12
37798	11
37799	13
37800	12
37801	11
37802	10
37803	10
37804	11
37805	11
37806	10
37807	12
37808	11
37809	10
37810	9
37811	10
37812	10
37813	11
37814	11
37815	10
37816	12
37817	11
37818	10
37819	9
37820	9
37821	10
37822	10
37823	9
37824	11
37825	10
37826	9
37827	8
37828	9
37829	9
37830	10
37831	12
37832	11
37833	10
37834	9
37835	9
37836	8
37837	8
37838	9
37839	11
37840	10
37841	9
37842	8
37843	8
37844	7
37845	8
37846	8
37847	9
37848	9
37849	10
37850	12
37851	13
37852	13
37853	12
37854	12
37855	11
37856	12
37857	12
37858	11
37859	11
37860	10
37861	11
37862	11
37863	10
37864	10
37865	9
37866	9
37867	10
37868	10
37869	9
37870	11
37871	10
37872	9
37873	8
37874	10
37875	11
37876	11
37877	12
37878	12
37879	11
37880	13
37881	12
37882	11
37883	10
37884	10
37885	11
37886	11
37887	10
37888	12
37889	11
37890	10
37891	9
37892	10
37893	10
37894	11
37895	11
37896	10
37897	12
37898	11
37899	10
37900	9
37901	9
37902	10
37903	10
37904	9
37905	11
37906	10
37907	9
37908	8
37909	9
37910	9
37911	10
37912	12
37913	11
37914	10
37915	9
37916	9
37917	8
37918	8
37919	9
37920	11
37921	10
37922	9
37923	8
37924	8
37925	7
37926	7
37927	8
37928	8
37929	9
37930	11
37931	12
37932	12
37933	11
37934	11
37935	10
37936	11
37937	11
37938	10
37939	10
37940	9
37941	10
37942	10
37943	9
37944	9
37945	8
37946	8
37947	9
37948	9
37949	8
37950	10
37951	9
37952	8
37953	7
37954	9
37955	10
37956	10
37957	11
37958	11
37959	10
37960	12
37961	11
37962	10
37963	9
37964	9
37965	10
37966	10
37967	9
37968	11
37969	10
37970	9
37971	8
37972	9
37973	9
37974	10
37975	10
37976	9
37977	11
37978	10
37979	9
37980	8
37981	8
37982	9
37983	9
37984	8
37985	10
37986	9
37987	8
37988	7
37989	8
37990	8
37991	9
37992	11
37993	10
37994	9
37995	8
37996	8
37997	7
37998	7
37999	8
38000	10
38001	9
38002	8
38003	7
38004	7
38005	6
38006	7
38007	7
38008	8
38009	10
38010	11
38011	11
38012	12
38013	12
38014	11
38015	13
38016	12
38017	11
38018	10
38019	10
38020	11
38021	11
38022	10
38023	12
38024	11
38025	10
38026	9
38027	10
38028	10
38029	11
38030	13
38031	12
38032	11
38033	10
38034	10
38035	9
38036	9
38037	10
38038	12
38039	11
38040	10
38041	9
38042	9
38043	8
38044	9
38045	9
38046	10
38047	12
38048	11
38049	10
38050	9
38051	9
38052	8
38053	8
38054	9
38055	11
38056	10
38057	9
38058	8
38059	8
38060	7
38061	7
38062	8
38063	8
38064	9
38065	11
38066	10
38067	9
38068	8
38069	8
38070	7
38071	9
38072	10
38073	10
38074	9
38075	9
38076	8
38077	9
38078	9
38079	8
38080	8
38081	7
38082	8
38083	8
38084	7
38085	7
38086	6
38087	6
38088	7
38089	9
38090	10
38091	10
38092	11
38093	11
38094	10
38095	12
38096	11
38097	10
38098	9
38099	9
38100	10
38101	10
38102	9
38103	11
38104	10
38105	9
38106	8
38107	9
38108	9
38109	10
38110	12
38111	11
38112	10
38113	9
38114	9
38115	8
38116	8
38117	9
38118	11
38119	10
38120	9
38121	8
38122	8
38123	7
38124	8
38125	8
38126	9
38127	11
38128	10
38129	9
38130	8
38131	8
38132	7
38133	7
38134	8
38135	10
38136	9
38137	8
38138	7
38139	7
38140	6
38141	6
38142	7
38143	7
38144	8
38145	10
38146	9
38147	8
38148	7
38149	7
38150	6
38151	8
38152	9
38153	9
38154	8
38155	8
38156	7
38157	8
38158	8
38159	7
38160	7
38161	6
38162	7
38163	7
38164	6
38165	6
38166	5
38167	6
38168	6
38169	7
38170	9
38171	10
38172	10
38173	11
38174	11
38175	12
38176	14
38177	15
38178	15
38179	14
38180	14
38181	13
38182	14
38183	14
38184	13
38185	13
38186	12
38187	13
38188	13
38189	12
38190	12
38191	11
38192	11
38193	12
38194	12
38195	11
38196	13
38197	12
38198	11
38199	10
38200	12
38201	13
38202	13
38203	14
38204	14
38205	13
38206	15
38207	14
38208	13
38209	12
38210	12
38211	13
38212	13
38213	12
38214	14
38215	13
38216	12
38217	11
38218	12
38219	12
38220	13
38221	13
38222	12
38223	14
38224	13
38225	12
38226	11
38227	11
38228	12
38229	12
38230	11
38231	13
38232	12
38233	11
38234	10
38235	11
38236	11
38237	12
38238	14
38239	13
38240	12
38241	11
38242	11
38243	10
38244	10
38245	11
38246	13
38247	12
38248	11
38249	10
38250	10
38251	9
38252	9
38253	10
38254	10
38255	11
38256	13
38257	14
38258	14
38259	13
38260	13
38261	12
38262	13
38263	13
38264	12
38265	12
38266	11
38267	12
38268	12
38269	11
38270	11
38271	10
38272	10
38273	11
38274	11
38275	10
38276	12
38277	11
38278	10
38279	9
38280	11
38281	12
38282	12
38283	13
38284	13
38285	12
38286	14
38287	13
38288	12
38289	11
38290	11
38291	12
38292	12
38293	11
38294	13
38295	12
38296	11
38297	10
38298	11
38299	11
38300	12
38301	12
38302	11
38303	13
38304	12
38305	11
38306	10
38307	10
38308	11
38309	11
38310	10
38311	12
38312	11
38313	10
38314	9
38315	10
38316	10
38317	11
38318	13
38319	12
38320	11
38321	10
38322	10
38323	9
38324	9
38325	10
38326	12
38327	11
38328	10
38329	9
38330	9
38331	8
38332	9
38333	9
38334	10
38335	12
38336	13
38337	13
38338	14
38339	14
38340	13
38341	15
38342	14
38343	13
38344	12
38345	12
38346	13
38347	13
38348	12
38349	14
38350	13
38351	12
38352	11
38353	12
38354	12
38355	13
38356	15
38357	14
38358	13
38359	12
38360	12
38361	11
38362	11
38363	12
38364	14
38365	13
38366	12
38367	11
38368	11
38369	10
38370	11
38371	11
38372	12
38373	14
38374	13
38375	12
38376	11
38377	11
38378	10
38379	10
38380	11
38381	13
38382	12
38383	11
38384	10
38385	10
38386	9
38387	9
38388	10
38389	10
38390	11
38391	13
38392	12
38393	11
38394	10
38395	10
38396	9
38397	11
38398	12
38399	12
38400	11
38401	11
38402	10
38403	11
38404	11
38405	10
38406	10
38407	9
38408	10
38409	10
38410	9
38411	9
38412	8
38413	8
38414	9
38415	11
38416	12
38417	12
38418	13
38419	13
38420	12
38421	14
38422	13
38423	12
38424	11
38425	11
38426	12
38427	12
38428	11
38429	13
38430	12
38431	11
38432	10
38433	11
38434	11
38435	12
38436	14
38437	13
38438	12
38439	11
38440	11
38441	10
38442	10
38443	11
38444	13
38445	12
38446	11
38447	10
38448	10
38449	9
38450	10
38451	10
38452	11
38453	13
38454	12
38455	11
38456	10
38457	10
38458	9
38459	9
38460	10
38461	12
38462	11
38463	10
38464	9
38465	9
38466	8
38467	8
38468	9
38469	9
38470	10
38471	12
38472	11
38473	10
38474	9
38475	9
38476	8
38477	10
38478	11
38479	11
38480	10
38481	10
38482	9
38483	10
38484	10
38485	9
38486	9
38487	8
38488	9
38489	9
38490	8
38491	8
38492	7
38493	8
38494	8
38495	9
38496	11
38497	12
38498	12
38499	13
38500	13
38501	12
38502	14
38503	13
38504	12
38505	11
38506	11
38507	12
38508	12
38509	11
38510	13
38511	12
38512	11
38513	10
38514	11
38515	11
38516	12
38517	14
38518	13
38519	12
38520	11
38521	11
38522	10
38523	10
38524	11
38525	13
38526	12
38527	11
38528	10
38529	10
38530	9
38531	10
38532	10
38533	11
38534	13
38535	12
38536	11
38537	10
38538	10
38539	9
38540	9
38541	10
38542	12
38543	11
38544	10
38545	9
38546	9
38547	8
38548	8
38549	9
38550	9
38551	10
38552	12
38553	11
38554	10
38555	9
38556	9
38557	8
38558	10
38559	11
38560	11
38561	10
38562	10
38563	9
38564	10
38565	10
38566	9
38567	9
38568	8
38569	9
38570	9
38571	8
38572	8
38573	7
38574	7
38575	8
38576	10
38577	11
38578	11
38579	12
38580	12
38581	11
38582	13
38583	12
38584	11
38585	10
38586	10
38587	11
38588	11
38589	10
38590	12
38591	11
38592	10
38593	9
38594	10
38595	10
38596	11
38597	13
38598	12
38599	11
38600	10
38601	10
38602	9
38603	9
38604	10
38605	12
38606	11
38607	10
38608	9
38609	9
38610	8
38611	9
38612	9
38613	10
38614	12
38615	11
38616	10
38617	9
38618	9
38619	8
38620	8
38621	9
38622	11
38623	10
38624	9
38625	8
38626	8
38627	7
38628	7
38629	8
38630	8
38631	9
38632	11
38633	10
38634	9
38635	8
38636	8
38637	7
38638	9
38639	10
38640	10
38641	9
38642	9
38643	8
38644	9
38645	9
38646	8
38647	8
38648	7
38649	8
38650	8
38651	7
38652	7
38653	6
38654	6
38655	7
38656	7
38657	8
38658	10
38659	11
38660	11
38661	12
38662	12
38663	11
38664	13
38665	12
38666	11
38667	10
38668	10
38669	11
38670	11
38671	10
38672	12
38673	11
38674	10
38675	9
38676	10
38677	10
38678	11
38679	13
38680	12
38681	11
38682	10
38683	10
38684	9
38685	9
38686	10
38687	12
38688	11
38689	10
38690	9
38691	9
38692	8
38693	9
38694	9
38695	10
38696	12
38697	11
38698	10
38699	9
38700	9
38701	8
38702	8
38703	9
38704	11
38705	10
38706	9
38707	8
38708	8
38709	7
38710	7
38711	8
38712	8
38713	9
38714	11
38715	10
38716	9
38717	8
38718	8
38719	7
38720	9
38721	10
38722	10
38723	9
38724	9
38725	8
38726	9
38727	9
38728	8
38729	8
38730	7
38731	8
38732	8
38733	7
38734	7
38735	6
38736	8
38737	9
38738	9
38739	10
38740	10
38741	11
38742	13
38743	12
38744	11
38745	10
38746	10
38747	9
38748	11
38749	12
38750	12
38751	11
38752	11
38753	10
38754	11
38755	11
38756	10
38757	10
38758	9
38759	10
38760	10
38761	9
38762	9
38763	8
38764	8
38765	9
38766	9
38767	10
38768	12
38769	11
38770	10
38771	9
38772	9
38773	8
38774	10
38775	11
38776	11
38777	10
38778	10
38779	9
38780	10
38781	10
38782	9
38783	9
38784	8
38785	9
38786	9
38787	8
38788	8
38789	7
38790	8
38791	8
38792	9
38793	9
38794	10
38795	12
38796	11
38797	10
38798	9
38799	9
38800	8
38801	10
38802	11
38803	11
38804	10
38805	10
38806	9
38807	10
38808	10
38809	9
38810	9
38811	8
38812	9
38813	9
38814	8
38815	8
38816	7
38817	7
38818	8
38819	8
38820	9
38821	11
38822	10
38823	9
38824	8
38825	8
38826	7
38827	9
38828	10
38829	10
38830	9
38831	9
38832	8
38833	9
38834	9
38835	8
38836	8
38837	7
38838	8
38839	8
38840	7
38841	7
38842	6
38843	7
38844	7
38845	8
38846	10
38847	11
38848	11
38849	10
38850	10
38851	9
38852	10
38853	10
38854	9
38855	9
38856	8
38857	9
38858	9
38859	8
38860	8
38861	7
38862	7
38863	8
38864	8
38865	7
38866	9
38867	8
38868	7
38869	6
38870	6
38871	7
38872	9
38873	10
38874	10
38875	9
38876	9
38877	8
38878	9
38879	9
38880	8
38881	8
38882	7
38883	8
38884	8
38885	7
38886	7
38887	6
38888	6
38889	7
38890	7
38891	6
38892	8
38893	7
38894	6
38895	5
38896	5
38897	6
38898	8
38899	9
38900	9
38901	10
38902	10
38903	11
38904	13
38905	14
38906	14
38907	13
38908	13
38909	12
38910	13
38911	13
38912	12
38913	12
38914	11
38915	12
38916	12
38917	11
38918	11
38919	10
38920	10
38921	11
38922	11
38923	10
38924	12
38925	11
38926	10
38927	9
38928	11
38929	12
38930	12
38931	13
38932	13
38933	12
38934	14
38935	13
38936	12
38937	11
38938	11
38939	12
38940	12
38941	11
38942	13
38943	12
38944	11
38945	10
38946	11
38947	11
38948	12
38949	12
38950	11
38951	13
38952	12
38953	11
38954	10
38955	10
38956	11
38957	11
38958	10
38959	12
38960	11
38961	10
38962	9
38963	10
38964	10
38965	11
38966	13
38967	12
38968	11
38969	10
38970	10
38971	9
38972	9
38973	10
38974	12
38975	11
38976	10
38977	9
38978	9
38979	8
38980	8
38981	9
38982	9
38983	10
38984	12
38985	13
38986	13
38987	12
38988	12
38989	11
38990	12
38991	12
38992	11
38993	11
38994	10
38995	11
38996	11
38997	10
38998	10
38999	9
39000	9
39001	10
39002	10
39003	9
39004	11
39005	10
39006	9
39007	8
39008	10
39009	11
39010	11
39011	12
39012	12
39013	11
39014	13
39015	12
39016	11
39017	10
39018	10
39019	11
39020	11
39021	10
39022	12
39023	11
39024	10
39025	9
39026	10
39027	10
39028	11
39029	11
39030	10
39031	12
39032	11
39033	10
39034	9
39035	9
39036	10
39037	10
39038	9
39039	11
39040	10
39041	9
39042	8
39043	9
39044	9
39045	10
39046	12
39047	11
39048	10
39049	9
39050	9
39051	8
39052	8
39053	9
39054	11
39055	10
39056	9
39057	8
39058	8
39059	7
39060	8
39061	8
39062	9
39063	11
39064	12
39065	12
39066	13
39067	13
39068	12
39069	14
39070	13
39071	12
39072	11
39073	11
39074	12
39075	12
39076	11
39077	13
39078	12
39079	11
39080	10
39081	11
39082	11
39083	12
39084	14
39085	13
39086	12
39087	11
39088	11
39089	10
39090	10
39091	11
39092	13
39093	12
39094	11
39095	10
39096	10
39097	9
39098	10
39099	10
39100	11
39101	13
39102	12
39103	11
39104	10
39105	10
39106	9
39107	9
39108	10
39109	12
39110	11
39111	10
39112	9
39113	9
39114	8
39115	8
39116	9
39117	9
39118	10
39119	12
39120	11
39121	10
39122	9
39123	9
39124	8
39125	10
39126	11
39127	11
39128	10
39129	10
39130	9
39131	10
39132	10
39133	9
39134	9
39135	8
39136	9
39137	9
39138	8
39139	8
39140	7
39141	7
39142	8
39143	10
39144	11
39145	11
39146	12
39147	12
39148	11
39149	13
39150	12
39151	11
39152	10
39153	10
39154	11
39155	11
39156	10
39157	12
39158	11
39159	10
39160	9
39161	10
39162	10
39163	11
39164	13
39165	12
39166	11
39167	10
39168	10
39169	9
39170	9
39171	10
39172	12
39173	11
39174	10
39175	9
39176	9
39177	8
39178	9
39179	9
39180	10
39181	12
39182	11
39183	10
39184	9
39185	9
39186	8
39187	8
39188	9
39189	11
39190	10
39191	9
39192	8
39193	8
39194	7
39195	7
39196	8
39197	8
39198	9
39199	11
39200	10
39201	9
39202	8
39203	8
39204	7
39205	9
39206	10
39207	10
39208	9
39209	9
39210	8
39211	9
39212	9
39213	8
39214	8
39215	7
39216	8
39217	8
39218	7
39219	7
39220	6
39221	7
39222	7
39223	8
39224	10
39225	11
39226	11
39227	12
39228	12
39229	11
39230	13
39231	12
39232	11
39233	10
39234	10
39235	11
39236	11
39237	10
39238	12
39239	11
39240	10
39241	9
39242	10
39243	10
39244	11
39245	13
39246	12
39247	11
39248	10
39249	10
39250	9
39251	9
39252	10
39253	12
39254	11
39255	10
39256	9
39257	9
39258	8
39259	9
39260	9
39261	10
39262	12
39263	11
39264	10
39265	9
39266	9
39267	8
39268	8
39269	9
39270	11
39271	10
39272	9
39273	8
39274	8
39275	7
39276	7
39277	8
39278	8
39279	9
39280	11
39281	10
39282	9
39283	8
39284	8
39285	7
39286	9
39287	10
39288	10
39289	9
39290	9
39291	8
39292	9
39293	9
39294	8
39295	8
39296	7
39297	8
39298	8
39299	7
39300	7
39301	6
39302	6
39303	7
39304	9
39305	10
39306	10
39307	11
39308	11
39309	10
39310	12
39311	11
39312	10
39313	9
39314	9
39315	10
39316	10
39317	9
39318	11
39319	10
39320	9
39321	8
39322	9
39323	9
39324	10
39325	12
39326	11
39327	10
39328	9
39329	9
39330	8
39331	8
39332	9
39333	11
39334	10
39335	9
39336	8
39337	8
39338	7
39339	8
39340	8
39341	9
39342	11
39343	10
39344	9
39345	8
39346	8
39347	7
39348	7
39349	8
39350	10
39351	9
39352	8
39353	7
39354	7
39355	6
39356	6
39357	7
39358	7
39359	8
39360	10
39361	9
39362	8
39363	7
39364	7
39365	6
39366	8
39367	9
39368	9
39369	8
39370	8
39371	7
39372	8
39373	8
39374	7
39375	7
39376	6
39377	7
39378	7
39379	6
39380	6
39381	5
39382	5
39383	6
39384	6
39385	7
39386	9
39387	10
39388	10
39389	11
39390	11
39391	10
39392	12
39393	11
39394	10
39395	9
39396	9
39397	10
39398	10
39399	9
39400	11
39401	10
39402	9
39403	8
39404	9
39405	9
39406	10
39407	12
39408	11
39409	10
39410	9
39411	9
39412	8
39413	8
39414	9
39415	11
39416	10
39417	9
39418	8
39419	8
39420	7
39421	8
39422	8
39423	9
39424	11
39425	10
39426	9
39427	8
39428	8
39429	7
39430	7
39431	8
39432	10
39433	9
39434	8
39435	7
39436	7
39437	6
39438	6
39439	7
39440	7
39441	8
39442	10
39443	9
39444	8
39445	7
39446	7
39447	6
39448	8
39449	9
39450	9
39451	8
39452	8
39453	7
39454	8
39455	8
39456	7
39457	7
39458	6
39459	7
39460	7
39461	6
39462	6
39463	5
39464	7
39465	8
39466	8
39467	9
39468	9
39469	10
39470	12
39471	11
39472	10
39473	9
39474	9
39475	8
39476	10
39477	11
39478	11
39479	10
39480	10
39481	9
39482	10
39483	10
39484	9
39485	9
39486	8
39487	9
39488	9
39489	8
39490	8
39491	7
39492	7
39493	8
39494	8
39495	9
39496	11
39497	10
39498	9
39499	8
39500	8
39501	7
39502	9
39503	10
39504	10
39505	9
39506	9
39507	8
39508	9
39509	9
39510	8
39511	8
39512	7
39513	8
39514	8
39515	7
39516	7
39517	6
39518	7
39519	7
39520	8
39521	8
39522	9
39523	11
39524	10
39525	9
39526	8
39527	8
39528	7
39529	9
39530	10
39531	10
39532	9
39533	9
39534	8
39535	9
39536	9
39537	8
39538	8
39539	7
39540	8
39541	8
39542	7
39543	7
39544	6
39545	6
39546	7
39547	7
39548	8
39549	10
39550	9
39551	8
39552	7
39553	7
39554	6
39555	8
39556	9
39557	9
39558	8
39559	8
39560	7
39561	8
39562	8
39563	7
39564	7
39565	6
39566	7
39567	7
39568	6
39569	6
39570	5
39571	6
39572	6
39573	7
39574	9
39575	10
39576	10
39577	9
39578	9
39579	8
39580	9
39581	9
39582	8
39583	8
39584	7
39585	8
39586	8
39587	7
39588	7
39589	6
39590	6
39591	7
39592	7
39593	6
39594	8
39595	7
39596	6
39597	5
39598	5
39599	6
39600	8
39601	9
39602	9
39603	8
39604	8
39605	7
39606	8
39607	8
39608	7
39609	7
39610	6
39611	7
39612	7
39613	6
39614	6
39615	5
39616	5
39617	6
39618	6
39619	5
39620	7
39621	6
39622	5
39623	4
39624	5
39625	5
39626	6
39627	8
39628	9
39629	9
39630	10
39631	10
39632	11
39633	13
39634	14
39635	14
39636	13
39637	13
39638	12
39639	13
39640	13
39641	12
39642	12
39643	11
39644	12
39645	12
39646	11
39647	11
39648	10
39649	10
39650	11
39651	11
39652	10
39653	12
39654	11
39655	10
39656	9
39657	11
39658	12
39659	12
39660	13
39661	13
39662	12
39663	14
39664	13
39665	12
39666	11
39667	11
39668	12
39669	12
39670	11
39671	13
39672	12
39673	11
39674	10
39675	11
39676	11
39677	12
39678	12
39679	11
39680	13
39681	12
39682	11
39683	10
39684	10
39685	11
39686	11
39687	10
39688	12
39689	11
39690	10
39691	9
39692	10
39693	10
39694	11
39695	13
39696	12
39697	11
39698	10
39699	10
39700	9
39701	9
39702	10
39703	12
39704	11
39705	10
39706	9
39707	9
39708	8
39709	8
39710	9
39711	9
39712	10
39713	12
39714	13
39715	13
39716	12
39717	12
39718	11
39719	12
39720	12
39721	11
39722	11
39723	10
39724	11
39725	11
39726	10
39727	10
39728	9
39729	9
39730	10
39731	10
39732	9
39733	11
39734	10
39735	9
39736	8
39737	10
39738	11
39739	11
39740	12
39741	12
39742	11
39743	13
39744	12
39745	11
39746	10
39747	10
39748	11
39749	11
39750	10
39751	12
39752	11
39753	10
39754	9
39755	10
39756	10
39757	11
39758	11
39759	10
39760	12
39761	11
39762	10
39763	9
39764	9
39765	10
39766	10
39767	9
39768	11
39769	10
39770	9
39771	8
39772	9
39773	9
39774	10
39775	12
39776	11
39777	10
39778	9
39779	9
39780	8
39781	8
39782	9
39783	11
39784	10
39785	9
39786	8
39787	8
39788	7
39789	8
39790	8
39791	9
39792	11
39793	12
39794	12
39795	13
39796	13
39797	12
39798	14
39799	13
39800	12
39801	11
39802	11
39803	12
39804	12
39805	11
39806	13
39807	12
39808	11
39809	10
39810	11
39811	11
39812	12
39813	14
39814	13
39815	12
39816	11
39817	11
39818	10
39819	10
39820	11
39821	13
39822	12
39823	11
39824	10
39825	10
39826	9
39827	10
39828	10
39829	11
39830	13
39831	12
39832	11
39833	10
39834	10
39835	9
39836	9
39837	10
39838	12
39839	11
39840	10
39841	9
39842	9
39843	8
39844	8
39845	9
39846	9
39847	10
39848	12
39849	11
39850	10
39851	9
39852	9
39853	8
39854	10
39855	11
39856	11
39857	10
39858	10
39859	9
39860	10
39861	10
39862	9
39863	9
39864	8
39865	9
39866	9
39867	8
39868	8
39869	7
39870	7
39871	8
39872	10
39873	11
39874	11
39875	12
39876	12
39877	11
39878	13
39879	12
39880	11
39881	10
39882	10
39883	11
39884	11
39885	10
39886	12
39887	11
39888	10
39889	9
39890	10
39891	10
39892	11
39893	13
39894	12
39895	11
39896	10
39897	10
39898	9
39899	9
39900	10
39901	12
39902	11
39903	10
39904	9
39905	9
39906	8
39907	9
39908	9
39909	10
39910	12
39911	11
39912	10
39913	9
39914	9
39915	8
39916	8
39917	9
39918	11
39919	10
39920	9
39921	8
39922	8
39923	7
39924	7
39925	8
39926	8
39927	9
39928	11
39929	10
39930	9
39931	8
39932	8
39933	7
39934	9
39935	10
39936	10
39937	9
39938	9
39939	8
39940	9
39941	9
39942	8
39943	8
39944	7
39945	8
39946	8
39947	7
39948	7
39949	6
39950	7
39951	7
39952	8
39953	10
39954	11
39955	11
39956	12
39957	12
39958	11
39959	13
39960	12
39961	11
39962	10
39963	10
39964	11
39965	11
39966	10
39967	12
39968	11
39969	10
39970	9
39971	10
39972	10
39973	11
39974	13
39975	12
39976	11
39977	10
39978	10
39979	9
39980	9
39981	10
39982	12
39983	11
39984	10
39985	9
39986	9
39987	8
39988	9
39989	9
39990	10
39991	12
39992	11
39993	10
39994	9
39995	9
39996	8
39997	8
39998	9
39999	11
40000	10
40001	9
40002	8
40003	8
40004	7
40005	7
40006	8
40007	8
40008	9
40009	11
40010	10
40011	9
40012	8
40013	8
40014	7
40015	9
40016	10
40017	10
40018	9
40019	9
40020	8
40021	9
40022	9
40023	8
40024	8
40025	7
40026	8
40027	8
40028	7
40029	7
40030	6
40031	6
40032	7
40033	9
40034	10
40035	10
40036	11
40037	11
40038	10
40039	12
40040	11
40041	10
40042	9
40043	9
40044	10
40045	10
40046	9
40047	11
40048	10
40049	9
40050	8
40051	9
40052	9
40053	10
40054	12
40055	11
40056	10
40057	9
40058	9
40059	8
40060	8
40061	9
40062	11
40063	10
40064	9
40065	8
40066	8
40067	7
40068	8
40069	8
40070	9
40071	11
40072	10
40073	9
40074	8
40075	8
40076	7
40077	7
40078	8
40079	10
40080	9
40081	8
40082	7
40083	7
40084	6
40085	6
40086	7
40087	7
40088	8
40089	10
40090	9
40091	8
40092	7
40093	7
40094	6
40095	8
40096	9
40097	9
40098	8
40099	8
40100	7
40101	8
40102	8
40103	7
40104	7
40105	6
40106	7
40107	7
40108	6
40109	6
40110	5
40111	5
40112	6
40113	6
40114	7
40115	9
40116	10
40117	10
40118	11
40119	11
40120	10
40121	12
40122	11
40123	10
40124	9
40125	9
40126	10
40127	10
40128	9
40129	11
40130	10
40131	9
40132	8
40133	9
40134	9
40135	10
40136	12
40137	11
40138	10
40139	9
40140	9
40141	8
40142	8
40143	9
40144	11
40145	10
40146	9
40147	8
40148	8
40149	7
40150	8
40151	8
40152	9
40153	11
40154	10
40155	9
40156	8
40157	8
40158	7
40159	7
40160	8
40161	10
40162	9
40163	8
40164	7
40165	7
40166	6
40167	6
40168	7
40169	7
40170	8
40171	10
40172	9
40173	8
40174	7
40175	7
40176	6
40177	8
40178	9
40179	9
40180	8
40181	8
40182	7
40183	8
40184	8
40185	7
40186	7
40187	6
40188	7
40189	7
40190	6
40191	6
40192	5
40193	7
40194	8
40195	8
40196	9
40197	9
40198	10
40199	12
40200	11
40201	10
40202	9
40203	9
40204	8
40205	10
40206	11
40207	11
40208	10
40209	10
40210	9
40211	10
40212	10
40213	9
40214	9
40215	8
40216	9
40217	9
40218	8
40219	8
40220	7
40221	7
40222	8
40223	8
40224	9
40225	11
40226	10
40227	9
40228	8
40229	8
40230	7
40231	9
40232	10
40233	10
40234	9
40235	9
40236	8
40237	9
40238	9
40239	8
40240	8
40241	7
40242	8
40243	8
40244	7
40245	7
40246	6
40247	7
40248	7
40249	8
40250	8
40251	9
40252	11
40253	10
40254	9
40255	8
40256	8
40257	7
40258	9
40259	10
40260	10
40261	9
40262	9
40263	8
40264	9
40265	9
40266	8
40267	8
40268	7
40269	8
40270	8
40271	7
40272	7
40273	6
40274	6
40275	7
40276	7
40277	8
40278	10
40279	9
40280	8
40281	7
40282	7
40283	6
40284	8
40285	9
40286	9
40287	8
40288	8
40289	7
40290	8
40291	8
40292	7
40293	7
40294	6
40295	7
40296	7
40297	6
40298	6
40299	5
40300	6
40301	6
40302	7
40303	9
40304	10
40305	10
40306	9
40307	9
40308	8
40309	9
40310	9
40311	8
40312	8
40313	7
40314	8
40315	8
40316	7
40317	7
40318	6
40319	6
40320	7
40321	7
40322	6
40323	8
40324	7
40325	6
40326	5
40327	5
40328	6
40329	8
40330	9
40331	9
40332	8
40333	8
40334	7
40335	8
40336	8
40337	7
40338	7
40339	6
40340	7
40341	7
40342	6
40343	6
40344	5
40345	5
40346	6
40347	6
40348	5
40349	7
40350	6
40351	5
40352	4
40353	4
40354	5
40355	7
40356	8
40357	8
40358	9
40359	9
40360	10
40361	12
40362	13
40363	13
40364	12
40365	12
40366	11
40367	12
40368	12
40369	11
40370	11
40371	10
40372	11
40373	11
40374	10
40375	10
40376	9
40377	9
40378	10
40379	10
40380	9
40381	11
40382	10
40383	9
40384	8
40385	10
40386	11
40387	11
40388	12
40389	12
40390	11
40391	13
40392	12
40393	11
40394	10
40395	10
40396	11
40397	11
40398	10
40399	12
40400	11
40401	10
40402	9
40403	10
40404	10
40405	11
40406	11
40407	10
40408	12
40409	11
40410	10
40411	9
40412	9
40413	10
40414	10
40415	9
40416	11
40417	10
40418	9
40419	8
40420	9
40421	9
40422	10
40423	12
40424	11
40425	10
40426	9
40427	9
40428	8
40429	8
40430	9
40431	11
40432	10
40433	9
40434	8
40435	8
40436	7
40437	7
40438	8
40439	8
40440	9
40441	11
40442	12
40443	12
40444	11
40445	11
40446	10
40447	11
40448	11
40449	10
40450	10
40451	9
40452	10
40453	10
40454	9
40455	9
40456	8
40457	8
40458	9
40459	9
40460	8
40461	10
40462	9
40463	8
40464	7
40465	9
40466	10
40467	10
40468	11
40469	11
40470	10
40471	12
40472	11
40473	10
40474	9
40475	9
40476	10
40477	10
40478	9
40479	11
40480	10
40481	9
40482	8
40483	9
40484	9
40485	10
40486	10
40487	9
40488	11
40489	10
40490	9
40491	8
40492	8
40493	9
40494	9
40495	8
40496	10
40497	9
40498	8
40499	7
40500	8
40501	8
40502	9
40503	11
40504	10
40505	9
40506	8
40507	8
40508	7
40509	7
40510	8
40511	10
40512	9
40513	8
40514	7
40515	7
40516	6
40517	7
40518	7
40519	8
40520	10
40521	11
40522	11
40523	12
40524	12
40525	11
40526	13
40527	12
40528	11
40529	10
40530	10
40531	11
40532	11
40533	10
40534	12
40535	11
40536	10
40537	9
40538	10
40539	10
40540	11
40541	13
40542	12
40543	11
40544	10
40545	10
40546	9
40547	9
40548	10
40549	12
40550	11
40551	10
40552	9
40553	9
40554	8
40555	9
40556	9
40557	10
40558	12
40559	11
40560	10
40561	9
40562	9
40563	8
40564	8
40565	9
40566	11
40567	10
40568	9
40569	8
40570	8
40571	7
40572	7
40573	8
40574	8
40575	9
40576	11
40577	10
40578	9
40579	8
40580	8
40581	7
40582	9
40583	10
40584	10
40585	9
40586	9
40587	8
40588	9
40589	9
40590	8
40591	8
40592	7
40593	8
40594	8
40595	7
40596	7
40597	6
40598	6
40599	7
40600	9
40601	10
40602	10
40603	11
40604	11
40605	10
40606	12
40607	11
40608	10
40609	9
40610	9
40611	10
40612	10
40613	9
40614	11
40615	10
40616	9
40617	8
40618	9
40619	9
40620	10
40621	12
40622	11
40623	10
40624	9
40625	9
40626	8
40627	8
40628	9
40629	11
40630	10
40631	9
40632	8
40633	8
40634	7
40635	8
40636	8
40637	9
40638	11
40639	10
40640	9
40641	8
40642	8
40643	7
40644	7
40645	8
40646	10
40647	9
40648	8
40649	7
40650	7
40651	6
40652	6
40653	7
40654	7
40655	8
40656	10
40657	9
40658	8
40659	7
40660	7
40661	6
40662	8
40663	9
40664	9
40665	8
40666	8
40667	7
40668	8
40669	8
40670	7
40671	7
40672	6
40673	7
40674	7
40675	6
40676	6
40677	5
40678	6
40679	6
40680	7
40681	9
40682	10
40683	10
40684	11
40685	11
40686	10
40687	12
40688	11
40689	10
40690	9
40691	9
40692	10
40693	10
40694	9
40695	11
40696	10
40697	9
40698	8
40699	9
40700	9
40701	10
40702	12
40703	11
40704	10
40705	9
40706	9
40707	8
40708	8
40709	9
40710	11
40711	10
40712	9
40713	8
40714	8
40715	7
40716	8
40717	8
40718	9
40719	11
40720	10
40721	9
40722	8
40723	8
40724	7
40725	7
40726	8
40727	10
40728	9
40729	8
40730	7
40731	7
40732	6
40733	6
40734	7
40735	7
40736	8
40737	10
40738	9
40739	8
40740	7
40741	7
40742	6
40743	8
40744	9
40745	9
40746	8
40747	8
40748	7
40749	8
40750	8
40751	7
40752	7
40753	6
40754	7
40755	7
40756	6
40757	6
40758	5
40759	5
40760	6
40761	8
40762	9
40763	9
40764	10
40765	10
40766	9
40767	11
40768	10
40769	9
40770	8
40771	8
40772	9
40773	9
40774	8
40775	10
40776	9
40777	8
40778	7
40779	8
40780	8
40781	9
40782	11
40783	10
40784	9
40785	8
40786	8
40787	7
40788	7
40789	8
40790	10
40791	9
40792	8
40793	7
40794	7
40795	6
40796	7
40797	7
40798	8
40799	10
40800	9
40801	8
40802	7
40803	7
40804	6
40805	6
40806	7
40807	9
40808	8
40809	7
40810	6
40811	6
40812	5
40813	5
40814	6
40815	6
40816	7
40817	9
40818	8
40819	7
40820	6
40821	6
40822	5
40823	7
40824	8
40825	8
40826	7
40827	7
40828	6
40829	7
40830	7
40831	6
40832	6
40833	5
40834	6
40835	6
40836	5
40837	5
40838	4
40839	4
40840	5
40841	5
40842	6
40843	8
40844	9
40845	9
40846	10
40847	10
40848	9
40849	11
40850	10
40851	9
40852	8
40853	8
40854	9
40855	9
40856	8
40857	10
40858	9
40859	8
40860	7
40861	8
40862	8
40863	9
40864	11
40865	10
40866	9
40867	8
40868	8
40869	7
40870	7
40871	8
40872	10
40873	9
40874	8
40875	7
40876	7
40877	6
40878	7
40879	7
40880	8
40881	10
40882	9
40883	8
40884	7
40885	7
40886	6
40887	6
40888	7
40889	9
40890	8
40891	7
40892	6
40893	6
40894	5
40895	5
40896	6
40897	6
40898	7
40899	9
40900	8
40901	7
40902	6
40903	6
40904	5
40905	7
40906	8
40907	8
40908	7
40909	7
40910	6
40911	7
40912	7
40913	6
40914	6
40915	5
40916	6
40917	6
40918	5
40919	5
40920	4
40921	6
40922	7
40923	7
40924	8
40925	8
40926	9
40927	11
40928	10
40929	9
40930	8
40931	8
40932	7
40933	9
40934	10
40935	10
40936	9
40937	9
40938	8
40939	9
40940	9
40941	8
40942	8
40943	7
40944	8
40945	8
40946	7
40947	7
40948	6
40949	6
40950	7
40951	7
40952	8
40953	10
40954	9
40955	8
40956	7
40957	7
40958	6
40959	8
40960	9
40961	9
40962	8
40963	8
40964	7
40965	8
40966	8
40967	7
40968	7
40969	6
40970	7
40971	7
40972	6
40973	6
40974	5
40975	6
40976	6
40977	7
40978	7
40979	8
40980	10
40981	9
40982	8
40983	7
40984	7
40985	6
40986	8
40987	9
40988	9
40989	8
40990	8
40991	7
40992	8
40993	8
40994	7
40995	7
40996	6
40997	7
40998	7
40999	6
41000	6
41001	5
41002	5
41003	6
41004	6
41005	7
41006	9
41007	8
41008	7
41009	6
41010	6
41011	5
41012	7
41013	8
41014	8
41015	7
41016	7
41017	6
41018	7
41019	7
41020	6
41021	6
41022	5
41023	6
41024	6
41025	5
41026	5
41027	4
41028	5
41029	5
41030	6
41031	8
41032	9
41033	9
41034	8
41035	8
41036	7
41037	8
41038	8
41039	7
41040	7
41041	6
41042	7
41043	7
41044	6
41045	6
41046	5
41047	5
41048	6
41049	6
41050	5
41051	7
41052	6
41053	5
41054	4
41055	4
41056	5
41057	7
41058	8
41059	8
41060	7
41061	7
41062	6
41063	7
41064	7
41065	6
41066	6
41067	5
41068	6
41069	6
41070	5
41071	5
41072	4
41073	4
41074	5
41075	5
41076	4
41077	6
41078	5
41079	4
41080	3
41081	3
41082	4
41083	4
41084	5
41085	7
41086	8
41087	8
41088	9
41089	9
41090	10
41091	12
41092	13
41093	13
41094	12
41095	12
41096	11
41097	12
41098	12
41099	11
41100	11
41101	10
41102	11
41103	11
41104	10
41105	10
41106	9
41107	9
41108	10
41109	10
41110	9
41111	11
41112	10
41113	9
41114	8
41115	10
41116	11
41117	11
41118	12
41119	12
41120	11
41121	13
41122	12
41123	11
41124	10
41125	10
41126	11
41127	11
41128	10
41129	12
41130	11
41131	10
41132	9
41133	10
41134	10
41135	11
41136	11
41137	10
41138	12
41139	11
41140	10
41141	9
41142	9
41143	10
41144	10
41145	9
41146	11
41147	10
41148	9
41149	8
41150	9
41151	9
41152	10
41153	12
41154	11
41155	10
41156	9
41157	9
41158	8
41159	8
41160	9
41161	11
41162	10
41163	9
41164	8
41165	8
41166	7
41167	7
41168	8
41169	8
41170	9
41171	11
41172	12
41173	12
41174	11
41175	11
41176	10
41177	11
41178	11
41179	10
41180	10
41181	9
41182	10
41183	10
41184	9
41185	9
41186	8
41187	8
41188	9
41189	9
41190	8
41191	10
41192	9
41193	8
41194	7
41195	9
41196	10
41197	10
41198	11
41199	11
41200	10
41201	12
41202	11
41203	10
41204	9
41205	9
41206	10
41207	10
41208	9
41209	11
41210	10
41211	9
41212	8
41213	9
41214	9
41215	10
41216	10
41217	9
41218	11
41219	10
41220	9
41221	8
41222	8
41223	9
41224	9
41225	8
41226	10
41227	9
41228	8
41229	7
41230	8
41231	8
41232	9
41233	11
41234	10
41235	9
41236	8
41237	8
41238	7
41239	7
41240	8
41241	10
41242	9
41243	8
41244	7
41245	7
41246	6
41247	7
41248	7
41249	8
41250	10
41251	11
41252	11
41253	12
41254	12
41255	11
41256	13
41257	12
41258	11
41259	10
41260	10
41261	11
41262	11
41263	10
41264	12
41265	11
41266	10
41267	9
41268	10
41269	10
41270	11
41271	13
41272	12
41273	11
41274	10
41275	10
41276	9
41277	9
41278	10
41279	12
41280	11
41281	10
41282	9
41283	9
41284	8
41285	9
41286	9
41287	10
41288	12
41289	11
41290	10
41291	9
41292	9
41293	8
41294	8
41295	9
41296	11
41297	10
41298	9
41299	8
41300	8
41301	7
41302	7
41303	8
41304	8
41305	9
41306	11
41307	10
41308	9
41309	8
41310	8
41311	7
41312	9
41313	10
41314	10
41315	9
41316	9
41317	8
41318	9
41319	9
41320	8
41321	8
41322	7
41323	8
41324	8
41325	7
41326	7
41327	6
41328	6
41329	7
41330	9
41331	10
41332	10
41333	11
41334	11
41335	10
41336	12
41337	11
41338	10
41339	9
41340	9
41341	10
41342	10
41343	9
41344	11
41345	10
41346	9
41347	8
41348	9
41349	9
41350	10
41351	12
41352	11
41353	10
41354	9
41355	9
41356	8
41357	8
41358	9
41359	11
41360	10
41361	9
41362	8
41363	8
41364	7
41365	8
41366	8
41367	9
41368	11
41369	10
41370	9
41371	8
41372	8
41373	7
41374	7
41375	8
41376	10
41377	9
41378	8
41379	7
41380	7
41381	6
41382	6
41383	7
41384	7
41385	8
41386	10
41387	9
41388	8
41389	7
41390	7
41391	6
41392	8
41393	9
41394	9
41395	8
41396	8
41397	7
41398	8
41399	8
41400	7
41401	7
41402	6
41403	7
41404	7
41405	6
41406	6
41407	5
41408	6
41409	6
41410	7
41411	9
41412	10
41413	10
41414	11
41415	11
41416	10
41417	12
41418	11
41419	10
41420	9
41421	9
41422	10
41423	10
41424	9
41425	11
41426	10
41427	9
41428	8
41429	9
41430	9
41431	10
41432	12
41433	11
41434	10
41435	9
41436	9
41437	8
41438	8
41439	9
41440	11
41441	10
41442	9
41443	8
41444	8
41445	7
41446	8
41447	8
41448	9
41449	11
41450	10
41451	9
41452	8
41453	8
41454	7
41455	7
41456	8
41457	10
41458	9
41459	8
41460	7
41461	7
41462	6
41463	6
41464	7
41465	7
41466	8
41467	10
41468	9
41469	8
41470	7
41471	7
41472	6
41473	8
41474	9
41475	9
41476	8
41477	8
41478	7
41479	8
41480	8
41481	7
41482	7
41483	6
41484	7
41485	7
41486	6
41487	6
41488	5
41489	5
41490	6
41491	8
41492	9
41493	9
41494	10
41495	10
41496	9
41497	11
41498	10
41499	9
41500	8
41501	8
41502	9
41503	9
41504	8
41505	10
41506	9
41507	8
41508	7
41509	8
41510	8
41511	9
41512	11
41513	10
41514	9
41515	8
41516	8
41517	7
41518	7
41519	8
41520	10
41521	9
41522	8
41523	7
41524	7
41525	6
41526	7
41527	7
41528	8
41529	10
41530	9
41531	8
41532	7
41533	7
41534	6
41535	6
41536	7
41537	9
41538	8
41539	7
41540	6
41541	6
41542	5
41543	5
41544	6
41545	6
41546	7
41547	9
41548	8
41549	7
41550	6
41551	6
41552	5
41553	7
41554	8
41555	8
41556	7
41557	7
41558	6
41559	7
41560	7
41561	6
41562	6
41563	5
41564	6
41565	6
41566	5
41567	5
41568	4
41569	4
41570	5
41571	5
41572	6
41573	8
41574	9
41575	9
41576	10
41577	10
41578	9
41579	11
41580	10
41581	9
41582	8
41583	8
41584	9
41585	9
41586	8
41587	10
41588	9
41589	8
41590	7
41591	8
41592	8
41593	9
41594	11
41595	10
41596	9
41597	8
41598	8
41599	7
41600	7
41601	8
41602	10
41603	9
41604	8
41605	7
41606	7
41607	6
41608	7
41609	7
41610	8
41611	10
41612	9
41613	8
41614	7
41615	7
41616	6
41617	6
41618	7
41619	9
41620	8
41621	7
41622	6
41623	6
41624	5
41625	5
41626	6
41627	6
41628	7
41629	9
41630	8
41631	7
41632	6
41633	6
41634	5
41635	7
41636	8
41637	8
41638	7
41639	7
41640	6
41641	7
41642	7
41643	6
41644	6
41645	5
41646	6
41647	6
41648	5
41649	5
41650	4
41651	6
41652	7
41653	7
41654	8
41655	8
41656	9
41657	11
41658	10
41659	9
41660	8
41661	8
41662	7
41663	9
41664	10
41665	10
41666	9
41667	9
41668	8
41669	9
41670	9
41671	8
41672	8
41673	7
41674	8
41675	8
41676	7
41677	7
41678	6
41679	6
41680	7
41681	7
41682	8
41683	10
41684	9
41685	8
41686	7
41687	7
41688	6
41689	8
41690	9
41691	9
41692	8
41693	8
41694	7
41695	8
41696	8
41697	7
41698	7
41699	6
41700	7
41701	7
41702	6
41703	6
41704	5
41705	6
41706	6
41707	7
41708	7
41709	8
41710	10
41711	9
41712	8
41713	7
41714	7
41715	6
41716	8
41717	9
41718	9
41719	8
41720	8
41721	7
41722	8
41723	8
41724	7
41725	7
41726	6
41727	7
41728	7
41729	6
41730	6
41731	5
41732	5
41733	6
41734	6
41735	7
41736	9
41737	8
41738	7
41739	6
41740	6
41741	5
41742	7
41743	8
41744	8
41745	7
41746	7
41747	6
41748	7
41749	7
41750	6
41751	6
41752	5
41753	6
41754	6
41755	5
41756	5
41757	4
41758	5
41759	5
41760	6
41761	8
41762	9
41763	9
41764	8
41765	8
41766	7
41767	8
41768	8
41769	7
41770	7
41771	6
41772	7
41773	7
41774	6
41775	6
41776	5
41777	5
41778	6
41779	6
41780	5
41781	7
41782	6
41783	5
41784	4
41785	4
41786	5
41787	7
41788	8
41789	8
41790	7
41791	7
41792	6
41793	7
41794	7
41795	6
41796	6
41797	5
41798	6
41799	6
41800	5
41801	5
41802	4
41803	4
41804	5
41805	5
41806	4
41807	6
41808	5
41809	4
41810	3
41811	5
41812	6
41813	6
41814	7
41815	7
41816	8
41817	10
41818	11
41819	11
41820	12
41821	12
41822	11
41823	13
41824	12
41825	11
41826	10
41827	10
41828	11
41829	11
41830	10
41831	12
41832	11
41833	10
41834	9
41835	10
41836	10
41837	11
41838	13
41839	12
41840	11
41841	10
41842	10
41843	9
41844	9
41845	10
41846	12
41847	11
41848	10
41849	9
41850	9
41851	8
41852	9
41853	9
41854	10
41855	12
41856	11
41857	10
41858	9
41859	9
41860	8
41861	8
41862	9
41863	11
41864	10
41865	9
41866	8
41867	8
41868	7
41869	7
41870	8
41871	8
41872	9
41873	11
41874	10
41875	9
41876	8
41877	8
41878	7
41879	9
41880	10
41881	10
41882	9
41883	9
41884	8
41885	9
41886	9
41887	8
41888	8
41889	7
41890	8
41891	8
41892	7
41893	7
41894	6
41895	8
41896	9
41897	9
41898	10
41899	10
41900	11
41901	13
41902	12
41903	11
41904	10
41905	10
41906	9
41907	11
41908	12
41909	12
41910	11
41911	11
41912	10
41913	11
41914	11
41915	10
41916	10
41917	9
41918	10
41919	10
41920	9
41921	9
41922	8
41923	8
41924	9
41925	9
41926	10
41927	12
41928	11
41929	10
41930	9
41931	9
41932	8
41933	10
41934	11
41935	11
41936	10
41937	10
41938	9
41939	10
41940	10
41941	9
41942	9
41943	8
41944	9
41945	9
41946	8
41947	8
41948	7
41949	8
41950	8
41951	9
41952	9
41953	10
41954	12
41955	11
41956	10
41957	9
41958	9
41959	8
41960	10
41961	11
41962	11
41963	10
41964	10
41965	9
41966	10
41967	10
41968	9
41969	9
41970	8
41971	9
41972	9
41973	8
41974	8
41975	7
41976	7
41977	8
41978	8
41979	9
41980	11
41981	10
41982	9
41983	8
41984	8
41985	7
41986	9
41987	10
41988	10
41989	9
41990	9
41991	8
41992	9
41993	9
41994	8
41995	8
41996	7
41997	8
41998	8
41999	7
42000	7
42001	6
42002	7
42003	7
42004	8
42005	10
42006	11
42007	11
42008	10
42009	10
42010	9
42011	10
42012	10
42013	9
42014	9
42015	8
42016	9
42017	9
42018	8
42019	8
42020	7
42021	7
42022	8
42023	8
42024	7
42025	9
42026	8
42027	7
42028	6
42029	6
42030	7
42031	9
42032	10
42033	10
42034	9
42035	9
42036	8
42037	9
42038	9
42039	8
42040	8
42041	7
42042	8
42043	8
42044	7
42045	7
42046	6
42047	6
42048	7
42049	7
42050	6
42051	8
42052	7
42053	6
42054	5
42055	5
42056	6
42057	6
42058	7
42059	9
42060	10
42061	10
42062	11
42063	11
42064	10
42065	12
42066	11
42067	10
42068	9
42069	9
42070	10
42071	10
42072	9
42073	11
42074	10
42075	9
42076	8
42077	9
42078	9
42079	10
42080	12
42081	11
42082	10
42083	9
42084	9
42085	8
42086	8
42087	9
42088	11
42089	10
42090	9
42091	8
42092	8
42093	7
42094	8
42095	8
42096	9
42097	11
42098	10
42099	9
42100	8
42101	8
42102	7
42103	7
42104	8
42105	10
42106	9
42107	8
42108	7
42109	7
42110	6
42111	6
42112	7
42113	7
42114	8
42115	10
42116	9
42117	8
42118	7
42119	7
42120	6
42121	8
42122	9
42123	9
42124	8
42125	8
42126	7
42127	8
42128	8
42129	7
42130	7
42131	6
42132	7
42133	7
42134	6
42135	6
42136	5
42137	7
42138	8
42139	8
42140	9
42141	9
42142	10
42143	12
42144	11
42145	10
42146	9
42147	9
42148	8
42149	10
42150	11
42151	11
42152	10
42153	10
42154	9
42155	10
42156	10
42157	9
42158	9
42159	8
42160	9
42161	9
42162	8
42163	8
42164	7
42165	7
42166	8
42167	8
42168	9
42169	11
42170	10
42171	9
42172	8
42173	8
42174	7
42175	9
42176	10
42177	10
42178	9
42179	9
42180	8
42181	9
42182	9
42183	8
42184	8
42185	7
42186	8
42187	8
42188	7
42189	7
42190	6
42191	7
42192	7
42193	8
42194	8
42195	9
42196	11
42197	10
42198	9
42199	8
42200	8
42201	7
42202	9
42203	10
42204	10
42205	9
42206	9
42207	8
42208	9
42209	9
42210	8
42211	8
42212	7
42213	8
42214	8
42215	7
42216	7
42217	6
42218	6
42219	7
42220	7
42221	8
42222	10
42223	9
42224	8
42225	7
42226	7
42227	6
42228	8
42229	9
42230	9
42231	8
42232	8
42233	7
42234	8
42235	8
42236	7
42237	7
42238	6
42239	7
42240	7
42241	6
42242	6
42243	5
42244	6
42245	6
42246	7
42247	9
42248	10
42249	10
42250	9
42251	9
42252	8
42253	9
42254	9
42255	8
42256	8
42257	7
42258	8
42259	8
42260	7
42261	7
42262	6
42263	6
42264	7
42265	7
42266	6
42267	8
42268	7
42269	6
42270	5
42271	5
42272	6
42273	8
42274	9
42275	9
42276	8
42277	8
42278	7
42279	8
42280	8
42281	7
42282	7
42283	6
42284	7
42285	7
42286	6
42287	6
42288	5
42289	5
42290	6
42291	6
42292	5
42293	7
42294	6
42295	5
42296	4
42297	5
42298	5
42299	6
42300	6
42301	7
42302	9
42303	10
42304	10
42305	11
42306	11
42307	10
42308	12
42309	11
42310	10
42311	9
42312	9
42313	10
42314	10
42315	9
42316	11
42317	10
42318	9
42319	8
42320	9
42321	9
42322	10
42323	12
42324	11
42325	10
42326	9
42327	9
42328	8
42329	8
42330	9
42331	11
42332	10
42333	9
42334	8
42335	8
42336	7
42337	8
42338	8
42339	9
42340	11
42341	10
42342	9
42343	8
42344	8
42345	7
42346	7
42347	8
42348	10
42349	9
42350	8
42351	7
42352	7
42353	6
42354	6
42355	7
42356	7
42357	8
42358	10
42359	9
42360	8
42361	7
42362	7
42363	6
42364	8
42365	9
42366	9
42367	8
42368	8
42369	7
42370	8
42371	8
42372	7
42373	7
42374	6
42375	7
42376	7
42377	6
42378	6
42379	5
42380	7
42381	8
42382	8
42383	9
42384	9
42385	10
42386	12
42387	11
42388	10
42389	9
42390	9
42391	8
42392	10
42393	11
42394	11
42395	10
42396	10
42397	9
42398	10
42399	10
42400	9
42401	9
42402	8
42403	9
42404	9
42405	8
42406	8
42407	7
42408	7
42409	8
42410	8
42411	9
42412	11
42413	10
42414	9
42415	8
42416	8
42417	7
42418	9
42419	10
42420	10
42421	9
42422	9
42423	8
42424	9
42425	9
42426	8
42427	8
42428	7
42429	8
42430	8
42431	7
42432	7
42433	6
42434	7
42435	7
42436	8
42437	8
42438	9
42439	11
42440	10
42441	9
42442	8
42443	8
42444	7
42445	9
42446	10
42447	10
42448	9
42449	9
42450	8
42451	9
42452	9
42453	8
42454	8
42455	7
42456	8
42457	8
42458	7
42459	7
42460	6
42461	6
42462	7
42463	7
42464	8
42465	10
42466	9
42467	8
42468	7
42469	7
42470	6
42471	8
42472	9
42473	9
42474	8
42475	8
42476	7
42477	8
42478	8
42479	7
42480	7
42481	6
42482	7
42483	7
42484	6
42485	6
42486	5
42487	6
42488	6
42489	7
42490	9
42491	10
42492	10
42493	9
42494	9
42495	8
42496	9
42497	9
42498	8
42499	8
42500	7
42501	8
42502	8
42503	7
42504	7
42505	6
42506	6
42507	7
42508	7
42509	6
42510	8
42511	7
42512	6
42513	5
42514	5
42515	6
42516	8
42517	9
42518	9
42519	8
42520	8
42521	7
42522	8
42523	8
42524	7
42525	7
42526	6
42527	7
42528	7
42529	6
42530	6
42531	5
42532	5
42533	6
42534	6
42535	5
42536	7
42537	6
42538	5
42539	4
42540	4
42541	5
42542	5
42543	6
42544	8
42545	9
42546	9
42547	10
42548	10
42549	9
42550	11
42551	10
42552	9
42553	8
42554	8
42555	9
42556	9
42557	8
42558	10
42559	9
42560	8
42561	7
42562	8
42563	8
42564	9
42565	11
42566	10
42567	9
42568	8
42569	8
42570	7
42571	7
42572	8
42573	10
42574	9
42575	8
42576	7
42577	7
42578	6
42579	7
42580	7
42581	8
42582	10
42583	9
42584	8
42585	7
42586	7
42587	6
42588	6
42589	7
42590	9
42591	8
42592	7
42593	6
42594	6
42595	5
42596	5
42597	6
42598	6
42599	7
42600	9
42601	8
42602	7
42603	6
42604	6
42605	5
42606	7
42607	8
42608	8
42609	7
42610	7
42611	6
42612	7
42613	7
42614	6
42615	6
42616	5
42617	6
42618	6
42619	5
42620	5
42621	4
42622	6
42623	7
42624	7
42625	8
42626	8
42627	9
42628	11
42629	10
42630	9
42631	8
42632	8
42633	7
42634	9
42635	10
42636	10
42637	9
42638	9
42639	8
42640	9
42641	9
42642	8
42643	8
42644	7
42645	8
42646	8
42647	7
42648	7
42649	6
42650	6
42651	7
42652	7
42653	8
42654	10
42655	9
42656	8
42657	7
42658	7
42659	6
42660	8
42661	9
42662	9
42663	8
42664	8
42665	7
42666	8
42667	8
42668	7
42669	7
42670	6
42671	7
42672	7
42673	6
42674	6
42675	5
42676	6
42677	6
42678	7
42679	7
42680	8
42681	10
42682	9
42683	8
42684	7
42685	7
42686	6
42687	8
42688	9
42689	9
42690	8
42691	8
42692	7
42693	8
42694	8
42695	7
42696	7
42697	6
42698	7
42699	7
42700	6
42701	6
42702	5
42703	5
42704	6
42705	6
42706	7
42707	9
42708	8
42709	7
42710	6
42711	6
42712	5
42713	7
42714	8
42715	8
42716	7
42717	7
42718	6
42719	7
42720	7
42721	6
42722	6
42723	5
42724	6
42725	6
42726	5
42727	5
42728	4
42729	5
42730	5
42731	6
42732	8
42733	9
42734	9
42735	8
42736	8
42737	7
42738	8
42739	8
42740	7
42741	7
42742	6
42743	7
42744	7
42745	6
42746	6
42747	5
42748	5
42749	6
42750	6
42751	5
42752	7
42753	6
42754	5
42755	4
42756	4
42757	5
42758	7
42759	8
42760	8
42761	7
42762	7
42763	6
42764	7
42765	7
42766	6
42767	6
42768	5
42769	6
42770	6
42771	5
42772	5
42773	4
42774	4
42775	5
42776	5
42777	4
42778	6
42779	5
42780	4
42781	3
42782	4
42783	4
42784	5
42785	7
42786	8
42787	8
42788	9
42789	9
42790	10
42791	12
42792	11
42793	10
42794	9
42795	9
42796	8
42797	10
42798	11
42799	11
42800	10
42801	10
42802	9
42803	10
42804	10
42805	9
42806	9
42807	8
42808	9
42809	9
42810	8
42811	8
42812	7
42813	7
42814	8
42815	8
42816	9
42817	11
42818	10
42819	9
42820	8
42821	8
42822	7
42823	9
42824	10
42825	10
42826	9
42827	9
42828	8
42829	9
42830	9
42831	8
42832	8
42833	7
42834	8
42835	8
42836	7
42837	7
42838	6
42839	7
42840	7
42841	8
42842	10
42843	11
42844	11
42845	10
42846	10
42847	9
42848	10
42849	10
42850	9
42851	9
42852	8
42853	9
42854	9
42855	8
42856	8
42857	7
42858	7
42859	8
42860	8
42861	7
42862	9
42863	8
42864	7
42865	6
42866	6
42867	7
42868	9
42869	10
42870	10
42871	9
42872	9
42873	8
42874	9
42875	9
42876	8
42877	8
42878	7
42879	8
42880	8
42881	7
42882	7
42883	6
42884	6
42885	7
42886	7
42887	6
42888	8
42889	7
42890	6
42891	5
42892	6
42893	6
42894	7
42895	9
42896	10
42897	10
42898	9
42899	9
42900	8
42901	9
42902	9
42903	8
42904	8
42905	7
42906	8
42907	8
42908	7
42909	7
42910	6
42911	6
42912	7
42913	7
42914	6
42915	8
42916	7
42917	6
42918	5
42919	5
42920	6
42921	8
42922	9
42923	9
42924	8
42925	8
42926	7
42927	8
42928	8
42929	7
42930	7
42931	6
42932	7
42933	7
42934	6
42935	6
42936	5
42937	5
42938	6
42939	6
42940	5
42941	7
42942	6
42943	5
42944	4
42945	4
42946	5
42947	5
42948	6
42949	8
42950	9
42951	9
42952	8
42953	8
42954	7
42955	8
42956	8
42957	7
42958	7
42959	6
42960	7
42961	7
42962	6
42963	6
42964	5
42965	5
42966	6
42967	6
42968	5
42969	7
42970	6
42971	5
42972	4
42973	6
42974	7
42975	7
42976	8
42977	8
42978	7
42979	9
42980	8
42981	7
42982	6
42983	6
42984	7
42985	7
42986	6
42987	8
42988	7
42989	6
42990	5
42991	6
42992	6
42993	7
42994	7
42995	6
42996	8
42997	7
42998	6
42999	5
43000	5
43001	6
43002	6
43003	5
43004	7
43005	6
43006	5
43007	4
43008	5
43009	5
43010	6
43011	8
43012	7
43013	6
43014	5
43015	5
43016	4
43017	4
43018	5
43019	7
43020	6
43021	5
43022	4
43023	4
43024	3
43025	3
43026	4
43027	6
43028	7
43029	7
43030	8
43031	8
43032	9
43033	11
43034	10
43035	9
43036	8
43037	8
43038	7
43039	9
43040	10
43041	10
43042	9
43043	9
43044	8
43045	9
43046	9
43047	8
43048	8
43049	7
43050	8
43051	8
43052	7
43053	7
43054	6
43055	6
43056	7
43057	7
43058	8
43059	10
43060	9
43061	8
43062	7
43063	7
43064	6
43065	8
43066	9
43067	9
43068	8
43069	8
43070	7
43071	8
43072	8
43073	7
43074	7
43075	6
43076	7
43077	7
43078	6
43079	6
43080	5
43081	6
43082	6
43083	7
43084	9
43085	10
43086	10
43087	9
43088	9
43089	8
43090	9
43091	9
43092	8
43093	8
43094	7
43095	8
43096	8
43097	7
43098	7
43099	6
43100	6
43101	7
43102	7
43103	6
43104	8
43105	7
43106	6
43107	5
43108	5
43109	6
43110	8
43111	9
43112	9
43113	8
43114	8
43115	7
43116	8
43117	8
43118	7
43119	7
43120	6
43121	7
43122	7
43123	6
43124	6
43125	5
43126	5
43127	6
43128	6
43129	5
43130	7
43131	6
43132	5
43133	4
43134	5
43135	5
43136	6
43137	8
43138	9
43139	9
43140	8
43141	8
43142	7
43143	8
43144	8
43145	7
43146	7
43147	6
43148	7
43149	7
43150	6
43151	6
43152	5
43153	5
43154	6
43155	6
43156	5
43157	7
43158	6
43159	5
43160	4
43161	4
43162	5
43163	7
43164	8
43165	8
43166	7
43167	7
43168	6
43169	7
43170	7
43171	6
43172	6
43173	5
43174	6
43175	6
43176	5
43177	5
43178	4
43179	4
43180	5
43181	5
43182	4
43183	6
43184	5
43185	4
43186	3
43187	3
43188	4
43189	4
43190	5
43191	7
43192	8
43193	8
43194	7
43195	7
43196	6
43197	7
43198	7
43199	6
43200	6
43201	5
43202	6
43203	6
43204	5
43205	5
43206	4
43207	4
43208	5
43209	5
43210	4
43211	6
43212	5
43213	4
43214	3
43215	5
43216	6
43217	6
43218	7
43219	7
43220	6
43221	8
43222	7
43223	6
43224	5
43225	5
43226	6
43227	6
43228	5
43229	7
43230	6
43231	5
43232	4
43233	5
43234	5
43235	6
43236	6
43237	5
43238	7
43239	6
43240	5
43241	4
43242	4
43243	5
43244	5
43245	4
43246	6
43247	5
43248	4
43249	3
43250	4
43251	4
43252	5
43253	7
43254	6
43255	5
43256	4
43257	4
43258	3
43259	3
43260	4
43261	6
43262	5
43263	4
43264	3
43265	3
43266	2
43267	2
43268	3
43269	5
43270	6
43271	6
43272	7
43273	7
43274	8
43275	10
43276	11
43277	11
43278	12
43279	12
43280	13
43281	15
43282	14
43283	13
43284	12
43285	12
43286	11
43287	13
43288	14
43289	14
43290	13
43291	13
43292	12
43293	13
43294	13
43295	12
43296	12
43297	11
43298	12
43299	12
43300	11
43301	11
43302	10
43303	10
43304	11
43305	11
43306	12
43307	14
43308	13
43309	12
43310	11
43311	11
43312	10
43313	12
43314	13
43315	13
43316	12
43317	12
43318	11
43319	12
43320	12
43321	11
43322	11
43323	10
43324	11
43325	11
43326	10
43327	10
43328	9
43329	10
43330	10
43331	11
43332	13
43333	14
43334	14
43335	13
43336	13
43337	12
43338	13
43339	13
43340	12
43341	12
43342	11
43343	12
43344	12
43345	11
43346	11
43347	10
43348	10
43349	11
43350	11
43351	10
43352	12
43353	11
43354	10
43355	9
43356	9
43357	10
43358	12
43359	13
43360	13
43361	12
43362	12
43363	11
43364	12
43365	12
43366	11
43367	11
43368	10
43369	11
43370	11
43371	10
43372	10
43373	9
43374	9
43375	10
43376	10
43377	9
43378	11
43379	10
43380	9
43381	8
43382	9
43383	9
43384	10
43385	12
43386	13
43387	13
43388	12
43389	12
43390	11
43391	12
43392	12
43393	11
43394	11
43395	10
43396	11
43397	11
43398	10
43399	10
43400	9
43401	9
43402	10
43403	10
43404	9
43405	11
43406	10
43407	9
43408	8
43409	8
43410	9
43411	11
43412	12
43413	12
43414	11
43415	11
43416	10
43417	11
43418	11
43419	10
43420	10
43421	9
43422	10
43423	10
43424	9
43425	9
43426	8
43427	8
43428	9
43429	9
43430	8
43431	10
43432	9
43433	8
43434	7
43435	7
43436	8
43437	8
43438	9
43439	11
43440	12
43441	12
43442	11
43443	11
43444	10
43445	11
43446	11
43447	10
43448	10
43449	9
43450	10
43451	10
43452	9
43453	9
43454	8
43455	8
43456	9
43457	9
43458	8
43459	10
43460	9
43461	8
43462	7
43463	9
43464	10
43465	10
43466	11
43467	11
43468	10
43469	12
43470	11
43471	10
43472	9
43473	9
43474	10
43475	10
43476	9
43477	11
43478	10
43479	9
43480	8
43481	9
43482	9
43483	10
43484	10
43485	9
43486	11
43487	10
43488	9
43489	8
43490	8
43491	9
43492	9
43493	8
43494	10
43495	9
43496	8
43497	7
43498	8
43499	8
43500	9
43501	11
43502	10
43503	9
43504	8
43505	8
43506	7
43507	7
43508	8
43509	10
43510	9
43511	8
43512	7
43513	7
43514	6
43515	8
43516	9
43517	9
43518	10
43519	10
43520	11
43521	13
43522	14
43523	14
43524	13
43525	13
43526	12
43527	13
43528	13
43529	12
43530	12
43531	11
43532	12
43533	12
43534	11
43535	11
43536	10
43537	10
43538	11
43539	11
43540	10
43541	12
43542	11
43543	10
43544	9
43545	11
43546	12
43547	12
43548	13
43549	13
43550	12
43551	14
43552	13
43553	12
43554	11
43555	11
43556	12
43557	12
43558	11
43559	13
43560	12
43561	11
43562	10
43563	11
43564	11
43565	12
43566	12
43567	11
43568	13
43569	12
43570	11
43571	10
43572	10
43573	11
43574	11
43575	10
43576	12
43577	11
43578	10
43579	9
43580	10
43581	10
43582	11
43583	13
43584	12
43585	11
43586	10
43587	10
43588	9
43589	9
43590	10
43591	12
43592	11
43593	10
43594	9
43595	9
43596	8
43597	8
43598	9
43599	9
43600	10
43601	12
43602	13
43603	13
43604	12
43605	12
43606	11
43607	12
43608	12
43609	11
43610	11
43611	10
43612	11
43613	11
43614	10
43615	10
43616	9
43617	9
43618	10
43619	10
43620	9
43621	11
43622	10
43623	9
43624	8
43625	10
43626	11
43627	11
43628	12
43629	12
43630	11
43631	13
43632	12
43633	11
43634	10
43635	10
43636	11
43637	11
43638	10
43639	12
43640	11
43641	10
43642	9
43643	10
43644	10
43645	11
43646	11
43647	10
43648	12
43649	11
43650	10
43651	9
43652	9
43653	10
43654	10
43655	9
43656	11
43657	10
43658	9
43659	8
43660	9
43661	9
43662	10
43663	12
43664	11
43665	10
43666	9
43667	9
43668	8
43669	8
43670	9
43671	11
43672	10
43673	9
43674	8
43675	8
43676	7
43677	8
43678	8
43679	9
43680	9
43681	10
43682	12
43683	13
43684	13
43685	12
43686	12
43687	11
43688	12
43689	12
43690	11
43691	11
43692	10
43693	11
43694	11
43695	10
43696	10
43697	9
43698	9
43699	10
43700	10
43701	9
43702	11
43703	10
43704	9
43705	8
43706	10
43707	11
43708	11
43709	12
43710	12
43711	11
43712	13
43713	12
43714	11
43715	10
43716	10
43717	11
43718	11
43719	10
43720	12
43721	11
43722	10
43723	9
43724	10
43725	10
43726	11
43727	11
43728	10
43729	12
43730	11
43731	10
43732	9
43733	9
43734	10
43735	10
43736	9
43737	11
43738	10
43739	9
43740	8
43741	9
43742	9
43743	10
43744	12
43745	11
43746	10
43747	9
43748	9
43749	8
43750	8
43751	9
43752	11
43753	10
43754	9
43755	8
43756	8
43757	7
43758	7
43759	8
43760	8
43761	9
43762	11
43763	12
43764	12
43765	11
43766	11
43767	10
43768	11
43769	11
43770	10
43771	10
43772	9
43773	10
43774	10
43775	9
43776	9
43777	8
43778	8
43779	9
43780	9
43781	8
43782	10
43783	9
43784	8
43785	7
43786	9
43787	10
43788	10
43789	11
43790	11
43791	10
43792	12
43793	11
43794	10
43795	9
43796	9
43797	10
43798	10
43799	9
43800	11
43801	10
43802	9
43803	8
43804	9
43805	9
43806	10
43807	10
43808	9
43809	11
43810	10
43811	9
43812	8
43813	8
43814	9
43815	9
43816	8
43817	10
43818	9
43819	8
43820	7
43821	8
43822	8
43823	9
43824	11
43825	10
43826	9
43827	8
43828	8
43829	7
43830	7
43831	8
43832	10
43833	9
43834	8
43835	7
43836	7
43837	6
43838	7
43839	7
43840	8
43841	10
43842	11
43843	11
43844	12
43845	12
43846	11
43847	13
43848	12
43849	11
43850	10
43851	10
43852	11
43853	11
43854	10
43855	12
43856	11
43857	10
43858	9
43859	10
43860	10
43861	11
43862	13
43863	12
43864	11
43865	10
43866	10
43867	9
43868	9
43869	10
43870	12
43871	11
43872	10
43873	9
43874	9
43875	8
43876	9
43877	9
43878	10
43879	12
43880	11
43881	10
43882	9
43883	9
43884	8
43885	8
43886	9
43887	11
43888	10
43889	9
43890	8
43891	8
43892	7
43893	7
43894	8
43895	8
43896	9
43897	11
43898	10
43899	9
43900	8
43901	8
43902	7
43903	9
43904	10
43905	10
43906	9
43907	9
43908	8
43909	9
43910	9
43911	8
43912	8
43913	7
43914	8
43915	8
43916	7
43917	7
43918	6
43919	6
43920	7
43921	9
43922	10
43923	10
43924	11
43925	11
43926	10
43927	12
43928	11
43929	10
43930	9
43931	9
43932	10
43933	10
43934	9
43935	11
43936	10
43937	9
43938	8
43939	9
43940	9
43941	10
43942	12
43943	11
43944	10
43945	9
43946	9
43947	8
43948	8
43949	9
43950	11
43951	10
43952	9
43953	8
43954	8
43955	7
43956	8
43957	8
43958	9
43959	11
43960	10
43961	9
43962	8
43963	8
43964	7
43965	7
43966	8
43967	10
43968	9
43969	8
43970	7
43971	7
43972	6
43973	6
43974	7
43975	7
43976	8
43977	10
43978	9
43979	8
43980	7
43981	7
43982	6
43983	8
43984	9
43985	9
43986	8
43987	8
43988	7
43989	8
43990	8
43991	7
43992	7
43993	6
43994	7
43995	7
43996	6
43997	6
43998	5
43999	5
44000	6
44001	6
44002	7
44003	9
44004	10
44005	10
44006	11
44007	11
44008	12
44009	14
44010	13
44011	12
44012	11
44013	11
44014	10
44015	12
44016	13
44017	13
44018	12
44019	12
44020	11
44021	12
44022	12
44023	11
44024	11
44025	10
44026	11
44027	11
44028	10
44029	10
44030	9
44031	9
44032	10
44033	10
44034	11
44035	13
44036	12
44037	11
44038	10
44039	10
44040	9
44041	11
44042	12
44043	12
44044	11
44045	11
44046	10
44047	11
44048	11
44049	10
44050	10
44051	9
44052	10
44053	10
44054	9
44055	9
44056	8
44057	9
44058	9
44059	10
44060	12
44061	13
44062	13
44063	12
44064	12
44065	11
44066	12
44067	12
44068	11
44069	11
44070	10
44071	11
44072	11
44073	10
44074	10
44075	9
44076	9
44077	10
44078	10
44079	9
44080	11
44081	10
44082	9
44083	8
44084	8
44085	9
44086	11
44087	12
44088	12
44089	11
44090	11
44091	10
44092	11
44093	11
44094	10
44095	10
44096	9
44097	10
44098	10
44099	9
44100	9
44101	8
44102	8
44103	9
44104	9
44105	8
44106	10
44107	9
44108	8
44109	7
44110	8
44111	8
44112	9
44113	11
44114	12
44115	12
44116	11
44117	11
44118	10
44119	11
44120	11
44121	10
44122	10
44123	9
44124	10
44125	10
44126	9
44127	9
44128	8
44129	8
44130	9
44131	9
44132	8
44133	10
44134	9
44135	8
44136	7
44137	7
44138	8
44139	10
44140	11
44141	11
44142	10
44143	10
44144	9
44145	10
44146	10
44147	9
44148	9
44149	8
44150	9
44151	9
44152	8
44153	8
44154	7
44155	7
44156	8
44157	8
44158	7
44159	9
44160	8
44161	7
44162	6
44163	6
44164	7
44165	7
44166	8
44167	10
44168	11
44169	11
44170	10
44171	10
44172	9
44173	10
44174	10
44175	9
44176	9
44177	8
44178	9
44179	9
44180	8
44181	8
44182	7
44183	7
44184	8
44185	8
44186	7
44187	9
44188	8
44189	7
44190	6
44191	8
44192	9
44193	9
44194	10
44195	10
44196	9
44197	11
44198	10
44199	9
44200	8
44201	8
44202	9
44203	9
44204	8
44205	10
44206	9
44207	8
44208	7
44209	8
44210	8
44211	9
44212	9
44213	8
44214	10
44215	9
44216	8
44217	7
44218	7
44219	8
44220	8
44221	7
44222	9
44223	8
44224	7
44225	6
44226	7
44227	7
44228	8
44229	10
44230	9
44231	8
44232	7
44233	7
44234	6
44235	6
44236	7
44237	9
44238	8
44239	7
44240	6
44241	6
44242	5
44243	7
44244	8
44245	8
44246	9
44247	9
44248	10
44249	12
44250	13
44251	13
44252	12
44253	12
44254	11
44255	12
44256	12
44257	11
44258	11
44259	10
44260	11
44261	11
44262	10
44263	10
44264	9
44265	9
44266	10
44267	10
44268	9
44269	11
44270	10
44271	9
44272	8
44273	10
44274	11
44275	11
44276	12
44277	12
44278	11
44279	13
44280	12
44281	11
44282	10
44283	10
44284	11
44285	11
44286	10
44287	12
44288	11
44289	10
44290	9
44291	10
44292	10
44293	11
44294	11
44295	10
44296	12
44297	11
44298	10
44299	9
44300	9
44301	10
44302	10
44303	9
44304	11
44305	10
44306	9
44307	8
44308	9
44309	9
44310	10
44311	12
44312	11
44313	10
44314	9
44315	9
44316	8
44317	8
44318	9
44319	11
44320	10
44321	9
44322	8
44323	8
44324	7
44325	7
44326	8
44327	8
44328	9
44329	11
44330	12
44331	12
44332	11
44333	11
44334	10
44335	11
44336	11
44337	10
44338	10
44339	9
44340	10
44341	10
44342	9
44343	9
44344	8
44345	8
44346	9
44347	9
44348	8
44349	10
44350	9
44351	8
44352	7
44353	9
44354	10
44355	10
44356	11
44357	11
44358	10
44359	12
44360	11
44361	10
44362	9
44363	9
44364	10
44365	10
44366	9
44367	11
44368	10
44369	9
44370	8
44371	9
44372	9
44373	10
44374	10
44375	9
44376	11
44377	10
44378	9
44379	8
44380	8
44381	9
44382	9
44383	8
44384	10
44385	9
44386	8
44387	7
44388	8
44389	8
44390	9
44391	11
44392	10
44393	9
44394	8
44395	8
44396	7
44397	7
44398	8
44399	10
44400	9
44401	8
44402	7
44403	7
44404	6
44405	7
44406	7
44407	8
44408	8
44409	9
44410	11
44411	12
44412	12
44413	11
44414	11
44415	10
44416	11
44417	11
44418	10
44419	10
44420	9
44421	10
44422	10
44423	9
44424	9
44425	8
44426	8
44427	9
44428	9
44429	8
44430	10
44431	9
44432	8
44433	7
44434	9
44435	10
44436	10
44437	11
44438	11
44439	10
44440	12
44441	11
44442	10
44443	9
44444	9
44445	10
44446	10
44447	9
44448	11
44449	10
44450	9
44451	8
44452	9
44453	9
44454	10
44455	10
44456	9
44457	11
44458	10
44459	9
44460	8
44461	8
44462	9
44463	9
44464	8
44465	10
44466	9
44467	8
44468	7
44469	8
44470	8
44471	9
44472	11
44473	10
44474	9
44475	8
44476	8
44477	7
44478	7
44479	8
44480	10
44481	9
44482	8
44483	7
44484	7
44485	6
44486	6
44487	7
44488	7
44489	8
44490	10
44491	11
44492	11
44493	10
44494	10
44495	9
44496	10
44497	10
44498	9
44499	9
44500	8
44501	9
44502	9
44503	8
44504	8
44505	7
44506	7
44507	8
44508	8
44509	7
44510	9
44511	8
44512	7
44513	6
44514	8
44515	9
44516	9
44517	10
44518	10
44519	9
44520	11
44521	10
44522	9
44523	8
44524	8
44525	9
44526	9
44527	8
44528	10
44529	9
44530	8
44531	7
44532	8
44533	8
44534	9
44535	9
44536	8
44537	10
44538	9
44539	8
44540	7
44541	7
44542	8
44543	8
44544	7
44545	9
44546	8
44547	7
44548	6
44549	7
44550	7
44551	8
44552	10
44553	9
44554	8
44555	7
44556	7
44557	6
44558	6
44559	7
44560	9
44561	8
44562	7
44563	6
44564	6
44565	5
44566	6
44567	6
44568	7
44569	9
44570	10
44571	10
44572	11
44573	11
44574	10
44575	12
44576	11
44577	10
44578	9
44579	9
44580	10
44581	10
44582	9
44583	11
44584	10
44585	9
44586	8
44587	9
44588	9
44589	10
44590	12
44591	11
44592	10
44593	9
44594	9
44595	8
44596	8
44597	9
44598	11
44599	10
44600	9
44601	8
44602	8
44603	7
44604	8
44605	8
44606	9
44607	11
44608	10
44609	9
44610	8
44611	8
44612	7
44613	7
44614	8
44615	10
44616	9
44617	8
44618	7
44619	7
44620	6
44621	6
44622	7
44623	7
44624	8
44625	10
44626	9
44627	8
44628	7
44629	7
44630	6
44631	8
44632	9
44633	9
44634	8
44635	8
44636	7
44637	8
44638	8
44639	7
44640	7
44641	6
44642	7
44643	7
44644	6
44645	6
44646	5
44647	5
44648	6
44649	8
44650	9
44651	9
44652	10
44653	10
44654	9
44655	11
44656	10
44657	9
44658	8
44659	8
44660	9
44661	9
44662	8
44663	10
44664	9
44665	8
44666	7
44667	8
44668	8
44669	9
44670	11
44671	10
44672	9
44673	8
44674	8
44675	7
44676	7
44677	8
44678	10
44679	9
44680	8
44681	7
44682	7
44683	6
44684	7
44685	7
44686	8
44687	10
44688	9
44689	8
44690	7
44691	7
44692	6
44693	6
44694	7
44695	9
44696	8
44697	7
44698	6
44699	6
44700	5
44701	5
44702	6
44703	6
44704	7
44705	9
44706	8
44707	7
44708	6
44709	6
44710	5
44711	7
44712	8
44713	8
44714	7
44715	7
44716	6
44717	7
44718	7
44719	6
44720	6
44721	5
44722	6
44723	6
44724	5
44725	5
44726	4
44727	5
44728	5
44729	6
44730	8
44731	9
44732	9
44733	10
44734	10
44735	11
44736	13
44737	14
44738	14
44739	13
44740	13
44741	12
44742	13
44743	13
44744	12
44745	12
44746	11
44747	12
44748	12
44749	11
44750	11
44751	10
44752	10
44753	11
44754	11
44755	10
44756	12
44757	11
44758	10
44759	9
44760	11
44761	12
44762	12
44763	13
44764	13
44765	12
44766	14
44767	13
44768	12
44769	11
44770	11
44771	12
44772	12
44773	11
44774	13
44775	12
44776	11
44777	10
44778	11
44779	11
44780	12
44781	12
44782	11
44783	13
44784	12
44785	11
44786	10
44787	10
44788	11
44789	11
44790	10
44791	12
44792	11
44793	10
44794	9
44795	10
44796	10
44797	11
44798	13
44799	12
44800	11
44801	10
44802	10
44803	9
44804	9
44805	10
44806	12
44807	11
44808	10
44809	9
44810	9
44811	8
44812	8
44813	9
44814	9
44815	10
44816	12
44817	13
44818	13
44819	12
44820	12
44821	11
44822	12
44823	12
44824	11
44825	11
44826	10
44827	11
44828	11
44829	10
44830	10
44831	9
44832	9
44833	10
44834	10
44835	9
44836	11
44837	10
44838	9
44839	8
44840	10
44841	11
44842	11
44843	12
44844	12
44845	11
44846	13
44847	12
44848	11
44849	10
44850	10
44851	11
44852	11
44853	10
44854	12
44855	11
44856	10
44857	9
44858	10
44859	10
44860	11
44861	11
44862	10
44863	12
44864	11
44865	10
44866	9
44867	9
44868	10
44869	10
44870	9
44871	11
44872	10
44873	9
44874	8
44875	9
44876	9
44877	10
44878	12
44879	11
44880	10
44881	9
44882	9
44883	8
44884	8
44885	9
44886	11
44887	10
44888	9
44889	8
44890	8
44891	7
44892	8
44893	8
44894	9
44895	11
44896	12
44897	12
44898	13
44899	13
44900	12
44901	14
44902	13
44903	12
44904	11
44905	11
44906	12
44907	12
44908	11
44909	13
44910	12
44911	11
44912	10
44913	11
44914	11
44915	12
44916	14
44917	13
44918	12
44919	11
44920	11
44921	10
44922	10
44923	11
44924	13
44925	12
44926	11
44927	10
44928	10
44929	9
44930	10
44931	10
44932	11
44933	13
44934	12
44935	11
44936	10
44937	10
44938	9
44939	9
44940	10
44941	12
44942	11
44943	10
44944	9
44945	9
44946	8
44947	8
44948	9
44949	9
44950	10
44951	12
44952	11
44953	10
44954	9
44955	9
44956	8
44957	10
44958	11
44959	11
44960	10
44961	10
44962	9
44963	10
44964	10
44965	9
44966	9
44967	8
44968	9
44969	9
44970	8
44971	8
44972	7
44973	7
44974	8
44975	10
44976	11
44977	11
44978	12
44979	12
44980	11
44981	13
44982	12
44983	11
44984	10
44985	10
44986	11
44987	11
44988	10
44989	12
44990	11
44991	10
44992	9
44993	10
44994	10
44995	11
44996	13
44997	12
44998	11
44999	10
45000	10
45001	9
45002	9
45003	10
45004	12
45005	11
45006	10
45007	9
45008	9
45009	8
45010	9
45011	9
45012	10
45013	12
45014	11
45015	10
45016	9
45017	9
45018	8
45019	8
45020	9
45021	11
45022	10
45023	9
45024	8
45025	8
45026	7
45027	7
45028	8
45029	8
45030	9
45031	11
45032	10
45033	9
45034	8
45035	8
45036	7
45037	9
45038	10
45039	10
45040	9
45041	9
45042	8
45043	9
45044	9
45045	8
45046	8
45047	7
45048	8
45049	8
45050	7
45051	7
45052	6
45053	7
45054	7
45055	8
45056	10
45057	11
45058	11
45059	12
45060	12
45061	11
45062	13
45063	12
45064	11
45065	10
45066	10
45067	11
45068	11
45069	10
45070	12
45071	11
45072	10
45073	9
45074	10
45075	10
45076	11
45077	13
45078	12
45079	11
45080	10
45081	10
45082	9
45083	9
45084	10
45085	12
45086	11
45087	10
45088	9
45089	9
45090	8
45091	9
45092	9
45093	10
45094	12
45095	11
45096	10
45097	9
45098	9
45099	8
45100	8
45101	9
45102	11
45103	10
45104	9
45105	8
45106	8
45107	7
45108	7
45109	8
45110	8
45111	9
45112	11
45113	10
45114	9
45115	8
45116	8
45117	7
45118	9
45119	10
45120	10
45121	9
45122	9
45123	8
45124	9
45125	9
45126	8
45127	8
45128	7
45129	8
45130	8
45131	7
45132	7
45133	6
45134	6
45135	7
45136	9
45137	10
45138	10
45139	11
45140	11
45141	10
45142	12
45143	11
45144	10
45145	9
45146	9
45147	10
45148	10
45149	9
45150	11
45151	10
45152	9
45153	8
45154	9
45155	9
45156	10
45157	12
45158	11
45159	10
45160	9
45161	9
45162	8
45163	8
45164	9
45165	11
45166	10
45167	9
45168	8
45169	8
45170	7
45171	8
45172	8
45173	9
45174	11
45175	10
45176	9
45177	8
45178	8
45179	7
45180	7
45181	8
45182	10
45183	9
45184	8
45185	7
45186	7
45187	6
45188	6
45189	7
45190	7
45191	8
45192	10
45193	9
45194	8
45195	7
45196	7
45197	6
45198	8
45199	9
45200	9
45201	8
45202	8
45203	7
45204	8
45205	8
45206	7
45207	7
45208	6
45209	7
45210	7
45211	6
45212	6
45213	5
45214	5
45215	6
45216	6
45217	7
45218	9
45219	10
45220	10
45221	11
45222	11
45223	10
45224	12
45225	11
45226	10
45227	9
45228	9
45229	10
45230	10
45231	9
45232	11
45233	10
45234	9
45235	8
45236	9
45237	9
45238	10
45239	12
45240	11
45241	10
45242	9
45243	9
45244	8
45245	8
45246	9
45247	11
45248	10
45249	9
45250	8
45251	8
45252	7
45253	8
45254	8
45255	9
45256	11
45257	10
45258	9
45259	8
45260	8
45261	7
45262	7
45263	8
45264	10
45265	9
45266	8
45267	7
45268	7
45269	6
45270	6
45271	7
45272	7
45273	8
45274	10
45275	9
45276	8
45277	7
45278	7
45279	6
45280	8
45281	9
45282	9
45283	8
45284	8
45285	7
45286	8
45287	8
45288	7
45289	7
45290	6
45291	7
45292	7
45293	6
45294	6
45295	5
45296	7
45297	8
45298	8
45299	9
45300	9
45301	10
45302	12
45303	11
45304	10
45305	9
45306	9
45307	8
45308	10
45309	11
45310	11
45311	10
45312	10
45313	9
45314	10
45315	10
45316	9
45317	9
45318	8
45319	9
45320	9
45321	8
45322	8
45323	7
45324	7
45325	8
45326	8
45327	9
45328	11
45329	10
45330	9
45331	8
45332	8
45333	7
45334	9
45335	10
45336	10
45337	9
45338	9
45339	8
45340	9
45341	9
45342	8
45343	8
45344	7
45345	8
45346	8
45347	7
45348	7
45349	6
45350	7
45351	7
45352	8
45353	8
45354	9
45355	11
45356	10
45357	9
45358	8
45359	8
45360	7
45361	9
45362	10
45363	10
45364	9
45365	9
45366	8
45367	9
45368	9
45369	8
45370	8
45371	7
45372	8
45373	8
45374	7
45375	7
45376	6
45377	6
45378	7
45379	7
45380	8
45381	10
45382	9
45383	8
45384	7
45385	7
45386	6
45387	8
45388	9
45389	9
45390	8
45391	8
45392	7
45393	8
45394	8
45395	7
45396	7
45397	6
45398	7
45399	7
45400	6
45401	6
45402	5
45403	6
45404	6
45405	7
45406	9
45407	10
45408	10
45409	9
45410	9
45411	8
45412	9
45413	9
45414	8
45415	8
45416	7
45417	8
45418	8
45419	7
45420	7
45421	6
45422	6
45423	7
45424	7
45425	6
45426	8
45427	7
45428	6
45429	5
45430	5
45431	6
45432	8
45433	9
45434	9
45435	8
45436	8
45437	7
45438	8
45439	8
45440	7
45441	7
45442	6
45443	7
45444	7
45445	6
45446	6
45447	5
45448	5
45449	6
45450	6
45451	5
45452	7
45453	6
45454	5
45455	4
45456	4
45457	5
45458	7
45459	8
45460	8
45461	9
45462	9
45463	10
45464	12
45465	13
45466	13
45467	12
45468	12
45469	11
45470	12
45471	12
45472	11
45473	11
45474	10
45475	11
45476	11
45477	10
45478	10
45479	9
45480	9
45481	10
45482	10
45483	9
45484	11
45485	10
45486	9
45487	8
45488	10
45489	11
45490	11
45491	12
45492	12
45493	11
45494	13
45495	12
45496	11
45497	10
45498	10
45499	11
45500	11
45501	10
45502	12
45503	11
45504	10
45505	9
45506	10
45507	10
45508	11
45509	11
45510	10
45511	12
45512	11
45513	10
45514	9
45515	9
45516	10
45517	10
45518	9
45519	11
45520	10
45521	9
45522	8
45523	9
45524	9
45525	10
45526	12
45527	11
45528	10
45529	9
45530	9
45531	8
45532	8
45533	9
45534	11
45535	10
45536	9
45537	8
45538	8
45539	7
45540	7
45541	8
45542	8
45543	9
45544	11
45545	12
45546	12
45547	11
45548	11
45549	10
45550	11
45551	11
45552	10
45553	10
45554	9
45555	10
45556	10
45557	9
45558	9
45559	8
45560	8
45561	9
45562	9
45563	8
45564	10
45565	9
45566	8
45567	7
45568	9
45569	10
45570	10
45571	11
45572	11
45573	10
45574	12
45575	11
45576	10
45577	9
45578	9
45579	10
45580	10
45581	9
45582	11
45583	10
45584	9
45585	8
45586	9
45587	9
45588	10
45589	10
45590	9
45591	11
45592	10
45593	9
45594	8
45595	8
45596	9
45597	9
45598	8
45599	10
45600	9
45601	8
45602	7
45603	8
45604	8
45605	9
45606	11
45607	10
45608	9
45609	8
45610	8
45611	7
45612	7
45613	8
45614	10
45615	9
45616	8
45617	7
45618	7
45619	6
45620	7
45621	7
45622	8
45623	10
45624	11
45625	11
45626	12
45627	12
45628	11
45629	13
45630	12
45631	11
45632	10
45633	10
45634	11
45635	11
45636	10
45637	12
45638	11
45639	10
45640	9
45641	10
45642	10
45643	11
45644	13
45645	12
45646	11
45647	10
45648	10
45649	9
45650	9
45651	10
45652	12
45653	11
45654	10
45655	9
45656	9
45657	8
45658	9
45659	9
45660	10
45661	12
45662	11
45663	10
45664	9
45665	9
45666	8
45667	8
45668	9
45669	11
45670	10
45671	9
45672	8
45673	8
45674	7
45675	7
45676	8
45677	8
45678	9
45679	11
45680	10
45681	9
45682	8
45683	8
45684	7
45685	9
45686	10
45687	10
45688	9
45689	9
45690	8
45691	9
45692	9
45693	8
45694	8
45695	7
45696	8
45697	8
45698	7
45699	7
45700	6
45701	6
45702	7
45703	9
45704	10
45705	10
45706	11
45707	11
45708	10
45709	12
45710	11
45711	10
45712	9
45713	9
45714	10
45715	10
45716	9
45717	11
45718	10
45719	9
45720	8
45721	9
45722	9
45723	10
45724	12
45725	11
45726	10
45727	9
45728	9
45729	8
45730	8
45731	9
45732	11
45733	10
45734	9
45735	8
45736	8
45737	7
45738	8
45739	8
45740	9
45741	11
45742	10
45743	9
45744	8
45745	8
45746	7
45747	7
45748	8
45749	10
45750	9
45751	8
45752	7
45753	7
45754	6
45755	6
45756	7
45757	7
45758	8
45759	10
45760	9
45761	8
45762	7
45763	7
45764	6
45765	8
45766	9
45767	9
45768	8
45769	8
45770	7
45771	8
45772	8
45773	7
45774	7
45775	6
45776	7
45777	7
45778	6
45779	6
45780	5
45781	6
45782	6
45783	7
45784	9
45785	10
45786	10
45787	11
45788	11
45789	10
45790	12
45791	11
45792	10
45793	9
45794	9
45795	10
45796	10
45797	9
45798	11
45799	10
45800	9
45801	8
45802	9
45803	9
45804	10
45805	12
45806	11
45807	10
45808	9
45809	9
45810	8
45811	8
45812	9
45813	11
45814	10
45815	9
45816	8
45817	8
45818	7
45819	8
45820	8
45821	9
45822	11
45823	10
45824	9
45825	8
45826	8
45827	7
45828	7
45829	8
45830	10
45831	9
45832	8
45833	7
45834	7
45835	6
45836	6
45837	7
45838	7
45839	8
45840	10
45841	9
45842	8
45843	7
45844	7
45845	6
45846	8
45847	9
45848	9
45849	8
45850	8
45851	7
45852	8
45853	8
45854	7
45855	7
45856	6
45857	7
45858	7
45859	6
45860	6
45861	5
45862	5
45863	6
45864	8
45865	9
45866	9
45867	10
45868	10
45869	9
45870	11
45871	10
45872	9
45873	8
45874	8
45875	9
45876	9
45877	8
45878	10
45879	9
45880	8
45881	7
45882	8
45883	8
45884	9
45885	11
45886	10
45887	9
45888	8
45889	8
45890	7
45891	7
45892	8
45893	10
45894	9
45895	8
45896	7
45897	7
45898	6
45899	7
45900	7
45901	8
45902	10
45903	9
45904	8
45905	7
45906	7
45907	6
45908	6
45909	7
45910	9
45911	8
45912	7
45913	6
45914	6
45915	5
45916	5
45917	6
45918	6
45919	7
45920	9
45921	8
45922	7
45923	6
45924	6
45925	5
45926	7
45927	8
45928	8
45929	7
45930	7
45931	6
45932	7
45933	7
45934	6
45935	6
45936	5
45937	6
45938	6
45939	5
45940	5
45941	4
45942	4
45943	5
45944	5
45945	6
45946	8
45947	9
45948	9
45949	10
45950	10
45951	9
45952	11
45953	10
45954	9
45955	8
45956	8
45957	9
45958	9
45959	8
45960	10
45961	9
45962	8
45963	7
45964	8
45965	8
45966	9
45967	11
45968	10
45969	9
45970	8
45971	8
45972	7
45973	7
45974	8
45975	10
45976	9
45977	8
45978	7
45979	7
45980	6
45981	7
45982	7
45983	8
45984	10
45985	9
45986	8
45987	7
45988	7
45989	6
45990	6
45991	7
45992	9
45993	8
45994	7
45995	6
45996	6
45997	5
45998	5
45999	6
46000	6
46001	7
46002	9
46003	8
46004	7
46005	6
46006	6
46007	5
46008	7
46009	8
46010	8
46011	7
46012	7
46013	6
46014	7
46015	7
46016	6
46017	6
46018	5
46019	6
46020	6
46021	5
46022	5
46023	4
46024	6
46025	7
46026	7
46027	8
46028	8
46029	9
46030	11
46031	10
46032	9
46033	8
46034	8
46035	7
46036	9
46037	10
46038	10
46039	9
46040	9
46041	8
46042	9
46043	9
46044	8
46045	8
46046	7
46047	8
46048	8
46049	7
46050	7
46051	6
46052	6
46053	7
46054	7
46055	8
46056	10
46057	9
46058	8
46059	7
46060	7
46061	6
46062	8
46063	9
46064	9
46065	8
46066	8
46067	7
46068	8
46069	8
46070	7
46071	7
46072	6
46073	7
46074	7
46075	6
46076	6
46077	5
46078	6
46079	6
46080	7
46081	7
46082	8
46083	10
46084	9
46085	8
46086	7
46087	7
46088	6
46089	8
46090	9
46091	9
46092	8
46093	8
46094	7
46095	8
46096	8
46097	7
46098	7
46099	6
46100	7
46101	7
46102	6
46103	6
46104	5
46105	5
46106	6
46107	6
46108	7
46109	9
46110	8
46111	7
46112	6
46113	6
46114	5
46115	7
46116	8
46117	8
46118	7
46119	7
46120	6
46121	7
46122	7
46123	6
46124	6
46125	5
46126	6
46127	6
46128	5
46129	5
46130	4
46131	5
46132	5
46133	6
46134	8
46135	9
46136	9
46137	8
46138	8
46139	7
46140	8
46141	8
46142	7
46143	7
46144	6
46145	7
46146	7
46147	6
46148	6
46149	5
46150	5
46151	6
46152	6
46153	5
46154	7
46155	6
46156	5
46157	4
46158	4
46159	5
46160	7
46161	8
46162	8
46163	7
46164	7
46165	6
46166	7
46167	7
46168	6
46169	6
46170	5
46171	6
46172	6
46173	5
46174	5
46175	4
46176	4
46177	5
46178	5
46179	4
46180	6
46181	5
46182	4
46183	3
46184	4
46185	4
46186	5
46187	7
46188	8
46189	8
46190	9
46191	9
46192	10
46193	12
46194	13
46195	13
46196	12
46197	12
46198	11
46199	12
46200	12
46201	11
46202	11
46203	10
46204	11
46205	11
46206	10
46207	10
46208	9
46209	9
46210	10
46211	10
46212	9
46213	11
46214	10
46215	9
46216	8
46217	10
46218	11
46219	11
46220	12
46221	12
46222	11
46223	13
46224	12
46225	11
46226	10
46227	10
46228	11
46229	11
46230	10
46231	12
46232	11
46233	10
46234	9
46235	10
46236	10
46237	11
46238	11
46239	10
46240	12
46241	11
46242	10
46243	9
46244	9
46245	10
46246	10
46247	9
46248	11
46249	10
46250	9
46251	8
46252	9
46253	9
46254	10
46255	12
46256	11
46257	10
46258	9
46259	9
46260	8
46261	8
46262	9
46263	11
46264	10
46265	9
46266	8
46267	8
46268	7
46269	7
46270	8
46271	8
46272	9
46273	11
46274	12
46275	12
46276	11
46277	11
46278	10
46279	11
46280	11
46281	10
46282	10
46283	9
46284	10
46285	10
46286	9
46287	9
46288	8
46289	8
46290	9
46291	9
46292	8
46293	10
46294	9
46295	8
46296	7
46297	9
46298	10
46299	10
46300	11
46301	11
46302	10
46303	12
46304	11
46305	10
46306	9
46307	9
46308	10
46309	10
46310	9
46311	11
46312	10
46313	9
46314	8
46315	9
46316	9
46317	10
46318	10
46319	9
46320	11
46321	10
46322	9
46323	8
46324	8
46325	9
46326	9
46327	8
46328	10
46329	9
46330	8
46331	7
46332	8
46333	8
46334	9
46335	11
46336	10
46337	9
46338	8
46339	8
46340	7
46341	7
46342	8
46343	10
46344	9
46345	8
46346	7
46347	7
46348	6
46349	7
46350	7
46351	8
46352	10
46353	11
46354	11
46355	12
46356	12
46357	11
46358	13
46359	12
46360	11
46361	10
46362	10
46363	11
46364	11
46365	10
46366	12
46367	11
46368	10
46369	9
46370	10
46371	10
46372	11
46373	13
46374	12
46375	11
46376	10
46377	10
46378	9
46379	9
46380	10
46381	12
46382	11
46383	10
46384	9
46385	9
46386	8
46387	9
46388	9
46389	10
46390	12
46391	11
46392	10
46393	9
46394	9
46395	8
46396	8
46397	9
46398	11
46399	10
46400	9
46401	8
46402	8
46403	7
46404	7
46405	8
46406	8
46407	9
46408	11
46409	10
46410	9
46411	8
46412	8
46413	7
46414	9
46415	10
46416	10
46417	9
46418	9
46419	8
46420	9
46421	9
46422	8
46423	8
46424	7
46425	8
46426	8
46427	7
46428	7
46429	6
46430	6
46431	7
46432	9
46433	10
46434	10
46435	11
46436	11
46437	10
46438	12
46439	11
46440	10
46441	9
46442	9
46443	10
46444	10
46445	9
46446	11
46447	10
46448	9
46449	8
46450	9
46451	9
46452	10
46453	12
46454	11
46455	10
46456	9
46457	9
46458	8
46459	8
46460	9
46461	11
46462	10
46463	9
46464	8
46465	8
46466	7
46467	8
46468	8
46469	9
46470	11
46471	10
46472	9
46473	8
46474	8
46475	7
46476	7
46477	8
46478	10
46479	9
46480	8
46481	7
46482	7
46483	6
46484	6
46485	7
46486	7
46487	8
46488	10
46489	9
46490	8
46491	7
46492	7
46493	6
46494	8
46495	9
46496	9
46497	8
46498	8
46499	7
46500	8
46501	8
46502	7
46503	7
46504	6
46505	7
46506	7
46507	6
46508	6
46509	5
46510	6
46511	6
46512	7
46513	9
46514	10
46515	10
46516	11
46517	11
46518	10
46519	12
46520	11
46521	10
46522	9
46523	9
46524	10
46525	10
46526	9
46527	11
46528	10
46529	9
46530	8
46531	9
46532	9
46533	10
46534	12
46535	11
46536	10
46537	9
46538	9
46539	8
46540	8
46541	9
46542	11
46543	10
46544	9
46545	8
46546	8
46547	7
46548	8
46549	8
46550	9
46551	11
46552	10
46553	9
46554	8
46555	8
46556	7
46557	7
46558	8
46559	10
46560	9
46561	8
46562	7
46563	7
46564	6
46565	6
46566	7
46567	7
46568	8
46569	10
46570	9
46571	8
46572	7
46573	7
46574	6
46575	8
46576	9
46577	9
46578	8
46579	8
46580	7
46581	8
46582	8
46583	7
46584	7
46585	6
46586	7
46587	7
46588	6
46589	6
46590	5
46591	5
46592	6
46593	8
46594	9
46595	9
46596	10
46597	10
46598	9
46599	11
46600	10
46601	9
46602	8
46603	8
46604	9
46605	9
46606	8
46607	10
46608	9
46609	8
46610	7
46611	8
46612	8
46613	9
46614	11
46615	10
46616	9
46617	8
46618	8
46619	7
46620	7
46621	8
46622	10
46623	9
46624	8
46625	7
46626	7
46627	6
46628	7
46629	7
46630	8
46631	10
46632	9
46633	8
46634	7
46635	7
46636	6
46637	6
46638	7
46639	9
46640	8
46641	7
46642	6
46643	6
46644	5
46645	5
46646	6
46647	6
46648	7
46649	9
46650	8
46651	7
46652	6
46653	6
46654	5
46655	7
46656	8
46657	8
46658	7
46659	7
46660	6
46661	7
46662	7
46663	6
46664	6
46665	5
46666	6
46667	6
46668	5
46669	5
46670	4
46671	4
46672	5
46673	5
46674	6
46675	8
46676	9
46677	9
46678	10
46679	10
46680	9
46681	11
46682	10
46683	9
46684	8
46685	8
46686	9
46687	9
46688	8
46689	10
46690	9
46691	8
46692	7
46693	8
46694	8
46695	9
46696	11
46697	10
46698	9
46699	8
46700	8
46701	7
46702	7
46703	8
46704	10
46705	9
46706	8
46707	7
46708	7
46709	6
46710	7
46711	7
46712	8
46713	10
46714	9
46715	8
46716	7
46717	7
46718	6
46719	6
46720	7
46721	9
46722	8
46723	7
46724	6
46725	6
46726	5
46727	5
46728	6
46729	6
46730	7
46731	9
46732	8
46733	7
46734	6
46735	6
46736	5
46737	7
46738	8
46739	8
46740	7
46741	7
46742	6
46743	7
46744	7
46745	6
46746	6
46747	5
46748	6
46749	6
46750	5
46751	5
46752	4
46753	6
46754	7
46755	7
46756	8
46757	8
46758	9
46759	11
46760	10
46761	9
46762	8
46763	8
46764	7
46765	9
46766	10
46767	10
46768	9
46769	9
46770	8
46771	9
46772	9
46773	8
46774	8
46775	7
46776	8
46777	8
46778	7
46779	7
46780	6
46781	6
46782	7
46783	7
46784	8
46785	10
46786	9
46787	8
46788	7
46789	7
46790	6
46791	8
46792	9
46793	9
46794	8
46795	8
46796	7
46797	8
46798	8
46799	7
46800	7
46801	6
46802	7
46803	7
46804	6
46805	6
46806	5
46807	6
46808	6
46809	7
46810	7
46811	8
46812	10
46813	9
46814	8
46815	7
46816	7
46817	6
46818	8
46819	9
46820	9
46821	8
46822	8
46823	7
46824	8
46825	8
46826	7
46827	7
46828	6
46829	7
46830	7
46831	6
46832	6
46833	5
46834	5
46835	6
46836	6
46837	7
46838	9
46839	8
46840	7
46841	6
46842	6
46843	5
46844	7
46845	8
46846	8
46847	7
46848	7
46849	6
46850	7
46851	7
46852	6
46853	6
46854	5
46855	6
46856	6
46857	5
46858	5
46859	4
46860	5
46861	5
46862	6
46863	8
46864	9
46865	9
46866	8
46867	8
46868	7
46869	8
46870	8
46871	7
46872	7
46873	6
46874	7
46875	7
46876	6
46877	6
46878	5
46879	5
46880	6
46881	6
46882	5
46883	7
46884	6
46885	5
46886	4
46887	4
46888	5
46889	7
46890	8
46891	8
46892	7
46893	7
46894	6
46895	7
46896	7
46897	6
46898	6
46899	5
46900	6
46901	6
46902	5
46903	5
46904	4
46905	4
46906	5
46907	5
46908	4
46909	6
46910	5
46911	4
46912	3
46913	3
46914	4
46915	6
46916	7
46917	7
46918	8
46919	8
46920	9
46921	11
46922	12
46923	12
46924	11
46925	11
46926	10
46927	11
46928	11
46929	10
46930	10
46931	9
46932	10
46933	10
46934	9
46935	9
46936	8
46937	8
46938	9
46939	9
46940	8
46941	10
46942	9
46943	8
46944	7
46945	9
46946	10
46947	10
46948	11
46949	11
46950	10
46951	12
46952	11
46953	10
46954	9
46955	9
46956	10
46957	10
46958	9
46959	11
46960	10
46961	9
46962	8
46963	9
46964	9
46965	10
46966	10
46967	9
46968	11
46969	10
46970	9
46971	8
46972	8
46973	9
46974	9
46975	8
46976	10
46977	9
46978	8
46979	7
46980	8
46981	8
46982	9
46983	11
46984	10
46985	9
46986	8
46987	8
46988	7
46989	7
46990	8
46991	10
46992	9
46993	8
46994	7
46995	7
46996	6
46997	6
46998	7
46999	7
47000	8
47001	10
47002	11
47003	11
47004	10
47005	10
47006	9
47007	10
47008	10
47009	9
47010	9
47011	8
47012	9
47013	9
47014	8
47015	8
47016	7
47017	7
47018	8
47019	8
47020	7
47021	9
47022	8
47023	7
47024	6
47025	8
47026	9
47027	9
47028	10
47029	10
47030	9
47031	11
47032	10
47033	9
47034	8
47035	8
47036	9
47037	9
47038	8
47039	10
47040	9
47041	8
47042	7
47043	8
47044	8
47045	9
47046	9
47047	8
47048	10
47049	9
47050	8
47051	7
47052	7
47053	8
47054	8
47055	7
47056	9
47057	8
47058	7
47059	6
47060	7
47061	7
47062	8
47063	10
47064	9
47065	8
47066	7
47067	7
47068	6
47069	6
47070	7
47071	9
47072	8
47073	7
47074	6
47075	6
47076	5
47077	6
47078	6
47079	7
47080	9
47081	10
47082	10
47083	11
47084	11
47085	10
47086	12
47087	11
47088	10
47089	9
47090	9
47091	10
47092	10
47093	9
47094	11
47095	10
47096	9
47097	8
47098	9
47099	9
47100	10
47101	12
47102	11
47103	10
47104	9
47105	9
47106	8
47107	8
47108	9
47109	11
47110	10
47111	9
47112	8
47113	8
47114	7
47115	8
47116	8
47117	9
47118	11
47119	10
47120	9
47121	8
47122	8
47123	7
47124	7
47125	8
47126	10
47127	9
47128	8
47129	7
47130	7
47131	6
47132	6
47133	7
47134	7
47135	8
47136	10
47137	9
47138	8
47139	7
47140	7
47141	6
47142	8
47143	9
47144	9
47145	8
47146	8
47147	7
47148	8
47149	8
47150	7
47151	7
47152	6
47153	7
47154	7
47155	6
47156	6
47157	5
47158	5
47159	6
47160	8
47161	9
47162	9
47163	10
47164	10
47165	9
47166	11
47167	10
47168	9
47169	8
47170	8
47171	9
47172	9
47173	8
47174	10
47175	9
47176	8
47177	7
47178	8
47179	8
47180	9
47181	11
47182	10
47183	9
47184	8
47185	8
47186	7
47187	7
47188	8
47189	10
47190	9
47191	8
47192	7
47193	7
47194	6
47195	7
47196	7
47197	8
47198	10
47199	9
47200	8
47201	7
47202	7
47203	6
47204	6
47205	7
47206	9
47207	8
47208	7
47209	6
47210	6
47211	5
47212	5
47213	6
47214	6
47215	7
47216	9
47217	8
47218	7
47219	6
47220	6
47221	5
47222	7
47223	8
47224	8
47225	7
47226	7
47227	6
47228	7
47229	7
47230	6
47231	6
47232	5
47233	6
47234	6
47235	5
47236	5
47237	4
47238	5
47239	5
47240	6
47241	8
47242	9
47243	9
47244	10
47245	10
47246	9
47247	11
47248	10
47249	9
47250	8
47251	8
47252	9
47253	9
47254	8
47255	10
47256	9
47257	8
47258	7
47259	8
47260	8
47261	9
47262	11
47263	10
47264	9
47265	8
47266	8
47267	7
47268	7
47269	8
47270	10
47271	9
47272	8
47273	7
47274	7
47275	6
47276	7
47277	7
47278	8
47279	10
47280	9
47281	8
47282	7
47283	7
47284	6
47285	6
47286	7
47287	9
47288	8
47289	7
47290	6
47291	6
47292	5
47293	5
47294	6
47295	6
47296	7
47297	9
47298	8
47299	7
47300	6
47301	6
47302	5
47303	7
47304	8
47305	8
47306	7
47307	7
47308	6
47309	7
47310	7
47311	6
47312	6
47313	5
47314	6
47315	6
47316	5
47317	5
47318	4
47319	4
47320	5
47321	7
47322	8
47323	8
47324	9
47325	9
47326	8
47327	10
47328	9
47329	8
47330	7
47331	7
47332	8
47333	8
47334	7
47335	9
47336	8
47337	7
47338	6
47339	7
47340	7
47341	8
47342	10
47343	9
47344	8
47345	7
47346	7
47347	6
47348	6
47349	7
47350	9
47351	8
47352	7
47353	6
47354	6
47355	5
47356	6
47357	6
47358	7
47359	9
47360	8
47361	7
47362	6
47363	6
47364	5
47365	5
47366	6
47367	8
47368	7
47369	6
47370	5
47371	5
47372	4
47373	4
47374	5
47375	5
47376	6
47377	8
47378	7
47379	6
47380	5
47381	5
47382	4
47383	6
47384	7
47385	7
47386	6
47387	6
47388	5
47389	6
47390	6
47391	5
47392	5
47393	4
47394	5
47395	5
47396	4
47397	4
47398	3
47399	3
47400	4
47401	4
47402	5
47403	7
47404	8
47405	8
47406	9
47407	9
47408	8
47409	10
47410	9
47411	8
47412	7
47413	7
47414	8
47415	8
47416	7
47417	9
47418	8
47419	7
47420	6
47421	7
47422	7
47423	8
47424	10
47425	9
47426	8
47427	7
47428	7
47429	6
47430	6
47431	7
47432	9
47433	8
47434	7
47435	6
47436	6
47437	5
47438	6
47439	6
47440	7
47441	9
47442	8
47443	7
47444	6
47445	6
47446	5
47447	5
47448	6
47449	8
47450	7
47451	6
47452	5
47453	5
47454	4
47455	4
47456	5
47457	5
47458	6
47459	8
47460	7
47461	6
47462	5
47463	5
47464	4
47465	6
47466	7
47467	7
47468	6
47469	6
47470	5
47471	6
47472	6
47473	5
47474	5
47475	4
47476	5
47477	5
47478	4
47479	4
47480	3
47481	5
47482	6
47483	6
47484	7
47485	7
47486	8
47487	10
47488	9
47489	8
47490	7
47491	7
47492	6
47493	8
47494	9
47495	9
47496	8
47497	8
47498	7
47499	8
47500	8
47501	7
47502	7
47503	6
47504	7
47505	7
47506	6
47507	6
47508	5
47509	5
47510	6
47511	6
47512	7
47513	9
47514	8
47515	7
47516	6
47517	6
47518	5
47519	7
47520	8
47521	8
47522	7
47523	7
47524	6
47525	7
47526	7
47527	6
47528	6
47529	5
47530	6
47531	6
47532	5
47533	5
47534	4
47535	5
47536	5
47537	6
47538	6
47539	7
47540	9
47541	8
47542	7
47543	6
47544	6
47545	5
47546	7
47547	8
47548	8
47549	7
47550	7
47551	6
47552	7
47553	7
47554	6
47555	6
47556	5
47557	6
47558	6
47559	5
47560	5
47561	4
47562	4
47563	5
47564	5
47565	6
47566	8
47567	7
47568	6
47569	5
47570	5
47571	4
47572	6
47573	7
47574	7
47575	6
47576	6
47577	5
47578	6
47579	6
47580	5
47581	5
47582	4
47583	5
47584	5
47585	4
47586	4
47587	3
47588	4
47589	4
47590	5
47591	7
47592	8
47593	8
47594	7
47595	7
47596	6
47597	7
47598	7
47599	6
47600	6
47601	5
47602	6
47603	6
47604	5
47605	5
47606	4
47607	4
47608	5
47609	5
47610	4
47611	6
47612	5
47613	4
47614	3
47615	3
47616	4
47617	6
47618	7
47619	7
47620	6
47621	6
47622	5
47623	6
47624	6
47625	5
47626	5
47627	4
47628	5
47629	5
47630	4
47631	4
47632	3
47633	3
47634	4
47635	4
47636	3
47637	5
47638	4
47639	3
47640	2
47641	2
47642	3
47643	3
47644	4
47645	6
47646	7
47647	7
47648	8
47649	8
47650	9
47651	11
47652	12
47653	12
47654	11
47655	11
47656	10
47657	11
47658	11
47659	10
47660	10
47661	9
47662	10
47663	10
47664	9
47665	9
47666	8
47667	8
47668	9
47669	9
47670	8
47671	10
47672	9
47673	8
47674	7
47675	9
47676	10
47677	10
47678	11
47679	11
47680	10
47681	12
47682	11
47683	10
47684	9
47685	9
47686	10
47687	10
47688	9
47689	11
47690	10
47691	9
47692	8
47693	9
47694	9
47695	10
47696	10
47697	9
47698	11
47699	10
47700	9
47701	8
47702	8
47703	9
47704	9
47705	8
47706	10
47707	9
47708	8
47709	7
47710	8
47711	8
47712	9
47713	11
47714	10
47715	9
47716	8
47717	8
47718	7
47719	7
47720	8
47721	10
47722	9
47723	8
47724	7
47725	7
47726	6
47727	6
47728	7
47729	7
47730	8
47731	10
47732	11
47733	11
47734	10
47735	10
47736	9
47737	10
47738	10
47739	9
47740	9
47741	8
47742	9
47743	9
47744	8
47745	8
47746	7
47747	7
47748	8
47749	8
47750	7
47751	9
47752	8
47753	7
47754	6
47755	8
47756	9
47757	9
47758	10
47759	10
47760	9
47761	11
47762	10
47763	9
47764	8
47765	8
47766	9
47767	9
47768	8
47769	10
47770	9
47771	8
47772	7
47773	8
47774	8
47775	9
47776	9
47777	8
47778	10
47779	9
47780	8
47781	7
47782	7
47783	8
47784	8
47785	7
47786	9
47787	8
47788	7
47789	6
47790	7
47791	7
47792	8
47793	10
47794	9
47795	8
47796	7
47797	7
47798	6
47799	6
47800	7
47801	9
47802	8
47803	7
47804	6
47805	6
47806	5
47807	6
47808	6
47809	7
47810	9
47811	10
47812	10
47813	11
47814	11
47815	10
47816	12
47817	11
47818	10
47819	9
47820	9
47821	10
47822	10
47823	9
47824	11
47825	10
47826	9
47827	8
47828	9
47829	9
47830	10
47831	12
47832	11
47833	10
47834	9
47835	9
47836	8
47837	8
47838	9
47839	11
47840	10
47841	9
47842	8
47843	8
47844	7
47845	8
47846	8
47847	9
47848	11
47849	10
47850	9
47851	8
47852	8
47853	7
47854	7
47855	8
47856	10
47857	9
47858	8
47859	7
47860	7
47861	6
47862	6
47863	7
47864	7
47865	8
47866	10
47867	9
47868	8
47869	7
47870	7
47871	6
47872	8
47873	9
47874	9
47875	8
47876	8
47877	7
47878	8
47879	8
47880	7
47881	7
47882	6
47883	7
47884	7
47885	6
47886	6
47887	5
47888	5
47889	6
47890	8
47891	9
47892	9
47893	10
47894	10
47895	9
47896	11
47897	10
47898	9
47899	8
47900	8
47901	9
47902	9
47903	8
47904	10
47905	9
47906	8
47907	7
47908	8
47909	8
47910	9
47911	11
47912	10
47913	9
47914	8
47915	8
47916	7
47917	7
47918	8
47919	10
47920	9
47921	8
47922	7
47923	7
47924	6
47925	7
47926	7
47927	8
47928	10
47929	9
47930	8
47931	7
47932	7
47933	6
47934	6
47935	7
47936	9
47937	8
47938	7
47939	6
47940	6
47941	5
47942	5
47943	6
47944	6
47945	7
47946	9
47947	8
47948	7
47949	6
47950	6
47951	5
47952	7
47953	8
47954	8
47955	7
47956	7
47957	6
47958	7
47959	7
47960	6
47961	6
47962	5
47963	6
47964	6
47965	5
47966	5
47967	4
47968	5
47969	5
47970	6
47971	8
47972	9
47973	9
47974	10
47975	10
47976	9
47977	11
47978	10
47979	9
47980	8
47981	8
47982	9
47983	9
47984	8
47985	10
47986	9
47987	8
47988	7
47989	8
47990	8
47991	9
47992	11
47993	10
47994	9
47995	8
47996	8
47997	7
47998	7
47999	8
48000	10
48001	9
48002	8
48003	7
48004	7
48005	6
48006	7
48007	7
48008	8
48009	10
48010	9
48011	8
48012	7
48013	7
48014	6
48015	6
48016	7
48017	9
48018	8
48019	7
48020	6
48021	6
48022	5
48023	5
48024	6
48025	6
48026	7
48027	9
48028	8
48029	7
48030	6
48031	6
48032	5
48033	7
48034	8
48035	8
48036	7
48037	7
48038	6
48039	7
48040	7
48041	6
48042	6
48043	5
48044	6
48045	6
48046	5
48047	5
48048	4
48049	4
48050	5
48051	7
48052	8
48053	8
48054	9
48055	9
48056	8
48057	10
48058	9
48059	8
48060	7
48061	7
48062	8
48063	8
48064	7
48065	9
48066	8
48067	7
48068	6
48069	7
48070	7
48071	8
48072	10
48073	9
48074	8
48075	7
48076	7
48077	6
48078	6
48079	7
48080	9
48081	8
48082	7
48083	6
48084	6
48085	5
48086	6
48087	6
48088	7
48089	9
48090	8
48091	7
48092	6
48093	6
48094	5
48095	5
48096	6
48097	8
48098	7
48099	6
48100	5
48101	5
48102	4
48103	4
48104	5
48105	5
48106	6
48107	8
48108	7
48109	6
48110	5
48111	5
48112	4
48113	6
48114	7
48115	7
48116	6
48117	6
48118	5
48119	6
48120	6
48121	5
48122	5
48123	4
48124	5
48125	5
48126	4
48127	4
48128	3
48129	3
48130	4
48131	4
48132	5
48133	7
48134	8
48135	8
48136	9
48137	9
48138	8
48139	10
48140	9
48141	8
48142	7
48143	7
48144	8
48145	8
48146	7
48147	9
48148	8
48149	7
48150	6
48151	7
48152	7
48153	8
48154	10
48155	9
48156	8
48157	7
48158	7
48159	6
48160	6
48161	7
48162	9
48163	8
48164	7
48165	6
48166	6
48167	5
48168	6
48169	6
48170	7
48171	9
48172	8
48173	7
48174	6
48175	6
48176	5
48177	5
48178	6
48179	8
48180	7
48181	6
48182	5
48183	5
48184	4
48185	4
48186	5
48187	5
48188	6
48189	8
48190	7
48191	6
48192	5
48193	5
48194	4
48195	6
48196	7
48197	7
48198	6
48199	6
48200	5
48201	6
48202	6
48203	5
48204	5
48205	4
48206	5
48207	5
48208	4
48209	4
48210	3
48211	5
48212	6
48213	6
48214	7
48215	7
48216	8
48217	10
48218	9
48219	8
48220	7
48221	7
48222	6
48223	8
48224	9
48225	9
48226	8
48227	8
48228	7
48229	8
48230	8
48231	7
48232	7
48233	6
48234	7
48235	7
48236	6
48237	6
48238	5
48239	5
48240	6
48241	6
48242	7
48243	9
48244	8
48245	7
48246	6
48247	6
48248	5
48249	7
48250	8
48251	8
48252	7
48253	7
48254	6
48255	7
48256	7
48257	6
48258	6
48259	5
48260	6
48261	6
48262	5
48263	5
48264	4
48265	5
48266	5
48267	6
48268	6
48269	7
48270	9
48271	8
48272	7
48273	6
48274	6
48275	5
48276	7
48277	8
48278	8
48279	7
48280	7
48281	6
48282	7
48283	7
48284	6
48285	6
48286	5
48287	6
48288	6
48289	5
48290	5
48291	4
48292	4
48293	5
48294	5
48295	6
48296	8
48297	7
48298	6
48299	5
48300	5
48301	4
48302	6
48303	7
48304	7
48305	6
48306	6
48307	5
48308	6
48309	6
48310	5
48311	5
48312	4
48313	5
48314	5
48315	4
48316	4
48317	3
48318	4
48319	4
48320	5
48321	7
48322	8
48323	8
48324	7
48325	7
48326	6
48327	7
48328	7
48329	6
48330	6
48331	5
48332	6
48333	6
48334	5
48335	5
48336	4
48337	4
48338	5
48339	5
48340	4
48341	6
48342	5
48343	4
48344	3
48345	3
48346	4
48347	6
48348	7
48349	7
48350	6
48351	6
48352	5
48353	6
48354	6
48355	5
48356	5
48357	4
48358	5
48359	5
48360	4
48361	4
48362	3
48363	3
48364	4
48365	4
48366	3
48367	5
48368	4
48369	3
48370	2
48371	4
48372	5
48373	5
48374	6
48375	6
48376	7
48377	9
48378	10
48379	10
48380	11
48381	11
48382	10
48383	12
48384	11
48385	10
48386	9
48387	9
48388	10
48389	10
48390	9
48391	11
48392	10
48393	9
48394	8
48395	9
48396	9
48397	10
48398	12
48399	11
48400	10
48401	9
48402	9
48403	8
48404	8
48405	9
48406	11
48407	10
48408	9
48409	8
48410	8
48411	7
48412	8
48413	8
48414	9
48415	11
48416	10
48417	9
48418	8
48419	8
48420	7
48421	7
48422	8
48423	10
48424	9
48425	8
48426	7
48427	7
48428	6
48429	6
48430	7
48431	7
48432	8
48433	10
48434	9
48435	8
48436	7
48437	7
48438	6
48439	8
48440	9
48441	9
48442	8
48443	8
48444	7
48445	8
48446	8
48447	7
48448	7
48449	6
48450	7
48451	7
48452	6
48453	6
48454	5
48455	7
48456	8
48457	8
48458	9
48459	9
48460	10
48461	12
48462	11
48463	10
48464	9
48465	9
48466	8
48467	10
48468	11
48469	11
48470	10
48471	10
48472	9
48473	10
48474	10
48475	9
48476	9
48477	8
48478	9
48479	9
48480	8
48481	8
48482	7
48483	7
48484	8
48485	8
48486	9
48487	11
48488	10
48489	9
48490	8
48491	8
48492	7
48493	9
48494	10
48495	10
48496	9
48497	9
48498	8
48499	9
48500	9
48501	8
48502	8
48503	7
48504	8
48505	8
48506	7
48507	7
48508	6
48509	7
48510	7
48511	8
48512	8
48513	9
48514	11
48515	10
48516	9
48517	8
48518	8
48519	7
48520	9
48521	10
48522	10
48523	9
48524	9
48525	8
48526	9
48527	9
48528	8
48529	8
48530	7
48531	8
48532	8
48533	7
48534	7
48535	6
48536	6
48537	7
48538	7
48539	8
48540	10
48541	9
48542	8
48543	7
48544	7
48545	6
48546	8
48547	9
48548	9
48549	8
48550	8
48551	7
48552	8
48553	8
48554	7
48555	7
48556	6
48557	7
48558	7
48559	6
48560	6
48561	5
48562	6
48563	6
48564	7
48565	9
48566	10
48567	10
48568	9
48569	9
48570	8
48571	9
48572	9
48573	8
48574	8
48575	7
48576	8
48577	8
48578	7
48579	7
48580	6
48581	6
48582	7
48583	7
48584	6
48585	8
48586	7
48587	6
48588	5
48589	5
48590	6
48591	8
48592	9
48593	9
48594	8
48595	8
48596	7
48597	8
48598	8
48599	7
48600	7
48601	6
48602	7
48603	7
48604	6
48605	6
48606	5
48607	5
48608	6
48609	6
48610	5
48611	7
48612	6
48613	5
48614	4
48615	4
48616	5
48617	5
48618	6
48619	8
48620	9
48621	9
48622	10
48623	10
48624	9
48625	11
48626	10
48627	9
48628	8
48629	8
48630	9
48631	9
48632	8
48633	10
48634	9
48635	8
48636	7
48637	8
48638	8
48639	9
48640	11
48641	10
48642	9
48643	8
48644	8
48645	7
48646	7
48647	8
48648	10
48649	9
48650	8
48651	7
48652	7
48653	6
48654	7
48655	7
48656	8
48657	10
48658	9
48659	8
48660	7
48661	7
48662	6
48663	6
48664	7
48665	9
48666	8
48667	7
48668	6
48669	6
48670	5
48671	5
48672	6
48673	6
48674	7
48675	9
48676	8
48677	7
48678	6
48679	6
48680	5
48681	7
48682	8
48683	8
48684	7
48685	7
48686	6
48687	7
48688	7
48689	6
48690	6
48691	5
48692	6
48693	6
48694	5
48695	5
48696	4
48697	6
48698	7
48699	7
48700	8
48701	8
48702	9
48703	11
48704	10
48705	9
48706	8
48707	8
48708	7
48709	9
48710	10
48711	10
48712	9
48713	9
48714	8
48715	9
48716	9
48717	8
48718	8
48719	7
48720	8
48721	8
48722	7
48723	7
48724	6
48725	6
48726	7
48727	7
48728	8
48729	10
48730	9
48731	8
48732	7
48733	7
48734	6
48735	8
48736	9
48737	9
48738	8
48739	8
48740	7
48741	8
48742	8
48743	7
48744	7
48745	6
48746	7
48747	7
48748	6
48749	6
48750	5
48751	6
48752	6
48753	7
48754	7
48755	8
48756	10
48757	9
48758	8
48759	7
48760	7
48761	6
48762	8
48763	9
48764	9
48765	8
48766	8
48767	7
48768	8
48769	8
48770	7
48771	7
48772	6
48773	7
48774	7
48775	6
48776	6
48777	5
48778	5
48779	6
48780	6
48781	7
48782	9
48783	8
48784	7
48785	6
48786	6
48787	5
48788	7
48789	8
48790	8
48791	7
48792	7
48793	6
48794	7
48795	7
48796	6
48797	6
48798	5
48799	6
48800	6
48801	5
48802	5
48803	4
48804	5
48805	5
48806	6
48807	8
48808	9
48809	9
48810	8
48811	8
48812	7
48813	8
48814	8
48815	7
48816	7
48817	6
48818	7
48819	7
48820	6
48821	6
48822	5
48823	5
48824	6
48825	6
48826	5
48827	7
48828	6
48829	5
48830	4
48831	4
48832	5
48833	7
48834	8
48835	8
48836	7
48837	7
48838	6
48839	7
48840	7
48841	6
48842	6
48843	5
48844	6
48845	6
48846	5
48847	5
48848	4
48849	4
48850	5
48851	5
48852	4
48853	6
48854	5
48855	4
48856	3
48857	4
48858	4
48859	5
48860	5
48861	6
48862	8
48863	9
48864	9
48865	10
48866	10
48867	9
48868	11
48869	10
48870	9
48871	8
48872	8
48873	9
48874	9
48875	8
48876	10
48877	9
48878	8
48879	7
48880	8
48881	8
48882	9
48883	11
48884	10
48885	9
48886	8
48887	8
48888	7
48889	7
48890	8
48891	10
48892	9
48893	8
48894	7
48895	7
48896	6
48897	7
48898	7
48899	8
48900	10
48901	9
48902	8
48903	7
48904	7
48905	6
48906	6
48907	7
48908	9
48909	8
48910	7
48911	6
48912	6
48913	5
48914	5
48915	6
48916	6
48917	7
48918	9
48919	8
48920	7
48921	6
48922	6
48923	5
48924	7
48925	8
48926	8
48927	7
48928	7
48929	6
48930	7
48931	7
48932	6
48933	6
48934	5
48935	6
48936	6
48937	5
48938	5
48939	4
48940	6
48941	7
48942	7
48943	8
48944	8
48945	9
48946	11
48947	10
48948	9
48949	8
48950	8
48951	7
48952	9
48953	10
48954	10
48955	9
48956	9
48957	8
48958	9
48959	9
48960	8
48961	8
48962	7
48963	8
48964	8
48965	7
48966	7
48967	6
48968	6
48969	7
48970	7
48971	8
48972	10
48973	9
48974	8
48975	7
48976	7
48977	6
48978	8
48979	9
48980	9
48981	8
48982	8
48983	7
48984	8
48985	8
48986	7
48987	7
48988	6
48989	7
48990	7
48991	6
48992	6
48993	5
48994	6
48995	6
48996	7
48997	7
48998	8
48999	10
49000	9
49001	8
49002	7
49003	7
49004	6
49005	8
49006	9
49007	9
49008	8
49009	8
49010	7
49011	8
49012	8
49013	7
49014	7
49015	6
49016	7
49017	7
49018	6
49019	6
49020	5
49021	5
49022	6
49023	6
49024	7
49025	9
49026	8
49027	7
49028	6
49029	6
49030	5
49031	7
49032	8
49033	8
49034	7
49035	7
49036	6
49037	7
49038	7
49039	6
49040	6
49041	5
49042	6
49043	6
49044	5
49045	5
49046	4
49047	5
49048	5
49049	6
49050	8
49051	9
49052	9
49053	8
49054	8
49055	7
49056	8
49057	8
49058	7
49059	7
49060	6
49061	7
49062	7
49063	6
49064	6
49065	5
49066	5
49067	6
49068	6
49069	5
49070	7
49071	6
49072	5
49073	4
49074	4
49075	5
49076	7
49077	8
49078	8
49079	7
49080	7
49081	6
49082	7
49083	7
49084	6
49085	6
49086	5
49087	6
49088	6
49089	5
49090	5
49091	4
49092	4
49093	5
49094	5
49095	4
49096	6
49097	5
49098	4
49099	3
49100	3
49101	4
49102	4
49103	5
49104	7
49105	8
49106	8
49107	9
49108	9
49109	8
49110	10
49111	9
49112	8
49113	7
49114	7
49115	8
49116	8
49117	7
49118	9
49119	8
49120	7
49121	6
49122	7
49123	7
49124	8
49125	10
49126	9
49127	8
49128	7
49129	7
49130	6
49131	6
49132	7
49133	9
49134	8
49135	7
49136	6
49137	6
49138	5
49139	6
49140	6
49141	7
49142	9
49143	8
49144	7
49145	6
49146	6
49147	5
49148	5
49149	6
49150	8
49151	7
49152	6
49153	5
49154	5
49155	4
49156	4
49157	5
49158	5
49159	6
49160	8
49161	7
49162	6
49163	5
49164	5
49165	4
49166	6
49167	7
49168	7
49169	6
49170	6
49171	5
49172	6
49173	6
49174	5
49175	5
49176	4
49177	5
49178	5
49179	4
49180	4
49181	3
49182	5
49183	6
49184	6
49185	7
49186	7
49187	8
49188	10
49189	9
49190	8
49191	7
49192	7
49193	6
49194	8
49195	9
49196	9
49197	8
49198	8
49199	7
49200	8
49201	8
49202	7
49203	7
49204	6
49205	7
49206	7
49207	6
49208	6
49209	5
49210	5
49211	6
49212	6
49213	7
49214	9
49215	8
49216	7
49217	6
49218	6
49219	5
49220	7
49221	8
49222	8
49223	7
49224	7
49225	6
49226	7
49227	7
49228	6
49229	6
49230	5
49231	6
49232	6
49233	5
49234	5
49235	4
49236	5
49237	5
49238	6
49239	6
49240	7
49241	9
49242	8
49243	7
49244	6
49245	6
49246	5
49247	7
49248	8
49249	8
49250	7
49251	7
49252	6
49253	7
49254	7
49255	6
49256	6
49257	5
49258	6
49259	6
49260	5
49261	5
49262	4
49263	4
49264	5
49265	5
49266	6
49267	8
49268	7
49269	6
49270	5
49271	5
49272	4
49273	6
49274	7
49275	7
49276	6
49277	6
49278	5
49279	6
49280	6
49281	5
49282	5
49283	4
49284	5
49285	5
49286	4
49287	4
49288	3
49289	4
49290	4
49291	5
49292	7
49293	8
49294	8
49295	7
49296	7
49297	6
49298	7
49299	7
49300	6
49301	6
49302	5
49303	6
49304	6
49305	5
49306	5
49307	4
49308	4
49309	5
49310	5
49311	4
49312	6
49313	5
49314	4
49315	3
49316	3
49317	4
49318	6
49319	7
49320	7
49321	6
49322	6
49323	5
49324	6
49325	6
49326	5
49327	5
49328	4
49329	5
49330	5
49331	4
49332	4
49333	3
49334	3
49335	4
49336	4
49337	3
49338	5
49339	4
49340	3
49341	2
49342	3
49343	3
49344	4
49345	6
49346	7
49347	7
49348	8
49349	8
49350	9
49351	11
49352	10
49353	9
49354	8
49355	8
49356	7
49357	9
49358	10
49359	10
49360	9
49361	9
49362	8
49363	9
49364	9
49365	8
49366	8
49367	7
49368	8
49369	8
49370	7
49371	7
49372	6
49373	6
49374	7
49375	7
49376	8
49377	10
49378	9
49379	8
49380	7
49381	7
49382	6
49383	8
49384	9
49385	9
49386	8
49387	8
49388	7
49389	8
49390	8
49391	7
49392	7
49393	6
49394	7
49395	7
49396	6
49397	6
49398	5
49399	6
49400	6
49401	7
49402	9
49403	10
49404	10
49405	9
49406	9
49407	8
49408	9
49409	9
49410	8
49411	8
49412	7
49413	8
49414	8
49415	7
49416	7
49417	6
49418	6
49419	7
49420	7
49421	6
49422	8
49423	7
49424	6
49425	5
49426	5
49427	6
49428	8
49429	9
49430	9
49431	8
49432	8
49433	7
49434	8
49435	8
49436	7
49437	7
49438	6
49439	7
49440	7
49441	6
49442	6
49443	5
49444	5
49445	6
49446	6
49447	5
49448	7
49449	6
49450	5
49451	4
49452	5
49453	5
49454	6
49455	8
49456	9
49457	9
49458	8
49459	8
49460	7
49461	8
49462	8
49463	7
49464	7
49465	6
49466	7
49467	7
49468	6
49469	6
49470	5
49471	5
49472	6
49473	6
49474	5
49475	7
49476	6
49477	5
49478	4
49479	4
49480	5
49481	7
49482	8
49483	8
49484	7
49485	7
49486	6
49487	7
49488	7
49489	6
49490	6
49491	5
49492	6
49493	6
49494	5
49495	5
49496	4
49497	4
49498	5
49499	5
49500	4
49501	6
49502	5
49503	4
49504	3
49505	3
49506	4
49507	4
49508	5
49509	7
49510	8
49511	8
49512	7
49513	7
49514	6
49515	7
49516	7
49517	6
49518	6
49519	5
49520	6
49521	6
49522	5
49523	5
49524	4
49525	4
49526	5
49527	5
49528	4
49529	6
49530	5
49531	4
49532	3
49533	5
49534	6
49535	6
49536	7
49537	7
49538	6
49539	8
49540	7
49541	6
49542	5
49543	5
49544	6
49545	6
49546	5
49547	7
49548	6
49549	5
49550	4
49551	5
49552	5
49553	6
49554	6
49555	5
49556	7
49557	6
49558	5
49559	4
49560	4
49561	5
49562	5
49563	4
49564	6
49565	5
49566	4
49567	3
49568	4
49569	4
49570	5
49571	7
49572	6
49573	5
49574	4
49575	4
49576	3
49577	3
49578	4
49579	6
49580	5
49581	4
49582	3
49583	3
49584	2
49585	2
49586	3
49587	5
49588	6
49589	6
49590	7
49591	7
49592	8
49593	10
49594	9
49595	8
49596	7
49597	7
49598	6
49599	8
49600	9
49601	9
49602	8
49603	8
49604	7
49605	8
49606	8
49607	7
49608	7
49609	6
49610	7
49611	7
49612	6
49613	6
49614	5
49615	5
49616	6
49617	6
49618	7
49619	9
49620	8
49621	7
49622	6
49623	6
49624	5
49625	7
49626	8
49627	8
49628	7
49629	7
49630	6
49631	7
49632	7
49633	6
49634	6
49635	5
49636	6
49637	6
49638	5
49639	5
49640	4
49641	5
49642	5
49643	6
49644	8
49645	9
49646	9
49647	8
49648	8
49649	7
49650	8
49651	8
49652	7
49653	7
49654	6
49655	7
49656	7
49657	6
49658	6
49659	5
49660	5
49661	6
49662	6
49663	5
49664	7
49665	6
49666	5
49667	4
49668	4
49669	5
49670	7
49671	8
49672	8
49673	7
49674	7
49675	6
49676	7
49677	7
49678	6
49679	6
49680	5
49681	6
49682	6
49683	5
49684	5
49685	4
49686	4
49687	5
49688	5
49689	4
49690	6
49691	5
49692	4
49693	3
49694	4
49695	4
49696	5
49697	7
49698	8
49699	8
49700	7
49701	7
49702	6
49703	7
49704	7
49705	6
49706	6
49707	5
49708	6
49709	6
49710	5
49711	5
49712	4
49713	4
49714	5
49715	5
49716	4
49717	6
49718	5
49719	4
49720	3
49721	3
49722	4
49723	6
49724	7
49725	7
49726	6
49727	6
49728	5
49729	6
49730	6
49731	5
49732	5
49733	4
49734	5
49735	5
49736	4
49737	4
49738	3
49739	3
49740	4
49741	4
49742	3
49743	5
49744	4
49745	3
49746	2
49747	2
49748	3
49749	3
49750	4
49751	6
49752	7
49753	7
49754	6
49755	6
49756	5
49757	6
49758	6
49759	5
49760	5
49761	4
49762	5
49763	5
49764	4
49765	4
49766	3
49767	3
49768	4
49769	4
49770	3
49771	5
49772	4
49773	3
49774	2
49775	4
49776	5
49777	5
49778	6
49779	6
49780	5
49781	7
49782	6
49783	5
49784	4
49785	4
49786	5
49787	5
49788	4
49789	6
49790	5
49791	4
49792	3
49793	4
49794	4
49795	5
49796	5
49797	4
49798	6
49799	5
49800	4
49801	3
49802	3
49803	4
49804	4
49805	3
49806	5
49807	4
49808	3
49809	2
49810	3
49811	3
49812	4
49813	6
49814	5
49815	4
49816	3
49817	3
49818	2
49819	2
49820	3
49821	5
49822	4
49823	3
49824	2
49825	2
49826	1
49827	3
49828	4
49829	4
49830	5
49831	5
49832	6
49833	8
49834	9
49835	9
49836	10
49837	10
49838	11
49839	13
49840	14
49841	14
49842	13
49843	13
49844	12
49845	13
49846	13
49847	12
49848	12
49849	11
49850	12
49851	12
49852	11
49853	11
49854	10
49855	10
49856	11
49857	11
49858	10
49859	12
49860	11
49861	10
49862	9
49863	11
49864	12
49865	12
49866	13
49867	13
49868	12
49869	14
49870	13
49871	12
49872	11
49873	11
49874	12
49875	12
49876	11
49877	13
49878	12
49879	11
49880	10
49881	11
49882	11
49883	12
49884	12
49885	11
49886	13
49887	12
49888	11
49889	10
49890	10
49891	11
49892	11
49893	10
49894	12
49895	11
49896	10
49897	9
49898	10
49899	10
49900	11
49901	13
49902	12
49903	11
49904	10
49905	10
49906	9
49907	9
49908	10
49909	12
49910	11
49911	10
49912	9
49913	9
49914	8
49915	8
49916	9
49917	9
49918	10
49919	12
49920	13
49921	13
49922	12
49923	12
49924	11
49925	12
49926	12
49927	11
49928	11
49929	10
49930	11
49931	11
49932	10
49933	10
49934	9
49935	9
49936	10
49937	10
49938	9
49939	11
49940	10
49941	9
49942	8
49943	10
49944	11
49945	11
49946	12
49947	12
49948	11
49949	13
49950	12
49951	11
49952	10
49953	10
49954	11
49955	11
49956	10
49957	12
49958	11
49959	10
49960	9
49961	10
49962	10
49963	11
49964	11
49965	10
49966	12
49967	11
49968	10
49969	9
49970	9
49971	10
49972	10
49973	9
49974	11
49975	10
49976	9
49977	8
49978	9
49979	9
49980	10
49981	12
49982	11
49983	10
49984	9
49985	9
49986	8
49987	8
49988	9
49989	11
49990	10
49991	9
49992	8
49993	8
49994	7
49995	8
49996	8
49997	9
49998	11
49999	12
50000	12
50001	13
50002	13
50003	12
50004	14
50005	13
50006	12
50007	11
50008	11
50009	12
50010	12
50011	11
50012	13
50013	12
50014	11
50015	10
50016	11
50017	11
50018	12
50019	14
50020	13
50021	12
50022	11
50023	11
50024	10
50025	10
50026	11
50027	13
50028	12
50029	11
50030	10
50031	10
50032	9
50033	10
50034	10
50035	11
50036	13
50037	12
50038	11
50039	10
50040	10
50041	9
50042	9
50043	10
50044	12
50045	11
50046	10
50047	9
50048	9
50049	8
50050	8
50051	9
50052	9
50053	10
50054	12
50055	11
50056	10
50057	9
50058	9
50059	8
50060	10
50061	11
50062	11
50063	10
50064	10
50065	9
50066	10
50067	10
50068	9
50069	9
50070	8
50071	9
50072	9
50073	8
50074	8
50075	7
50076	7
50077	8
50078	10
50079	11
50080	11
50081	12
50082	12
50083	11
50084	13
50085	12
50086	11
50087	10
50088	10
50089	11
50090	11
50091	10
50092	12
50093	11
50094	10
50095	9
50096	10
50097	10
50098	11
50099	13
50100	12
50101	11
50102	10
50103	10
50104	9
50105	9
50106	10
50107	12
50108	11
50109	10
50110	9
50111	9
50112	8
50113	9
50114	9
50115	10
50116	12
50117	11
50118	10
50119	9
50120	9
50121	8
50122	8
50123	9
50124	11
50125	10
50126	9
50127	8
50128	8
50129	7
50130	7
50131	8
50132	8
50133	9
50134	11
50135	10
50136	9
50137	8
50138	8
50139	7
50140	9
50141	10
50142	10
50143	9
50144	9
50145	8
50146	9
50147	9
50148	8
50149	8
50150	7
50151	8
50152	8
50153	7
50154	7
50155	6
50156	7
50157	7
50158	8
50159	10
50160	11
50161	11
50162	12
50163	12
50164	11
50165	13
50166	12
50167	11
50168	10
50169	10
50170	11
50171	11
50172	10
50173	12
50174	11
50175	10
50176	9
50177	10
50178	10
50179	11
50180	13
50181	12
50182	11
50183	10
50184	10
50185	9
50186	9
50187	10
50188	12
50189	11
50190	10
50191	9
50192	9
50193	8
50194	9
50195	9
50196	10
50197	12
50198	11
50199	10
50200	9
50201	9
50202	8
50203	8
50204	9
50205	11
50206	10
50207	9
50208	8
50209	8
50210	7
50211	7
50212	8
50213	8
50214	9
50215	11
50216	10
50217	9
50218	8
50219	8
50220	7
50221	9
50222	10
50223	10
50224	9
50225	9
50226	8
50227	9
50228	9
50229	8
50230	8
50231	7
50232	8
50233	8
50234	7
50235	7
50236	6
50237	6
50238	7
50239	9
50240	10
50241	10
50242	11
50243	11
50244	10
50245	12
50246	11
50247	10
50248	9
50249	9
50250	10
50251	10
50252	9
50253	11
50254	10
50255	9
50256	8
50257	9
50258	9
50259	10
50260	12
50261	11
50262	10
50263	9
50264	9
50265	8
50266	8
50267	9
50268	11
50269	10
50270	9
50271	8
50272	8
50273	7
50274	8
50275	8
50276	9
50277	11
50278	10
50279	9
50280	8
50281	8
50282	7
50283	7
50284	8
50285	10
50286	9
50287	8
50288	7
50289	7
50290	6
50291	6
50292	7
50293	7
50294	8
50295	10
50296	9
50297	8
50298	7
50299	7
50300	6
50301	8
50302	9
50303	9
50304	8
50305	8
50306	7
50307	8
50308	8
50309	7
50310	7
50311	6
50312	7
50313	7
50314	6
50315	6
50316	5
50317	5
50318	6
50319	6
50320	7
50321	9
50322	10
50323	10
50324	11
50325	11
50326	10
50327	12
50328	11
50329	10
50330	9
50331	9
50332	10
50333	10
50334	9
50335	11
50336	10
50337	9
50338	8
50339	9
50340	9
50341	10
50342	12
50343	11
50344	10
50345	9
50346	9
50347	8
50348	8
50349	9
50350	11
50351	10
50352	9
50353	8
50354	8
50355	7
50356	8
50357	8
50358	9
50359	11
50360	10
50361	9
50362	8
50363	8
50364	7
50365	7
50366	8
50367	10
50368	9
50369	8
50370	7
50371	7
50372	6
50373	6
50374	7
50375	7
50376	8
50377	10
50378	9
50379	8
50380	7
50381	7
50382	6
50383	8
50384	9
50385	9
50386	8
50387	8
50388	7
50389	8
50390	8
50391	7
50392	7
50393	6
50394	7
50395	7
50396	6
50397	6
50398	5
50399	7
50400	8
50401	8
50402	9
50403	9
50404	10
50405	12
50406	11
50407	10
50408	9
50409	9
50410	8
50411	10
50412	11
50413	11
50414	10
50415	10
50416	9
50417	10
50418	10
50419	9
50420	9
50421	8
50422	9
50423	9
50424	8
50425	8
50426	7
50427	7
50428	8
50429	8
50430	9
50431	11
50432	10
50433	9
50434	8
50435	8
50436	7
50437	9
50438	10
50439	10
50440	9
50441	9
50442	8
50443	9
50444	9
50445	8
50446	8
50447	7
50448	8
50449	8
50450	7
50451	7
50452	6
50453	7
50454	7
50455	8
50456	8
50457	9
50458	11
50459	10
50460	9
50461	8
50462	8
50463	7
50464	9
50465	10
50466	10
50467	9
50468	9
50469	8
50470	9
50471	9
50472	8
50473	8
50474	7
50475	8
50476	8
50477	7
50478	7
50479	6
50480	6
50481	7
50482	7
50483	8
50484	10
50485	9
50486	8
50487	7
50488	7
50489	6
50490	8
50491	9
50492	9
50493	8
50494	8
50495	7
50496	8
50497	8
50498	7
50499	7
50500	6
50501	7
50502	7
50503	6
50504	6
50505	5
50506	6
50507	6
50508	7
50509	9
50510	10
50511	10
50512	9
50513	9
50514	8
50515	9
50516	9
50517	8
50518	8
50519	7
50520	8
50521	8
50522	7
50523	7
50524	6
50525	6
50526	7
50527	7
50528	6
50529	8
50530	7
50531	6
50532	5
50533	5
50534	6
50535	8
50536	9
50537	9
50538	8
50539	8
50540	7
50541	8
50542	8
50543	7
50544	7
50545	6
50546	7
50547	7
50548	6
50549	6
50550	5
50551	5
50552	6
50553	6
50554	5
50555	7
50556	6
50557	5
50558	4
50559	6
50560	7
50561	7
50562	8
50563	8
50564	9
50565	11
50566	12
50567	12
50568	13
50569	13
50570	12
50571	14
50572	13
50573	12
50574	11
50575	11
50576	12
50577	12
50578	11
50579	13
50580	12
50581	11
50582	10
50583	11
50584	11
50585	12
50586	14
50587	13
50588	12
50589	11
50590	11
50591	10
50592	10
50593	11
50594	13
50595	12
50596	11
50597	10
50598	10
50599	9
50600	10
50601	10
50602	11
50603	13
50604	12
50605	11
50606	10
50607	10
50608	9
50609	9
50610	10
50611	12
50612	11
50613	10
50614	9
50615	9
50616	8
50617	8
50618	9
50619	9
50620	10
50621	12
50622	11
50623	10
50624	9
50625	9
50626	8
50627	10
50628	11
50629	11
50630	10
50631	10
50632	9
50633	10
50634	10
50635	9
50636	9
50637	8
50638	9
50639	9
50640	8
50641	8
50642	7
50643	9
50644	10
50645	10
50646	11
50647	11
50648	12
50649	14
50650	13
50651	12
50652	11
50653	11
50654	10
50655	12
50656	13
50657	13
50658	12
50659	12
50660	11
50661	12
50662	12
50663	11
50664	11
50665	10
50666	11
50667	11
50668	10
50669	10
50670	9
50671	9
50672	10
50673	10
50674	11
50675	13
50676	12
50677	11
50678	10
50679	10
50680	9
50681	11
50682	12
50683	12
50684	11
50685	11
50686	10
50687	11
50688	11
50689	10
50690	10
50691	9
50692	10
50693	10
50694	9
50695	9
50696	8
50697	9
50698	9
50699	10
50700	10
50701	11
50702	13
50703	12
50704	11
50705	10
50706	10
50707	9
50708	11
50709	12
50710	12
50711	11
50712	11
50713	10
50714	11
50715	11
50716	10
50717	10
50718	9
50719	10
50720	10
50721	9
50722	9
50723	8
50724	8
50725	9
50726	9
50727	10
50728	12
50729	11
50730	10
50731	9
50732	9
50733	8
50734	10
50735	11
50736	11
50737	10
50738	10
50739	9
50740	10
50741	10
50742	9
50743	9
50744	8
50745	9
50746	9
50747	8
50748	8
50749	7
50750	8
50751	8
50752	9
50753	11
50754	12
50755	12
50756	11
50757	11
50758	10
50759	11
50760	11
50761	10
50762	10
50763	9
50764	10
50765	10
50766	9
50767	9
50768	8
50769	8
50770	9
50771	9
50772	8
50773	10
50774	9
50775	8
50776	7
50777	7
50778	8
50779	10
50780	11
50781	11
50782	10
50783	10
50784	9
50785	10
50786	10
50787	9
50788	9
50789	8
50790	9
50791	9
50792	8
50793	8
50794	7
50795	7
50796	8
50797	8
50798	7
50799	9
50800	8
50801	7
50802	6
50803	6
50804	7
50805	7
50806	8
50807	10
50808	11
50809	11
50810	12
50811	12
50812	11
50813	13
50814	12
50815	11
50816	10
50817	10
50818	11
50819	11
50820	10
50821	12
50822	11
50823	10
50824	9
50825	10
50826	10
50827	11
50828	13
50829	12
50830	11
50831	10
50832	10
50833	9
50834	9
50835	10
50836	12
50837	11
50838	10
50839	9
50840	9
50841	8
50842	9
50843	9
50844	10
50845	12
50846	11
50847	10
50848	9
50849	9
50850	8
50851	8
50852	9
50853	11
50854	10
50855	9
50856	8
50857	8
50858	7
50859	7
50860	8
50861	8
50862	9
50863	11
50864	10
50865	9
50866	8
50867	8
50868	7
50869	9
50870	10
50871	10
50872	9
50873	9
50874	8
50875	9
50876	9
50877	8
50878	8
50879	7
50880	8
50881	8
50882	7
50883	7
50884	6
50885	8
50886	9
50887	9
50888	10
50889	10
50890	11
50891	13
50892	12
50893	11
50894	10
50895	10
50896	9
50897	11
50898	12
50899	12
50900	11
50901	11
50902	10
50903	11
50904	11
50905	10
50906	10
50907	9
50908	10
50909	10
50910	9
50911	9
50912	8
50913	8
50914	9
50915	9
50916	10
50917	12
50918	11
50919	10
50920	9
50921	9
50922	8
50923	10
50924	11
50925	11
50926	10
50927	10
50928	9
50929	10
50930	10
50931	9
50932	9
50933	8
50934	9
50935	9
50936	8
50937	8
50938	7
50939	8
50940	8
50941	9
50942	9
50943	10
50944	12
50945	11
50946	10
50947	9
50948	9
50949	8
50950	10
50951	11
50952	11
50953	10
50954	10
50955	9
50956	10
50957	10
50958	9
50959	9
50960	8
50961	9
50962	9
50963	8
50964	8
50965	7
50966	7
50967	8
50968	8
50969	9
50970	11
50971	10
50972	9
50973	8
50974	8
50975	7
50976	9
50977	10
50978	10
50979	9
50980	9
50981	8
50982	9
50983	9
50984	8
50985	8
50986	7
50987	8
50988	8
50989	7
50990	7
50991	6
50992	7
50993	7
50994	8
50995	10
50996	11
50997	11
50998	10
50999	10
51000	9
51001	10
51002	10
51003	9
51004	9
51005	8
51006	9
51007	9
51008	8
51009	8
51010	7
51011	7
51012	8
51013	8
51014	7
51015	9
51016	8
51017	7
51018	6
51019	6
51020	7
51021	9
51022	10
51023	10
51024	9
51025	9
51026	8
51027	9
51028	9
51029	8
51030	8
51031	7
51032	8
51033	8
51034	7
51035	7
51036	6
51037	6
51038	7
51039	7
51040	6
51041	8
51042	7
51043	6
51044	5
51045	6
51046	6
51047	7
51048	7
51049	8
51050	10
51051	11
51052	11
51053	12
51054	12
51055	11
51056	13
51057	12
51058	11
51059	10
51060	10
51061	11
51062	11
51063	10
51064	12
51065	11
51066	10
51067	9
51068	10
51069	10
51070	11
51071	13
51072	12
51073	11
51074	10
51075	10
51076	9
51077	9
51078	10
51079	12
51080	11
51081	10
51082	9
51083	9
51084	8
51085	9
51086	9
51087	10
51088	12
51089	11
51090	10
51091	9
51092	9
51093	8
51094	8
51095	9
51096	11
51097	10
51098	9
51099	8
51100	8
51101	7
51102	7
51103	8
51104	8
51105	9
51106	11
51107	10
51108	9
51109	8
51110	8
51111	7
51112	9
51113	10
51114	10
51115	9
51116	9
51117	8
51118	9
51119	9
51120	8
51121	8
51122	7
51123	8
51124	8
51125	7
51126	7
51127	6
51128	8
51129	9
51130	9
51131	10
51132	10
51133	11
51134	13
51135	12
51136	11
51137	10
51138	10
51139	9
51140	11
51141	12
51142	12
51143	11
51144	11
51145	10
51146	11
51147	11
51148	10
51149	10
51150	9
51151	10
51152	10
51153	9
51154	9
51155	8
51156	8
51157	9
51158	9
51159	10
51160	12
51161	11
51162	10
51163	9
51164	9
51165	8
51166	10
51167	11
51168	11
51169	10
51170	10
51171	9
51172	10
51173	10
51174	9
51175	9
51176	8
51177	9
51178	9
51179	8
51180	8
51181	7
51182	8
51183	8
51184	9
51185	9
51186	10
51187	12
51188	11
51189	10
51190	9
51191	9
51192	8
51193	10
51194	11
51195	11
51196	10
51197	10
51198	9
51199	10
51200	10
51201	9
51202	9
51203	8
51204	9
51205	9
51206	8
51207	8
51208	7
51209	7
51210	8
51211	8
51212	9
51213	11
51214	10
51215	9
51216	8
51217	8
51218	7
51219	9
51220	10
51221	10
51222	9
51223	9
51224	8
51225	9
51226	9
51227	8
51228	8
51229	7
51230	8
51231	8
51232	7
51233	7
51234	6
51235	7
51236	7
51237	8
51238	10
51239	11
51240	11
51241	10
51242	10
51243	9
51244	10
51245	10
51246	9
51247	9
51248	8
51249	9
51250	9
51251	8
51252	8
51253	7
51254	7
51255	8
51256	8
51257	7
51258	9
51259	8
51260	7
51261	6
51262	6
51263	7
51264	9
51265	10
51266	10
51267	9
51268	9
51269	8
51270	9
51271	9
51272	8
51273	8
51274	7
51275	8
51276	8
51277	7
51278	7
51279	6
51280	6
51281	7
51282	7
51283	6
51284	8
51285	7
51286	6
51287	5
51288	5
51289	6
51290	6
51291	7
51292	9
51293	10
51294	10
51295	11
51296	11
51297	10
51298	12
51299	11
51300	10
51301	9
51302	9
51303	10
51304	10
51305	9
51306	11
51307	10
51308	9
51309	8
51310	9
51311	9
51312	10
51313	12
51314	11
51315	10
51316	9
51317	9
51318	8
51319	8
51320	9
51321	11
51322	10
51323	9
51324	8
51325	8
51326	7
51327	8
51328	8
51329	9
51330	11
51331	10
51332	9
51333	8
51334	8
51335	7
51336	7
51337	8
51338	10
51339	9
51340	8
51341	7
51342	7
51343	6
51344	6
51345	7
51346	7
51347	8
51348	10
51349	9
51350	8
51351	7
51352	7
51353	6
51354	8
51355	9
51356	9
51357	8
51358	8
51359	7
51360	8
51361	8
51362	7
51363	7
51364	6
51365	7
51366	7
51367	6
51368	6
51369	5
51370	7
51371	8
51372	8
51373	9
51374	9
51375	10
51376	12
51377	11
51378	10
51379	9
51380	9
51381	8
51382	10
51383	11
51384	11
51385	10
51386	10
51387	9
51388	10
51389	10
51390	9
51391	9
51392	8
51393	9
51394	9
51395	8
51396	8
51397	7
51398	7
51399	8
51400	8
51401	9
51402	11
51403	10
51404	9
51405	8
51406	8
51407	7
51408	9
51409	10
51410	10
51411	9
51412	9
51413	8
51414	9
51415	9
51416	8
51417	8
51418	7
51419	8
51420	8
51421	7
51422	7
51423	6
51424	7
51425	7
51426	8
51427	8
51428	9
51429	11
51430	10
51431	9
51432	8
51433	8
51434	7
51435	9
51436	10
51437	10
51438	9
51439	9
51440	8
51441	9
51442	9
51443	8
51444	8
51445	7
51446	8
51447	8
51448	7
51449	7
51450	6
51451	6
51452	7
51453	7
51454	8
51455	10
51456	9
51457	8
51458	7
51459	7
51460	6
51461	8
51462	9
51463	9
51464	8
51465	8
51466	7
51467	8
51468	8
51469	7
51470	7
51471	6
51472	7
51473	7
51474	6
51475	6
51476	5
51477	6
51478	6
51479	7
51480	9
51481	10
51482	10
51483	9
51484	9
51485	8
51486	9
51487	9
51488	8
51489	8
51490	7
51491	8
51492	8
51493	7
51494	7
51495	6
51496	6
51497	7
51498	7
51499	6
51500	8
51501	7
51502	6
51503	5
51504	5
51505	6
51506	8
51507	9
51508	9
51509	8
51510	8
51511	7
51512	8
51513	8
51514	7
51515	7
51516	6
51517	7
51518	7
51519	6
51520	6
51521	5
51522	5
51523	6
51524	6
51525	5
51526	7
51527	6
51528	5
51529	4
51530	5
51531	5
51532	6
51533	8
51534	9
51535	9
51536	10
51537	10
51538	11
51539	13
51540	12
51541	11
51542	10
51543	10
51544	9
51545	11
51546	12
51547	12
51548	11
51549	11
51550	10
51551	11
51552	11
51553	10
51554	10
51555	9
51556	10
51557	10
51558	9
51559	9
51560	8
51561	8
51562	9
51563	9
51564	10
51565	12
51566	11
51567	10
51568	9
51569	9
51570	8
51571	10
51572	11
51573	11
51574	10
51575	10
51576	9
51577	10
51578	10
51579	9
51580	9
51581	8
51582	9
51583	9
51584	8
51585	8
51586	7
51587	8
51588	8
51589	9
51590	11
51591	12
51592	12
51593	11
51594	11
51595	10
51596	11
51597	11
51598	10
51599	10
51600	9
51601	10
51602	10
51603	9
51604	9
51605	8
51606	8
51607	9
51608	9
51609	8
51610	10
51611	9
51612	8
51613	7
51614	7
51615	8
51616	10
51617	11
51618	11
51619	10
51620	10
51621	9
51622	10
51623	10
51624	9
51625	9
51626	8
51627	9
51628	9
51629	8
51630	8
51631	7
51632	7
51633	8
51634	8
51635	7
51636	9
51637	8
51638	7
51639	6
51640	7
51641	7
51642	8
51643	10
51644	11
51645	11
51646	10
51647	10
51648	9
51649	10
51650	10
51651	9
51652	9
51653	8
51654	9
51655	9
51656	8
51657	8
51658	7
51659	7
51660	8
51661	8
51662	7
51663	9
51664	8
51665	7
51666	6
51667	6
51668	7
51669	9
51670	10
51671	10
51672	9
51673	9
51674	8
51675	9
51676	9
51677	8
51678	8
51679	7
51680	8
51681	8
51682	7
51683	7
51684	6
51685	6
51686	7
51687	7
51688	6
51689	8
51690	7
51691	6
51692	5
51693	5
51694	6
51695	6
51696	7
51697	9
51698	10
51699	10
51700	9
51701	9
51702	8
51703	9
51704	9
51705	8
51706	8
51707	7
51708	8
51709	8
51710	7
51711	7
51712	6
51713	6
51714	7
51715	7
51716	6
51717	8
51718	7
51719	6
51720	5
51721	7
51722	8
51723	8
51724	9
51725	9
51726	8
51727	10
51728	9
51729	8
51730	7
51731	7
51732	8
51733	8
51734	7
51735	9
51736	8
51737	7
51738	6
51739	7
51740	7
51741	8
51742	8
51743	7
51744	9
51745	8
51746	7
51747	6
51748	6
51749	7
51750	7
51751	6
51752	8
51753	7
51754	6
51755	5
51756	6
51757	6
51758	7
51759	9
51760	8
51761	7
51762	6
51763	6
51764	5
51765	5
51766	6
51767	8
51768	7
51769	6
51770	5
51771	5
51772	4
51773	4
51774	5
51775	7
51776	8
51777	8
51778	9
51779	9
51780	10
51781	12
51782	11
51783	10
51784	9
51785	9
51786	8
51787	10
51788	11
51789	11
51790	10
51791	10
51792	9
51793	10
51794	10
51795	9
51796	9
51797	8
51798	9
51799	9
51800	8
51801	8
51802	7
51803	7
51804	8
51805	8
51806	9
51807	11
51808	10
51809	9
51810	8
51811	8
51812	7
51813	9
51814	10
51815	10
51816	9
51817	9
51818	8
51819	9
51820	9
51821	8
51822	8
51823	7
51824	8
51825	8
51826	7
51827	7
51828	6
51829	7
51830	7
51831	8
51832	10
51833	11
51834	11
51835	10
51836	10
51837	9
51838	10
51839	10
51840	9
51841	9
51842	8
51843	9
51844	9
51845	8
51846	8
51847	7
51848	7
51849	8
51850	8
51851	7
51852	9
51853	8
51854	7
51855	6
51856	6
51857	7
51858	9
51859	10
51860	10
51861	9
51862	9
51863	8
51864	9
51865	9
51866	8
51867	8
51868	7
51869	8
51870	8
51871	7
51872	7
51873	6
51874	6
51875	7
51876	7
51877	6
51878	8
51879	7
51880	6
51881	5
51882	6
51883	6
51884	7
51885	9
51886	10
51887	10
51888	9
51889	9
51890	8
51891	9
51892	9
51893	8
51894	8
51895	7
51896	8
51897	8
51898	7
51899	7
51900	6
51901	6
51902	7
51903	7
51904	6
51905	8
51906	7
51907	6
51908	5
51909	5
51910	6
51911	8
51912	9
51913	9
51914	8
51915	8
51916	7
51917	8
51918	8
51919	7
51920	7
51921	6
51922	7
51923	7
51924	6
51925	6
51926	5
51927	5
51928	6
51929	6
51930	5
51931	7
51932	6
51933	5
51934	4
51935	4
51936	5
51937	5
51938	6
51939	8
51940	9
51941	9
51942	8
51943	8
51944	7
51945	8
51946	8
51947	7
51948	7
51949	6
51950	7
51951	7
51952	6
51953	6
51954	5
51955	5
51956	6
51957	6
51958	5
51959	7
51960	6
51961	5
51962	4
51963	6
51964	7
51965	7
51966	8
51967	8
51968	7
51969	9
51970	8
51971	7
51972	6
51973	6
51974	7
51975	7
51976	6
51977	8
51978	7
51979	6
51980	5
51981	6
51982	6
51983	7
51984	7
51985	6
51986	8
51987	7
51988	6
51989	5
51990	5
51991	6
51992	6
51993	5
51994	7
51995	6
51996	5
51997	4
51998	5
51999	5
52000	6
52001	8
52002	7
52003	6
52004	5
52005	5
52006	4
52007	4
52008	5
52009	7
52010	6
52011	5
52012	4
52013	4
52014	3
52015	3
52016	4
52017	4
52018	5
52019	7
52020	8
52021	8
52022	9
52023	9
52024	10
52025	12
52026	13
52027	13
52028	12
52029	12
52030	11
52031	12
52032	12
52033	11
52034	11
52035	10
52036	11
52037	11
52038	10
52039	10
52040	9
52041	9
52042	10
52043	10
52044	9
52045	11
52046	10
52047	9
52048	8
52049	10
52050	11
52051	11
52052	12
52053	12
52054	11
52055	13
52056	12
52057	11
52058	10
52059	10
52060	11
52061	11
52062	10
52063	12
52064	11
52065	10
52066	9
52067	10
52068	10
52069	11
52070	11
52071	10
52072	12
52073	11
52074	10
52075	9
52076	9
52077	10
52078	10
52079	9
52080	11
52081	10
52082	9
52083	8
52084	9
52085	9
52086	10
52087	12
52088	11
52089	10
52090	9
52091	9
52092	8
52093	8
52094	9
52095	11
52096	10
52097	9
52098	8
52099	8
52100	7
52101	7
52102	8
52103	8
52104	9
52105	11
52106	12
52107	12
52108	11
52109	11
52110	10
52111	11
52112	11
52113	10
52114	10
52115	9
52116	10
52117	10
52118	9
52119	9
52120	8
52121	8
52122	9
52123	9
52124	8
52125	10
52126	9
52127	8
52128	7
52129	9
52130	10
52131	10
52132	11
52133	11
52134	10
52135	12
52136	11
52137	10
52138	9
52139	9
52140	10
52141	10
52142	9
52143	11
52144	10
52145	9
52146	8
52147	9
52148	9
52149	10
52150	10
52151	9
52152	11
52153	10
52154	9
52155	8
52156	8
52157	9
52158	9
52159	8
52160	10
52161	9
52162	8
52163	7
52164	8
52165	8
52166	9
52167	11
52168	10
52169	9
52170	8
52171	8
52172	7
52173	7
52174	8
52175	10
52176	9
52177	8
52178	7
52179	7
52180	6
52181	7
52182	7
52183	8
52184	10
52185	11
52186	11
52187	12
52188	12
52189	11
52190	13
52191	12
52192	11
52193	10
52194	10
52195	11
52196	11
52197	10
52198	12
52199	11
52200	10
52201	9
52202	10
52203	10
52204	11
52205	13
52206	12
52207	11
52208	10
52209	10
52210	9
52211	9
52212	10
52213	12
52214	11
52215	10
52216	9
52217	9
52218	8
52219	9
52220	9
52221	10
52222	12
52223	11
52224	10
52225	9
52226	9
52227	8
52228	8
52229	9
52230	11
52231	10
52232	9
52233	8
52234	8
52235	7
52236	7
52237	8
52238	8
52239	9
52240	11
52241	10
52242	9
52243	8
52244	8
52245	7
52246	9
52247	10
52248	10
52249	9
52250	9
52251	8
52252	9
52253	9
52254	8
52255	8
52256	7
52257	8
52258	8
52259	7
52260	7
52261	6
52262	6
52263	7
52264	9
52265	10
52266	10
52267	11
52268	11
52269	10
52270	12
52271	11
52272	10
52273	9
52274	9
52275	10
52276	10
52277	9
52278	11
52279	10
52280	9
52281	8
52282	9
52283	9
52284	10
52285	12
52286	11
52287	10
52288	9
52289	9
52290	8
52291	8
52292	9
52293	11
52294	10
52295	9
52296	8
52297	8
52298	7
52299	8
52300	8
52301	9
52302	11
52303	10
52304	9
52305	8
52306	8
52307	7
52308	7
52309	8
52310	10
52311	9
52312	8
52313	7
52314	7
52315	6
52316	6
52317	7
52318	7
52319	8
52320	10
52321	9
52322	8
52323	7
52324	7
52325	6
52326	8
52327	9
52328	9
52329	8
52330	8
52331	7
52332	8
52333	8
52334	7
52335	7
52336	6
52337	7
52338	7
52339	6
52340	6
52341	5
52342	6
52343	6
52344	7
52345	9
52346	10
52347	10
52348	11
52349	11
52350	10
52351	12
52352	11
52353	10
52354	9
52355	9
52356	10
52357	10
52358	9
52359	11
52360	10
52361	9
52362	8
52363	9
52364	9
52365	10
52366	12
52367	11
52368	10
52369	9
52370	9
52371	8
52372	8
52373	9
52374	11
52375	10
52376	9
52377	8
52378	8
52379	7
52380	8
52381	8
52382	9
52383	11
52384	10
52385	9
52386	8
52387	8
52388	7
52389	7
52390	8
52391	10
52392	9
52393	8
52394	7
52395	7
52396	6
52397	6
52398	7
52399	7
52400	8
52401	10
52402	9
52403	8
52404	7
52405	7
52406	6
52407	8
52408	9
52409	9
52410	8
52411	8
52412	7
52413	8
52414	8
52415	7
52416	7
52417	6
52418	7
52419	7
52420	6
52421	6
52422	5
52423	5
52424	6
52425	8
52426	9
52427	9
52428	10
52429	10
52430	9
52431	11
52432	10
52433	9
52434	8
52435	8
52436	9
52437	9
52438	8
52439	10
52440	9
52441	8
52442	7
52443	8
52444	8
52445	9
52446	11
52447	10
52448	9
52449	8
52450	8
52451	7
52452	7
52453	8
52454	10
52455	9
52456	8
52457	7
52458	7
52459	6
52460	7
52461	7
52462	8
52463	10
52464	9
52465	8
52466	7
52467	7
52468	6
52469	6
52470	7
52471	9
52472	8
52473	7
52474	6
52475	6
52476	5
52477	5
52478	6
52479	6
52480	7
52481	9
52482	8
52483	7
52484	6
52485	6
52486	5
52487	7
52488	8
52489	8
52490	7
52491	7
52492	6
52493	7
52494	7
52495	6
52496	6
52497	5
52498	6
52499	6
52500	5
52501	5
52502	4
52503	4
52504	5
52505	5
52506	6
52507	8
52508	9
52509	9
52510	10
52511	10
52512	9
52513	11
52514	10
52515	9
52516	8
52517	8
52518	9
52519	9
52520	8
52521	10
52522	9
52523	8
52524	7
52525	8
52526	8
52527	9
52528	11
52529	10
52530	9
52531	8
52532	8
52533	7
52534	7
52535	8
52536	10
52537	9
52538	8
52539	7
52540	7
52541	6
52542	7
52543	7
52544	8
52545	10
52546	9
52547	8
52548	7
52549	7
52550	6
52551	6
52552	7
52553	9
52554	8
52555	7
52556	6
52557	6
52558	5
52559	5
52560	6
52561	6
52562	7
52563	9
52564	8
52565	7
52566	6
52567	6
52568	5
52569	7
52570	8
52571	8
52572	7
52573	7
52574	6
52575	7
52576	7
52577	6
52578	6
52579	5
52580	6
52581	6
52582	5
52583	5
52584	4
52585	6
52586	7
52587	7
52588	8
52589	8
52590	9
52591	11
52592	10
52593	9
52594	8
52595	8
52596	7
52597	9
52598	10
52599	10
52600	9
52601	9
52602	8
52603	9
52604	9
52605	8
52606	8
52607	7
52608	8
52609	8
52610	7
52611	7
52612	6
52613	6
52614	7
52615	7
52616	8
52617	10
52618	9
52619	8
52620	7
52621	7
52622	6
52623	8
52624	9
52625	9
52626	8
52627	8
52628	7
52629	8
52630	8
52631	7
52632	7
52633	6
52634	7
52635	7
52636	6
52637	6
52638	5
52639	6
52640	6
52641	7
52642	7
52643	8
52644	10
52645	9
52646	8
52647	7
52648	7
52649	6
52650	8
52651	9
52652	9
52653	8
52654	8
52655	7
52656	8
52657	8
52658	7
52659	7
52660	6
52661	7
52662	7
52663	6
52664	6
52665	5
52666	5
52667	6
52668	6
52669	7
52670	9
52671	8
52672	7
52673	6
52674	6
52675	5
52676	7
52677	8
52678	8
52679	7
52680	7
52681	6
52682	7
52683	7
52684	6
52685	6
52686	5
52687	6
52688	6
52689	5
52690	5
52691	4
52692	5
52693	5
52694	6
52695	8
52696	9
52697	9
52698	8
52699	8
52700	7
52701	8
52702	8
52703	7
52704	7
52705	6
52706	7
52707	7
52708	6
52709	6
52710	5
52711	5
52712	6
52713	6
52714	5
52715	7
52716	6
52717	5
52718	4
52719	4
52720	5
52721	7
52722	8
52723	8
52724	7
52725	7
52726	6
52727	7
52728	7
52729	6
52730	6
52731	5
52732	6
52733	6
52734	5
52735	5
52736	4
52737	4
52738	5
52739	5
52740	4
52741	6
52742	5
52743	4
52744	3
52745	5
52746	6
52747	6
52748	7
52749	7
52750	8
52751	10
52752	11
52753	11
52754	12
52755	12
52756	11
52757	13
52758	12
52759	11
52760	10
52761	10
52762	11
52763	11
52764	10
52765	12
52766	11
52767	10
52768	9
52769	10
52770	10
52771	11
52772	13
52773	12
52774	11
52775	10
52776	10
52777	9
52778	9
52779	10
52780	12
52781	11
52782	10
52783	9
52784	9
52785	8
52786	9
52787	9
52788	10
52789	12
52790	11
52791	10
52792	9
52793	9
52794	8
52795	8
52796	9
52797	11
52798	10
52799	9
52800	8
52801	8
52802	7
52803	7
52804	8
52805	8
52806	9
52807	11
52808	10
52809	9
52810	8
52811	8
52812	7
52813	9
52814	10
52815	10
52816	9
52817	9
52818	8
52819	9
52820	9
52821	8
52822	8
52823	7
52824	8
52825	8
52826	7
52827	7
52828	6
52829	8
52830	9
52831	9
52832	10
52833	10
52834	11
52835	13
52836	12
52837	11
52838	10
52839	10
52840	9
52841	11
52842	12
52843	12
52844	11
52845	11
52846	10
52847	11
52848	11
52849	10
52850	10
52851	9
52852	10
52853	10
52854	9
52855	9
52856	8
52857	8
52858	9
52859	9
52860	10
52861	12
52862	11
52863	10
52864	9
52865	9
52866	8
52867	10
52868	11
52869	11
52870	10
52871	10
52872	9
52873	10
52874	10
52875	9
52876	9
52877	8
52878	9
52879	9
52880	8
52881	8
52882	7
52883	8
52884	8
52885	9
52886	9
52887	10
52888	12
52889	11
52890	10
52891	9
52892	9
52893	8
52894	10
52895	11
52896	11
52897	10
52898	10
52899	9
52900	10
52901	10
52902	9
52903	9
52904	8
52905	9
52906	9
52907	8
52908	8
52909	7
52910	7
52911	8
52912	8
52913	9
52914	11
52915	10
52916	9
52917	8
52918	8
52919	7
52920	9
52921	10
52922	10
52923	9
52924	9
52925	8
52926	9
52927	9
52928	8
52929	8
52930	7
52931	8
52932	8
52933	7
52934	7
52935	6
52936	7
52937	7
52938	8
52939	10
52940	11
52941	11
52942	10
52943	10
52944	9
52945	10
52946	10
52947	9
52948	9
52949	8
52950	9
52951	9
52952	8
52953	8
52954	7
52955	7
52956	8
52957	8
52958	7
52959	9
52960	8
52961	7
52962	6
52963	6
52964	7
52965	9
52966	10
52967	10
52968	9
52969	9
52970	8
52971	9
52972	9
52973	8
52974	8
52975	7
52976	8
52977	8
52978	7
52979	7
52980	6
52981	6
52982	7
52983	7
52984	6
52985	8
52986	7
52987	6
52988	5
52989	5
52990	6
52991	6
52992	7
52993	9
52994	10
52995	10
52996	11
52997	11
52998	10
52999	12
53000	11
53001	10
53002	9
53003	9
53004	10
53005	10
53006	9
53007	11
53008	10
53009	9
53010	8
53011	9
53012	9
53013	10
53014	12
53015	11
53016	10
53017	9
53018	9
53019	8
53020	8
53021	9
53022	11
53023	10
53024	9
53025	8
53026	8
53027	7
53028	8
53029	8
53030	9
53031	11
53032	10
53033	9
53034	8
53035	8
53036	7
53037	7
53038	8
53039	10
53040	9
53041	8
53042	7
53043	7
53044	6
53045	6
53046	7
53047	7
53048	8
53049	10
53050	9
53051	8
53052	7
53053	7
53054	6
53055	8
53056	9
53057	9
53058	8
53059	8
53060	7
53061	8
53062	8
53063	7
53064	7
53065	6
53066	7
53067	7
53068	6
53069	6
53070	5
53071	7
53072	8
53073	8
53074	9
53075	9
53076	10
53077	12
53078	11
53079	10
53080	9
53081	9
53082	8
53083	10
53084	11
53085	11
53086	10
53087	10
53088	9
53089	10
53090	10
53091	9
53092	9
53093	8
53094	9
53095	9
53096	8
53097	8
53098	7
53099	7
53100	8
53101	8
53102	9
53103	11
53104	10
53105	9
53106	8
53107	8
53108	7
53109	9
53110	10
53111	10
53112	9
53113	9
53114	8
53115	9
53116	9
53117	8
53118	8
53119	7
53120	8
53121	8
53122	7
53123	7
53124	6
53125	7
53126	7
53127	8
53128	8
53129	9
53130	11
53131	10
53132	9
53133	8
53134	8
53135	7
53136	9
53137	10
53138	10
53139	9
53140	9
53141	8
53142	9
53143	9
53144	8
53145	8
53146	7
53147	8
53148	8
53149	7
53150	7
53151	6
53152	6
53153	7
53154	7
53155	8
53156	10
53157	9
53158	8
53159	7
53160	7
53161	6
53162	8
53163	9
53164	9
53165	8
53166	8
53167	7
53168	8
53169	8
53170	7
53171	7
53172	6
53173	7
53174	7
53175	6
53176	6
53177	5
53178	6
53179	6
53180	7
53181	9
53182	10
53183	10
53184	9
53185	9
53186	8
53187	9
53188	9
53189	8
53190	8
53191	7
53192	8
53193	8
53194	7
53195	7
53196	6
53197	6
53198	7
53199	7
53200	6
53201	8
53202	7
53203	6
53204	5
53205	5
53206	6
53207	8
53208	9
53209	9
53210	8
53211	8
53212	7
53213	8
53214	8
53215	7
53216	7
53217	6
53218	7
53219	7
53220	6
53221	6
53222	5
53223	5
53224	6
53225	6
53226	5
53227	7
53228	6
53229	5
53230	4
53231	5
53232	5
53233	6
53234	6
53235	7
53236	9
53237	10
53238	10
53239	11
53240	11
53241	10
53242	12
53243	11
53244	10
53245	9
53246	9
53247	10
53248	10
53249	9
53250	11
53251	10
53252	9
53253	8
53254	9
53255	9
53256	10
53257	12
53258	11
53259	10
53260	9
53261	9
53262	8
53263	8
53264	9
53265	11
53266	10
53267	9
53268	8
53269	8
53270	7
53271	8
53272	8
53273	9
53274	11
53275	10
53276	9
53277	8
53278	8
53279	7
53280	7
53281	8
53282	10
53283	9
53284	8
53285	7
53286	7
53287	6
53288	6
53289	7
53290	7
53291	8
53292	10
53293	9
53294	8
53295	7
53296	7
53297	6
53298	8
53299	9
53300	9
53301	8
53302	8
53303	7
53304	8
53305	8
53306	7
53307	7
53308	6
53309	7
53310	7
53311	6
53312	6
53313	5
53314	7
53315	8
53316	8
53317	9
53318	9
53319	10
53320	12
53321	11
53322	10
53323	9
53324	9
53325	8
53326	10
53327	11
53328	11
53329	10
53330	10
53331	9
53332	10
53333	10
53334	9
53335	9
53336	8
53337	9
53338	9
53339	8
53340	8
53341	7
53342	7
53343	8
53344	8
53345	9
53346	11
53347	10
53348	9
53349	8
53350	8
53351	7
53352	9
53353	10
53354	10
53355	9
53356	9
53357	8
53358	9
53359	9
53360	8
53361	8
53362	7
53363	8
53364	8
53365	7
53366	7
53367	6
53368	7
53369	7
53370	8
53371	8
53372	9
53373	11
53374	10
53375	9
53376	8
53377	8
53378	7
53379	9
53380	10
53381	10
53382	9
53383	9
53384	8
53385	9
53386	9
53387	8
53388	8
53389	7
53390	8
53391	8
53392	7
53393	7
53394	6
53395	6
53396	7
53397	7
53398	8
53399	10
53400	9
53401	8
53402	7
53403	7
53404	6
53405	8
53406	9
53407	9
53408	8
53409	8
53410	7
53411	8
53412	8
53413	7
53414	7
53415	6
53416	7
53417	7
53418	6
53419	6
53420	5
53421	6
53422	6
53423	7
53424	9
53425	10
53426	10
53427	9
53428	9
53429	8
53430	9
53431	9
53432	8
53433	8
53434	7
53435	8
53436	8
53437	7
53438	7
53439	6
53440	6
53441	7
53442	7
53443	6
53444	8
53445	7
53446	6
53447	5
53448	5
53449	6
53450	8
53451	9
53452	9
53453	8
53454	8
53455	7
53456	8
53457	8
53458	7
53459	7
53460	6
53461	7
53462	7
53463	6
53464	6
53465	5
53466	5
53467	6
53468	6
53469	5
53470	7
53471	6
53472	5
53473	4
53474	4
53475	5
53476	5
53477	6
53478	8
53479	9
53480	9
53481	10
53482	10
53483	9
53484	11
53485	10
53486	9
53487	8
53488	8
53489	9
53490	9
53491	8
53492	10
53493	9
53494	8
53495	7
53496	8
53497	8
53498	9
53499	11
53500	10
53501	9
53502	8
53503	8
53504	7
53505	7
53506	8
53507	10
53508	9
53509	8
53510	7
53511	7
53512	6
53513	7
53514	7
53515	8
53516	10
53517	9
53518	8
53519	7
53520	7
53521	6
53522	6
53523	7
53524	9
53525	8
53526	7
53527	6
53528	6
53529	5
53530	5
53531	6
53532	6
53533	7
53534	9
53535	8
53536	7
53537	6
53538	6
53539	5
53540	7
53541	8
53542	8
53543	7
53544	7
53545	6
53546	7
53547	7
53548	6
53549	6
53550	5
53551	6
53552	6
53553	5
53554	5
53555	4
53556	6
53557	7
53558	7
53559	8
53560	8
53561	9
53562	11
53563	10
53564	9
53565	8
53566	8
53567	7
53568	9
53569	10
53570	10
53571	9
53572	9
53573	8
53574	9
53575	9
53576	8
53577	8
53578	7
53579	8
53580	8
53581	7
53582	7
53583	6
53584	6
53585	7
53586	7
53587	8
53588	10
53589	9
53590	8
53591	7
53592	7
53593	6
53594	8
53595	9
53596	9
53597	8
53598	8
53599	7
53600	8
53601	8
53602	7
53603	7
53604	6
53605	7
53606	7
53607	6
53608	6
53609	5
53610	6
53611	6
53612	7
53613	7
53614	8
53615	10
53616	9
53617	8
53618	7
53619	7
53620	6
53621	8
53622	9
53623	9
53624	8
53625	8
53626	7
53627	8
53628	8
53629	7
53630	7
53631	6
53632	7
53633	7
53634	6
53635	6
53636	5
53637	5
53638	6
53639	6
53640	7
53641	9
53642	8
53643	7
53644	6
53645	6
53646	5
53647	7
53648	8
53649	8
53650	7
53651	7
53652	6
53653	7
53654	7
53655	6
53656	6
53657	5
53658	6
53659	6
53660	5
53661	5
53662	4
53663	5
53664	5
53665	6
53666	8
53667	9
53668	9
53669	8
53670	8
53671	7
53672	8
53673	8
53674	7
53675	7
53676	6
53677	7
53678	7
53679	6
53680	6
53681	5
53682	5
53683	6
53684	6
53685	5
53686	7
53687	6
53688	5
53689	4
53690	4
53691	5
53692	7
53693	8
53694	8
53695	7
53696	7
53697	6
53698	7
53699	7
53700	6
53701	6
53702	5
53703	6
53704	6
53705	5
53706	5
53707	4
53708	4
53709	5
53710	5
53711	4
53712	6
53713	5
53714	4
53715	3
53716	4
53717	4
53718	5
53719	7
53720	8
53721	8
53722	9
53723	9
53724	10
53725	12
53726	11
53727	10
53728	9
53729	9
53730	8
53731	10
53732	11
53733	11
53734	10
53735	10
53736	9
53737	10
53738	10
53739	9
53740	9
53741	8
53742	9
53743	9
53744	8
53745	8
53746	7
53747	7
53748	8
53749	8
53750	9
53751	11
53752	10
53753	9
53754	8
53755	8
53756	7
53757	9
53758	10
53759	10
53760	9
53761	9
53762	8
53763	9
53764	9
53765	8
53766	8
53767	7
53768	8
53769	8
53770	7
53771	7
53772	6
53773	7
53774	7
53775	8
53776	10
53777	11
53778	11
53779	10
53780	10
53781	9
53782	10
53783	10
53784	9
53785	9
53786	8
53787	9
53788	9
53789	8
53790	8
53791	7
53792	7
53793	8
53794	8
53795	7
53796	9
53797	8
53798	7
53799	6
53800	6
53801	7
53802	9
53803	10
53804	10
53805	9
53806	9
53807	8
53808	9
53809	9
53810	8
53811	8
53812	7
53813	8
53814	8
53815	7
53816	7
53817	6
53818	6
53819	7
53820	7
53821	6
53822	8
53823	7
53824	6
53825	5
53826	6
53827	6
53828	7
53829	9
53830	10
53831	10
53832	9
53833	9
53834	8
53835	9
53836	9
53837	8
53838	8
53839	7
53840	8
53841	8
53842	7
53843	7
53844	6
53845	6
53846	7
53847	7
53848	6
53849	8
53850	7
53851	6
53852	5
53853	5
53854	6
53855	8
53856	9
53857	9
53858	8
53859	8
53860	7
53861	8
53862	8
53863	7
53864	7
53865	6
53866	7
53867	7
53868	6
53869	6
53870	5
53871	5
53872	6
53873	6
53874	5
53875	7
53876	6
53877	5
53878	4
53879	4
53880	5
53881	5
53882	6
53883	8
53884	9
53885	9
53886	8
53887	8
53888	7
53889	8
53890	8
53891	7
53892	7
53893	6
53894	7
53895	7
53896	6
53897	6
53898	5
53899	5
53900	6
53901	6
53902	5
53903	7
53904	6
53905	5
53906	4
53907	6
53908	7
53909	7
53910	8
53911	8
53912	7
53913	9
53914	8
53915	7
53916	6
53917	6
53918	7
53919	7
53920	6
53921	8
53922	7
53923	6
53924	5
53925	6
53926	6
53927	7
53928	7
53929	6
53930	8
53931	7
53932	6
53933	5
53934	5
53935	6
53936	6
53937	5
53938	7
53939	6
53940	5
53941	4
53942	5
53943	5
53944	6
53945	8
53946	7
53947	6
53948	5
53949	5
53950	4
53951	4
53952	5
53953	7
53954	6
53955	5
53956	4
53957	4
53958	3
53959	3
53960	4
53961	6
53962	7
53963	7
53964	8
53965	8
53966	9
53967	11
53968	10
53969	9
53970	8
53971	8
53972	7
53973	9
53974	10
53975	10
53976	9
53977	9
53978	8
53979	9
53980	9
53981	8
53982	8
53983	7
53984	8
53985	8
53986	7
53987	7
53988	6
53989	6
53990	7
53991	7
53992	8
53993	10
53994	9
53995	8
53996	7
53997	7
53998	6
53999	8
54000	9
54001	9
54002	8
54003	8
54004	7
54005	8
54006	8
54007	7
54008	7
54009	6
54010	7
54011	7
54012	6
54013	6
54014	5
54015	6
54016	6
54017	7
54018	9
54019	10
54020	10
54021	9
54022	9
54023	8
54024	9
54025	9
54026	8
54027	8
54028	7
54029	8
54030	8
54031	7
54032	7
54033	6
54034	6
54035	7
54036	7
54037	6
54038	8
54039	7
54040	6
54041	5
54042	5
54043	6
54044	8
54045	9
54046	9
54047	8
54048	8
54049	7
54050	8
54051	8
54052	7
54053	7
54054	6
54055	7
54056	7
54057	6
54058	6
54059	5
54060	5
54061	6
54062	6
54063	5
54064	7
54065	6
54066	5
54067	4
54068	5
54069	5
54070	6
54071	8
54072	9
54073	9
54074	8
54075	8
54076	7
54077	8
54078	8
54079	7
54080	7
54081	6
54082	7
54083	7
54084	6
54085	6
54086	5
54087	5
54088	6
54089	6
54090	5
54091	7
54092	6
54093	5
54094	4
54095	4
54096	5
54097	7
54098	8
54099	8
54100	7
54101	7
54102	6
54103	7
54104	7
54105	6
54106	6
54107	5
54108	6
54109	6
54110	5
54111	5
54112	4
54113	4
54114	5
54115	5
54116	4
54117	6
54118	5
54119	4
54120	3
54121	3
54122	4
54123	4
54124	5
54125	7
54126	8
54127	8
54128	7
54129	7
54130	6
54131	7
54132	7
54133	6
54134	6
54135	5
54136	6
54137	6
54138	5
54139	5
54140	4
54141	4
54142	5
54143	5
54144	4
54145	6
54146	5
54147	4
54148	3
54149	5
54150	6
54151	6
54152	7
54153	7
54154	6
54155	8
54156	7
54157	6
54158	5
54159	5
54160	6
54161	6
54162	5
54163	7
54164	6
54165	5
54166	4
54167	5
54168	5
54169	6
54170	6
54171	5
54172	7
54173	6
54174	5
54175	4
54176	4
54177	5
54178	5
54179	4
54180	6
54181	5
54182	4
54183	3
54184	4
54185	4
54186	5
54187	7
54188	6
54189	5
54190	4
54191	4
54192	3
54193	3
54194	4
54195	6
54196	5
54197	4
54198	3
54199	3
54200	2
54201	3
54202	3
54203	4
54204	4
54205	5
54206	7
54207	8
54208	8
54209	9
54210	9
54211	10
54212	12
54213	13
54214	13
54215	12
54216	12
54217	11
54218	12
54219	12
54220	11
54221	11
54222	10
54223	11
54224	11
54225	10
54226	10
54227	9
54228	9
54229	10
54230	10
54231	9
54232	11
54233	10
54234	9
54235	8
54236	10
54237	11
54238	11
54239	12
54240	12
54241	11
54242	13
54243	12
54244	11
54245	10
54246	10
54247	11
54248	11
54249	10
54250	12
54251	11
54252	10
54253	9
54254	10
54255	10
54256	11
54257	11
54258	10
54259	12
54260	11
54261	10
54262	9
54263	9
54264	10
54265	10
54266	9
54267	11
54268	10
54269	9
54270	8
54271	9
54272	9
54273	10
54274	12
54275	11
54276	10
54277	9
54278	9
54279	8
54280	8
54281	9
54282	11
54283	10
54284	9
54285	8
54286	8
54287	7
54288	7
54289	8
54290	8
54291	9
54292	11
54293	12
54294	12
54295	11
54296	11
54297	10
54298	11
54299	11
54300	10
54301	10
54302	9
54303	10
54304	10
54305	9
54306	9
54307	8
54308	8
54309	9
54310	9
54311	8
54312	10
54313	9
54314	8
54315	7
54316	9
54317	10
54318	10
54319	11
54320	11
54321	10
54322	12
54323	11
54324	10
54325	9
54326	9
54327	10
54328	10
54329	9
54330	11
54331	10
54332	9
54333	8
54334	9
54335	9
54336	10
54337	10
54338	9
54339	11
54340	10
54341	9
54342	8
54343	8
54344	9
54345	9
54346	8
54347	10
54348	9
54349	8
54350	7
54351	8
54352	8
54353	9
54354	11
54355	10
54356	9
54357	8
54358	8
54359	7
54360	7
54361	8
54362	10
54363	9
54364	8
54365	7
54366	7
54367	6
54368	7
54369	7
54370	8
54371	10
54372	11
54373	11
54374	12
54375	12
54376	11
54377	13
54378	12
54379	11
54380	10
54381	10
54382	11
54383	11
54384	10
54385	12
54386	11
54387	10
54388	9
54389	10
54390	10
54391	11
54392	13
54393	12
54394	11
54395	10
54396	10
54397	9
54398	9
54399	10
54400	12
54401	11
54402	10
54403	9
54404	9
54405	8
54406	9
54407	9
54408	10
54409	12
54410	11
54411	10
54412	9
54413	9
54414	8
54415	8
54416	9
54417	11
54418	10
54419	9
54420	8
54421	8
54422	7
54423	7
54424	8
54425	8
54426	9
54427	11
54428	10
54429	9
54430	8
54431	8
54432	7
54433	9
54434	10
54435	10
54436	9
54437	9
54438	8
54439	9
54440	9
54441	8
54442	8
54443	7
54444	8
54445	8
54446	7
54447	7
54448	6
54449	6
54450	7
54451	9
54452	10
54453	10
54454	11
54455	11
54456	10
54457	12
54458	11
54459	10
54460	9
54461	9
54462	10
54463	10
54464	9
54465	11
54466	10
54467	9
54468	8
54469	9
54470	9
54471	10
54472	12
54473	11
54474	10
54475	9
54476	9
54477	8
54478	8
54479	9
54480	11
54481	10
54482	9
54483	8
54484	8
54485	7
54486	8
54487	8
54488	9
54489	11
54490	10
54491	9
54492	8
54493	8
54494	7
54495	7
54496	8
54497	10
54498	9
54499	8
54500	7
54501	7
54502	6
54503	6
54504	7
54505	7
54506	8
54507	10
54508	9
54509	8
54510	7
54511	7
54512	6
54513	8
54514	9
54515	9
54516	8
54517	8
54518	7
54519	8
54520	8
54521	7
54522	7
54523	6
54524	7
54525	7
54526	6
54527	6
54528	5
54529	6
54530	6
54531	7
54532	9
54533	10
54534	10
54535	11
54536	11
54537	10
54538	12
54539	11
54540	10
54541	9
54542	9
54543	10
54544	10
54545	9
54546	11
54547	10
54548	9
54549	8
54550	9
54551	9
54552	10
54553	12
54554	11
54555	10
54556	9
54557	9
54558	8
54559	8
54560	9
54561	11
54562	10
54563	9
54564	8
54565	8
54566	7
54567	8
54568	8
54569	9
54570	11
54571	10
54572	9
54573	8
54574	8
54575	7
54576	7
54577	8
54578	10
54579	9
54580	8
54581	7
54582	7
54583	6
54584	6
54585	7
54586	7
54587	8
54588	10
54589	9
54590	8
54591	7
54592	7
54593	6
54594	8
54595	9
54596	9
54597	8
54598	8
54599	7
54600	8
54601	8
54602	7
54603	7
54604	6
54605	7
54606	7
54607	6
54608	6
54609	5
54610	5
54611	6
54612	8
54613	9
54614	9
54615	10
54616	10
54617	9
54618	11
54619	10
54620	9
54621	8
54622	8
54623	9
54624	9
54625	8
54626	10
54627	9
54628	8
54629	7
54630	8
54631	8
54632	9
54633	11
54634	10
54635	9
54636	8
54637	8
54638	7
54639	7
54640	8
54641	10
54642	9
54643	8
54644	7
54645	7
54646	6
54647	7
54648	7
54649	8
54650	10
54651	9
54652	8
54653	7
54654	7
54655	6
54656	6
54657	7
54658	9
54659	8
54660	7
54661	6
54662	6
54663	5
54664	5
54665	6
54666	6
54667	7
54668	9
54669	8
54670	7
54671	6
54672	6
54673	5
54674	7
54675	8
54676	8
54677	7
54678	7
54679	6
54680	7
54681	7
54682	6
54683	6
54684	5
54685	6
54686	6
54687	5
54688	5
54689	4
54690	4
54691	5
54692	5
54693	6
54694	8
54695	9
54696	9
54697	10
54698	10
54699	9
54700	11
54701	10
54702	9
54703	8
54704	8
54705	9
54706	9
54707	8
54708	10
54709	9
54710	8
54711	7
54712	8
54713	8
54714	9
54715	11
54716	10
54717	9
54718	8
54719	8
54720	7
54721	7
54722	8
54723	10
54724	9
54725	8
54726	7
54727	7
54728	6
54729	7
54730	7
54731	8
54732	10
54733	9
54734	8
54735	7
54736	7
54737	6
54738	6
54739	7
54740	9
54741	8
54742	7
54743	6
54744	6
54745	5
54746	5
54747	6
54748	6
54749	7
54750	9
54751	8
54752	7
54753	6
54754	6
54755	5
54756	7
54757	8
54758	8
54759	7
54760	7
54761	6
54762	7
54763	7
54764	6
54765	6
54766	5
54767	6
54768	6
54769	5
54770	5
54771	4
54772	6
54773	7
54774	7
54775	8
54776	8
54777	9
54778	11
54779	10
54780	9
54781	8
54782	8
54783	7
54784	9
54785	10
54786	10
54787	9
54788	9
54789	8
54790	9
54791	9
54792	8
54793	8
54794	7
54795	8
54796	8
54797	7
54798	7
54799	6
54800	6
54801	7
54802	7
54803	8
54804	10
54805	9
54806	8
54807	7
54808	7
54809	6
54810	8
54811	9
54812	9
54813	8
54814	8
54815	7
54816	8
54817	8
54818	7
54819	7
54820	6
54821	7
54822	7
54823	6
54824	6
54825	5
54826	6
54827	6
54828	7
54829	7
54830	8
54831	10
54832	9
54833	8
54834	7
54835	7
54836	6
54837	8
54838	9
54839	9
54840	8
54841	8
54842	7
54843	8
54844	8
54845	7
54846	7
54847	6
54848	7
54849	7
54850	6
54851	6
54852	5
54853	5
54854	6
54855	6
54856	7
54857	9
54858	8
54859	7
54860	6
54861	6
54862	5
54863	7
54864	8
54865	8
54866	7
54867	7
54868	6
54869	7
54870	7
54871	6
54872	6
54873	5
54874	6
54875	6
54876	5
54877	5
54878	4
54879	5
54880	5
54881	6
54882	8
54883	9
54884	9
54885	8
54886	8
54887	7
54888	8
54889	8
54890	7
54891	7
54892	6
54893	7
54894	7
54895	6
54896	6
54897	5
54898	5
54899	6
54900	6
54901	5
54902	7
54903	6
54904	5
54905	4
54906	4
54907	5
54908	7
54909	8
54910	8
54911	7
54912	7
54913	6
54914	7
54915	7
54916	6
54917	6
54918	5
54919	6
54920	6
54921	5
54922	5
54923	4
54924	4
54925	5
54926	5
54927	4
54928	6
54929	5
54930	4
54931	3
54932	5
54933	6
54934	6
54935	7
54936	7
54937	8
54938	10
54939	11
54940	11
54941	12
54942	12
54943	11
54944	13
54945	12
54946	11
54947	10
54948	10
54949	11
54950	11
54951	10
54952	12
54953	11
54954	10
54955	9
54956	10
54957	10
54958	11
54959	13
54960	12
54961	11
54962	10
54963	10
54964	9
54965	9
54966	10
54967	12
54968	11
54969	10
54970	9
54971	9
54972	8
54973	9
54974	9
54975	10
54976	12
54977	11
54978	10
54979	9
54980	9
54981	8
54982	8
54983	9
54984	11
54985	10
54986	9
54987	8
54988	8
54989	7
54990	7
54991	8
54992	8
54993	9
54994	11
54995	10
54996	9
54997	8
54998	8
54999	7
55000	9
55001	10
55002	10
55003	9
55004	9
55005	8
55006	9
55007	9
55008	8
55009	8
55010	7
55011	8
55012	8
55013	7
55014	7
55015	6
55016	8
55017	9
55018	9
55019	10
55020	10
55021	11
55022	13
55023	12
55024	11
55025	10
55026	10
55027	9
55028	11
55029	12
55030	12
55031	11
55032	11
55033	10
55034	11
55035	11
55036	10
55037	10
55038	9
55039	10
55040	10
55041	9
55042	9
55043	8
55044	8
55045	9
55046	9
55047	10
55048	12
55049	11
55050	10
55051	9
55052	9
55053	8
55054	10
55055	11
55056	11
55057	10
55058	10
55059	9
55060	10
55061	10
55062	9
55063	9
55064	8
55065	9
55066	9
55067	8
55068	8
55069	7
55070	8
55071	8
55072	9
55073	9
55074	10
55075	12
55076	11
55077	10
55078	9
55079	9
55080	8
55081	10
55082	11
55083	11
55084	10
55085	10
55086	9
55087	10
55088	10
55089	9
55090	9
55091	8
55092	9
55093	9
55094	8
55095	8
55096	7
55097	7
55098	8
55099	8
55100	9
55101	11
55102	10
55103	9
55104	8
55105	8
55106	7
55107	9
55108	10
55109	10
55110	9
55111	9
55112	8
55113	9
55114	9
55115	8
55116	8
55117	7
55118	8
55119	8
55120	7
55121	7
55122	6
55123	7
55124	7
55125	8
55126	10
55127	11
55128	11
55129	10
55130	10
55131	9
55132	10
55133	10
55134	9
55135	9
55136	8
55137	9
55138	9
55139	8
55140	8
55141	7
55142	7
55143	8
55144	8
55145	7
55146	9
55147	8
55148	7
55149	6
55150	6
55151	7
55152	9
55153	10
55154	10
55155	9
55156	9
55157	8
55158	9
55159	9
55160	8
55161	8
55162	7
55163	8
55164	8
55165	7
55166	7
55167	6
55168	6
55169	7
55170	7
55171	6
55172	8
55173	7
55174	6
55175	5
55176	5
55177	6
55178	6
55179	7
55180	9
55181	10
55182	10
55183	11
55184	11
55185	10
55186	12
55187	11
55188	10
55189	9
55190	9
55191	10
55192	10
55193	9
55194	11
55195	10
55196	9
55197	8
55198	9
55199	9
55200	10
55201	12
55202	11
55203	10
55204	9
55205	9
55206	8
55207	8
55208	9
55209	11
55210	10
55211	9
55212	8
55213	8
55214	7
55215	8
55216	8
55217	9
55218	11
55219	10
55220	9
55221	8
55222	8
55223	7
55224	7
55225	8
55226	10
55227	9
55228	8
55229	7
55230	7
55231	6
55232	6
55233	7
55234	7
55235	8
55236	10
55237	9
55238	8
55239	7
55240	7
55241	6
55242	8
55243	9
55244	9
55245	8
55246	8
55247	7
55248	8
55249	8
55250	7
55251	7
55252	6
55253	7
55254	7
55255	6
55256	6
55257	5
55258	7
55259	8
55260	8
55261	9
55262	9
55263	10
55264	12
55265	11
55266	10
55267	9
55268	9
55269	8
55270	10
55271	11
55272	11
55273	10
55274	10
55275	9
55276	10
55277	10
55278	9
55279	9
55280	8
55281	9
55282	9
55283	8
55284	8
55285	7
55286	7
55287	8
55288	8
55289	9
55290	11
55291	10
55292	9
55293	8
55294	8
55295	7
55296	9
55297	10
55298	10
55299	9
55300	9
55301	8
55302	9
55303	9
55304	8
55305	8
55306	7
55307	8
55308	8
55309	7
55310	7
55311	6
55312	7
55313	7
55314	8
55315	8
55316	9
55317	11
55318	10
55319	9
55320	8
55321	8
55322	7
55323	9
55324	10
55325	10
55326	9
55327	9
55328	8
55329	9
55330	9
55331	8
55332	8
55333	7
55334	8
55335	8
55336	7
55337	7
55338	6
55339	6
55340	7
55341	7
55342	8
55343	10
55344	9
55345	8
55346	7
55347	7
55348	6
55349	8
55350	9
55351	9
55352	8
55353	8
55354	7
55355	8
55356	8
55357	7
55358	7
55359	6
55360	7
55361	7
55362	6
55363	6
55364	5
55365	6
55366	6
55367	7
55368	9
55369	10
55370	10
55371	9
55372	9
55373	8
55374	9
55375	9
55376	8
55377	8
55378	7
55379	8
55380	8
55381	7
55382	7
55383	6
55384	6
55385	7
55386	7
55387	6
55388	8
55389	7
55390	6
55391	5
55392	5
55393	6
55394	8
55395	9
55396	9
55397	8
55398	8
55399	7
55400	8
55401	8
55402	7
55403	7
55404	6
55405	7
55406	7
55407	6
55408	6
55409	5
55410	5
55411	6
55412	6
55413	5
55414	7
55415	6
55416	5
55417	4
55418	5
55419	5
55420	6
55421	6
55422	7
55423	9
55424	10
55425	10
55426	11
55427	11
55428	10
55429	12
55430	11
55431	10
55432	9
55433	9
55434	10
55435	10
55436	9
55437	11
55438	10
55439	9
55440	8
55441	9
55442	9
55443	10
55444	12
55445	11
55446	10
55447	9
55448	9
55449	8
55450	8
55451	9
55452	11
55453	10
55454	9
55455	8
55456	8
55457	7
55458	8
55459	8
55460	9
55461	11
55462	10
55463	9
55464	8
55465	8
55466	7
55467	7
55468	8
55469	10
55470	9
55471	8
55472	7
55473	7
55474	6
55475	6
55476	7
55477	7
55478	8
55479	10
55480	9
55481	8
55482	7
55483	7
55484	6
55485	8
55486	9
55487	9
55488	8
55489	8
55490	7
55491	8
55492	8
55493	7
55494	7
55495	6
55496	7
55497	7
55498	6
55499	6
55500	5
55501	7
55502	8
55503	8
55504	9
55505	9
55506	10
55507	12
55508	11
55509	10
55510	9
55511	9
55512	8
55513	10
55514	11
55515	11
55516	10
55517	10
55518	9
55519	10
55520	10
55521	9
55522	9
55523	8
55524	9
55525	9
55526	8
55527	8
55528	7
55529	7
55530	8
55531	8
55532	9
55533	11
55534	10
55535	9
55536	8
55537	8
55538	7
55539	9
55540	10
55541	10
55542	9
55543	9
55544	8
55545	9
55546	9
55547	8
55548	8
55549	7
55550	8
55551	8
55552	7
55553	7
55554	6
55555	7
55556	7
55557	8
55558	8
55559	9
55560	11
55561	10
55562	9
55563	8
55564	8
55565	7
55566	9
55567	10
55568	10
55569	9
55570	9
55571	8
55572	9
55573	9
55574	8
55575	8
55576	7
55577	8
55578	8
55579	7
55580	7
55581	6
55582	6
55583	7
55584	7
55585	8
55586	10
55587	9
55588	8
55589	7
55590	7
55591	6
55592	8
55593	9
55594	9
55595	8
55596	8
55597	7
55598	8
55599	8
55600	7
55601	7
55602	6
55603	7
55604	7
55605	6
55606	6
55607	5
55608	6
55609	6
55610	7
55611	9
55612	10
55613	10
55614	9
55615	9
55616	8
55617	9
55618	9
55619	8
55620	8
55621	7
55622	8
55623	8
55624	7
55625	7
55626	6
55627	6
55628	7
55629	7
55630	6
55631	8
55632	7
55633	6
55634	5
55635	5
55636	6
55637	8
55638	9
55639	9
55640	8
55641	8
55642	7
55643	8
55644	8
55645	7
55646	7
55647	6
55648	7
55649	7
55650	6
55651	6
55652	5
55653	5
55654	6
55655	6
55656	5
55657	7
55658	6
55659	5
55660	4
55661	4
55662	5
55663	5
55664	6
55665	8
55666	9
55667	9
55668	10
55669	10
55670	9
55671	11
55672	10
55673	9
55674	8
55675	8
55676	9
55677	9
55678	8
55679	10
55680	9
55681	8
55682	7
55683	8
55684	8
55685	9
55686	11
55687	10
55688	9
55689	8
55690	8
55691	7
55692	7
55693	8
55694	10
55695	9
55696	8
55697	7
55698	7
55699	6
55700	7
55701	7
55702	8
55703	10
55704	9
55705	8
55706	7
55707	7
55708	6
55709	6
55710	7
55711	9
55712	8
55713	7
55714	6
55715	6
55716	5
55717	5
55718	6
55719	6
55720	7
55721	9
55722	8
55723	7
55724	6
55725	6
55726	5
55727	7
55728	8
55729	8
55730	7
55731	7
55732	6
55733	7
55734	7
55735	6
55736	6
55737	5
55738	6
55739	6
55740	5
55741	5
55742	4
55743	6
55744	7
55745	7
55746	8
55747	8
55748	9
55749	11
55750	10
55751	9
55752	8
55753	8
55754	7
55755	9
55756	10
55757	10
55758	9
55759	9
55760	8
55761	9
55762	9
55763	8
55764	8
55765	7
55766	8
55767	8
55768	7
55769	7
55770	6
55771	6
55772	7
55773	7
55774	8
55775	10
55776	9
55777	8
55778	7
55779	7
55780	6
55781	8
55782	9
55783	9
55784	8
55785	8
55786	7
55787	8
55788	8
55789	7
55790	7
55791	6
55792	7
55793	7
55794	6
55795	6
55796	5
55797	6
55798	6
55799	7
55800	7
55801	8
55802	10
55803	9
55804	8
55805	7
55806	7
55807	6
55808	8
55809	9
55810	9
55811	8
55812	8
55813	7
55814	8
55815	8
55816	7
55817	7
55818	6
55819	7
55820	7
55821	6
55822	6
55823	5
55824	5
55825	6
55826	6
55827	7
55828	9
55829	8
55830	7
55831	6
55832	6
55833	5
55834	7
55835	8
55836	8
55837	7
55838	7
55839	6
55840	7
55841	7
55842	6
55843	6
55844	5
55845	6
55846	6
55847	5
55848	5
55849	4
55850	5
55851	5
55852	6
55853	8
55854	9
55855	9
55856	8
55857	8
55858	7
55859	8
55860	8
55861	7
55862	7
55863	6
55864	7
55865	7
55866	6
55867	6
55868	5
55869	5
55870	6
55871	6
55872	5
55873	7
55874	6
55875	5
55876	4
55877	4
55878	5
55879	7
55880	8
55881	8
55882	7
55883	7
55884	6
55885	7
55886	7
55887	6
55888	6
55889	5
55890	6
55891	6
55892	5
55893	5
55894	4
55895	4
55896	5
55897	5
55898	4
55899	6
55900	5
55901	4
55902	3
55903	4
55904	4
55905	5
55906	7
55907	8
55908	8
55909	9
55910	9
55911	10
55912	12
55913	11
55914	10
55915	9
55916	9
55917	8
55918	10
55919	11
55920	11
55921	10
55922	10
55923	9
55924	10
55925	10
55926	9
55927	9
55928	8
55929	9
55930	9
55931	8
55932	8
55933	7
55934	7
55935	8
55936	8
55937	9
55938	11
55939	10
55940	9
55941	8
55942	8
55943	7
55944	9
55945	10
55946	10
55947	9
55948	9
55949	8
55950	9
55951	9
55952	8
55953	8
55954	7
55955	8
55956	8
55957	7
55958	7
55959	6
55960	7
55961	7
55962	8
55963	10
55964	11
55965	11
55966	10
55967	10
55968	9
55969	10
55970	10
55971	9
55972	9
55973	8
55974	9
55975	9
55976	8
55977	8
55978	7
55979	7
55980	8
55981	8
55982	7
55983	9
55984	8
55985	7
55986	6
55987	6
55988	7
55989	9
55990	10
55991	10
55992	9
55993	9
55994	8
55995	9
55996	9
55997	8
55998	8
55999	7
56000	8
56001	8
56002	7
56003	7
56004	6
56005	6
56006	7
56007	7
56008	6
56009	8
56010	7
56011	6
56012	5
56013	6
56014	6
56015	7
56016	9
56017	10
56018	10
56019	9
56020	9
56021	8
56022	9
56023	9
56024	8
56025	8
56026	7
56027	8
56028	8
56029	7
56030	7
56031	6
56032	6
56033	7
56034	7
56035	6
56036	8
56037	7
56038	6
56039	5
56040	5
56041	6
56042	8
56043	9
56044	9
56045	8
56046	8
56047	7
56048	8
56049	8
56050	7
56051	7
56052	6
56053	7
56054	7
56055	6
56056	6
56057	5
56058	5
56059	6
56060	6
56061	5
56062	7
56063	6
56064	5
56065	4
56066	4
56067	5
56068	5
56069	6
56070	8
56071	9
56072	9
56073	8
56074	8
56075	7
56076	8
56077	8
56078	7
56079	7
56080	6
56081	7
56082	7
56083	6
56084	6
56085	5
56086	5
56087	6
56088	6
56089	5
56090	7
56091	6
56092	5
56093	4
56094	6
56095	7
56096	7
56097	8
56098	8
56099	7
56100	9
56101	8
56102	7
56103	6
56104	6
56105	7
56106	7
56107	6
56108	8
56109	7
56110	6
56111	5
56112	6
56113	6
56114	7
56115	7
56116	6
56117	8
56118	7
56119	6
56120	5
56121	5
56122	6
56123	6
56124	5
56125	7
56126	6
56127	5
56128	4
56129	5
56130	5
56131	6
56132	8
56133	7
56134	6
56135	5
56136	5
56137	4
56138	4
56139	5
56140	7
56141	6
56142	5
56143	4
56144	4
56145	3
56146	3
56147	4
56148	6
56149	7
56150	7
56151	8
56152	8
56153	9
56154	11
56155	10
56156	9
56157	8
56158	8
56159	7
56160	9
56161	10
56162	10
56163	9
56164	9
56165	8
56166	9
56167	9
56168	8
56169	8
56170	7
56171	8
56172	8
56173	7
56174	7
56175	6
56176	6
56177	7
56178	7
56179	8
56180	10
56181	9
56182	8
56183	7
56184	7
56185	6
56186	8
56187	9
56188	9
56189	8
56190	8
56191	7
56192	8
56193	8
56194	7
56195	7
56196	6
56197	7
56198	7
56199	6
56200	6
56201	5
56202	6
56203	6
56204	7
56205	9
56206	10
56207	10
56208	9
56209	9
56210	8
56211	9
56212	9
56213	8
56214	8
56215	7
56216	8
56217	8
56218	7
56219	7
56220	6
56221	6
56222	7
56223	7
56224	6
56225	8
56226	7
56227	6
56228	5
56229	5
56230	6
56231	8
56232	9
56233	9
56234	8
56235	8
56236	7
56237	8
56238	8
56239	7
56240	7
56241	6
56242	7
56243	7
56244	6
56245	6
56246	5
56247	5
56248	6
56249	6
56250	5
56251	7
56252	6
56253	5
56254	4
56255	5
56256	5
56257	6
56258	8
56259	9
56260	9
56261	8
56262	8
56263	7
56264	8
56265	8
56266	7
56267	7
56268	6
56269	7
56270	7
56271	6
56272	6
56273	5
56274	5
56275	6
56276	6
56277	5
56278	7
56279	6
56280	5
56281	4
56282	4
56283	5
56284	7
56285	8
56286	8
56287	7
56288	7
56289	6
56290	7
56291	7
56292	6
56293	6
56294	5
56295	6
56296	6
56297	5
56298	5
56299	4
56300	4
56301	5
56302	5
56303	4
56304	6
56305	5
56306	4
56307	3
56308	3
56309	4
56310	4
56311	5
56312	7
56313	8
56314	8
56315	7
56316	7
56317	6
56318	7
56319	7
56320	6
56321	6
56322	5
56323	6
56324	6
56325	5
56326	5
56327	4
56328	4
56329	5
56330	5
56331	4
56332	6
56333	5
56334	4
56335	3
56336	5
56337	6
56338	6
56339	7
56340	7
56341	6
56342	8
56343	7
56344	6
56345	5
56346	5
56347	6
56348	6
56349	5
56350	7
56351	6
56352	5
56353	4
56354	5
56355	5
56356	6
56357	6
56358	5
56359	7
56360	6
56361	5
56362	4
56363	4
56364	5
56365	5
56366	4
56367	6
56368	5
56369	4
56370	3
56371	4
56372	4
56373	5
56374	7
56375	6
56376	5
56377	4
56378	4
56379	3
56380	3
56381	4
56382	6
56383	5
56384	4
56385	3
56386	3
56387	2
56388	2
56389	3
56390	3
56391	4
56392	6
56393	7
56394	7
56395	8
56396	8
56397	9
56398	11
56399	12
56400	12
56401	11
56402	11
56403	10
56404	11
56405	11
56406	10
56407	10
56408	9
56409	10
56410	10
56411	9
56412	9
56413	8
56414	8
56415	9
56416	9
56417	8
56418	10
56419	9
56420	8
56421	7
56422	9
56423	10
56424	10
56425	11
56426	11
56427	10
56428	12
56429	11
56430	10
56431	9
56432	9
56433	10
56434	10
56435	9
56436	11
56437	10
56438	9
56439	8
56440	9
56441	9
56442	10
56443	10
56444	9
56445	11
56446	10
56447	9
56448	8
56449	8
56450	9
56451	9
56452	8
56453	10
56454	9
56455	8
56456	7
56457	8
56458	8
56459	9
56460	11
56461	10
56462	9
56463	8
56464	8
56465	7
56466	7
56467	8
56468	10
56469	9
56470	8
56471	7
56472	7
56473	6
56474	6
56475	7
56476	7
56477	8
56478	10
56479	11
56480	11
56481	10
56482	10
56483	9
56484	10
56485	10
56486	9
56487	9
56488	8
56489	9
56490	9
56491	8
56492	8
56493	7
56494	7
56495	8
56496	8
56497	7
56498	9
56499	8
56500	7
56501	6
56502	8
56503	9
56504	9
56505	10
56506	10
56507	9
56508	11
56509	10
56510	9
56511	8
56512	8
56513	9
56514	9
56515	8
56516	10
56517	9
56518	8
56519	7
56520	8
56521	8
56522	9
56523	9
56524	8
56525	10
56526	9
56527	8
56528	7
56529	7
56530	8
56531	8
56532	7
56533	9
56534	8
56535	7
56536	6
56537	7
56538	7
56539	8
56540	10
56541	9
56542	8
56543	7
56544	7
56545	6
56546	6
56547	7
56548	9
56549	8
56550	7
56551	6
56552	6
56553	5
56554	6
56555	6
56556	7
56557	9
56558	10
56559	10
56560	11
56561	11
56562	10
56563	12
56564	11
56565	10
56566	9
56567	9
56568	10
56569	10
56570	9
56571	11
56572	10
56573	9
56574	8
56575	9
56576	9
56577	10
56578	12
56579	11
56580	10
56581	9
56582	9
56583	8
56584	8
56585	9
56586	11
56587	10
56588	9
56589	8
56590	8
56591	7
56592	8
56593	8
56594	9
56595	11
56596	10
56597	9
56598	8
56599	8
56600	7
56601	7
56602	8
56603	10
56604	9
56605	8
56606	7
56607	7
56608	6
56609	6
56610	7
56611	7
56612	8
56613	10
56614	9
56615	8
56616	7
56617	7
56618	6
56619	8
56620	9
56621	9
56622	8
56623	8
56624	7
56625	8
56626	8
56627	7
56628	7
56629	6
56630	7
56631	7
56632	6
56633	6
56634	5
56635	5
56636	6
56637	8
56638	9
56639	9
56640	10
56641	10
56642	9
56643	11
56644	10
56645	9
56646	8
56647	8
56648	9
56649	9
56650	8
56651	10
56652	9
56653	8
56654	7
56655	8
56656	8
56657	9
56658	11
56659	10
56660	9
56661	8
56662	8
56663	7
56664	7
56665	8
56666	10
56667	9
56668	8
56669	7
56670	7
56671	6
56672	7
56673	7
56674	8
56675	10
56676	9
56677	8
56678	7
56679	7
56680	6
56681	6
56682	7
56683	9
56684	8
56685	7
56686	6
56687	6
56688	5
56689	5
56690	6
56691	6
56692	7
56693	9
56694	8
56695	7
56696	6
56697	6
56698	5
56699	7
56700	8
56701	8
56702	7
56703	7
56704	6
56705	7
56706	7
56707	6
56708	6
56709	5
56710	6
56711	6
56712	5
56713	5
56714	4
56715	5
56716	5
56717	6
56718	8
56719	9
56720	9
56721	10
56722	10
56723	9
56724	11
56725	10
56726	9
56727	8
56728	8
56729	9
56730	9
56731	8
56732	10
56733	9
56734	8
56735	7
56736	8
56737	8
56738	9
56739	11
56740	10
56741	9
56742	8
56743	8
56744	7
56745	7
56746	8
56747	10
56748	9
56749	8
56750	7
56751	7
56752	6
56753	7
56754	7
56755	8
56756	10
56757	9
56758	8
56759	7
56760	7
56761	6
56762	6
56763	7
56764	9
56765	8
56766	7
56767	6
56768	6
56769	5
56770	5
56771	6
56772	6
56773	7
56774	9
56775	8
56776	7
56777	6
56778	6
56779	5
56780	7
56781	8
56782	8
56783	7
56784	7
56785	6
56786	7
56787	7
56788	6
56789	6
56790	5
56791	6
56792	6
56793	5
56794	5
56795	4
56796	4
56797	5
56798	7
56799	8
56800	8
56801	9
56802	9
56803	8
56804	10
56805	9
56806	8
56807	7
56808	7
56809	8
56810	8
56811	7
56812	9
56813	8
56814	7
56815	6
56816	7
56817	7
56818	8
56819	10
56820	9
56821	8
56822	7
56823	7
56824	6
56825	6
56826	7
56827	9
56828	8
56829	7
56830	6
56831	6
56832	5
56833	6
56834	6
56835	7
56836	9
56837	8
56838	7
56839	6
56840	6
56841	5
56842	5
56843	6
56844	8
56845	7
56846	6
56847	5
56848	5
56849	4
56850	4
56851	5
56852	5
56853	6
56854	8
56855	7
56856	6
56857	5
56858	5
56859	4
56860	6
56861	7
56862	7
56863	6
56864	6
56865	5
56866	6
56867	6
56868	5
56869	5
56870	4
56871	5
56872	5
56873	4
56874	4
56875	3
56876	3
56877	4
56878	4
56879	5
56880	7
56881	8
56882	8
56883	9
56884	9
56885	8
56886	10
56887	9
56888	8
56889	7
56890	7
56891	8
56892	8
56893	7
56894	9
56895	8
56896	7
56897	6
56898	7
56899	7
56900	8
56901	10
56902	9
56903	8
56904	7
56905	7
56906	6
56907	6
56908	7
56909	9
56910	8
56911	7
56912	6
56913	6
56914	5
56915	6
56916	6
56917	7
56918	9
56919	8
56920	7
56921	6
56922	6
56923	5
56924	5
56925	6
56926	8
56927	7
56928	6
56929	5
56930	5
56931	4
56932	4
56933	5
56934	5
56935	6
56936	8
56937	7
56938	6
56939	5
56940	5
56941	4
56942	6
56943	7
56944	7
56945	6
56946	6
56947	5
56948	6
56949	6
56950	5
56951	5
56952	4
56953	5
56954	5
56955	4
56956	4
56957	3
56958	5
56959	6
56960	6
56961	7
56962	7
56963	8
56964	10
56965	9
56966	8
56967	7
56968	7
56969	6
56970	8
56971	9
56972	9
56973	8
56974	8
56975	7
56976	8
56977	8
56978	7
56979	7
56980	6
56981	7
56982	7
56983	6
56984	6
56985	5
56986	5
56987	6
56988	6
56989	7
56990	9
56991	8
56992	7
56993	6
56994	6
56995	5
56996	7
56997	8
56998	8
56999	7
57000	7
57001	6
57002	7
57003	7
57004	6
57005	6
57006	5
57007	6
57008	6
57009	5
57010	5
57011	4
57012	5
57013	5
57014	6
57015	6
57016	7
57017	9
57018	8
57019	7
57020	6
57021	6
57022	5
57023	7
57024	8
57025	8
57026	7
57027	7
57028	6
57029	7
57030	7
57031	6
57032	6
57033	5
57034	6
57035	6
57036	5
57037	5
57038	4
57039	4
57040	5
57041	5
57042	6
57043	8
57044	7
57045	6
57046	5
57047	5
57048	4
57049	6
57050	7
57051	7
57052	6
57053	6
57054	5
57055	6
57056	6
57057	5
57058	5
57059	4
57060	5
57061	5
57062	4
57063	4
57064	3
57065	4
57066	4
57067	5
57068	7
57069	8
57070	8
57071	7
57072	7
57073	6
57074	7
57075	7
57076	6
57077	6
57078	5
57079	6
57080	6
57081	5
57082	5
57083	4
57084	4
57085	5
57086	5
57087	4
57088	6
57089	5
57090	4
57091	3
57092	3
57093	4
57094	6
57095	7
57096	7
57097	6
57098	6
57099	5
57100	6
57101	6
57102	5
57103	5
57104	4
57105	5
57106	5
57107	4
57108	4
57109	3
57110	3
57111	4
57112	4
57113	3
57114	5
57115	4
57116	3
57117	2
57118	4
57119	5
57120	5
57121	6
57122	6
57123	7
57124	9
57125	10
57126	10
57127	11
57128	11
57129	10
57130	12
57131	11
57132	10
57133	9
57134	9
57135	10
57136	10
57137	9
57138	11
57139	10
57140	9
57141	8
57142	9
57143	9
57144	10
57145	12
57146	11
57147	10
57148	9
57149	9
57150	8
57151	8
57152	9
57153	11
57154	10
57155	9
57156	8
57157	8
57158	7
57159	8
57160	8
57161	9
57162	11
57163	10
57164	9
57165	8
57166	8
57167	7
57168	7
57169	8
57170	10
57171	9
57172	8
57173	7
57174	7
57175	6
57176	6
57177	7
57178	7
57179	8
57180	10
57181	9
57182	8
57183	7
57184	7
57185	6
57186	8
57187	9
57188	9
57189	8
57190	8
57191	7
57192	8
57193	8
57194	7
57195	7
57196	6
57197	7
57198	7
57199	6
57200	6
57201	5
57202	7
57203	8
57204	8
57205	9
57206	9
57207	10
57208	12
57209	11
57210	10
57211	9
57212	9
57213	8
57214	10
57215	11
57216	11
57217	10
57218	10
57219	9
57220	10
57221	10
57222	9
57223	9
57224	8
57225	9
57226	9
57227	8
57228	8
57229	7
57230	7
57231	8
57232	8
57233	9
57234	11
57235	10
57236	9
57237	8
57238	8
57239	7
57240	9
57241	10
57242	10
57243	9
57244	9
57245	8
57246	9
57247	9
57248	8
57249	8
57250	7
57251	8
57252	8
57253	7
57254	7
57255	6
57256	7
57257	7
57258	8
57259	8
57260	9
57261	11
57262	10
57263	9
57264	8
57265	8
57266	7
57267	9
57268	10
57269	10
57270	9
57271	9
57272	8
57273	9
57274	9
57275	8
57276	8
57277	7
57278	8
57279	8
57280	7
57281	7
57282	6
57283	6
57284	7
57285	7
57286	8
57287	10
57288	9
57289	8
57290	7
57291	7
57292	6
57293	8
57294	9
57295	9
57296	8
57297	8
57298	7
57299	8
57300	8
57301	7
57302	7
57303	6
57304	7
57305	7
57306	6
57307	6
57308	5
57309	6
57310	6
57311	7
57312	9
57313	10
57314	10
57315	9
57316	9
57317	8
57318	9
57319	9
57320	8
57321	8
57322	7
57323	8
57324	8
57325	7
57326	7
57327	6
57328	6
57329	7
57330	7
57331	6
57332	8
57333	7
57334	6
57335	5
57336	5
57337	6
57338	8
57339	9
57340	9
57341	8
57342	8
57343	7
57344	8
57345	8
57346	7
57347	7
57348	6
57349	7
57350	7
57351	6
57352	6
57353	5
57354	5
57355	6
57356	6
57357	5
57358	7
57359	6
57360	5
57361	4
57362	4
57363	5
57364	5
57365	6
57366	8
57367	9
57368	9
57369	10
57370	10
57371	9
57372	11
57373	10
57374	9
57375	8
57376	8
57377	9
57378	9
57379	8
57380	10
57381	9
57382	8
57383	7
57384	8
57385	8
57386	9
57387	11
57388	10
57389	9
57390	8
57391	8
57392	7
57393	7
57394	8
57395	10
57396	9
57397	8
57398	7
57399	7
57400	6
57401	7
57402	7
57403	8
57404	10
57405	9
57406	8
57407	7
57408	7
57409	6
57410	6
57411	7
57412	9
57413	8
57414	7
57415	6
57416	6
57417	5
57418	5
57419	6
57420	6
57421	7
57422	9
57423	8
57424	7
57425	6
57426	6
57427	5
57428	7
57429	8
57430	8
57431	7
57432	7
57433	6
57434	7
57435	7
57436	6
57437	6
57438	5
57439	6
57440	6
57441	5
57442	5
57443	4
57444	6
57445	7
57446	7
57447	8
57448	8
57449	9
57450	11
57451	10
57452	9
57453	8
57454	8
57455	7
57456	9
57457	10
57458	10
57459	9
57460	9
57461	8
57462	9
57463	9
57464	8
57465	8
57466	7
57467	8
57468	8
57469	7
57470	7
57471	6
57472	6
57473	7
57474	7
57475	8
57476	10
57477	9
57478	8
57479	7
57480	7
57481	6
57482	8
57483	9
57484	9
57485	8
57486	8
57487	7
57488	8
57489	8
57490	7
57491	7
57492	6
57493	7
57494	7
57495	6
57496	6
57497	5
57498	6
57499	6
57500	7
57501	7
57502	8
57503	10
57504	9
57505	8
57506	7
57507	7
57508	6
57509	8
57510	9
57511	9
57512	8
57513	8
57514	7
57515	8
57516	8
57517	7
57518	7
57519	6
57520	7
57521	7
57522	6
57523	6
57524	5
57525	5
57526	6
57527	6
57528	7
57529	9
57530	8
57531	7
57532	6
57533	6
57534	5
57535	7
57536	8
57537	8
57538	7
57539	7
57540	6
57541	7
57542	7
57543	6
57544	6
57545	5
57546	6
57547	6
57548	5
57549	5
57550	4
57551	5
57552	5
57553	6
57554	8
57555	9
57556	9
57557	8
57558	8
57559	7
57560	8
57561	8
57562	7
57563	7
57564	6
57565	7
57566	7
57567	6
57568	6
57569	5
57570	5
57571	6
57572	6
57573	5
57574	7
57575	6
57576	5
57577	4
57578	4
57579	5
57580	7
57581	8
57582	8
57583	7
57584	7
57585	6
57586	7
57587	7
57588	6
57589	6
57590	5
57591	6
57592	6
57593	5
57594	5
57595	4
57596	4
57597	5
57598	5
57599	4
57600	6
57601	5
57602	4
57603	3
57604	4
57605	4
57606	5
57607	5
57608	6
57609	8
57610	9
57611	9
57612	10
57613	10
57614	9
57615	11
57616	10
57617	9
57618	8
57619	8
57620	9
57621	9
57622	8
57623	10
57624	9
57625	8
57626	7
57627	8
57628	8
57629	9
57630	11
57631	10
57632	9
57633	8
57634	8
57635	7
57636	7
57637	8
57638	10
57639	9
57640	8
57641	7
57642	7
57643	6
57644	7
57645	7
57646	8
57647	10
57648	9
57649	8
57650	7
57651	7
57652	6
57653	6
57654	7
57655	9
57656	8
57657	7
57658	6
57659	6
57660	5
57661	5
57662	6
57663	6
57664	7
57665	9
57666	8
57667	7
57668	6
57669	6
57670	5
57671	7
57672	8
57673	8
57674	7
57675	7
57676	6
57677	7
57678	7
57679	6
57680	6
57681	5
57682	6
57683	6
57684	5
57685	5
57686	4
57687	6
57688	7
57689	7
57690	8
57691	8
57692	9
57693	11
57694	10
57695	9
57696	8
57697	8
57698	7
57699	9
57700	10
57701	10
57702	9
57703	9
57704	8
57705	9
57706	9
57707	8
57708	8
57709	7
57710	8
57711	8
57712	7
57713	7
57714	6
57715	6
57716	7
57717	7
57718	8
57719	10
57720	9
57721	8
57722	7
57723	7
57724	6
57725	8
57726	9
57727	9
57728	8
57729	8
57730	7
57731	8
57732	8
57733	7
57734	7
57735	6
57736	7
57737	7
57738	6
57739	6
57740	5
57741	6
57742	6
57743	7
57744	7
57745	8
57746	10
57747	9
57748	8
57749	7
57750	7
57751	6
57752	8
57753	9
57754	9
57755	8
57756	8
57757	7
57758	8
57759	8
57760	7
57761	7
57762	6
57763	7
57764	7
57765	6
57766	6
57767	5
57768	5
57769	6
57770	6
57771	7
57772	9
57773	8
57774	7
57775	6
57776	6
57777	5
57778	7
57779	8
57780	8
57781	7
57782	7
57783	6
57784	7
57785	7
57786	6
57787	6
57788	5
57789	6
57790	6
57791	5
57792	5
57793	4
57794	5
57795	5
57796	6
57797	8
57798	9
57799	9
57800	8
57801	8
57802	7
57803	8
57804	8
57805	7
57806	7
57807	6
57808	7
57809	7
57810	6
57811	6
57812	5
57813	5
57814	6
57815	6
57816	5
57817	7
57818	6
57819	5
57820	4
57821	4
57822	5
57823	7
57824	8
57825	8
57826	7
57827	7
57828	6
57829	7
57830	7
57831	6
57832	6
57833	5
57834	6
57835	6
57836	5
57837	5
57838	4
57839	4
57840	5
57841	5
57842	4
57843	6
57844	5
57845	4
57846	3
57847	3
57848	4
57849	4
57850	5
57851	7
57852	8
57853	8
57854	9
57855	9
57856	8
57857	10
57858	9
57859	8
57860	7
57861	7
57862	8
57863	8
57864	7
57865	9
57866	8
57867	7
57868	6
57869	7
57870	7
57871	8
57872	10
57873	9
57874	8
57875	7
57876	7
57877	6
57878	6
57879	7
57880	9
57881	8
57882	7
57883	6
57884	6
57885	5
57886	6
57887	6
57888	7
57889	9
57890	8
57891	7
57892	6
57893	6
57894	5
57895	5
57896	6
57897	8
57898	7
57899	6
57900	5
57901	5
57902	4
57903	4
57904	5
57905	5
57906	6
57907	8
57908	7
57909	6
57910	5
57911	5
57912	4
57913	6
57914	7
57915	7
57916	6
57917	6
57918	5
57919	6
57920	6
57921	5
57922	5
57923	4
57924	5
57925	5
57926	4
57927	4
57928	3
57929	5
57930	6
57931	6
57932	7
57933	7
57934	8
57935	10
57936	9
57937	8
57938	7
57939	7
57940	6
57941	8
57942	9
57943	9
57944	8
57945	8
57946	7
57947	8
57948	8
57949	7
57950	7
57951	6
57952	7
57953	7
57954	6
57955	6
57956	5
57957	5
57958	6
57959	6
57960	7
57961	9
57962	8
57963	7
57964	6
57965	6
57966	5
57967	7
57968	8
57969	8
57970	7
57971	7
57972	6
57973	7
57974	7
57975	6
57976	6
57977	5
57978	6
57979	6
57980	5
57981	5
57982	4
57983	5
57984	5
57985	6
57986	6
57987	7
57988	9
57989	8
57990	7
57991	6
57992	6
57993	5
57994	7
57995	8
57996	8
57997	7
57998	7
57999	6
58000	7
58001	7
58002	6
58003	6
58004	5
58005	6
58006	6
58007	5
58008	5
58009	4
58010	4
58011	5
58012	5
58013	6
58014	8
58015	7
58016	6
58017	5
58018	5
58019	4
58020	6
58021	7
58022	7
58023	6
58024	6
58025	5
58026	6
58027	6
58028	5
58029	5
58030	4
58031	5
58032	5
58033	4
58034	4
58035	3
58036	4
58037	4
58038	5
58039	7
58040	8
58041	8
58042	7
58043	7
58044	6
58045	7
58046	7
58047	6
58048	6
58049	5
58050	6
58051	6
58052	5
58053	5
58054	4
58055	4
58056	5
58057	5
58058	4
58059	6
58060	5
58061	4
58062	3
58063	3
58064	4
58065	6
58066	7
58067	7
58068	6
58069	6
58070	5
58071	6
58072	6
58073	5
58074	5
58075	4
58076	5
58077	5
58078	4
58079	4
58080	3
58081	3
58082	4
58083	4
58084	3
58085	5
58086	4
58087	3
58088	2
58089	3
58090	3
58091	4
58092	6
58093	7
58094	7
58095	8
58096	8
58097	9
58098	11
58099	10
58100	9
58101	8
58102	8
58103	7
58104	9
58105	10
58106	10
58107	9
58108	9
58109	8
58110	9
58111	9
58112	8
58113	8
58114	7
58115	8
58116	8
58117	7
58118	7
58119	6
58120	6
58121	7
58122	7
58123	8
58124	10
58125	9
58126	8
58127	7
58128	7
58129	6
58130	8
58131	9
58132	9
58133	8
58134	8
58135	7
58136	8
58137	8
58138	7
58139	7
58140	6
58141	7
58142	7
58143	6
58144	6
58145	5
58146	6
58147	6
58148	7
58149	9
58150	10
58151	10
58152	9
58153	9
58154	8
58155	9
58156	9
58157	8
58158	8
58159	7
58160	8
58161	8
58162	7
58163	7
58164	6
58165	6
58166	7
58167	7
58168	6
58169	8
58170	7
58171	6
58172	5
58173	5
58174	6
58175	8
58176	9
58177	9
58178	8
58179	8
58180	7
58181	8
58182	8
58183	7
58184	7
58185	6
58186	7
58187	7
58188	6
58189	6
58190	5
58191	5
58192	6
58193	6
58194	5
58195	7
58196	6
58197	5
58198	4
58199	5
58200	5
58201	6
58202	8
58203	9
58204	9
58205	8
58206	8
58207	7
58208	8
58209	8
58210	7
58211	7
58212	6
58213	7
58214	7
58215	6
58216	6
58217	5
58218	5
58219	6
58220	6
58221	5
58222	7
58223	6
58224	5
58225	4
58226	4
58227	5
58228	7
58229	8
58230	8
58231	7
58232	7
58233	6
58234	7
58235	7
58236	6
58237	6
58238	5
58239	6
58240	6
58241	5
58242	5
58243	4
58244	4
58245	5
58246	5
58247	4
58248	6
58249	5
58250	4
58251	3
58252	3
58253	4
58254	4
58255	5
58256	7
58257	8
58258	8
58259	7
58260	7
58261	6
58262	7
58263	7
58264	6
58265	6
58266	5
58267	6
58268	6
58269	5
58270	5
58271	4
58272	4
58273	5
58274	5
58275	4
58276	6
58277	5
58278	4
58279	3
58280	5
58281	6
58282	6
58283	7
58284	7
58285	6
58286	8
58287	7
58288	6
58289	5
58290	5
58291	6
58292	6
58293	5
58294	7
58295	6
58296	5
58297	4
58298	5
58299	5
58300	6
58301	6
58302	5
58303	7
58304	6
58305	5
58306	4
58307	4
58308	5
58309	5
58310	4
58311	6
58312	5
58313	4
58314	3
58315	4
58316	4
58317	5
58318	7
58319	6
58320	5
58321	4
58322	4
58323	3
58324	3
58325	4
58326	6
58327	5
58328	4
58329	3
58330	3
58331	2
58332	2
58333	3
58334	5
58335	6
58336	6
58337	7
58338	7
58339	8
58340	10
58341	9
58342	8
58343	7
58344	7
58345	6
58346	8
58347	9
58348	9
58349	8
58350	8
58351	7
58352	8
58353	8
58354	7
58355	7
58356	6
58357	7
58358	7
58359	6
58360	6
58361	5
58362	5
58363	6
58364	6
58365	7
58366	9
58367	8
58368	7
58369	6
58370	6
58371	5
58372	7
58373	8
58374	8
58375	7
58376	7
58377	6
58378	7
58379	7
58380	6
58381	6
58382	5
58383	6
58384	6
58385	5
58386	5
58387	4
58388	5
58389	5
58390	6
58391	8
58392	9
58393	9
58394	8
58395	8
58396	7
58397	8
58398	8
58399	7
58400	7
58401	6
58402	7
58403	7
58404	6
58405	6
58406	5
58407	5
58408	6
58409	6
58410	5
58411	7
58412	6
58413	5
58414	4
58415	4
58416	5
58417	7
58418	8
58419	8
58420	7
58421	7
58422	6
58423	7
58424	7
58425	6
58426	6
58427	5
58428	6
58429	6
58430	5
58431	5
58432	4
58433	4
58434	5
58435	5
58436	4
58437	6
58438	5
58439	4
58440	3
58441	4
58442	4
58443	5
58444	7
58445	8
58446	8
58447	7
58448	7
58449	6
58450	7
58451	7
58452	6
58453	6
58454	5
58455	6
58456	6
58457	5
58458	5
58459	4
58460	4
58461	5
58462	5
58463	4
58464	6
58465	5
58466	4
58467	3
58468	3
58469	4
58470	6
58471	7
58472	7
58473	6
58474	6
58475	5
58476	6
58477	6
58478	5
58479	5
58480	4
58481	5
58482	5
58483	4
58484	4
58485	3
58486	3
58487	4
58488	4
58489	3
58490	5
58491	4
58492	3
58493	2
58494	2
58495	3
58496	3
58497	4
58498	6
58499	7
58500	7
58501	6
58502	6
58503	5
58504	6
58505	6
58506	5
58507	5
58508	4
58509	5
58510	5
58511	4
58512	4
58513	3
58514	3
58515	4
58516	4
58517	3
58518	5
58519	4
58520	3
58521	2
58522	4
58523	5
58524	5
58525	6
58526	6
58527	5
58528	7
58529	6
58530	5
58531	4
58532	4
58533	5
58534	5
58535	4
58536	6
58537	5
58538	4
58539	3
58540	4
58541	4
58542	5
58543	5
58544	4
58545	6
58546	5
58547	4
58548	3
58549	3
58550	4
58551	4
58552	3
58553	5
58554	4
58555	3
58556	2
58557	3
58558	3
58559	4
58560	6
58561	5
58562	4
58563	3
58564	3
58565	2
58566	2
58567	3
58568	5
58569	4
58570	3
58571	2
58572	2
58573	1
58574	2
58575	2
58576	3
58577	5
58578	6
58579	6
58580	7
58581	7
58582	8
58583	10
58584	11
58585	11
58586	12
58587	12
58588	11
58589	13
58590	12
58591	11
58592	10
58593	10
58594	11
58595	11
58596	10
58597	12
58598	11
58599	10
58600	9
58601	10
58602	10
58603	11
58604	13
58605	12
58606	11
58607	10
58608	10
58609	9
58610	9
58611	10
58612	12
58613	11
58614	10
58615	9
58616	9
58617	8
58618	9
58619	9
58620	10
58621	12
58622	11
58623	10
58624	9
58625	9
58626	8
58627	8
58628	9
58629	11
58630	10
58631	9
58632	8
58633	8
58634	7
58635	7
58636	8
58637	8
58638	9
58639	11
58640	10
58641	9
58642	8
58643	8
58644	7
58645	9
58646	10
58647	10
58648	9
58649	9
58650	8
58651	9
58652	9
58653	8
58654	8
58655	7
58656	8
58657	8
58658	7
58659	7
58660	6
58661	8
58662	9
58663	9
58664	10
58665	10
58666	11
58667	13
58668	12
58669	11
58670	10
58671	10
58672	9
58673	11
58674	12
58675	12
58676	11
58677	11
58678	10
58679	11
58680	11
58681	10
58682	10
58683	9
58684	10
58685	10
58686	9
58687	9
58688	8
58689	8
58690	9
58691	9
58692	10
58693	12
58694	11
58695	10
58696	9
58697	9
58698	8
58699	10
58700	11
58701	11
58702	10
58703	10
58704	9
58705	10
58706	10
58707	9
58708	9
58709	8
58710	9
58711	9
58712	8
58713	8
58714	7
58715	8
58716	8
58717	9
58718	9
58719	10
58720	12
58721	11
58722	10
58723	9
58724	9
58725	8
58726	10
58727	11
58728	11
58729	10
58730	10
58731	9
58732	10
58733	10
58734	9
58735	9
58736	8
58737	9
58738	9
58739	8
58740	8
58741	7
58742	7
58743	8
58744	8
58745	9
58746	11
58747	10
58748	9
58749	8
58750	8
58751	7
58752	9
58753	10
58754	10
58755	9
58756	9
58757	8
58758	9
58759	9
58760	8
58761	8
58762	7
58763	8
58764	8
58765	7
58766	7
58767	6
58768	7
58769	7
58770	8
58771	10
58772	11
58773	11
58774	10
58775	10
58776	9
58777	10
58778	10
58779	9
58780	9
58781	8
58782	9
58783	9
58784	8
58785	8
58786	7
58787	7
58788	8
58789	8
58790	7
58791	9
58792	8
58793	7
58794	6
58795	6
58796	7
58797	9
58798	10
58799	10
58800	9
58801	9
58802	8
58803	9
58804	9
58805	8
58806	8
58807	7
58808	8
58809	8
58810	7
58811	7
58812	6
58813	6
58814	7
58815	7
58816	6
58817	8
58818	7
58819	6
58820	5
58821	5
58822	6
58823	6
58824	7
58825	9
58826	10
58827	10
58828	11
58829	11
58830	10
58831	12
58832	11
58833	10
58834	9
58835	9
58836	10
58837	10
58838	9
58839	11
58840	10
58841	9
58842	8
58843	9
58844	9
58845	10
58846	12
58847	11
58848	10
58849	9
58850	9
58851	8
58852	8
58853	9
58854	11
58855	10
58856	9
58857	8
58858	8
58859	7
58860	8
58861	8
58862	9
58863	11
58864	10
58865	9
58866	8
58867	8
58868	7
58869	7
58870	8
58871	10
58872	9
58873	8
58874	7
58875	7
58876	6
58877	6
58878	7
58879	7
58880	8
58881	10
58882	9
58883	8
58884	7
58885	7
58886	6
58887	8
58888	9
58889	9
58890	8
58891	8
58892	7
58893	8
58894	8
58895	7
58896	7
58897	6
58898	7
58899	7
58900	6
58901	6
58902	5
58903	7
58904	8
58905	8
58906	9
58907	9
58908	10
58909	12
58910	11
58911	10
58912	9
58913	9
58914	8
58915	10
58916	11
58917	11
58918	10
58919	10
58920	9
58921	10
58922	10
58923	9
58924	9
58925	8
58926	9
58927	9
58928	8
58929	8
58930	7
58931	7
58932	8
58933	8
58934	9
58935	11
58936	10
58937	9
58938	8
58939	8
58940	7
58941	9
58942	10
58943	10
58944	9
58945	9
58946	8
58947	9
58948	9
58949	8
58950	8
58951	7
58952	8
58953	8
58954	7
58955	7
58956	6
58957	7
58958	7
58959	8
58960	8
58961	9
58962	11
58963	10
58964	9
58965	8
58966	8
58967	7
58968	9
58969	10
58970	10
58971	9
58972	9
58973	8
58974	9
58975	9
58976	8
58977	8
58978	7
58979	8
58980	8
58981	7
58982	7
58983	6
58984	6
58985	7
58986	7
58987	8
58988	10
58989	9
58990	8
58991	7
58992	7
58993	6
58994	8
58995	9
58996	9
58997	8
58998	8
58999	7
59000	8
59001	8
59002	7
59003	7
59004	6
59005	7
59006	7
59007	6
59008	6
59009	5
59010	6
59011	6
59012	7
59013	9
59014	10
59015	10
59016	9
59017	9
59018	8
59019	9
59020	9
59021	8
59022	8
59023	7
59024	8
59025	8
59026	7
59027	7
59028	6
59029	6
59030	7
59031	7
59032	6
59033	8
59034	7
59035	6
59036	5
59037	5
59038	6
59039	8
59040	9
59041	9
59042	8
59043	8
59044	7
59045	8
59046	8
59047	7
59048	7
59049	6
59050	7
59051	7
59052	6
59053	6
59054	5
59055	5
59056	6
59057	6
59058	5
59059	7
59060	6
59061	5
59062	4
59063	5
59064	5
59065	6
59066	8
59067	9
59068	9
59069	10
59070	10
59071	11
59072	13
59073	12
59074	11
59075	10
59076	10
59077	9
59078	11
59079	12
59080	12
59081	11
59082	11
59083	10
59084	11
59085	11
59086	10
59087	10
59088	9
59089	10
59090	10
59091	9
59092	9
59093	8
59094	8
59095	9
59096	9
59097	10
59098	12
59099	11
59100	10
59101	9
59102	9
59103	8
59104	10
59105	11
59106	11
59107	10
59108	10
59109	9
59110	10
59111	10
59112	9
59113	9
59114	8
59115	9
59116	9
59117	8
59118	8
59119	7
59120	8
59121	8
59122	9
59123	11
59124	12
59125	12
59126	11
59127	11
59128	10
59129	11
59130	11
59131	10
59132	10
59133	9
59134	10
59135	10
59136	9
59137	9
59138	8
59139	8
59140	9
59141	9
59142	8
59143	10
59144	9
59145	8
59146	7
59147	7
59148	8
59149	10
59150	11
59151	11
59152	10
59153	10
59154	9
59155	10
59156	10
59157	9
59158	9
59159	8
59160	9
59161	9
59162	8
59163	8
59164	7
59165	7
59166	8
59167	8
59168	7
59169	9
59170	8
59171	7
59172	6
59173	7
59174	7
59175	8
59176	10
59177	11
59178	11
59179	10
59180	10
59181	9
59182	10
59183	10
59184	9
59185	9
59186	8
59187	9
59188	9
59189	8
59190	8
59191	7
59192	7
59193	8
59194	8
59195	7
59196	9
59197	8
59198	7
59199	6
59200	6
59201	7
59202	9
59203	10
59204	10
59205	9
59206	9
59207	8
59208	9
59209	9
59210	8
59211	8
59212	7
59213	8
59214	8
59215	7
59216	7
59217	6
59218	6
59219	7
59220	7
59221	6
59222	8
59223	7
59224	6
59225	5
59226	5
59227	6
59228	6
59229	7
59230	9
59231	10
59232	10
59233	9
59234	9
59235	8
59236	9
59237	9
59238	8
59239	8
59240	7
59241	8
59242	8
59243	7
59244	7
59245	6
59246	6
59247	7
59248	7
59249	6
59250	8
59251	7
59252	6
59253	5
59254	7
59255	8
59256	8
59257	9
59258	9
59259	8
59260	10
59261	9
59262	8
59263	7
59264	7
59265	8
59266	8
59267	7
59268	9
59269	8
59270	7
59271	6
59272	7
59273	7
59274	8
59275	8
59276	7
59277	9
59278	8
59279	7
59280	6
59281	6
59282	7
59283	7
59284	6
59285	8
59286	7
59287	6
59288	5
59289	6
59290	6
59291	7
59292	9
59293	8
59294	7
59295	6
59296	6
59297	5
59298	5
59299	6
59300	8
59301	7
59302	6
59303	5
59304	5
59305	4
59306	4
59307	5
59308	7
59309	8
59310	8
59311	9
59312	9
59313	10
59314	12
59315	11
59316	10
59317	9
59318	9
59319	8
59320	10
59321	11
59322	11
59323	10
59324	10
59325	9
59326	10
59327	10
59328	9
59329	9
59330	8
59331	9
59332	9
59333	8
59334	8
59335	7
59336	7
59337	8
59338	8
59339	9
59340	11
59341	10
59342	9
59343	8
59344	8
59345	7
59346	9
59347	10
59348	10
59349	9
59350	9
59351	8
59352	9
59353	9
59354	8
59355	8
59356	7
59357	8
59358	8
59359	7
59360	7
59361	6
59362	7
59363	7
59364	8
59365	10
59366	11
59367	11
59368	10
59369	10
59370	9
59371	10
59372	10
59373	9
59374	9
59375	8
59376	9
59377	9
59378	8
59379	8
59380	7
59381	7
59382	8
59383	8
59384	7
59385	9
59386	8
59387	7
59388	6
59389	6
59390	7
59391	9
59392	10
59393	10
59394	9
59395	9
59396	8
59397	9
59398	9
59399	8
59400	8
59401	7
59402	8
59403	8
59404	7
59405	7
59406	6
59407	6
59408	7
59409	7
59410	6
59411	8
59412	7
59413	6
59414	5
59415	6
59416	6
59417	7
59418	9
59419	10
59420	10
59421	9
59422	9
59423	8
59424	9
59425	9
59426	8
59427	8
59428	7
59429	8
59430	8
59431	7
59432	7
59433	6
59434	6
59435	7
59436	7
59437	6
59438	8
59439	7
59440	6
59441	5
59442	5
59443	6
59444	8
59445	9
59446	9
59447	8
59448	8
59449	7
59450	8
59451	8
59452	7
59453	7
59454	6
59455	7
59456	7
59457	6
59458	6
59459	5
59460	5
59461	6
59462	6
59463	5
59464	7
59465	6
59466	5
59467	4
59468	4
59469	5
59470	5
59471	6
59472	8
59473	9
59474	9
59475	8
59476	8
59477	7
59478	8
59479	8
59480	7
59481	7
59482	6
59483	7
59484	7
59485	6
59486	6
59487	5
59488	5
59489	6
59490	6
59491	5
59492	7
59493	6
59494	5
59495	4
59496	6
59497	7
59498	7
59499	8
59500	8
59501	7
59502	9
59503	8
59504	7
59505	6
59506	6
59507	7
59508	7
59509	6
59510	8
59511	7
59512	6
59513	5
59514	6
59515	6
59516	7
59517	7
59518	6
59519	8
59520	7
59521	6
59522	5
59523	5
59524	6
59525	6
59526	5
59527	7
59528	6
59529	5
59530	4
59531	5
59532	5
59533	6
59534	8
59535	7
59536	6
59537	5
59538	5
59539	4
59540	4
59541	5
59542	7
59543	6
59544	5
59545	4
59546	4
59547	3
59548	4
59549	4
59550	5
59551	7
59552	8
59553	8
59554	9
59555	9
59556	10
59557	12
59558	11
59559	10
59560	9
59561	9
59562	8
59563	10
59564	11
59565	11
59566	10
59567	10
59568	9
59569	10
59570	10
59571	9
59572	9
59573	8
59574	9
59575	9
59576	8
59577	8
59578	7
59579	7
59580	8
59581	8
59582	9
59583	11
59584	10
59585	9
59586	8
59587	8
59588	7
59589	9
59590	10
59591	10
59592	9
59593	9
59594	8
59595	9
59596	9
59597	8
59598	8
59599	7
59600	8
59601	8
59602	7
59603	7
59604	6
59605	7
59606	7
59607	8
59608	10
59609	11
59610	11
59611	10
59612	10
59613	9
59614	10
59615	10
59616	9
59617	9
59618	8
59619	9
59620	9
59621	8
59622	8
59623	7
59624	7
59625	8
59626	8
59627	7
59628	9
59629	8
59630	7
59631	6
59632	6
59633	7
59634	9
59635	10
59636	10
59637	9
59638	9
59639	8
59640	9
59641	9
59642	8
59643	8
59644	7
59645	8
59646	8
59647	7
59648	7
59649	6
59650	6
59651	7
59652	7
59653	6
59654	8
59655	7
59656	6
59657	5
59658	6
59659	6
59660	7
59661	9
59662	10
59663	10
59664	9
59665	9
59666	8
59667	9
59668	9
59669	8
59670	8
59671	7
59672	8
59673	8
59674	7
59675	7
59676	6
59677	6
59678	7
59679	7
59680	6
59681	8
59682	7
59683	6
59684	5
59685	5
59686	6
59687	8
59688	9
59689	9
59690	8
59691	8
59692	7
59693	8
59694	8
59695	7
59696	7
59697	6
59698	7
59699	7
59700	6
59701	6
59702	5
59703	5
59704	6
59705	6
59706	5
59707	7
59708	6
59709	5
59710	4
59711	4
59712	5
59713	5
59714	6
59715	8
59716	9
59717	9
59718	8
59719	8
59720	7
59721	8
59722	8
59723	7
59724	7
59725	6
59726	7
59727	7
59728	6
59729	6
59730	5
59731	5
59732	6
59733	6
59734	5
59735	7
59736	6
59737	5
59738	4
59739	6
59740	7
59741	7
59742	8
59743	8
59744	7
59745	9
59746	8
59747	7
59748	6
59749	6
59750	7
59751	7
59752	6
59753	8
59754	7
59755	6
59756	5
59757	6
59758	6
59759	7
59760	7
59761	6
59762	8
59763	7
59764	6
59765	5
59766	5
59767	6
59768	6
59769	5
59770	7
59771	6
59772	5
59773	4
59774	5
59775	5
59776	6
59777	8
59778	7
59779	6
59780	5
59781	5
59782	4
59783	4
59784	5
59785	7
59786	6
59787	5
59788	4
59789	4
59790	3
59791	3
59792	4
59793	6
59794	7
59795	7
59796	8
59797	8
59798	9
59799	11
59800	10
59801	9
59802	8
59803	8
59804	7
59805	9
59806	10
59807	10
59808	9
59809	9
59810	8
59811	9
59812	9
59813	8
59814	8
59815	7
59816	8
59817	8
59818	7
59819	7
59820	6
59821	6
59822	7
59823	7
59824	8
59825	10
59826	9
59827	8
59828	7
59829	7
59830	6
59831	8
59832	9
59833	9
59834	8
59835	8
59836	7
59837	8
59838	8
59839	7
59840	7
59841	6
59842	7
59843	7
59844	6
59845	6
59846	5
59847	6
59848	6
59849	7
59850	9
59851	10
59852	10
59853	9
59854	9
59855	8
59856	9
59857	9
59858	8
59859	8
59860	7
59861	8
59862	8
59863	7
59864	7
59865	6
59866	6
59867	7
59868	7
59869	6
59870	8
59871	7
59872	6
59873	5
59874	5
59875	6
59876	8
59877	9
59878	9
59879	8
59880	8
59881	7
59882	8
59883	8
59884	7
59885	7
59886	6
59887	7
59888	7
59889	6
59890	6
59891	5
59892	5
59893	6
59894	6
59895	5
59896	7
59897	6
59898	5
59899	4
59900	5
59901	5
59902	6
59903	8
59904	9
59905	9
59906	8
59907	8
59908	7
59909	8
59910	8
59911	7
59912	7
59913	6
59914	7
59915	7
59916	6
59917	6
59918	5
59919	5
59920	6
59921	6
59922	5
59923	7
59924	6
59925	5
59926	4
59927	4
59928	5
59929	7
59930	8
59931	8
59932	7
59933	7
59934	6
59935	7
59936	7
59937	6
59938	6
59939	5
59940	6
59941	6
59942	5
59943	5
59944	4
59945	4
59946	5
59947	5
59948	4
59949	6
59950	5
59951	4
59952	3
59953	3
59954	4
59955	4
59956	5
59957	7
59958	8
59959	8
59960	7
59961	7
59962	6
59963	7
59964	7
59965	6
59966	6
59967	5
59968	6
59969	6
59970	5
59971	5
59972	4
59973	4
59974	5
59975	5
59976	4
59977	6
59978	5
59979	4
59980	3
59981	5
59982	6
59983	6
59984	7
59985	7
59986	6
59987	8
59988	7
59989	6
59990	5
59991	5
59992	6
59993	6
59994	5
59995	7
59996	6
59997	5
59998	4
59999	5
60000	5
60001	6
60002	6
60003	5
60004	7
60005	6
60006	5
60007	4
60008	4
60009	5
60010	5
60011	4
60012	6
60013	5
60014	4
60015	3
60016	4
60017	4
60018	5
60019	7
60020	6
60021	5
60022	4
60023	4
60024	3
60025	3
60026	4
60027	6
60028	5
60029	4
60030	3
60031	3
60032	2
60033	2
60034	3
60035	3
60036	4
60037	6
60038	7
60039	7
60040	8
60041	8
60042	9
60043	11
60044	10
60045	9
60046	8
60047	8
60048	7
60049	9
60050	10
60051	10
60052	9
60053	9
60054	8
60055	9
60056	9
60057	8
60058	8
60059	7
60060	8
60061	8
60062	7
60063	7
60064	6
60065	6
60066	7
60067	7
60068	8
60069	10
60070	9
60071	8
60072	7
60073	7
60074	6
60075	8
60076	9
60077	9
60078	8
60079	8
60080	7
60081	8
60082	8
60083	7
60084	7
60085	6
60086	7
60087	7
60088	6
60089	6
60090	5
60091	6
60092	6
60093	7
60094	9
60095	10
60096	10
60097	9
60098	9
60099	8
60100	9
60101	9
60102	8
60103	8
60104	7
60105	8
60106	8
60107	7
60108	7
60109	6
60110	6
60111	7
60112	7
60113	6
60114	8
60115	7
60116	6
60117	5
60118	5
60119	6
60120	8
60121	9
60122	9
60123	8
60124	8
60125	7
60126	8
60127	8
60128	7
60129	7
60130	6
60131	7
60132	7
60133	6
60134	6
60135	5
60136	5
60137	6
60138	6
60139	5
60140	7
60141	6
60142	5
60143	4
60144	5
60145	5
60146	6
60147	8
60148	9
60149	9
60150	8
60151	8
60152	7
60153	8
60154	8
60155	7
60156	7
60157	6
60158	7
60159	7
60160	6
60161	6
60162	5
60163	5
60164	6
60165	6
60166	5
60167	7
60168	6
60169	5
60170	4
60171	4
60172	5
60173	7
60174	8
60175	8
60176	7
60177	7
60178	6
60179	7
60180	7
60181	6
60182	6
60183	5
60184	6
60185	6
60186	5
60187	5
60188	4
60189	4
60190	5
60191	5
60192	4
60193	6
60194	5
60195	4
60196	3
60197	3
60198	4
60199	4
60200	5
60201	7
60202	8
60203	8
60204	7
60205	7
60206	6
60207	7
60208	7
60209	6
60210	6
60211	5
60212	6
60213	6
60214	5
60215	5
60216	4
60217	4
60218	5
60219	5
60220	4
60221	6
60222	5
60223	4
60224	3
60225	5
60226	6
60227	6
60228	7
60229	7
60230	6
60231	8
60232	7
60233	6
60234	5
60235	5
60236	6
60237	6
60238	5
60239	7
60240	6
60241	5
60242	4
60243	5
60244	5
60245	6
60246	6
60247	5
60248	7
60249	6
60250	5
60251	4
60252	4
60253	5
60254	5
60255	4
60256	6
60257	5
60258	4
60259	3
60260	4
60261	4
60262	5
60263	7
60264	6
60265	5
60266	4
60267	4
60268	3
60269	3
60270	4
60271	6
60272	5
60273	4
60274	3
60275	3
60276	2
60277	4
60278	5
60279	5
60280	6
60281	6
60282	7
60283	9
60284	10
60285	10
60286	9
60287	9
60288	8
60289	9
60290	9
60291	8
60292	8
60293	7
60294	8
60295	8
60296	7
60297	7
60298	6
60299	6
60300	7
60301	7
60302	6
60303	8
60304	7
60305	6
60306	5
60307	7
60308	8
60309	8
60310	9
60311	9
60312	8
60313	10
60314	9
60315	8
60316	7
60317	7
60318	8
60319	8
60320	7
60321	9
60322	8
60323	7
60324	6
60325	7
60326	7
60327	8
60328	8
60329	7
60330	9
60331	8
60332	7
60333	6
60334	6
60335	7
60336	7
60337	6
60338	8
60339	7
60340	6
60341	5
60342	6
60343	6
60344	7
60345	9
60346	8
60347	7
60348	6
60349	6
60350	5
60351	5
60352	6
60353	8
60354	7
60355	6
60356	5
60357	5
60358	4
60359	4
60360	5
60361	5
60362	6
60363	8
60364	9
60365	9
60366	8
60367	8
60368	7
60369	8
60370	8
60371	7
60372	7
60373	6
60374	7
60375	7
60376	6
60377	6
60378	5
60379	5
60380	6
60381	6
60382	5
60383	7
60384	6
60385	5
60386	4
60387	6
60388	7
60389	7
60390	8
60391	8
60392	7
60393	9
60394	8
60395	7
60396	6
60397	6
60398	7
60399	7
60400	6
60401	8
60402	7
60403	6
60404	5
60405	6
60406	6
60407	7
60408	7
60409	6
60410	8
60411	7
60412	6
60413	5
60414	5
60415	6
60416	6
60417	5
60418	7
60419	6
60420	5
60421	4
60422	5
60423	5
60424	6
60425	8
60426	7
60427	6
60428	5
60429	5
60430	4
60431	4
60432	5
60433	7
60434	6
60435	5
60436	4
60437	4
60438	3
60439	4
60440	4
60441	5
60442	5
60443	6
60444	8
60445	9
60446	9
60447	8
60448	8
60449	7
60450	8
60451	8
60452	7
60453	7
60454	6
60455	7
60456	7
60457	6
60458	6
60459	5
60460	5
60461	6
60462	6
60463	5
60464	7
60465	6
60466	5
60467	4
60468	6
60469	7
60470	7
60471	8
60472	8
60473	7
60474	9
60475	8
60476	7
60477	6
60478	6
60479	7
60480	7
60481	6
60482	8
60483	7
60484	6
60485	5
60486	6
60487	6
60488	7
60489	7
60490	6
60491	8
60492	7
60493	6
60494	5
60495	5
60496	6
60497	6
60498	5
60499	7
60500	6
60501	5
60502	4
60503	5
60504	5
60505	6
60506	8
60507	7
60508	6
60509	5
60510	5
60511	4
60512	4
60513	5
60514	7
60515	6
60516	5
60517	4
60518	4
60519	3
60520	3
60521	4
60522	4
60523	5
60524	7
60525	8
60526	8
60527	7
60528	7
60529	6
60530	7
60531	7
60532	6
60533	6
60534	5
60535	6
60536	6
60537	5
60538	5
60539	4
60540	4
60541	5
60542	5
60543	4
60544	6
60545	5
60546	4
60547	3
60548	5
60549	6
60550	6
60551	7
60552	7
60553	6
60554	8
60555	7
60556	6
60557	5
60558	5
60559	6
60560	6
60561	5
60562	7
60563	6
60564	5
60565	4
60566	5
60567	5
60568	6
60569	6
60570	5
60571	7
60572	6
60573	5
60574	4
60575	4
60576	5
60577	5
60578	4
60579	6
60580	5
60581	4
60582	3
60583	4
60584	4
60585	5
60586	7
60587	6
60588	5
60589	4
60590	4
60591	3
60592	3
60593	4
60594	6
60595	5
60596	4
60597	3
60598	3
60599	2
60600	3
60601	3
60602	4
60603	6
60604	7
60605	7
60606	8
60607	8
60608	7
60609	9
60610	8
60611	7
60612	6
60613	6
60614	7
60615	7
60616	6
60617	8
60618	7
60619	6
60620	5
60621	6
60622	6
60623	7
60624	9
60625	8
60626	7
60627	6
60628	6
60629	5
60630	5
60631	6
60632	8
60633	7
60634	6
60635	5
60636	5
60637	4
60638	5
60639	5
60640	6
60641	8
60642	7
60643	6
60644	5
60645	5
60646	4
60647	4
60648	5
60649	7
60650	6
60651	5
60652	4
60653	4
60654	3
60655	3
60656	4
60657	4
60658	5
60659	7
60660	6
60661	5
60662	4
60663	4
60664	3
60665	5
60666	6
60667	6
60668	5
60669	5
60670	4
60671	5
60672	5
60673	4
60674	4
60675	3
60676	4
60677	4
60678	3
60679	3
60680	2
60681	2
60682	3
60683	5
60684	6
60685	6
60686	7
60687	7
60688	6
60689	8
60690	7
60691	6
60692	5
60693	5
60694	6
60695	6
60696	5
60697	7
60698	6
60699	5
60700	4
60701	5
60702	5
60703	6
60704	8
60705	7
60706	6
60707	5
60708	5
60709	4
60710	4
60711	5
60712	7
60713	6
60714	5
60715	4
60716	4
60717	3
60718	4
60719	4
60720	5
60721	7
60722	6
60723	5
60724	4
60725	4
60726	3
60727	3
60728	4
60729	6
60730	5
60731	4
60732	3
60733	3
60734	2
60735	2
60736	3
60737	3
60738	4
60739	6
60740	5
60741	4
60742	3
60743	3
60744	2
60745	4
60746	5
60747	5
60748	4
60749	4
60750	3
60751	4
60752	4
60753	3
60754	3
60755	2
60756	3
60757	3
60758	2
60759	2
60760	1
60761	1
60762	2
60763	4
60764	5
60765	5
60766	6
60767	6
60768	7
60769	9
60770	10
60771	10
60772	11
60773	11
60774	10
60775	12
60776	11
60777	10
60778	9
60779	9
60780	10
60781	10
60782	9
60783	11
60784	10
60785	9
60786	8
60787	9
60788	9
60789	10
60790	12
60791	11
60792	10
60793	9
60794	9
60795	8
60796	8
60797	9
60798	11
60799	10
60800	9
60801	8
60802	8
60803	7
60804	8
60805	8
60806	9
60807	11
60808	10
60809	9
60810	8
60811	8
60812	7
60813	7
60814	8
60815	10
60816	9
60817	8
60818	7
60819	7
60820	6
60821	6
60822	7
60823	7
60824	8
60825	10
60826	9
60827	8
60828	7
60829	7
60830	6
60831	8
60832	9
60833	9
60834	8
60835	8
60836	7
60837	8
60838	8
60839	7
60840	7
60841	6
60842	7
60843	7
60844	6
60845	6
60846	5
60847	7
60848	8
60849	8
60850	9
60851	9
60852	10
60853	12
60854	11
60855	10
60856	9
60857	9
60858	8
60859	10
60860	11
60861	11
60862	10
60863	10
60864	9
60865	10
60866	10
60867	9
60868	9
60869	8
60870	9
60871	9
60872	8
60873	8
60874	7
60875	7
60876	8
60877	8
60878	9
60879	11
60880	10
60881	9
60882	8
60883	8
60884	7
60885	9
60886	10
60887	10
60888	9
60889	9
60890	8
60891	9
60892	9
60893	8
60894	8
60895	7
60896	8
60897	8
60898	7
60899	7
60900	6
60901	7
60902	7
60903	8
60904	8
60905	9
60906	11
60907	10
60908	9
60909	8
60910	8
60911	7
60912	9
60913	10
60914	10
60915	9
60916	9
60917	8
60918	9
60919	9
60920	8
60921	8
60922	7
60923	8
60924	8
60925	7
60926	7
60927	6
60928	6
60929	7
60930	7
60931	8
60932	10
60933	9
60934	8
60935	7
60936	7
60937	6
60938	8
60939	9
60940	9
60941	8
60942	8
60943	7
60944	8
60945	8
60946	7
60947	7
60948	6
60949	7
60950	7
60951	6
60952	6
60953	5
60954	6
60955	6
60956	7
60957	9
60958	10
60959	10
60960	9
60961	9
60962	8
60963	9
60964	9
60965	8
60966	8
60967	7
60968	8
60969	8
60970	7
60971	7
60972	6
60973	6
60974	7
60975	7
60976	6
60977	8
60978	7
60979	6
60980	5
60981	5
60982	6
60983	8
60984	9
60985	9
60986	8
60987	8
60988	7
60989	8
60990	8
60991	7
60992	7
60993	6
60994	7
60995	7
60996	6
60997	6
60998	5
60999	5
61000	6
61001	6
61002	5
61003	7
61004	6
61005	5
61006	4
61007	4
61008	5
61009	5
61010	6
61011	8
61012	9
61013	9
61014	10
61015	10
61016	9
61017	11
61018	10
61019	9
61020	8
61021	8
61022	9
61023	9
61024	8
61025	10
61026	9
61027	8
61028	7
61029	8
61030	8
61031	9
61032	11
61033	10
61034	9
61035	8
61036	8
61037	7
61038	7
61039	8
61040	10
61041	9
61042	8
61043	7
61044	7
61045	6
61046	7
61047	7
61048	8
61049	10
61050	9
61051	8
61052	7
61053	7
61054	6
61055	6
61056	7
61057	9
61058	8
61059	7
61060	6
61061	6
61062	5
61063	5
61064	6
61065	6
61066	7
61067	9
61068	8
61069	7
61070	6
61071	6
61072	5
61073	7
61074	8
61075	8
61076	7
61077	7
61078	6
61079	7
61080	7
61081	6
61082	6
61083	5
61084	6
61085	6
61086	5
61087	5
61088	4
61089	6
61090	7
61091	7
61092	8
61093	8
61094	9
61095	11
61096	10
61097	9
61098	8
61099	8
61100	7
61101	9
61102	10
61103	10
61104	9
61105	9
61106	8
61107	9
61108	9
61109	8
61110	8
61111	7
61112	8
61113	8
61114	7
61115	7
61116	6
61117	6
61118	7
61119	7
61120	8
61121	10
61122	9
61123	8
61124	7
61125	7
61126	6
61127	8
61128	9
61129	9
61130	8
61131	8
61132	7
61133	8
61134	8
61135	7
61136	7
61137	6
61138	7
61139	7
61140	6
61141	6
61142	5
61143	6
61144	6
61145	7
61146	7
61147	8
61148	10
61149	9
61150	8
61151	7
61152	7
61153	6
61154	8
61155	9
61156	9
61157	8
61158	8
61159	7
61160	8
61161	8
61162	7
61163	7
61164	6
61165	7
61166	7
61167	6
61168	6
61169	5
61170	5
61171	6
61172	6
61173	7
61174	9
61175	8
61176	7
61177	6
61178	6
61179	5
61180	7
61181	8
61182	8
61183	7
61184	7
61185	6
61186	7
61187	7
61188	6
61189	6
61190	5
61191	6
61192	6
61193	5
61194	5
61195	4
61196	5
61197	5
61198	6
61199	8
61200	9
61201	9
61202	8
61203	8
61204	7
61205	8
61206	8
61207	7
61208	7
61209	6
61210	7
61211	7
61212	6
61213	6
61214	5
61215	5
61216	6
61217	6
61218	5
61219	7
61220	6
61221	5
61222	4
61223	4
61224	5
61225	7
61226	8
61227	8
61228	7
61229	7
61230	6
61231	7
61232	7
61233	6
61234	6
61235	5
61236	6
61237	6
61238	5
61239	5
61240	4
61241	4
61242	5
61243	5
61244	4
61245	6
61246	5
61247	4
61248	3
61249	4
61250	4
61251	5
61252	7
61253	8
61254	8
61255	9
61256	9
61257	10
61258	12
61259	11
61260	10
61261	9
61262	9
61263	8
61264	10
61265	11
61266	11
61267	10
61268	10
61269	9
61270	10
61271	10
61272	9
61273	9
61274	8
61275	9
61276	9
61277	8
61278	8
61279	7
61280	7
61281	8
61282	8
61283	9
61284	11
61285	10
61286	9
61287	8
61288	8
61289	7
61290	9
61291	10
61292	10
61293	9
61294	9
61295	8
61296	9
61297	9
61298	8
61299	8
61300	7
61301	8
61302	8
61303	7
61304	7
61305	6
61306	7
61307	7
61308	8
61309	10
61310	11
61311	11
61312	10
61313	10
61314	9
61315	10
61316	10
61317	9
61318	9
61319	8
61320	9
61321	9
61322	8
61323	8
61324	7
61325	7
61326	8
61327	8
61328	7
61329	9
61330	8
61331	7
61332	6
61333	6
61334	7
61335	9
61336	10
61337	10
61338	9
61339	9
61340	8
61341	9
61342	9
61343	8
61344	8
61345	7
61346	8
61347	8
61348	7
61349	7
61350	6
61351	6
61352	7
61353	7
61354	6
61355	8
61356	7
61357	6
61358	5
61359	6
61360	6
61361	7
61362	9
61363	10
61364	10
61365	9
61366	9
61367	8
61368	9
61369	9
61370	8
61371	8
61372	7
61373	8
61374	8
61375	7
61376	7
61377	6
61378	6
61379	7
61380	7
61381	6
61382	8
61383	7
61384	6
61385	5
61386	5
61387	6
61388	8
61389	9
61390	9
61391	8
61392	8
61393	7
61394	8
61395	8
61396	7
61397	7
61398	6
61399	7
61400	7
61401	6
61402	6
61403	5
61404	5
61405	6
61406	6
61407	5
61408	7
61409	6
61410	5
61411	4
61412	4
61413	5
61414	5
61415	6
61416	8
61417	9
61418	9
61419	8
61420	8
61421	7
61422	8
61423	8
61424	7
61425	7
61426	6
61427	7
61428	7
61429	6
61430	6
61431	5
61432	5
61433	6
61434	6
61435	5
61436	7
61437	6
61438	5
61439	4
61440	6
61441	7
61442	7
61443	8
61444	8
61445	7
61446	9
61447	8
61448	7
61449	6
61450	6
61451	7
61452	7
61453	6
61454	8
61455	7
61456	6
61457	5
61458	6
61459	6
61460	7
61461	7
61462	6
61463	8
61464	7
61465	6
61466	5
61467	5
61468	6
61469	6
61470	5
61471	7
61472	6
61473	5
61474	4
61475	5
61476	5
61477	6
61478	8
61479	7
61480	6
61481	5
61482	5
61483	4
61484	4
61485	5
61486	7
61487	6
61488	5
61489	4
61490	4
61491	3
61492	3
61493	4
61494	6
61495	7
61496	7
61497	8
61498	8
61499	9
61500	11
61501	10
61502	9
61503	8
61504	8
61505	7
61506	9
61507	10
61508	10
61509	9
61510	9
61511	8
61512	9
61513	9
61514	8
61515	8
61516	7
61517	8
61518	8
61519	7
61520	7
61521	6
61522	6
61523	7
61524	7
61525	8
61526	10
61527	9
61528	8
61529	7
61530	7
61531	6
61532	8
61533	9
61534	9
61535	8
61536	8
61537	7
61538	8
61539	8
61540	7
61541	7
61542	6
61543	7
61544	7
61545	6
61546	6
61547	5
61548	6
61549	6
61550	7
61551	9
61552	10
61553	10
61554	9
61555	9
61556	8
61557	9
61558	9
61559	8
61560	8
61561	7
61562	8
61563	8
61564	7
61565	7
61566	6
61567	6
61568	7
61569	7
61570	6
61571	8
61572	7
61573	6
61574	5
61575	5
61576	6
61577	8
61578	9
61579	9
61580	8
61581	8
61582	7
61583	8
61584	8
61585	7
61586	7
61587	6
61588	7
61589	7
61590	6
61591	6
61592	5
61593	5
61594	6
61595	6
61596	5
61597	7
61598	6
61599	5
61600	4
61601	5
61602	5
61603	6
61604	8
61605	9
61606	9
61607	8
61608	8
61609	7
61610	8
61611	8
61612	7
61613	7
61614	6
61615	7
61616	7
61617	6
61618	6
61619	5
61620	5
61621	6
61622	6
61623	5
61624	7
61625	6
61626	5
61627	4
61628	4
61629	5
61630	7
61631	8
61632	8
61633	7
61634	7
61635	6
61636	7
61637	7
61638	6
61639	6
61640	5
61641	6
61642	6
61643	5
61644	5
61645	4
61646	4
61647	5
61648	5
61649	4
61650	6
61651	5
61652	4
61653	3
61654	3
61655	4
61656	4
61657	5
61658	7
61659	8
61660	8
61661	7
61662	7
61663	6
61664	7
61665	7
61666	6
61667	6
61668	5
61669	6
61670	6
61671	5
61672	5
61673	4
61674	4
61675	5
61676	5
61677	4
61678	6
61679	5
61680	4
61681	3
61682	5
61683	6
61684	6
61685	7
61686	7
61687	6
61688	8
61689	7
61690	6
61691	5
61692	5
61693	6
61694	6
61695	5
61696	7
61697	6
61698	5
61699	4
61700	5
61701	5
61702	6
61703	6
61704	5
61705	7
61706	6
61707	5
61708	4
61709	4
61710	5
61711	5
61712	4
61713	6
61714	5
61715	4
61716	3
61717	4
61718	4
61719	5
61720	7
61721	6
61722	5
61723	4
61724	4
61725	3
61726	3
61727	4
61728	6
61729	5
61730	4
61731	3
61732	3
61733	2
61734	3
61735	3
61736	4
61737	6
61738	7
61739	7
61740	8
61741	8
61742	9
61743	11
61744	10
61745	9
61746	8
61747	8
61748	7
61749	9
61750	10
61751	10
61752	9
61753	9
61754	8
61755	9
61756	9
61757	8
61758	8
61759	7
61760	8
61761	8
61762	7
61763	7
61764	6
61765	6
61766	7
61767	7
61768	8
61769	10
61770	9
61771	8
61772	7
61773	7
61774	6
61775	8
61776	9
61777	9
61778	8
61779	8
61780	7
61781	8
61782	8
61783	7
61784	7
61785	6
61786	7
61787	7
61788	6
61789	6
61790	5
61791	6
61792	6
61793	7
61794	9
61795	10
61796	10
61797	9
61798	9
61799	8
61800	9
61801	9
61802	8
61803	8
61804	7
61805	8
61806	8
61807	7
61808	7
61809	6
61810	6
61811	7
61812	7
61813	6
61814	8
61815	7
61816	6
61817	5
61818	5
61819	6
61820	8
61821	9
61822	9
61823	8
61824	8
61825	7
61826	8
61827	8
61828	7
61829	7
61830	6
61831	7
61832	7
61833	6
61834	6
61835	5
61836	5
61837	6
61838	6
61839	5
61840	7
61841	6
61842	5
61843	4
61844	5
61845	5
61846	6
61847	8
61848	9
61849	9
61850	8
61851	8
61852	7
61853	8
61854	8
61855	7
61856	7
61857	6
61858	7
61859	7
61860	6
61861	6
61862	5
61863	5
61864	6
61865	6
61866	5
61867	7
61868	6
61869	5
61870	4
61871	4
61872	5
61873	7
61874	8
61875	8
61876	7
61877	7
61878	6
61879	7
61880	7
61881	6
61882	6
61883	5
61884	6
61885	6
61886	5
61887	5
61888	4
61889	4
61890	5
61891	5
61892	4
61893	6
61894	5
61895	4
61896	3
61897	3
61898	4
61899	4
61900	5
61901	7
61902	8
61903	8
61904	7
61905	7
61906	6
61907	7
61908	7
61909	6
61910	6
61911	5
61912	6
61913	6
61914	5
61915	5
61916	4
61917	4
61918	5
61919	5
61920	4
61921	6
61922	5
61923	4
61924	3
61925	5
61926	6
61927	6
61928	7
61929	7
61930	6
61931	8
61932	7
61933	6
61934	5
61935	5
61936	6
61937	6
61938	5
61939	7
61940	6
61941	5
61942	4
61943	5
61944	5
61945	6
61946	6
61947	5
61948	7
61949	6
61950	5
61951	4
61952	4
61953	5
61954	5
61955	4
61956	6
61957	5
61958	4
61959	3
61960	4
61961	4
61962	5
61963	7
61964	6
61965	5
61966	4
61967	4
61968	3
61969	3
61970	4
61971	6
61972	5
61973	4
61974	3
61975	3
61976	2
61977	2
61978	3
61979	5
61980	6
61981	6
61982	7
61983	7
61984	8
61985	10
61986	9
61987	8
61988	7
61989	7
61990	6
61991	8
61992	9
61993	9
61994	8
61995	8
61996	7
61997	8
61998	8
61999	7
62000	7
62001	6
62002	7
62003	7
62004	6
62005	6
62006	5
62007	5
62008	6
62009	6
62010	7
62011	9
62012	8
62013	7
62014	6
62015	6
62016	5
62017	7
62018	8
62019	8
62020	7
62021	7
62022	6
62023	7
62024	7
62025	6
62026	6
62027	5
62028	6
62029	6
62030	5
62031	5
62032	4
62033	5
62034	5
62035	6
62036	8
62037	9
62038	9
62039	8
62040	8
62041	7
62042	8
62043	8
62044	7
62045	7
62046	6
62047	7
62048	7
62049	6
62050	6
62051	5
62052	5
62053	6
62054	6
62055	5
62056	7
62057	6
62058	5
62059	4
62060	4
62061	5
62062	7
62063	8
62064	8
62065	7
62066	7
62067	6
62068	7
62069	7
62070	6
62071	6
62072	5
62073	6
62074	6
62075	5
62076	5
62077	4
62078	4
62079	5
62080	5
62081	4
62082	6
62083	5
62084	4
62085	3
62086	4
62087	4
62088	5
62089	7
62090	8
62091	8
62092	7
62093	7
62094	6
62095	7
62096	7
62097	6
62098	6
62099	5
62100	6
62101	6
62102	5
62103	5
62104	4
62105	4
62106	5
62107	5
62108	4
62109	6
62110	5
62111	4
62112	3
62113	3
62114	4
62115	6
62116	7
62117	7
62118	6
62119	6
62120	5
62121	6
62122	6
62123	5
62124	5
62125	4
62126	5
62127	5
62128	4
62129	4
62130	3
62131	3
62132	4
62133	4
62134	3
62135	5
62136	4
62137	3
62138	2
62139	2
62140	3
62141	3
62142	4
62143	6
62144	7
62145	7
62146	6
62147	6
62148	5
62149	6
62150	6
62151	5
62152	5
62153	4
62154	5
62155	5
62156	4
62157	4
62158	3
62159	3
62160	4
62161	4
62162	3
62163	5
62164	4
62165	3
62166	2
62167	4
62168	5
62169	5
62170	6
62171	6
62172	5
62173	7
62174	6
62175	5
62176	4
62177	4
62178	5
62179	5
62180	4
62181	6
62182	5
62183	4
62184	3
62185	4
62186	4
62187	5
62188	5
62189	4
62190	6
62191	5
62192	4
62193	3
62194	3
62195	4
62196	4
62197	3
62198	5
62199	4
62200	3
62201	2
62202	3
62203	3
62204	4
62205	6
62206	5
62207	4
62208	3
62209	3
62210	2
62211	2
62212	3
62213	5
62214	4
62215	3
62216	2
62217	2
62218	1
62219	1
62220	2
62221	2
62222	3
62223	5
62224	6
62225	6
62226	7
62227	7
62228	8
62229	10
62230	9
62231	8
62232	7
62233	7
62234	6
62235	8
62236	9
62237	9
62238	8
62239	8
62240	7
62241	8
62242	8
62243	7
62244	7
62245	6
62246	7
62247	7
62248	6
62249	6
62250	5
62251	5
62252	6
62253	6
62254	7
62255	9
62256	8
62257	7
62258	6
62259	6
62260	5
62261	7
62262	8
62263	8
62264	7
62265	7
62266	6
62267	7
62268	7
62269	6
62270	6
62271	5
62272	6
62273	6
62274	5
62275	5
62276	4
62277	5
62278	5
62279	6
62280	8
62281	9
62282	9
62283	8
62284	8
62285	7
62286	8
62287	8
62288	7
62289	7
62290	6
62291	7
62292	7
62293	6
62294	6
62295	5
62296	5
62297	6
62298	6
62299	5
62300	7
62301	6
62302	5
62303	4
62304	4
62305	5
62306	7
62307	8
62308	8
62309	7
62310	7
62311	6
62312	7
62313	7
62314	6
62315	6
62316	5
62317	6
62318	6
62319	5
62320	5
62321	4
62322	4
62323	5
62324	5
62325	4
62326	6
62327	5
62328	4
62329	3
62330	4
62331	4
62332	5
62333	7
62334	8
62335	8
62336	7
62337	7
62338	6
62339	7
62340	7
62341	6
62342	6
62343	5
62344	6
62345	6
62346	5
62347	5
62348	4
62349	4
62350	5
62351	5
62352	4
62353	6
62354	5
62355	4
62356	3
62357	3
62358	4
62359	6
62360	7
62361	7
62362	6
62363	6
62364	5
62365	6
62366	6
62367	5
62368	5
62369	4
62370	5
62371	5
62372	4
62373	4
62374	3
62375	3
62376	4
62377	4
62378	3
62379	5
62380	4
62381	3
62382	2
62383	2
62384	3
62385	3
62386	4
62387	6
62388	7
62389	7
62390	6
62391	6
62392	5
62393	6
62394	6
62395	5
62396	5
62397	4
62398	5
62399	5
62400	4
62401	4
62402	3
62403	3
62404	4
62405	4
62406	3
62407	5
62408	4
62409	3
62410	2
62411	4
62412	5
62413	5
62414	6
62415	6
62416	5
62417	7
62418	6
62419	5
62420	4
62421	4
62422	5
62423	5
62424	4
62425	6
62426	5
62427	4
62428	3
62429	4
62430	4
62431	5
62432	5
62433	4
62434	6
62435	5
62436	4
62437	3
62438	3
62439	4
62440	4
62441	3
62442	5
62443	4
62444	3
62445	2
62446	3
62447	3
62448	4
62449	6
62450	5
62451	4
62452	3
62453	3
62454	2
62455	2
62456	3
62457	5
62458	4
62459	3
62460	2
62461	2
62462	1
62463	3
62464	4
62465	4
62466	5
62467	5
62468	6
62469	8
62470	9
62471	9
62472	8
62473	8
62474	7
62475	8
62476	8
62477	7
62478	7
62479	6
62480	7
62481	7
62482	6
62483	6
62484	5
62485	5
62486	6
62487	6
62488	5
62489	7
62490	6
62491	5
62492	4
62493	6
62494	7
62495	7
62496	8
62497	8
62498	7
62499	9
62500	8
62501	7
62502	6
62503	6
62504	7
62505	7
62506	6
62507	8
62508	7
62509	6
62510	5
62511	6
62512	6
62513	7
62514	7
62515	6
62516	8
62517	7
62518	6
62519	5
62520	5
62521	6
62522	6
62523	5
62524	7
62525	6
62526	5
62527	4
62528	5
62529	5
62530	6
62531	8
62532	7
62533	6
62534	5
62535	5
62536	4
62537	4
62538	5
62539	7
62540	6
62541	5
62542	4
62543	4
62544	3
62545	3
62546	4
62547	4
62548	5
62549	7
62550	8
62551	8
62552	7
62553	7
62554	6
62555	7
62556	7
62557	6
62558	6
62559	5
62560	6
62561	6
62562	5
62563	5
62564	4
62565	4
62566	5
62567	5
62568	4
62569	6
62570	5
62571	4
62572	3
62573	5
62574	6
62575	6
62576	7
62577	7
62578	6
62579	8
62580	7
62581	6
62582	5
62583	5
62584	6
62585	6
62586	5
62587	7
62588	6
62589	5
62590	4
62591	5
62592	5
62593	6
62594	6
62595	5
62596	7
62597	6
62598	5
62599	4
62600	4
62601	5
62602	5
62603	4
62604	6
62605	5
62606	4
62607	3
62608	4
62609	4
62610	5
62611	7
62612	6
62613	5
62614	4
62615	4
62616	3
62617	3
62618	4
62619	6
62620	5
62621	4
62622	3
62623	3
62624	2
62625	3
62626	3
62627	4
62628	4
62629	5
62630	7
62631	8
62632	8
62633	7
62634	7
62635	6
62636	7
62637	7
62638	6
62639	6
62640	5
62641	6
62642	6
62643	5
62644	5
62645	4
62646	4
62647	5
62648	5
62649	4
62650	6
62651	5
62652	4
62653	3
62654	5
62655	6
62656	6
62657	7
62658	7
62659	6
62660	8
62661	7
62662	6
62663	5
62664	5
62665	6
62666	6
62667	5
62668	7
62669	6
62670	5
62671	4
62672	5
62673	5
62674	6
62675	6
62676	5
62677	7
62678	6
62679	5
62680	4
62681	4
62682	5
62683	5
62684	4
62685	6
62686	5
62687	4
62688	3
62689	4
62690	4
62691	5
62692	7
62693	6
62694	5
62695	4
62696	4
62697	3
62698	3
62699	4
62700	6
62701	5
62702	4
62703	3
62704	3
62705	2
62706	2
62707	3
62708	3
62709	4
62710	6
62711	7
62712	7
62713	6
62714	6
62715	5
62716	6
62717	6
62718	5
62719	5
62720	4
62721	5
62722	5
62723	4
62724	4
62725	3
62726	3
62727	4
62728	4
62729	3
62730	5
62731	4
62732	3
62733	2
62734	4
62735	5
62736	5
62737	6
62738	6
62739	5
62740	7
62741	6
62742	5
62743	4
62744	4
62745	5
62746	5
62747	4
62748	6
62749	5
62750	4
62751	3
62752	4
62753	4
62754	5
62755	5
62756	4
62757	6
62758	5
62759	4
62760	3
62761	3
62762	4
62763	4
62764	3
62765	5
62766	4
62767	3
62768	2
62769	3
62770	3
62771	4
62772	6
62773	5
62774	4
62775	3
62776	3
62777	2
62778	2
62779	3
62780	5
62781	4
62782	3
62783	2
62784	2
62785	1
62786	2
62787	2
62788	3
62789	5
62790	6
62791	6
62792	7
62793	7
62794	6
62795	8
62796	7
62797	6
62798	5
62799	5
62800	6
62801	6
62802	5
62803	7
62804	6
62805	5
62806	4
62807	5
62808	5
62809	6
62810	8
62811	7
62812	6
62813	5
62814	5
62815	4
62816	4
62817	5
62818	7
62819	6
62820	5
62821	4
62822	4
62823	3
62824	4
62825	4
62826	5
62827	7
62828	6
62829	5
62830	4
62831	4
62832	3
62833	3
62834	4
62835	6
62836	5
62837	4
62838	3
62839	3
62840	2
62841	2
62842	3
62843	3
62844	4
62845	6
62846	5
62847	4
62848	3
62849	3
62850	2
62851	4
62852	5
62853	5
62854	4
62855	4
62856	3
62857	4
62858	4
62859	3
62860	3
62861	2
62862	3
62863	3
62864	2
62865	2
62866	1
62867	1
62868	2
62869	4
62870	5
62871	5
62872	6
62873	6
62874	5
62875	7
62876	6
62877	5
62878	4
62879	4
62880	5
62881	5
62882	4
62883	6
62884	5
62885	4
62886	3
62887	4
62888	4
62889	5
62890	7
62891	6
62892	5
62893	4
62894	4
62895	3
62896	3
62897	4
62898	6
62899	5
62900	4
62901	3
62902	3
62903	2
62904	3
62905	3
62906	4
62907	6
62908	5
62909	4
62910	3
62911	3
62912	2
62913	2
62914	3
62915	5
62916	4
62917	3
62918	2
62919	2
62920	1
62921	1
62922	2
62923	2
62924	3
62925	5
62926	4
62927	3
62928	2
62929	2
62930	1
62931	3
62932	4
62933	4
62934	3
62935	3
62936	2
62937	3
62938	3
62939	2
62940	2
62941	1
62942	2
62943	2
62944	1
62945	1
62946	1
62947	3
62948	3
62949	4
62950	6
62951	7
62952	7
62953	8
62954	8
62955	9
62956	11
62957	12
62958	12
62959	13
62960	13
62961	14
62962	16
62963	17
62964	16
62965	15
62966	16
62967	15
62968	14
62969	15
62970	14
62971	13
62972	13
62973	14
62974	13
62975	12
62976	14
62977	15
62978	15
62979	16
62980	15
62981	14
62982	14
62983	15
62984	14
62985	13
62986	14
62987	14
62988	15
62989	14
62990	13
62991	13
62992	14
62993	13
62994	12
62995	13
62996	13
62997	14
62998	13
62999	12
63000	12
63001	13
63002	12
63003	11
63004	11
63005	12
63006	12
63007	13
63008	15
63009	16
63010	15
63011	14
63012	15
63013	14
63014	13
63015	14
63016	13
63017	12
63018	12
63019	13
63020	12
63021	11
63022	13
63023	14
63024	14
63025	15
63026	14
63027	13
63028	13
63029	14
63030	13
63031	12
63032	13
63033	13
63034	14
63035	13
63036	12
63037	12
63038	13
63039	12
63040	11
63041	12
63042	12
63043	13
63044	12
63045	11
63046	11
63047	12
63048	11
63049	10
63050	11
63051	11
63052	12
63053	14
63054	15
63055	15
63056	16
63057	15
63058	14
63059	14
63060	15
63061	14
63062	13
63063	14
63064	14
63065	15
63066	14
63067	13
63068	13
63069	14
63070	13
63071	12
63072	13
63073	13
63074	14
63075	13
63076	12
63077	12
63078	13
63079	12
63080	11
63081	11
63082	12
63083	12
63084	13
63085	12
63086	11
63087	13
63088	14
63089	13
63090	12
63091	13
63092	12
63093	11
63094	12
63095	11
63096	10
63097	10
63098	11
63099	13
63100	14
63101	14
63102	15
63103	14
63104	13
63105	13
63106	14
63107	13
63108	12
63109	13
63110	13
63111	14
63112	13
63113	12
63114	12
63115	13
63116	12
63117	11
63118	12
63119	12
63120	13
63121	12
63122	11
63123	11
63124	12
63125	11
63126	10
63127	10
63128	11
63129	11
63130	12
63131	11
63132	10
63133	12
63134	13
63135	12
63136	11
63137	12
63138	11
63139	10
63140	11
63141	10
63142	9
63143	10
63144	10
63145	11
63146	13
63147	14
63148	14
63149	15
63150	14
63151	13
63152	13
63153	14
63154	13
63155	12
63156	13
63157	13
63158	14
63159	13
63160	12
63161	12
63162	13
63163	12
63164	11
63165	12
63166	12
63167	13
63168	12
63169	11
63170	11
63171	12
63172	11
63173	10
63174	10
63175	11
63176	11
63177	12
63178	11
63179	10
63180	12
63181	13
63182	12
63183	11
63184	12
63185	11
63186	10
63187	11
63188	10
63189	9
63190	9
63191	10
63192	12
63193	13
63194	13
63195	14
63196	13
63197	12
63198	12
63199	13
63200	12
63201	11
63202	12
63203	12
63204	13
63205	12
63206	11
63207	11
63208	12
63209	11
63210	10
63211	11
63212	11
63213	12
63214	11
63215	10
63216	10
63217	11
63218	10
63219	9
63220	9
63221	10
63222	10
63223	11
63224	10
63225	9
63226	11
63227	12
63228	11
63229	10
63230	11
63231	10
63232	9
63233	10
63234	9
63235	8
63236	8
63237	9
63238	9
63239	10
63240	12
63241	13
63242	13
63243	14
63244	13
63245	12
63246	12
63247	13
63248	12
63249	11
63250	12
63251	12
63252	13
63253	12
63254	11
63255	11
63256	12
63257	11
63258	10
63259	11
63260	11
63261	12
63262	11
63263	10
63264	10
63265	11
63266	10
63267	9
63268	9
63269	10
63270	10
63271	11
63272	10
63273	9
63274	11
63275	12
63276	11
63277	10
63278	11
63279	10
63280	9
63281	10
63282	9
63283	8
63284	10
63285	11
63286	11
63287	12
63288	12
63289	13
63290	12
63291	11
63292	13
63293	14
63294	13
63295	12
63296	13
63297	12
63298	11
63299	12
63300	11
63301	10
63302	10
63303	11
63304	11
63305	12
63306	11
63307	10
63308	12
63309	13
63310	12
63311	11
63312	12
63313	11
63314	10
63315	11
63316	10
63317	9
63318	10
63319	10
63320	11
63321	11
63322	12
63323	11
63324	10
63325	12
63326	13
63327	12
63328	11
63329	12
63330	11
63331	10
63332	11
63333	10
63334	9
63335	9
63336	10
63337	10
63338	11
63339	10
63340	9
63341	11
63342	12
63343	11
63344	10
63345	11
63346	10
63347	9
63348	10
63349	9
63350	8
63351	9
63352	9
63353	10
63354	12
63355	13
63356	12
63357	11
63358	12
63359	11
63360	10
63361	11
63362	10
63363	9
63364	9
63365	10
63366	9
63367	8
63368	8
63369	9
63370	11
63371	12
63372	11
63373	10
63374	11
63375	10
63376	9
63377	10
63378	9
63379	8
63380	8
63381	9
63382	8
63383	7
63384	9
63385	10
63386	10
63387	11
63388	11
63389	12
63390	14
63391	15
63392	15
63393	16
63394	15
63395	14
63396	14
63397	15
63398	14
63399	13
63400	14
63401	14
63402	15
63403	14
63404	13
63405	13
63406	14
63407	13
63408	12
63409	13
63410	13
63411	14
63412	13
63413	12
63414	12
63415	13
63416	12
63417	11
63418	11
63419	12
63420	12
63421	13
63422	12
63423	11
63424	13
63425	14
63426	13
63427	12
63428	13
63429	12
63430	11
63431	12
63432	11
63433	10
63434	12
63435	13
63436	13
63437	14
63438	14
63439	15
63440	14
63441	13
63442	15
63443	16
63444	15
63445	14
63446	15
63447	14
63448	13
63449	14
63450	13
63451	12
63452	12
63453	13
63454	13
63455	14
63456	13
63457	12
63458	14
63459	15
63460	14
63461	13
63462	14
63463	13
63464	12
63465	13
63466	12
63467	11
63468	12
63469	12
63470	13
63471	13
63472	14
63473	13
63474	12
63475	14
63476	15
63477	14
63478	13
63479	14
63480	13
63481	12
63482	13
63483	12
63484	11
63485	11
63486	12
63487	12
63488	13
63489	12
63490	11
63491	13
63492	14
63493	13
63494	12
63495	13
63496	12
63497	11
63498	12
63499	11
63500	10
63501	11
63502	11
63503	12
63504	14
63505	15
63506	14
63507	13
63508	14
63509	13
63510	12
63511	13
63512	12
63513	11
63514	11
63515	12
63516	11
63517	10
63518	10
63519	11
63520	13
63521	14
63522	13
63523	12
63524	13
63525	12
63526	11
63527	12
63528	11
63529	10
63530	10
63531	11
63532	10
63533	9
63534	9
63535	10
63536	10
63537	11
63538	13
63539	14
63540	14
63541	15
63542	14
63543	13
63544	13
63545	14
63546	13
63547	12
63548	13
63549	13
63550	14
63551	13
63552	12
63553	12
63554	13
63555	12
63556	11
63557	12
63558	12
63559	13
63560	12
63561	11
63562	11
63563	12
63564	11
63565	10
63566	10
63567	11
63568	11
63569	12
63570	11
63571	10
63572	12
63573	13
63574	12
63575	11
63576	12
63577	11
63578	10
63579	11
63580	10
63581	9
63582	11
63583	12
63584	12
63585	13
63586	13
63587	14
63588	13
63589	12
63590	14
63591	15
63592	14
63593	13
63594	14
63595	13
63596	12
63597	13
63598	12
63599	11
63600	11
63601	12
63602	12
63603	13
63604	12
63605	11
63606	13
63607	14
63608	13
63609	12
63610	13
63611	12
63612	11
63613	12
63614	11
63615	10
63616	11
63617	11
63618	12
63619	12
63620	13
63621	12
63622	11
63623	13
63624	14
63625	13
63626	12
63627	13
63628	12
63629	11
63630	12
63631	11
63632	10
63633	10
63634	11
63635	11
63636	12
63637	11
63638	10
63639	12
63640	13
63641	12
63642	11
63643	12
63644	11
63645	10
63646	11
63647	10
63648	9
63649	10
63650	10
63651	11
63652	13
63653	14
63654	13
63655	12
63656	13
63657	12
63658	11
63659	12
63660	11
63661	10
63662	10
63663	11
63664	10
63665	9
63666	9
63667	10
63668	12
63669	13
63670	12
63671	11
63672	12
63673	11
63674	10
63675	11
63676	10
63677	9
63678	9
63679	10
63680	9
63681	8
63682	9
63683	9
63684	10
63685	10
63686	11
63687	13
63688	14
63689	14
63690	15
63691	14
63692	13
63693	13
63694	14
63695	13
63696	12
63697	13
63698	13
63699	14
63700	13
63701	12
63702	12
63703	13
63704	12
63705	11
63706	12
63707	12
63708	13
63709	12
63710	11
63711	11
63712	12
63713	11
63714	10
63715	10
63716	11
63717	11
63718	12
63719	11
63720	10
63721	12
63722	13
63723	12
63724	11
63725	12
63726	11
63727	10
63728	11
63729	10
63730	9
63731	11
63732	12
63733	12
63734	13
63735	13
63736	14
63737	13
63738	12
63739	14
63740	15
63741	14
63742	13
63743	14
63744	13
63745	12
63746	13
63747	12
63748	11
63749	11
63750	12
63751	12
63752	13
63753	12
63754	11
63755	13
63756	14
63757	13
63758	12
63759	13
63760	12
63761	11
63762	12
63763	11
63764	10
63765	11
63766	11
63767	12
63768	12
63769	13
63770	12
63771	11
63772	13
63773	14
63774	13
63775	12
63776	13
63777	12
63778	11
63779	12
63780	11
63781	10
63782	10
63783	11
63784	11
63785	12
63786	11
63787	10
63788	12
63789	13
63790	12
63791	11
63792	12
63793	11
63794	10
63795	11
63796	10
63797	9
63798	10
63799	10
63800	11
63801	13
63802	14
63803	13
63804	12
63805	13
63806	12
63807	11
63808	12
63809	11
63810	10
63811	10
63812	11
63813	10
63814	9
63815	9
63816	10
63817	12
63818	13
63819	12
63820	11
63821	12
63822	11
63823	10
63824	11
63825	10
63826	9
63827	9
63828	10
63829	9
63830	8
63831	8
63832	9
63833	9
63834	10
63835	12
63836	13
63837	13
63838	14
63839	13
63840	12
63841	12
63842	13
63843	12
63844	11
63845	12
63846	12
63847	13
63848	12
63849	11
63850	11
63851	12
63852	11
63853	10
63854	11
63855	11
63856	12
63857	11
63858	10
63859	10
63860	11
63861	10
63862	9
63863	9
63864	10
63865	10
63866	11
63867	10
63868	9
63869	11
63870	12
63871	11
63872	10
63873	11
63874	10
63875	9
63876	10
63877	9
63878	8
63879	10
63880	11
63881	11
63882	12
63883	12
63884	13
63885	12
63886	11
63887	13
63888	14
63889	13
63890	12
63891	13
63892	12
63893	11
63894	12
63895	11
63896	10
63897	10
63898	11
63899	11
63900	12
63901	11
63902	10
63903	12
63904	13
63905	12
63906	11
63907	12
63908	11
63909	10
63910	11
63911	10
63912	9
63913	10
63914	10
63915	11
63916	11
63917	12
63918	11
63919	10
63920	12
63921	13
63922	12
63923	11
63924	12
63925	11
63926	10
63927	11
63928	10
63929	9
63930	9
63931	10
63932	10
63933	11
63934	10
63935	9
63936	11
63937	12
63938	11
63939	10
63940	11
63941	10
63942	9
63943	10
63944	9
63945	8
63946	9
63947	9
63948	10
63949	12
63950	13
63951	12
63952	11
63953	12
63954	11
63955	10
63956	11
63957	10
63958	9
63959	9
63960	10
63961	9
63962	8
63963	8
63964	9
63965	11
63966	12
63967	11
63968	10
63969	11
63970	10
63971	9
63972	10
63973	9
63974	8
63975	8
63976	9
63977	8
63978	7
63979	8
63980	8
63981	9
63982	11
63983	12
63984	12
63985	13
63986	13
63987	14
63988	13
63989	12
63990	14
63991	15
63992	14
63993	13
63994	14
63995	13
63996	12
63997	13
63998	12
63999	11
64000	11
64001	12
64002	12
64003	13
64004	12
64005	11
64006	13
64007	14
64008	13
64009	12
64010	13
64011	12
64012	11
64013	12
64014	11
64015	10
64016	11
64017	11
64018	12
64019	14
64020	15
64021	14
64022	13
64023	14
64024	13
64025	12
64026	13
64027	12
64028	11
64029	11
64030	12
64031	11
64032	10
64033	10
64034	11
64035	13
64036	14
64037	13
64038	12
64039	13
64040	12
64041	11
64042	12
64043	11
64044	10
64045	10
64046	11
64047	10
64048	9
64049	10
64050	10
64051	11
64052	13
64053	14
64054	13
64055	12
64056	13
64057	12
64058	11
64059	12
64060	11
64061	10
64062	10
64063	11
64064	10
64065	9
64066	9
64067	10
64068	12
64069	13
64070	12
64071	11
64072	12
64073	11
64074	10
64075	11
64076	10
64077	9
64078	9
64079	10
64080	9
64081	8
64082	8
64083	9
64084	9
64085	10
64086	12
64087	13
64088	12
64089	11
64090	12
64091	11
64092	10
64093	11
64094	10
64095	9
64096	9
64097	10
64098	9
64099	8
64100	10
64101	11
64102	11
64103	12
64104	11
64105	10
64106	10
64107	11
64108	10
64109	9
64110	10
64111	10
64112	11
64113	10
64114	9
64115	9
64116	10
64117	9
64118	8
64119	9
64120	9
64121	10
64122	9
64123	8
64124	8
64125	9
64126	8
64127	7
64128	7
64129	8
64130	10
64131	11
64132	11
64133	12
64134	12
64135	13
64136	12
64137	11
64138	13
64139	14
64140	13
64141	12
64142	13
64143	12
64144	11
64145	12
64146	11
64147	10
64148	10
64149	11
64150	11
64151	12
64152	11
64153	10
64154	12
64155	13
64156	12
64157	11
64158	12
64159	11
64160	10
64161	11
64162	10
64163	9
64164	10
64165	10
64166	11
64167	13
64168	14
64169	13
64170	12
64171	13
64172	12
64173	11
64174	12
64175	11
64176	10
64177	10
64178	11
64179	10
64180	9
64181	9
64182	10
64183	12
64184	13
64185	12
64186	11
64187	12
64188	11
64189	10
64190	11
64191	10
64192	9
64193	9
64194	10
64195	9
64196	8
64197	9
64198	9
64199	10
64200	12
64201	13
64202	12
64203	11
64204	12
64205	11
64206	10
64207	11
64208	10
64209	9
64210	9
64211	10
64212	9
64213	8
64214	8
64215	9
64216	11
64217	12
64218	11
64219	10
64220	11
64221	10
64222	9
64223	10
64224	9
64225	8
64226	8
64227	9
64228	8
64229	7
64230	7
64231	8
64232	8
64233	9
64234	11
64235	12
64236	11
64237	10
64238	11
64239	10
64240	9
64241	10
64242	9
64243	8
64244	8
64245	9
64246	8
64247	7
64248	9
64249	10
64250	10
64251	11
64252	10
64253	9
64254	9
64255	10
64256	9
64257	8
64258	9
64259	9
64260	10
64261	9
64262	8
64263	8
64264	9
64265	8
64266	7
64267	8
64268	8
64269	9
64270	8
64271	7
64272	7
64273	8
64274	7
64275	6
64276	6
64277	7
64278	7
64279	8
64280	10
64281	11
64282	11
64283	12
64284	12
64285	13
64286	15
64287	16
64288	15
64289	14
64290	15
64291	14
64292	13
64293	14
64294	13
64295	12
64296	12
64297	13
64298	12
64299	11
64300	13
64301	14
64302	14
64303	15
64304	14
64305	13
64306	13
64307	14
64308	13
64309	12
64310	13
64311	13
64312	14
64313	13
64314	12
64315	12
64316	13
64317	12
64318	11
64319	12
64320	12
64321	13
64322	12
64323	11
64324	11
64325	12
64326	11
64327	10
64328	10
64329	11
64330	11
64331	12
64332	14
64333	15
64334	14
64335	13
64336	14
64337	13
64338	12
64339	13
64340	12
64341	11
64342	11
64343	12
64344	11
64345	10
64346	12
64347	13
64348	13
64349	14
64350	13
64351	12
64352	12
64353	13
64354	12
64355	11
64356	12
64357	12
64358	13
64359	12
64360	11
64361	11
64362	12
64363	11
64364	10
64365	11
64366	11
64367	12
64368	11
64369	10
64370	10
64371	11
64372	10
64373	9
64374	10
64375	10
64376	11
64377	13
64378	14
64379	14
64380	15
64381	14
64382	13
64383	13
64384	14
64385	13
64386	12
64387	13
64388	13
64389	14
64390	13
64391	12
64392	12
64393	13
64394	12
64395	11
64396	12
64397	12
64398	13
64399	12
64400	11
64401	11
64402	12
64403	11
64404	10
64405	10
64406	11
64407	11
64408	12
64409	11
64410	10
64411	12
64412	13
64413	12
64414	11
64415	12
64416	11
64417	10
64418	11
64419	10
64420	9
64421	9
64422	10
64423	12
64424	13
64425	13
64426	14
64427	13
64428	12
64429	12
64430	13
64431	12
64432	11
64433	12
64434	12
64435	13
64436	12
64437	11
64438	11
64439	12
64440	11
64441	10
64442	11
64443	11
64444	12
64445	11
64446	10
64447	10
64448	11
64449	10
64450	9
64451	9
64452	10
64453	10
64454	11
64455	10
64456	9
64457	11
64458	12
64459	11
64460	10
64461	11
64462	10
64463	9
64464	10
64465	9
64466	8
64467	9
64468	9
64469	10
64470	12
64471	13
64472	13
64473	14
64474	13
64475	12
64476	12
64477	13
64478	12
64479	11
64480	12
64481	12
64482	13
64483	12
64484	11
64485	11
64486	12
64487	11
64488	10
64489	11
64490	11
64491	12
64492	11
64493	10
64494	10
64495	11
64496	10
64497	9
64498	9
64499	10
64500	10
64501	11
64502	10
64503	9
64504	11
64505	12
64506	11
64507	10
64508	11
64509	10
64510	9
64511	10
64512	9
64513	8
64514	8
64515	9
64516	11
64517	12
64518	12
64519	13
64520	12
64521	11
64522	11
64523	12
64524	11
64525	10
64526	11
64527	11
64528	12
64529	11
64530	10
64531	10
64532	11
64533	10
64534	9
64535	10
64536	10
64537	11
64538	10
64539	9
64540	9
64541	10
64542	9
64543	8
64544	8
64545	9
64546	9
64547	10
64548	9
64549	8
64550	10
64551	11
64552	10
64553	9
64554	10
64555	9
64556	8
64557	9
64558	8
64559	7
64560	7
64561	8
64562	8
64563	9
64564	11
64565	12
64566	12
64567	13
64568	12
64569	11
64570	11
64571	12
64572	11
64573	10
64574	11
64575	11
64576	12
64577	11
64578	10
64579	10
64580	11
64581	10
64582	9
64583	10
64584	10
64585	11
64586	10
64587	9
64588	9
64589	10
64590	9
64591	8
64592	8
64593	9
64594	9
64595	10
64596	9
64597	8
64598	10
64599	11
64600	10
64601	9
64602	10
64603	9
64604	8
64605	9
64606	8
64607	7
64608	9
64609	10
64610	10
64611	11
64612	11
64613	12
64614	11
64615	10
64616	12
64617	13
64618	12
64619	11
64620	12
64621	11
64622	10
64623	11
64624	10
64625	9
64626	9
64627	10
64628	10
64629	11
64630	10
64631	9
64632	11
64633	12
64634	11
64635	10
64636	11
64637	10
64638	9
64639	10
64640	9
64641	8
64642	9
64643	9
64644	10
64645	10
64646	11
64647	10
64648	9
64649	11
64650	12
64651	11
64652	10
64653	11
64654	10
64655	9
64656	10
64657	9
64658	8
64659	8
64660	9
64661	9
64662	10
64663	9
64664	8
64665	10
64666	11
64667	10
64668	9
64669	10
64670	9
64671	8
64672	9
64673	8
64674	7
64675	8
64676	8
64677	9
64678	11
64679	12
64680	11
64681	10
64682	11
64683	10
64684	9
64685	10
64686	9
64687	8
64688	8
64689	9
64690	8
64691	7
64692	7
64693	8
64694	10
64695	11
64696	10
64697	9
64698	10
64699	9
64700	8
64701	9
64702	8
64703	7
64704	7
64705	8
64706	7
64707	6
64708	8
64709	9
64710	9
64711	10
64712	10
64713	11
64714	13
64715	14
64716	14
64717	15
64718	14
64719	13
64720	13
64721	14
64722	13
64723	12
64724	13
64725	13
64726	14
64727	13
64728	12
64729	12
64730	13
64731	12
64732	11
64733	12
64734	12
64735	13
64736	12
64737	11
64738	11
64739	12
64740	11
64741	10
64742	10
64743	11
64744	11
64745	12
64746	11
64747	10
64748	12
64749	13
64750	12
64751	11
64752	12
64753	11
64754	10
64755	11
64756	10
64757	9
64758	11
64759	12
64760	12
64761	13
64762	13
64763	14
64764	13
64765	12
64766	14
64767	15
64768	14
64769	13
64770	14
64771	13
64772	12
64773	13
64774	12
64775	11
64776	11
64777	12
64778	12
64779	13
64780	12
64781	11
64782	13
64783	14
64784	13
64785	12
64786	13
64787	12
64788	11
64789	12
64790	11
64791	10
64792	11
64793	11
64794	12
64795	12
64796	13
64797	12
64798	11
64799	13
64800	14
64801	13
64802	12
64803	13
64804	12
64805	11
64806	12
64807	11
64808	10
64809	10
64810	11
64811	11
64812	12
64813	11
64814	10
64815	12
64816	13
64817	12
64818	11
64819	12
64820	11
64821	10
64822	11
64823	10
64824	9
64825	10
64826	10
64827	11
64828	13
64829	14
64830	13
64831	12
64832	13
64833	12
64834	11
64835	12
64836	11
64837	10
64838	10
64839	11
64840	10
64841	9
64842	9
64843	10
64844	12
64845	13
64846	12
64847	11
64848	12
64849	11
64850	10
64851	11
64852	10
64853	9
64854	9
64855	10
64856	9
64857	8
64858	8
64859	9
64860	9
64861	10
64862	12
64863	13
64864	13
64865	14
64866	13
64867	12
64868	12
64869	13
64870	12
64871	11
64872	12
64873	12
64874	13
64875	12
64876	11
64877	11
64878	12
64879	11
64880	10
64881	11
64882	11
64883	12
64884	11
64885	10
64886	10
64887	11
64888	10
64889	9
64890	9
64891	10
64892	10
64893	11
64894	10
64895	9
64896	11
64897	12
64898	11
64899	10
64900	11
64901	10
64902	9
64903	10
64904	9
64905	8
64906	10
64907	11
64908	11
64909	12
64910	12
64911	13
64912	12
64913	11
64914	13
64915	14
64916	13
64917	12
64918	13
64919	12
64920	11
64921	12
64922	11
64923	10
64924	10
64925	11
64926	11
64927	12
64928	11
64929	10
64930	12
64931	13
64932	12
64933	11
64934	12
64935	11
64936	10
64937	11
64938	10
64939	9
64940	10
64941	10
64942	11
64943	11
64944	12
64945	11
64946	10
64947	12
64948	13
64949	12
64950	11
64951	12
64952	11
64953	10
64954	11
64955	10
64956	9
64957	9
64958	10
64959	10
64960	11
64961	10
64962	9
64963	11
64964	12
64965	11
64966	10
64967	11
64968	10
64969	9
64970	10
64971	9
64972	8
64973	9
64974	9
64975	10
64976	12
64977	13
64978	12
64979	11
64980	12
64981	11
64982	10
64983	11
64984	10
64985	9
64986	9
64987	10
64988	9
64989	8
64990	8
64991	9
64992	11
64993	12
64994	11
64995	10
64996	11
64997	10
64998	9
64999	10
65000	9
65001	8
65002	8
65003	9
65004	8
65005	7
65006	8
65007	8
65008	9
65009	9
65010	10
65011	12
65012	13
65013	13
65014	14
65015	13
65016	12
65017	12
65018	13
65019	12
65020	11
65021	12
65022	12
65023	13
65024	12
65025	11
65026	11
65027	12
65028	11
65029	10
65030	11
65031	11
65032	12
65033	11
65034	10
65035	10
65036	11
65037	10
65038	9
65039	9
65040	10
65041	10
65042	11
65043	10
65044	9
65045	11
65046	12
65047	11
65048	10
65049	11
65050	10
65051	9
65052	10
65053	9
65054	8
65055	10
65056	11
65057	11
65058	12
65059	12
65060	13
65061	12
65062	11
65063	13
65064	14
65065	13
65066	12
65067	13
65068	12
65069	11
65070	12
65071	11
65072	10
65073	10
65074	11
65075	11
65076	12
65077	11
65078	10
65079	12
65080	13
65081	12
65082	11
65083	12
65084	11
65085	10
65086	11
65087	10
65088	9
65089	10
65090	10
65091	11
65092	11
65093	12
65094	11
65095	10
65096	12
65097	13
65098	12
65099	11
65100	12
65101	11
65102	10
65103	11
65104	10
65105	9
65106	9
65107	10
65108	10
65109	11
65110	10
65111	9
65112	11
65113	12
65114	11
65115	10
65116	11
65117	10
65118	9
65119	10
65120	9
65121	8
65122	9
65123	9
65124	10
65125	12
65126	13
65127	12
65128	11
65129	12
65130	11
65131	10
65132	11
65133	10
65134	9
65135	9
65136	10
65137	9
65138	8
65139	8
65140	9
65141	11
65142	12
65143	11
65144	10
65145	11
65146	10
65147	9
65148	10
65149	9
65150	8
65151	8
65152	9
65153	8
65154	7
65155	7
65156	8
65157	8
65158	9
65159	11
65160	12
65161	12
65162	13
65163	12
65164	11
65165	11
65166	12
65167	11
65168	10
65169	11
65170	11
65171	12
65172	11
65173	10
65174	10
65175	11
65176	10
65177	9
65178	10
65179	10
65180	11
65181	10
65182	9
65183	9
65184	10
65185	9
65186	8
65187	8
65188	9
65189	9
65190	10
65191	9
65192	8
65193	10
65194	11
65195	10
65196	9
65197	10
65198	9
65199	8
65200	9
65201	8
65202	7
65203	9
65204	10
65205	10
65206	11
65207	11
65208	12
65209	11
65210	10
65211	12
65212	13
65213	12
65214	11
65215	12
65216	11
65217	10
65218	11
65219	10
65220	9
65221	9
65222	10
65223	10
65224	11
65225	10
65226	9
65227	11
65228	12
65229	11
65230	10
65231	11
65232	10
65233	9
65234	10
65235	9
65236	8
65237	9
65238	9
65239	10
65240	10
65241	11
65242	10
65243	9
65244	11
65245	12
65246	11
65247	10
65248	11
65249	10
65250	9
65251	10
65252	9
65253	8
65254	8
65255	9
65256	9
65257	10
65258	9
65259	8
65260	10
65261	11
65262	10
65263	9
65264	10
65265	9
65266	8
65267	9
65268	8
65269	7
65270	8
65271	8
65272	9
65273	11
65274	12
65275	11
65276	10
65277	11
65278	10
65279	9
65280	10
65281	9
65282	8
65283	8
65284	9
65285	8
65286	7
65287	7
65288	8
65289	10
65290	11
65291	10
65292	9
65293	10
65294	9
65295	8
65296	9
65297	8
65298	7
65299	7
65300	8
65301	7
65302	6
65303	7
65304	7
65305	8
65306	10
65307	11
65308	11
65309	12
65310	12
65311	13
65312	12
65313	11
65314	13
65315	14
65316	13
65317	12
65318	13
65319	12
65320	11
65321	12
65322	11
65323	10
65324	10
65325	11
65326	11
65327	12
65328	11
65329	10
65330	12
65331	13
65332	12
65333	11
65334	12
65335	11
65336	10
65337	11
65338	10
65339	9
65340	10
65341	10
65342	11
65343	13
65344	14
65345	13
65346	12
65347	13
65348	12
65349	11
65350	12
65351	11
65352	10
65353	10
65354	11
65355	10
65356	9
65357	9
65358	10
65359	12
65360	13
65361	12
65362	11
65363	12
65364	11
65365	10
65366	11
65367	10
65368	9
65369	9
65370	10
65371	9
65372	8
65373	9
65374	9
65375	10
65376	12
65377	13
65378	12
65379	11
65380	12
65381	11
65382	10
65383	11
65384	10
65385	9
65386	9
65387	10
65388	9
65389	8
65390	8
65391	9
65392	11
65393	12
65394	11
65395	10
65396	11
65397	10
65398	9
65399	10
65400	9
65401	8
65402	8
65403	9
65404	8
65405	7
65406	7
65407	8
65408	8
65409	9
65410	11
65411	12
65412	11
65413	10
65414	11
65415	10
65416	9
65417	10
65418	9
65419	8
65420	8
65421	9
65422	8
65423	7
65424	9
65425	10
65426	10
65427	11
65428	10
65429	9
65430	9
65431	10
65432	9
65433	8
65434	9
65435	9
65436	10
65437	9
65438	8
65439	8
65440	9
65441	8
65442	7
65443	8
65444	8
65445	9
65446	8
65447	7
65448	7
65449	8
65450	7
65451	6
65452	6
65453	7
65454	9
65455	10
65456	10
65457	11
65458	11
65459	12
65460	11
65461	10
65462	12
65463	13
65464	12
65465	11
65466	12
65467	11
65468	10
65469	11
65470	10
65471	9
65472	9
65473	10
65474	10
65475	11
65476	10
65477	9
65478	11
65479	12
65480	11
65481	10
65482	11
65483	10
65484	9
65485	10
65486	9
65487	8
65488	9
65489	9
65490	10
65491	12
65492	13
65493	12
65494	11
65495	12
65496	11
65497	10
65498	11
65499	10
65500	9
65501	9
65502	10
65503	9
65504	8
65505	8
65506	9
65507	11
65508	12
65509	11
65510	10
65511	11
65512	10
65513	9
65514	10
65515	9
65516	8
65517	8
65518	9
65519	8
65520	7
65521	8
65522	8
65523	9
65524	11
65525	12
65526	11
65527	10
65528	11
65529	10
65530	9
65531	10
65532	9
65533	8
65534	8
65535	9
65536	8
65537	7
65538	7
65539	8
65540	10
65541	11
65542	10
65543	9
65544	10
65545	9
65546	8
65547	9
65548	8
65549	7
65550	7
65551	8
65552	7
65553	6
65554	6
65555	7
65556	7
65557	8
65558	10
65559	11
65560	10
65561	9
65562	10
65563	9
65564	8
65565	9
65566	8
65567	7
65568	7
65569	8
65570	7
65571	6
65572	8
65573	9
65574	9
65575	10
65576	9
65577	8
65578	8
65579	9
65580	8
65581	7
65582	8
65583	8
65584	9
65585	8
65586	7
65587	7
65588	8
65589	7
65590	6
65591	7
65592	7
65593	8
65594	7
65595	6
65596	6
65597	7
65598	6
65599	5
65600	6
65601	6
65602	7
65603	9
65604	10
65605	10
65606	11
65607	11
65608	12
65609	14
65610	15
65611	15
65612	16
65613	15
65614	14
65615	14
65616	15
65617	14
65618	13
65619	14
65620	14
65621	15
65622	14
65623	13
65624	13
65625	14
65626	13
65627	12
65628	13
65629	13
65630	14
65631	13
65632	12
65633	12
65634	13
65635	12
65636	11
65637	11
65638	12
65639	12
65640	13
65641	12
65642	11
65643	13
65644	14
65645	13
65646	12
65647	13
65648	12
65649	11
65650	12
65651	11
65652	10
65653	12
65654	13
65655	13
65656	14
65657	14
65658	15
65659	14
65660	13
65661	15
65662	16
65663	15
65664	14
65665	15
65666	14
65667	13
65668	14
65669	13
65670	12
65671	12
65672	13
65673	13
65674	14
65675	13
65676	12
65677	14
65678	15
65679	14
65680	13
65681	14
65682	13
65683	12
65684	13
65685	12
65686	11
65687	12
65688	12
65689	13
65690	13
65691	14
65692	13
65693	12
65694	14
65695	15
65696	14
65697	13
65698	14
65699	13
65700	12
65701	13
65702	12
65703	11
65704	11
65705	12
65706	12
65707	13
65708	12
65709	11
65710	13
65711	14
65712	13
65713	12
65714	13
65715	12
65716	11
65717	12
65718	11
65719	10
65720	11
65721	11
65722	12
65723	14
65724	15
65725	14
65726	13
65727	14
65728	13
65729	12
65730	13
65731	12
65732	11
65733	11
65734	12
65735	11
65736	10
65737	10
65738	11
65739	13
65740	14
65741	13
65742	12
65743	13
65744	12
65745	11
65746	12
65747	11
65748	10
65749	10
65750	11
65751	10
65752	9
65753	9
65754	10
65755	10
65756	11
65757	13
65758	14
65759	14
65760	15
65761	14
65762	13
65763	13
65764	14
65765	13
65766	12
65767	13
65768	13
65769	14
65770	13
65771	12
65772	12
65773	13
65774	12
65775	11
65776	12
65777	12
65778	13
65779	12
65780	11
65781	11
65782	12
65783	11
65784	10
65785	10
65786	11
65787	11
65788	12
65789	11
65790	10
65791	12
65792	13
65793	12
65794	11
65795	12
65796	11
65797	10
65798	11
65799	10
65800	9
65801	11
65802	12
65803	12
65804	13
65805	13
65806	14
65807	13
65808	12
65809	14
65810	15
65811	14
65812	13
65813	14
65814	13
65815	12
65816	13
65817	12
65818	11
65819	11
65820	12
65821	12
65822	13
65823	12
65824	11
65825	13
65826	14
65827	13
65828	12
65829	13
65830	12
65831	11
65832	12
65833	11
65834	10
65835	11
65836	11
65837	12
65838	12
65839	13
65840	12
65841	11
65842	13
65843	14
65844	13
65845	12
65846	13
65847	12
65848	11
65849	12
65850	11
65851	10
65852	10
65853	11
65854	11
65855	12
65856	11
65857	10
65858	12
65859	13
65860	12
65861	11
65862	12
65863	11
65864	10
65865	11
65866	10
65867	9
65868	10
65869	10
65870	11
65871	13
65872	14
65873	13
65874	12
65875	13
65876	12
65877	11
65878	12
65879	11
65880	10
65881	10
65882	11
65883	10
65884	9
65885	9
65886	10
65887	12
65888	13
65889	12
65890	11
65891	12
65892	11
65893	10
65894	11
65895	10
65896	9
65897	9
65898	10
65899	9
65900	8
65901	9
65902	9
65903	10
65904	12
65905	13
65906	13
65907	14
65908	14
65909	15
65910	14
65911	13
65912	15
65913	16
65914	15
65915	14
65916	15
65917	14
65918	13
65919	14
65920	13
65921	12
65922	12
65923	13
65924	13
65925	14
65926	13
65927	12
65928	14
65929	15
65930	14
65931	13
65932	14
65933	13
65934	12
65935	13
65936	12
65937	11
65938	12
65939	12
65940	13
65941	15
65942	16
65943	15
65944	14
65945	15
65946	14
65947	13
65948	14
65949	13
65950	12
65951	12
65952	13
65953	12
65954	11
65955	11
65956	12
65957	14
65958	15
65959	14
65960	13
65961	14
65962	13
65963	12
65964	13
65965	12
65966	11
65967	11
65968	12
65969	11
65970	10
65971	11
65972	11
65973	12
65974	14
65975	15
65976	14
65977	13
65978	14
65979	13
65980	12
65981	13
65982	12
65983	11
65984	11
65985	12
65986	11
65987	10
65988	10
65989	11
65990	13
65991	14
65992	13
65993	12
65994	13
65995	12
65996	11
65997	12
65998	11
65999	10
66000	10
66001	11
66002	10
66003	9
66004	9
66005	10
66006	10
66007	11
66008	13
66009	14
66010	13
66011	12
66012	13
66013	12
66014	11
66015	12
66016	11
66017	10
66018	10
66019	11
66020	10
66021	9
66022	11
66023	12
66024	12
66025	13
66026	12
66027	11
66028	11
66029	12
66030	11
66031	10
66032	11
66033	11
66034	12
66035	11
66036	10
66037	10
66038	11
66039	10
66040	9
66041	10
66042	10
66043	11
66044	10
66045	9
66046	9
66047	10
66048	9
66049	8
66050	8
66051	9
66052	11
66053	12
66054	12
66055	13
66056	13
66057	14
66058	13
66059	12
66060	14
66061	15
66062	14
66063	13
66064	14
66065	13
66066	12
66067	13
66068	12
66069	11
66070	11
66071	12
66072	12
66073	13
66074	12
66075	11
66076	13
66077	14
66078	13
66079	12
66080	13
66081	12
66082	11
66083	12
66084	11
66085	10
66086	11
66087	11
66088	12
66089	14
66090	15
66091	14
66092	13
66093	14
66094	13
66095	12
66096	13
66097	12
66098	11
66099	11
66100	12
66101	11
66102	10
66103	10
66104	11
66105	13
66106	14
66107	13
66108	12
66109	13
66110	12
66111	11
66112	12
66113	11
66114	10
66115	10
66116	11
66117	10
66118	9
66119	10
66120	10
66121	11
66122	13
66123	14
66124	13
66125	12
66126	13
66127	12
66128	11
66129	12
66130	11
66131	10
66132	10
66133	11
66134	10
66135	9
66136	9
66137	10
66138	12
66139	13
66140	12
66141	11
66142	12
66143	11
66144	10
66145	11
66146	10
66147	9
66148	9
66149	10
66150	9
66151	8
66152	8
66153	9
66154	9
66155	10
66156	12
66157	13
66158	12
66159	11
66160	12
66161	11
66162	10
66163	11
66164	10
66165	9
66166	9
66167	10
66168	9
66169	8
66170	10
66171	11
66172	11
66173	12
66174	11
66175	10
66176	10
66177	11
66178	10
66179	9
66180	10
66181	10
66182	11
66183	10
66184	9
66185	9
66186	10
66187	9
66188	8
66189	9
66190	9
66191	10
66192	9
66193	8
66194	8
66195	9
66196	8
66197	7
66198	8
66199	8
66200	9
66201	11
66202	12
66203	12
66204	13
66205	13
66206	14
66207	13
66208	12
66209	14
66210	15
66211	14
66212	13
66213	14
66214	13
66215	12
66216	13
66217	12
66218	11
66219	11
66220	12
66221	12
66222	13
66223	12
66224	11
66225	13
66226	14
66227	13
66228	12
66229	13
66230	12
66231	11
66232	12
66233	11
66234	10
66235	11
66236	11
66237	12
66238	14
66239	15
66240	14
66241	13
66242	14
66243	13
66244	12
66245	13
66246	12
66247	11
66248	11
66249	12
66250	11
66251	10
66252	10
66253	11
66254	13
66255	14
66256	13
66257	12
66258	13
66259	12
66260	11
66261	12
66262	11
66263	10
66264	10
66265	11
66266	10
66267	9
66268	10
66269	10
66270	11
66271	13
66272	14
66273	13
66274	12
66275	13
66276	12
66277	11
66278	12
66279	11
66280	10
66281	10
66282	11
66283	10
66284	9
66285	9
66286	10
66287	12
66288	13
66289	12
66290	11
66291	12
66292	11
66293	10
66294	11
66295	10
66296	9
66297	9
66298	10
66299	9
66300	8
66301	8
66302	9
66303	9
66304	10
66305	12
66306	13
66307	12
66308	11
66309	12
66310	11
66311	10
66312	11
66313	10
66314	9
66315	9
66316	10
66317	9
66318	8
66319	10
66320	11
66321	11
66322	12
66323	11
66324	10
66325	10
66326	11
66327	10
66328	9
66329	10
66330	10
66331	11
66332	10
66333	9
66334	9
66335	10
66336	9
66337	8
66338	9
66339	9
66340	10
66341	9
66342	8
66343	8
66344	9
66345	8
66346	7
66347	7
66348	8
66349	10
66350	11
66351	11
66352	12
66353	12
66354	13
66355	12
66356	11
66357	13
66358	14
66359	13
66360	12
66361	13
66362	12
66363	11
66364	12
66365	11
66366	10
66367	10
66368	11
66369	11
66370	12
66371	11
66372	10
66373	12
66374	13
66375	12
66376	11
66377	12
66378	11
66379	10
66380	11
66381	10
66382	9
66383	10
66384	10
66385	11
66386	13
66387	14
66388	13
66389	12
66390	13
66391	12
66392	11
66393	12
66394	11
66395	10
66396	10
66397	11
66398	10
66399	9
66400	9
66401	10
66402	12
66403	13
66404	12
66405	11
66406	12
66407	11
66408	10
66409	11
66410	10
66411	9
66412	9
66413	10
66414	9
66415	8
66416	9
66417	9
66418	10
66419	12
66420	13
66421	12
66422	11
66423	12
66424	11
66425	10
66426	11
66427	10
66428	9
66429	9
66430	10
66431	9
66432	8
66433	8
66434	9
66435	11
66436	12
66437	11
66438	10
66439	11
66440	10
66441	9
66442	10
66443	9
66444	8
66445	8
66446	9
66447	8
66448	7
66449	7
66450	8
66451	8
66452	9
66453	11
66454	12
66455	11
66456	10
66457	11
66458	10
66459	9
66460	10
66461	9
66462	8
66463	8
66464	9
66465	8
66466	7
66467	9
66468	10
66469	10
66470	11
66471	10
66472	9
66473	9
66474	10
66475	9
66476	8
66477	9
66478	9
66479	10
66480	9
66481	8
66482	8
66483	9
66484	8
66485	7
66486	8
66487	8
66488	9
66489	8
66490	7
66491	7
66492	8
66493	7
66494	6
66495	6
66496	7
66497	7
66498	8
66499	10
66500	11
66501	11
66502	12
66503	12
66504	13
66505	12
66506	11
66507	13
66508	14
66509	13
66510	12
66511	13
66512	12
66513	11
66514	12
66515	11
66516	10
66517	10
66518	11
66519	11
66520	12
66521	11
66522	10
66523	12
66524	13
66525	12
66526	11
66527	12
66528	11
66529	10
66530	11
66531	10
66532	9
66533	10
66534	10
66535	11
66536	13
66537	14
66538	13
66539	12
66540	13
66541	12
66542	11
66543	12
66544	11
66545	10
66546	10
66547	11
66548	10
66549	9
66550	9
66551	10
66552	12
66553	13
66554	12
66555	11
66556	12
66557	11
66558	10
66559	11
66560	10
66561	9
66562	9
66563	10
66564	9
66565	8
66566	9
66567	9
66568	10
66569	12
66570	13
66571	12
66572	11
66573	12
66574	11
66575	10
66576	11
66577	10
66578	9
66579	9
66580	10
66581	9
66582	8
66583	8
66584	9
66585	11
66586	12
66587	11
66588	10
66589	11
66590	10
66591	9
66592	10
66593	9
66594	8
66595	8
66596	9
66597	8
66598	7
66599	7
66600	8
66601	8
66602	9
66603	11
66604	12
66605	11
66606	10
66607	11
66608	10
66609	9
66610	10
66611	9
66612	8
66613	8
66614	9
66615	8
66616	7
66617	9
66618	10
66619	10
66620	11
66621	10
66622	9
66623	9
66624	10
66625	9
66626	8
66627	9
66628	9
66629	10
66630	9
66631	8
66632	8
66633	9
66634	8
66635	7
66636	8
66637	8
66638	9
66639	8
66640	7
66641	7
66642	8
66643	7
66644	6
66645	8
66646	9
66647	9
66648	10
66649	10
66650	11
66651	13
66652	14
66653	13
66654	12
66655	13
66656	12
66657	11
66658	12
66659	11
66660	10
66661	10
66662	11
66663	10
66664	9
66665	11
66666	12
66667	12
66668	13
66669	12
66670	11
66671	11
66672	12
66673	11
66674	10
66675	11
66676	11
66677	12
66678	11
66679	10
66680	10
66681	11
66682	10
66683	9
66684	10
66685	10
66686	11
66687	10
66688	9
66689	9
66690	10
66691	9
66692	8
66693	8
66694	9
66695	9
66696	10
66697	12
66698	13
66699	12
66700	11
66701	12
66702	11
66703	10
66704	11
66705	10
66706	9
66707	9
66708	10
66709	9
66710	8
66711	10
66712	11
66713	11
66714	12
66715	11
66716	10
66717	10
66718	11
66719	10
66720	9
66721	10
66722	10
66723	11
66724	10
66725	9
66726	9
66727	10
66728	9
66729	8
66730	9
66731	9
66732	10
66733	9
66734	8
66735	8
66736	9
66737	8
66738	7
66739	8
66740	8
66741	9
66742	9
66743	10
66744	12
66745	13
66746	12
66747	11
66748	12
66749	11
66750	10
66751	11
66752	10
66753	9
66754	9
66755	10
66756	9
66757	8
66758	10
66759	11
66760	11
66761	12
66762	11
66763	10
66764	10
66765	11
66766	10
66767	9
66768	10
66769	10
66770	11
66771	10
66772	9
66773	9
66774	10
66775	9
66776	8
66777	9
66778	9
66779	10
66780	9
66781	8
66782	8
66783	9
66784	8
66785	7
66786	7
66787	8
66788	8
66789	9
66790	11
66791	12
66792	11
66793	10
66794	11
66795	10
66796	9
66797	10
66798	9
66799	8
66800	8
66801	9
66802	8
66803	7
66804	9
66805	10
66806	10
66807	11
66808	10
66809	9
66810	9
66811	10
66812	9
66813	8
66814	9
66815	9
66816	10
66817	9
66818	8
66819	8
66820	9
66821	8
66822	7
66823	8
66824	8
66825	9
66826	8
66827	7
66828	7
66829	8
66830	7
66831	6
66832	7
66833	7
66834	8
66835	10
66836	11
66837	11
66838	12
66839	11
66840	10
66841	10
66842	11
66843	10
66844	9
66845	10
66846	10
66847	11
66848	10
66849	9
66850	9
66851	10
66852	9
66853	8
66854	9
66855	9
66856	10
66857	9
66858	8
66859	8
66860	9
66861	8
66862	7
66863	7
66864	8
66865	8
66866	9
66867	8
66868	7
66869	9
66870	10
66871	9
66872	8
66873	9
66874	8
66875	7
66876	8
66877	7
66878	6
66879	6
66880	7
66881	9
66882	10
66883	10
66884	11
66885	10
66886	9
66887	9
66888	10
66889	9
66890	8
66891	9
66892	9
66893	10
66894	9
66895	8
66896	8
66897	9
66898	8
66899	7
66900	8
66901	8
66902	9
66903	8
66904	7
66905	7
66906	8
66907	7
66908	6
66909	6
66910	7
66911	7
66912	8
66913	7
66914	6
66915	8
66916	9
66917	8
66918	7
66919	8
66920	7
66921	6
66922	7
66923	6
66924	5
66925	5
66926	6
66927	8
66928	9
66929	9
66930	10
66931	10
66932	11
66933	13
66934	14
66935	14
66936	15
66937	14
66938	13
66939	13
66940	14
66941	13
66942	12
66943	13
66944	13
66945	14
66946	13
66947	12
66948	12
66949	13
66950	12
66951	11
66952	12
66953	12
66954	13
66955	12
66956	11
66957	11
66958	12
66959	11
66960	10
66961	10
66962	11
66963	11
66964	12
66965	11
66966	10
66967	12
66968	13
66969	12
66970	11
66971	12
66972	11
66973	10
66974	11
66975	10
66976	9
66977	11
66978	12
66979	12
66980	13
66981	13
66982	14
66983	13
66984	12
66985	14
66986	15
66987	14
66988	13
66989	14
66990	13
66991	12
66992	13
66993	12
66994	11
66995	11
66996	12
66997	12
66998	13
66999	12
67000	11
67001	13
67002	14
67003	13
67004	12
67005	13
67006	12
67007	11
67008	12
67009	11
67010	10
67011	11
67012	11
67013	12
67014	12
67015	13
67016	12
67017	11
67018	13
67019	14
67020	13
67021	12
67022	13
67023	12
67024	11
67025	12
67026	11
67027	10
67028	10
67029	11
67030	11
67031	12
67032	11
67033	10
67034	12
67035	13
67036	12
67037	11
67038	12
67039	11
67040	10
67041	11
67042	10
67043	9
67044	10
67045	10
67046	11
67047	13
67048	14
67049	13
67050	12
67051	13
67052	12
67053	11
67054	12
67055	11
67056	10
67057	10
67058	11
67059	10
67060	9
67061	9
67062	10
67063	12
67064	13
67065	12
67066	11
67067	12
67068	11
67069	10
67070	11
67071	10
67072	9
67073	9
67074	10
67075	9
67076	8
67077	8
67078	9
67079	9
67080	10
67081	12
67082	13
67083	13
67084	14
67085	13
67086	12
67087	12
67088	13
67089	12
67090	11
67091	12
67092	12
67093	13
67094	12
67095	11
67096	11
67097	12
67098	11
67099	10
67100	11
67101	11
67102	12
67103	11
67104	10
67105	10
67106	11
67107	10
67108	9
67109	9
67110	10
67111	10
67112	11
67113	10
67114	9
67115	11
67116	12
67117	11
67118	10
67119	11
67120	10
67121	9
67122	10
67123	9
67124	8
67125	10
67126	11
67127	11
67128	12
67129	12
67130	13
67131	12
67132	11
67133	13
67134	14
67135	13
67136	12
67137	13
67138	12
67139	11
67140	12
67141	11
67142	10
67143	10
67144	11
67145	11
67146	12
67147	11
67148	10
67149	12
67150	13
67151	12
67152	11
67153	12
67154	11
67155	10
67156	11
67157	10
67158	9
67159	10
67160	10
67161	11
67162	11
67163	12
67164	11
67165	10
67166	12
67167	13
67168	12
67169	11
67170	12
67171	11
67172	10
67173	11
67174	10
67175	9
67176	9
67177	10
67178	10
67179	11
67180	10
67181	9
67182	11
67183	12
67184	11
67185	10
67186	11
67187	10
67188	9
67189	10
67190	9
67191	8
67192	9
67193	9
67194	10
67195	12
67196	13
67197	12
67198	11
67199	12
67200	11
67201	10
67202	11
67203	10
67204	9
67205	9
67206	10
67207	9
67208	8
67209	8
67210	9
67211	11
67212	12
67213	11
67214	10
67215	11
67216	10
67217	9
67218	10
67219	9
67220	8
67221	8
67222	9
67223	8
67224	7
67225	8
67226	8
67227	9
67228	11
67229	12
67230	12
67231	13
67232	13
67233	14
67234	13
67235	12
67236	14
67237	15
67238	14
67239	13
67240	14
67241	13
67242	12
67243	13
67244	12
67245	11
67246	11
67247	12
67248	12
67249	13
67250	12
67251	11
67252	13
67253	14
67254	13
67255	12
67256	13
67257	12
67258	11
67259	12
67260	11
67261	10
67262	11
67263	11
67264	12
67265	14
67266	15
67267	14
67268	13
67269	14
67270	13
67271	12
67272	13
67273	12
67274	11
67275	11
67276	12
67277	11
67278	10
67279	10
67280	11
67281	13
67282	14
67283	13
67284	12
67285	13
67286	12
67287	11
67288	12
67289	11
67290	10
67291	10
67292	11
67293	10
67294	9
67295	10
67296	10
67297	11
67298	13
67299	14
67300	13
67301	12
67302	13
67303	12
67304	11
67305	12
67306	11
67307	10
67308	10
67309	11
67310	10
67311	9
67312	9
67313	10
67314	12
67315	13
67316	12
67317	11
67318	12
67319	11
67320	10
67321	11
67322	10
67323	9
67324	9
67325	10
67326	9
67327	8
67328	8
67329	9
67330	9
67331	10
67332	12
67333	13
67334	12
67335	11
67336	12
67337	11
67338	10
67339	11
67340	10
67341	9
67342	9
67343	10
67344	9
67345	8
67346	10
67347	11
67348	11
67349	12
67350	11
67351	10
67352	10
67353	11
67354	10
67355	9
67356	10
67357	10
67358	11
67359	10
67360	9
67361	9
67362	10
67363	9
67364	8
67365	9
67366	9
67367	10
67368	9
67369	8
67370	8
67371	9
67372	8
67373	7
67374	7
67375	8
67376	10
67377	11
67378	11
67379	12
67380	12
67381	13
67382	12
67383	11
67384	13
67385	14
67386	13
67387	12
67388	13
67389	12
67390	11
67391	12
67392	11
67393	10
67394	10
67395	11
67396	11
67397	12
67398	11
67399	10
67400	12
67401	13
67402	12
67403	11
67404	12
67405	11
67406	10
67407	11
67408	10
67409	9
67410	10
67411	10
67412	11
67413	13
67414	14
67415	13
67416	12
67417	13
67418	12
67419	11
67420	12
67421	11
67422	10
67423	10
67424	11
67425	10
67426	9
67427	9
67428	10
67429	12
67430	13
67431	12
67432	11
67433	12
67434	11
67435	10
67436	11
67437	10
67438	9
67439	9
67440	10
67441	9
67442	8
67443	9
67444	9
67445	10
67446	12
67447	13
67448	12
67449	11
67450	12
67451	11
67452	10
67453	11
67454	10
67455	9
67456	9
67457	10
67458	9
67459	8
67460	8
67461	9
67462	11
67463	12
67464	11
67465	10
67466	11
67467	10
67468	9
67469	10
67470	9
67471	8
67472	8
67473	9
67474	8
67475	7
67476	7
67477	8
67478	8
67479	9
67480	11
67481	12
67482	11
67483	10
67484	11
67485	10
67486	9
67487	10
67488	9
67489	8
67490	8
67491	9
67492	8
67493	7
67494	9
67495	10
67496	10
67497	11
67498	10
67499	9
67500	9
67501	10
67502	9
67503	8
67504	9
67505	9
67506	10
67507	9
67508	8
67509	8
67510	9
67511	8
67512	7
67513	8
67514	8
67515	9
67516	8
67517	7
67518	7
67519	8
67520	7
67521	6
67522	7
67523	7
67524	8
67525	10
67526	11
67527	11
67528	12
67529	12
67530	13
67531	12
67532	11
67533	13
67534	14
67535	13
67536	12
67537	13
67538	12
67539	11
67540	12
67541	11
67542	10
67543	10
67544	11
67545	11
67546	12
67547	11
67548	10
67549	12
67550	13
67551	12
67552	11
67553	12
67554	11
67555	10
67556	11
67557	10
67558	9
67559	10
67560	10
67561	11
67562	13
67563	14
67564	13
67565	12
67566	13
67567	12
67568	11
67569	12
67570	11
67571	10
67572	10
67573	11
67574	10
67575	9
67576	9
67577	10
67578	12
67579	13
67580	12
67581	11
67582	12
67583	11
67584	10
67585	11
67586	10
67587	9
67588	9
67589	10
67590	9
67591	8
67592	9
67593	9
67594	10
67595	12
67596	13
67597	12
67598	11
67599	12
67600	11
67601	10
67602	11
67603	10
67604	9
67605	9
67606	10
67607	9
67608	8
67609	8
67610	9
67611	11
67612	12
67613	11
67614	10
67615	11
67616	10
67617	9
67618	10
67619	9
67620	8
67621	8
67622	9
67623	8
67624	7
67625	7
67626	8
67627	8
67628	9
67629	11
67630	12
67631	11
67632	10
67633	11
67634	10
67635	9
67636	10
67637	9
67638	8
67639	8
67640	9
67641	8
67642	7
67643	9
67644	10
67645	10
67646	11
67647	10
67648	9
67649	9
67650	10
67651	9
67652	8
67653	9
67654	9
67655	10
67656	9
67657	8
67658	8
67659	9
67660	8
67661	7
67662	8
67663	8
67664	9
67665	8
67666	7
67667	7
67668	8
67669	7
67670	6
67671	6
67672	7
67673	9
67674	10
67675	10
67676	11
67677	11
67678	12
67679	11
67680	10
67681	12
67682	13
67683	12
67684	11
67685	12
67686	11
67687	10
67688	11
67689	10
67690	9
67691	9
67692	10
67693	10
67694	11
67695	10
67696	9
67697	11
67698	12
67699	11
67700	10
67701	11
67702	10
67703	9
67704	10
67705	9
67706	8
67707	9
67708	9
67709	10
67710	12
67711	13
67712	12
67713	11
67714	12
67715	11
67716	10
67717	11
67718	10
67719	9
67720	9
67721	10
67722	9
67723	8
67724	8
67725	9
67726	11
67727	12
67728	11
67729	10
67730	11
67731	10
67732	9
67733	10
67734	9
67735	8
67736	8
67737	9
67738	8
67739	7
67740	8
67741	8
67742	9
67743	11
67744	12
67745	11
67746	10
67747	11
67748	10
67749	9
67750	10
67751	9
67752	8
67753	8
67754	9
67755	8
67756	7
67757	7
67758	8
67759	10
67760	11
67761	10
67762	9
67763	10
67764	9
67765	8
67766	9
67767	8
67768	7
67769	7
67770	8
67771	7
67772	6
67773	6
67774	7
67775	7
67776	8
67777	10
67778	11
67779	10
67780	9
67781	10
67782	9
67783	8
67784	9
67785	8
67786	7
67787	7
67788	8
67789	7
67790	6
67791	8
67792	9
67793	9
67794	10
67795	9
67796	8
67797	8
67798	9
67799	8
67800	7
67801	8
67802	8
67803	9
67804	8
67805	7
67806	7
67807	8
67808	7
67809	6
67810	7
67811	7
67812	8
67813	7
67814	6
67815	6
67816	7
67817	6
67818	5
67819	5
67820	6
67821	6
67822	7
67823	9
67824	10
67825	10
67826	11
67827	11
67828	12
67829	11
67830	10
67831	12
67832	13
67833	12
67834	11
67835	12
67836	11
67837	10
67838	11
67839	10
67840	9
67841	9
67842	10
67843	10
67844	11
67845	10
67846	9
67847	11
67848	12
67849	11
67850	10
67851	11
67852	10
67853	9
67854	10
67855	9
67856	8
67857	9
67858	9
67859	10
67860	12
67861	13
67862	12
67863	11
67864	12
67865	11
67866	10
67867	11
67868	10
67869	9
67870	9
67871	10
67872	9
67873	8
67874	8
67875	9
67876	11
67877	12
67878	11
67879	10
67880	11
67881	10
67882	9
67883	10
67884	9
67885	8
67886	8
67887	9
67888	8
67889	7
67890	8
67891	8
67892	9
67893	11
67894	12
67895	11
67896	10
67897	11
67898	10
67899	9
67900	10
67901	9
67902	8
67903	8
67904	9
67905	8
67906	7
67907	7
67908	8
67909	10
67910	11
67911	10
67912	9
67913	10
67914	9
67915	8
67916	9
67917	8
67918	7
67919	7
67920	8
67921	7
67922	6
67923	6
67924	7
67925	7
67926	8
67927	10
67928	11
67929	10
67930	9
67931	10
67932	9
67933	8
67934	9
67935	8
67936	7
67937	7
67938	8
67939	7
67940	6
67941	8
67942	9
67943	9
67944	10
67945	9
67946	8
67947	8
67948	9
67949	8
67950	7
67951	8
67952	8
67953	9
67954	8
67955	7
67956	7
67957	8
67958	7
67959	6
67960	7
67961	7
67962	8
67963	7
67964	6
67965	6
67966	7
67967	6
67968	5
67969	7
67970	8
67971	8
67972	9
67973	9
67974	10
67975	12
67976	13
67977	12
67978	11
67979	12
67980	11
67981	10
67982	11
67983	10
67984	9
67985	9
67986	10
67987	9
67988	8
67989	10
67990	11
67991	11
67992	12
67993	11
67994	10
67995	10
67996	11
67997	10
67998	9
67999	10
68000	10
68001	11
68002	10
68003	9
68004	9
68005	10
68006	9
68007	8
68008	9
68009	9
68010	10
68011	9
68012	8
68013	8
68014	9
68015	8
68016	7
68017	7
68018	8
68019	8
68020	9
68021	11
68022	12
68023	11
68024	10
68025	11
68026	10
68027	9
68028	10
68029	9
68030	8
68031	8
68032	9
68033	8
68034	7
68035	9
68036	10
68037	10
68038	11
68039	10
68040	9
68041	9
68042	10
68043	9
68044	8
68045	9
68046	9
68047	10
68048	9
68049	8
68050	8
68051	9
68052	8
68053	7
68054	8
68055	8
68056	9
68057	8
68058	7
68059	7
68060	8
68061	7
68062	6
68063	7
68064	7
68065	8
68066	8
68067	9
68068	11
68069	12
68070	11
68071	10
68072	11
68073	10
68074	9
68075	10
68076	9
68077	8
68078	8
68079	9
68080	8
68081	7
68082	9
68083	10
68084	10
68085	11
68086	10
68087	9
68088	9
68089	10
68090	9
68091	8
68092	9
68093	9
68094	10
68095	9
68096	8
68097	8
68098	9
68099	8
68100	7
68101	8
68102	8
68103	9
68104	8
68105	7
68106	7
68107	8
68108	7
68109	6
68110	6
68111	7
68112	7
68113	8
68114	10
68115	11
68116	10
68117	9
68118	10
68119	9
68120	8
68121	9
68122	8
68123	7
68124	7
68125	8
68126	7
68127	6
68128	8
68129	9
68130	9
68131	10
68132	9
68133	8
68134	8
68135	9
68136	8
68137	7
68138	8
68139	8
68140	9
68141	8
68142	7
68143	7
68144	8
68145	7
68146	6
68147	7
68148	7
68149	8
68150	7
68151	6
68152	6
68153	7
68154	6
68155	5
68156	6
68157	6
68158	7
68159	9
68160	10
68161	10
68162	11
68163	10
68164	9
68165	9
68166	10
68167	9
68168	8
68169	9
68170	9
68171	10
68172	9
68173	8
68174	8
68175	9
68176	8
68177	7
68178	8
68179	8
68180	9
68181	8
68182	7
68183	7
68184	8
68185	7
68186	6
68187	6
68188	7
68189	7
68190	8
68191	7
68192	6
68193	8
68194	9
68195	8
68196	7
68197	8
68198	7
68199	6
68200	7
68201	6
68202	5
68203	5
68204	6
68205	8
68206	9
68207	9
68208	10
68209	9
68210	8
68211	8
68212	9
68213	8
68214	7
68215	8
68216	8
68217	9
68218	8
68219	7
68220	7
68221	8
68222	7
68223	6
68224	7
68225	7
68226	8
68227	7
68228	6
68229	6
68230	7
68231	6
68232	5
68233	5
68234	6
68235	6
68236	7
68237	6
68238	5
68239	7
68240	8
68241	7
68242	6
68243	7
68244	6
68245	5
68246	6
68247	5
68248	4
68249	5
68250	5
68251	6
68252	8
68253	9
68254	9
68255	10
68256	10
68257	11
68258	13
68259	14
68260	14
68261	15
68262	14
68263	13
68264	13
68265	14
68266	13
68267	12
68268	13
68269	13
68270	14
68271	13
68272	12
68273	12
68274	13
68275	12
68276	11
68277	12
68278	12
68279	13
68280	12
68281	11
68282	11
68283	12
68284	11
68285	10
68286	10
68287	11
68288	11
68289	12
68290	11
68291	10
68292	12
68293	13
68294	12
68295	11
68296	12
68297	11
68298	10
68299	11
68300	10
68301	9
68302	11
68303	12
68304	12
68305	13
68306	13
68307	14
68308	13
68309	12
68310	14
68311	15
68312	14
68313	13
68314	14
68315	13
68316	12
68317	13
68318	12
68319	11
68320	11
68321	12
68322	12
68323	13
68324	12
68325	11
68326	13
68327	14
68328	13
68329	12
68330	13
68331	12
68332	11
68333	12
68334	11
68335	10
68336	11
68337	11
68338	12
68339	12
68340	13
68341	12
68342	11
68343	13
68344	14
68345	13
68346	12
68347	13
68348	12
68349	11
68350	12
68351	11
68352	10
68353	10
68354	11
68355	11
68356	12
68357	11
68358	10
68359	12
68360	13
68361	12
68362	11
68363	12
68364	11
68365	10
68366	11
68367	10
68368	9
68369	10
68370	10
68371	11
68372	13
68373	14
68374	13
68375	12
68376	13
68377	12
68378	11
68379	12
68380	11
68381	10
68382	10
68383	11
68384	10
68385	9
68386	9
68387	10
68388	12
68389	13
68390	12
68391	11
68392	12
68393	11
68394	10
68395	11
68396	10
68397	9
68398	9
68399	10
68400	9
68401	8
68402	8
68403	9
68404	9
68405	10
68406	12
68407	13
68408	13
68409	14
68410	13
68411	12
68412	12
68413	13
68414	12
68415	11
68416	12
68417	12
68418	13
68419	12
68420	11
68421	11
68422	12
68423	11
68424	10
68425	11
68426	11
68427	12
68428	11
68429	10
68430	10
68431	11
68432	10
68433	9
68434	9
68435	10
68436	10
68437	11
68438	10
68439	9
68440	11
68441	12
68442	11
68443	10
68444	11
68445	10
68446	9
68447	10
68448	9
68449	8
68450	10
68451	11
68452	11
68453	12
68454	12
68455	13
68456	12
68457	11
68458	13
68459	14
68460	13
68461	12
68462	13
68463	12
68464	11
68465	12
68466	11
68467	10
68468	10
68469	11
68470	11
68471	12
68472	11
68473	10
68474	12
68475	13
68476	12
68477	11
68478	12
68479	11
68480	10
68481	11
68482	10
68483	9
68484	10
68485	10
68486	11
68487	11
68488	12
68489	11
68490	10
68491	12
68492	13
68493	12
68494	11
68495	12
68496	11
68497	10
68498	11
68499	10
68500	9
68501	9
68502	10
68503	10
68504	11
68505	10
68506	9
68507	11
68508	12
68509	11
68510	10
68511	11
68512	10
68513	9
68514	10
68515	9
68516	8
68517	9
68518	9
68519	10
68520	12
68521	13
68522	12
68523	11
68524	12
68525	11
68526	10
68527	11
68528	10
68529	9
68530	9
68531	10
68532	9
68533	8
68534	8
68535	9
68536	11
68537	12
68538	11
68539	10
68540	11
68541	10
68542	9
68543	10
68544	9
68545	8
68546	8
68547	9
68548	8
68549	7
68550	8
68551	8
68552	9
68553	11
68554	12
68555	12
68556	13
68557	13
68558	14
68559	13
68560	12
68561	14
68562	15
68563	14
68564	13
68565	14
68566	13
68567	12
68568	13
68569	12
68570	11
68571	11
68572	12
68573	12
68574	13
68575	12
68576	11
68577	13
68578	14
68579	13
68580	12
68581	13
68582	12
68583	11
68584	12
68585	11
68586	10
68587	11
68588	11
68589	12
68590	14
68591	15
68592	14
68593	13
68594	14
68595	13
68596	12
68597	13
68598	12
68599	11
68600	11
68601	12
68602	11
68603	10
68604	10
68605	11
68606	13
68607	14
68608	13
68609	12
68610	13
68611	12
68612	11
68613	12
68614	11
68615	10
68616	10
68617	11
68618	10
68619	9
68620	10
68621	10
68622	11
68623	13
68624	14
68625	13
68626	12
68627	13
68628	12
68629	11
68630	12
68631	11
68632	10
68633	10
68634	11
68635	10
68636	9
68637	9
68638	10
68639	12
68640	13
68641	12
68642	11
68643	12
68644	11
68645	10
68646	11
68647	10
68648	9
68649	9
68650	10
68651	9
68652	8
68653	8
68654	9
68655	9
68656	10
68657	12
68658	13
68659	12
68660	11
68661	12
68662	11
68663	10
68664	11
68665	10
68666	9
68667	9
68668	10
68669	9
68670	8
68671	10
68672	11
68673	11
68674	12
68675	11
68676	10
68677	10
68678	11
68679	10
68680	9
68681	10
68682	10
68683	11
68684	10
68685	9
68686	9
68687	10
68688	9
68689	8
68690	9
68691	9
68692	10
68693	9
68694	8
68695	8
68696	9
68697	8
68698	7
68699	7
68700	8
68701	10
68702	11
68703	11
68704	12
68705	12
68706	13
68707	12
68708	11
68709	13
68710	14
68711	13
68712	12
68713	13
68714	12
68715	11
68716	12
68717	11
68718	10
68719	10
68720	11
68721	11
68722	12
68723	11
68724	10
68725	12
68726	13
68727	12
68728	11
68729	12
68730	11
68731	10
68732	11
68733	10
68734	9
68735	10
68736	10
68737	11
68738	13
68739	14
68740	13
68741	12
68742	13
68743	12
68744	11
68745	12
68746	11
68747	10
68748	10
68749	11
68750	10
68751	9
68752	9
68753	10
68754	12
68755	13
68756	12
68757	11
68758	12
68759	11
68760	10
68761	11
68762	10
68763	9
68764	9
68765	10
68766	9
68767	8
68768	9
68769	9
68770	10
68771	12
68772	13
68773	12
68774	11
68775	12
68776	11
68777	10
68778	11
68779	10
68780	9
68781	9
68782	10
68783	9
68784	8
68785	8
68786	9
68787	11
68788	12
68789	11
68790	10
68791	11
68792	10
68793	9
68794	10
68795	9
68796	8
68797	8
68798	9
68799	8
68800	7
68801	7
68802	8
68803	8
68804	9
68805	11
68806	12
68807	11
68808	10
68809	11
68810	10
68811	9
68812	10
68813	9
68814	8
68815	8
68816	9
68817	8
68818	7
68819	9
68820	10
68821	10
68822	11
68823	10
68824	9
68825	9
68826	10
68827	9
68828	8
68829	9
68830	9
68831	10
68832	9
68833	8
68834	8
68835	9
68836	8
68837	7
68838	8
68839	8
68840	9
68841	8
68842	7
68843	7
68844	8
68845	7
68846	6
68847	7
68848	7
68849	8
68850	10
68851	11
68852	11
68853	12
68854	12
68855	13
68856	12
68857	11
68858	13
68859	14
68860	13
68861	12
68862	13
68863	12
68864	11
68865	12
68866	11
68867	10
68868	10
68869	11
68870	11
68871	12
68872	11
68873	10
68874	12
68875	13
68876	12
68877	11
68878	12
68879	11
68880	10
68881	11
68882	10
68883	9
68884	10
68885	10
68886	11
68887	13
68888	14
68889	13
68890	12
68891	13
68892	12
68893	11
68894	12
68895	11
68896	10
68897	10
68898	11
68899	10
68900	9
68901	9
68902	10
68903	12
68904	13
68905	12
68906	11
68907	12
68908	11
68909	10
68910	11
68911	10
68912	9
68913	9
68914	10
68915	9
68916	8
68917	9
68918	9
68919	10
68920	12
68921	13
68922	12
68923	11
68924	12
68925	11
68926	10
68927	11
68928	10
68929	9
68930	9
68931	10
68932	9
68933	8
68934	8
68935	9
68936	11
68937	12
68938	11
68939	10
68940	11
68941	10
68942	9
68943	10
68944	9
68945	8
68946	8
68947	9
68948	8
68949	7
68950	7
68951	8
68952	8
68953	9
68954	11
68955	12
68956	11
68957	10
68958	11
68959	10
68960	9
68961	10
68962	9
68963	8
68964	8
68965	9
68966	8
68967	7
68968	9
68969	10
68970	10
68971	11
68972	10
68973	9
68974	9
68975	10
68976	9
68977	8
68978	9
68979	9
68980	10
68981	9
68982	8
68983	8
68984	9
68985	8
68986	7
68987	8
68988	8
68989	9
68990	8
68991	7
68992	7
68993	8
68994	7
68995	6
68996	6
68997	7
68998	9
68999	10
69000	10
69001	11
69002	11
69003	12
69004	11
69005	10
69006	12
69007	13
69008	12
69009	11
69010	12
69011	11
69012	10
69013	11
69014	10
69015	9
69016	9
69017	10
69018	10
69019	11
69020	10
69021	9
69022	11
69023	12
69024	11
69025	10
69026	11
69027	10
69028	9
69029	10
69030	9
69031	8
69032	9
69033	9
69034	10
69035	12
69036	13
69037	12
69038	11
69039	12
69040	11
69041	10
69042	11
69043	10
69044	9
69045	9
69046	10
69047	9
69048	8
69049	8
69050	9
69051	11
69052	12
69053	11
69054	10
69055	11
69056	10
69057	9
69058	10
69059	9
69060	8
69061	8
69062	9
69063	8
69064	7
69065	8
69066	8
69067	9
69068	11
69069	12
69070	11
69071	10
69072	11
69073	10
69074	9
69075	10
69076	9
69077	8
69078	8
69079	9
69080	8
69081	7
69082	7
69083	8
69084	10
69085	11
69086	10
69087	9
69088	10
69089	9
69090	8
69091	9
69092	8
69093	7
69094	7
69095	8
69096	7
69097	6
69098	6
69099	7
69100	7
69101	8
69102	10
69103	11
69104	10
69105	9
69106	10
69107	9
69108	8
69109	9
69110	8
69111	7
69112	7
69113	8
69114	7
69115	6
69116	8
69117	9
69118	9
69119	10
69120	9
69121	8
69122	8
69123	9
69124	8
69125	7
69126	8
69127	8
69128	9
69129	8
69130	7
69131	7
69132	8
69133	7
69134	6
69135	7
69136	7
69137	8
69138	7
69139	6
69140	6
69141	7
69142	6
69143	5
69144	5
69145	6
69146	6
69147	7
69148	9
69149	10
69150	10
69151	11
69152	11
69153	12
69154	11
69155	10
69156	12
69157	13
69158	12
69159	11
69160	12
69161	11
69162	10
69163	11
69164	10
69165	9
69166	9
69167	10
69168	10
69169	11
69170	10
69171	9
69172	11
69173	12
69174	11
69175	10
69176	11
69177	10
69178	9
69179	10
69180	9
69181	8
69182	9
69183	9
69184	10
69185	12
69186	13
69187	12
69188	11
69189	12
69190	11
69191	10
69192	11
69193	10
69194	9
69195	9
69196	10
69197	9
69198	8
69199	8
69200	9
69201	11
69202	12
69203	11
69204	10
69205	11
69206	10
69207	9
69208	10
69209	9
69210	8
69211	8
69212	9
69213	8
69214	7
69215	8
69216	8
69217	9
69218	11
69219	12
69220	11
69221	10
69222	11
69223	10
69224	9
69225	10
69226	9
69227	8
69228	8
69229	9
69230	8
69231	7
69232	7
69233	8
69234	10
69235	11
69236	10
69237	9
69238	10
69239	9
69240	8
69241	9
69242	8
69243	7
69244	7
69245	8
69246	7
69247	6
69248	6
69249	7
69250	7
69251	8
69252	10
69253	11
69254	10
69255	9
69256	10
69257	9
69258	8
69259	9
69260	8
69261	7
69262	7
69263	8
69264	7
69265	6
69266	8
69267	9
69268	9
69269	10
69270	9
69271	8
69272	8
69273	9
69274	8
69275	7
69276	8
69277	8
69278	9
69279	8
69280	7
69281	7
69282	8
69283	7
69284	6
69285	7
69286	7
69287	8
69288	7
69289	6
69290	6
69291	7
69292	6
69293	5
69294	7
69295	8
69296	8
69297	9
69298	9
69299	10
69300	12
69301	13
69302	12
69303	11
69304	12
69305	11
69306	10
69307	11
69308	10
69309	9
69310	9
69311	10
69312	9
69313	8
69314	10
69315	11
69316	11
69317	12
69318	11
69319	10
69320	10
69321	11
69322	10
69323	9
69324	10
69325	10
69326	11
69327	10
69328	9
69329	9
69330	10
69331	9
69332	8
69333	9
69334	9
69335	10
69336	9
69337	8
69338	8
69339	9
69340	8
69341	7
69342	7
69343	8
69344	8
69345	9
69346	11
69347	12
69348	11
69349	10
69350	11
69351	10
69352	9
69353	10
69354	9
69355	8
69356	8
69357	9
69358	8
69359	7
69360	9
69361	10
69362	10
69363	11
69364	10
69365	9
69366	9
69367	10
69368	9
69369	8
69370	9
69371	9
69372	10
69373	9
69374	8
69375	8
69376	9
69377	8
69378	7
69379	8
69380	8
69381	9
69382	8
69383	7
69384	7
69385	8
69386	7
69387	6
69388	7
69389	7
69390	8
69391	8
69392	9
69393	11
69394	12
69395	11
69396	10
69397	11
69398	10
69399	9
69400	10
69401	9
69402	8
69403	8
69404	9
69405	8
69406	7
69407	9
69408	10
69409	10
69410	11
69411	10
69412	9
69413	9
69414	10
69415	9
69416	8
69417	9
69418	9
69419	10
69420	9
69421	8
69422	8
69423	9
69424	8
69425	7
69426	8
69427	8
69428	9
69429	8
69430	7
69431	7
69432	8
69433	7
69434	6
69435	6
69436	7
69437	7
69438	8
69439	10
69440	11
69441	10
69442	9
69443	10
69444	9
69445	8
69446	9
69447	8
69448	7
69449	7
69450	8
69451	7
69452	6
69453	8
69454	9
69455	9
69456	10
69457	9
69458	8
69459	8
69460	9
69461	8
69462	7
69463	8
69464	8
69465	9
69466	8
69467	7
69468	7
69469	8
69470	7
69471	6
69472	7
69473	7
69474	8
69475	7
69476	6
69477	6
69478	7
69479	6
69480	5
69481	6
69482	6
69483	7
69484	9
69485	10
69486	10
69487	11
69488	10
69489	9
69490	9
69491	10
69492	9
69493	8
69494	9
69495	9
69496	10
69497	9
69498	8
69499	8
69500	9
69501	8
69502	7
69503	8
69504	8
69505	9
69506	8
69507	7
69508	7
69509	8
69510	7
69511	6
69512	6
69513	7
69514	7
69515	8
69516	7
69517	6
69518	8
69519	9
69520	8
69521	7
69522	8
69523	7
69524	6
69525	7
69526	6
69527	5
69528	5
69529	6
69530	8
69531	9
69532	9
69533	10
69534	9
69535	8
69536	8
69537	9
69538	8
69539	7
69540	8
69541	8
69542	9
69543	8
69544	7
69545	7
69546	8
69547	7
69548	6
69549	7
69550	7
69551	8
69552	7
69553	6
69554	6
69555	7
69556	6
69557	5
69558	5
69559	6
69560	6
69561	7
69562	6
69563	5
69564	7
69565	8
69566	7
69567	6
69568	7
69569	6
69570	5
69571	6
69572	5
69573	4
69574	4
69575	5
69576	7
69577	8
69578	8
69579	9
69580	9
69581	10
69582	12
69583	13
69584	13
69585	14
69586	13
69587	12
69588	12
69589	13
69590	12
69591	11
69592	12
69593	12
69594	13
69595	12
69596	11
69597	11
69598	12
69599	11
69600	10
69601	11
69602	11
69603	12
69604	11
69605	10
69606	10
69607	11
69608	10
69609	9
69610	9
69611	10
69612	10
69613	11
69614	10
69615	9
69616	11
69617	12
69618	11
69619	10
69620	11
69621	10
69622	9
69623	10
69624	9
69625	8
69626	10
69627	11
69628	11
69629	12
69630	12
69631	13
69632	12
69633	11
69634	13
69635	14
69636	13
69637	12
69638	13
69639	12
69640	11
69641	12
69642	11
69643	10
69644	10
69645	11
69646	11
69647	12
69648	11
69649	10
69650	12
69651	13
69652	12
69653	11
69654	12
69655	11
69656	10
69657	11
69658	10
69659	9
69660	10
69661	10
69662	11
69663	11
69664	12
69665	11
69666	10
69667	12
69668	13
69669	12
69670	11
69671	12
69672	11
69673	10
69674	11
69675	10
69676	9
69677	9
69678	10
69679	10
69680	11
69681	10
69682	9
69683	11
69684	12
69685	11
69686	10
69687	11
69688	10
69689	9
69690	10
69691	9
69692	8
69693	9
69694	9
69695	10
69696	12
69697	13
69698	12
69699	11
69700	12
69701	11
69702	10
69703	11
69704	10
69705	9
69706	9
69707	10
69708	9
69709	8
69710	8
69711	9
69712	11
69713	12
69714	11
69715	10
69716	11
69717	10
69718	9
69719	10
69720	9
69721	8
69722	8
69723	9
69724	8
69725	7
69726	7
69727	8
69728	8
69729	9
69730	11
69731	12
69732	12
69733	13
69734	12
69735	11
69736	11
69737	12
69738	11
69739	10
69740	11
69741	11
69742	12
69743	11
69744	10
69745	10
69746	11
69747	10
69748	9
69749	10
69750	10
69751	11
69752	10
69753	9
69754	9
69755	10
69756	9
69757	8
69758	8
69759	9
69760	9
69761	10
69762	9
69763	8
69764	10
69765	11
69766	10
69767	9
69768	10
69769	9
69770	8
69771	9
69772	8
69773	7
69774	9
69775	10
69776	10
69777	11
69778	11
69779	12
69780	11
69781	10
69782	12
69783	13
69784	12
69785	11
69786	12
69787	11
69788	10
69789	11
69790	10
69791	9
69792	9
69793	10
69794	10
69795	11
69796	10
69797	9
69798	11
69799	12
69800	11
69801	10
69802	11
69803	10
69804	9
69805	10
69806	9
69807	8
69808	9
69809	9
69810	10
69811	10
69812	11
69813	10
69814	9
69815	11
69816	12
69817	11
69818	10
69819	11
69820	10
69821	9
69822	10
69823	9
69824	8
69825	8
69826	9
69827	9
69828	10
69829	9
69830	8
69831	10
69832	11
69833	10
69834	9
69835	10
69836	9
69837	8
69838	9
69839	8
69840	7
69841	8
69842	8
69843	9
69844	11
69845	12
69846	11
69847	10
69848	11
69849	10
69850	9
69851	10
69852	9
69853	8
69854	8
69855	9
69856	8
69857	7
69858	7
69859	8
69860	10
69861	11
69862	10
69863	9
69864	10
69865	9
69866	8
69867	9
69868	8
69869	7
69870	7
69871	8
69872	7
69873	6
69874	7
69875	7
69876	8
69877	10
69878	11
69879	11
69880	12
69881	12
69882	13
69883	12
69884	11
69885	13
69886	14
69887	13
69888	12
69889	13
69890	12
69891	11
69892	12
69893	11
69894	10
69895	10
69896	11
69897	11
69898	12
69899	11
69900	10
69901	12
69902	13
69903	12
69904	11
69905	12
69906	11
69907	10
69908	11
69909	10
69910	9
69911	10
69912	10
69913	11
69914	13
69915	14
69916	13
69917	12
69918	13
69919	12
69920	11
69921	12
69922	11
69923	10
69924	10
69925	11
69926	10
69927	9
69928	9
69929	10
69930	12
69931	13
69932	12
69933	11
69934	12
69935	11
69936	10
69937	11
69938	10
69939	9
69940	9
69941	10
69942	9
69943	8
69944	9
69945	9
69946	10
69947	12
69948	13
69949	12
69950	11
69951	12
69952	11
69953	10
69954	11
69955	10
69956	9
69957	9
69958	10
69959	9
69960	8
69961	8
69962	9
69963	11
69964	12
69965	11
69966	10
69967	11
69968	10
69969	9
69970	10
69971	9
69972	8
69973	8
69974	9
69975	8
69976	7
69977	7
69978	8
69979	8
69980	9
69981	11
69982	12
69983	11
69984	10
69985	11
69986	10
69987	9
69988	10
69989	9
69990	8
69991	8
69992	9
69993	8
69994	7
69995	9
69996	10
69997	10
69998	11
69999	10
70000	9
70001	9
70002	10
70003	9
70004	8
70005	9
70006	9
70007	10
70008	9
70009	8
70010	8
70011	9
70012	8
70013	7
70014	8
70015	8
70016	9
70017	8
70018	7
70019	7
70020	8
70021	7
70022	6
70023	6
70024	7
70025	9
70026	10
70027	10
70028	11
70029	11
70030	12
70031	11
70032	10
70033	12
70034	13
70035	12
70036	11
70037	12
70038	11
70039	10
70040	11
70041	10
70042	9
70043	9
70044	10
70045	10
70046	11
70047	10
70048	9
70049	11
70050	12
70051	11
70052	10
70053	11
70054	10
70055	9
70056	10
70057	9
70058	8
70059	9
70060	9
70061	10
70062	12
70063	13
70064	12
70065	11
70066	12
70067	11
70068	10
70069	11
70070	10
70071	9
70072	9
70073	10
70074	9
70075	8
70076	8
70077	9
70078	11
70079	12
70080	11
70081	10
70082	11
70083	10
70084	9
70085	10
70086	9
70087	8
70088	8
70089	9
70090	8
70091	7
70092	8
70093	8
70094	9
70095	11
70096	12
70097	11
70098	10
70099	11
70100	10
70101	9
70102	10
70103	9
70104	8
70105	8
70106	9
70107	8
70108	7
70109	7
70110	8
70111	10
70112	11
70113	10
70114	9
70115	10
70116	9
70117	8
70118	9
70119	8
70120	7
70121	7
70122	8
70123	7
70124	6
70125	6
70126	7
70127	7
70128	8
70129	10
70130	11
70131	10
70132	9
70133	10
70134	9
70135	8
70136	9
70137	8
70138	7
70139	7
70140	8
70141	7
70142	6
70143	8
70144	9
70145	9
70146	10
70147	9
70148	8
70149	8
70150	9
70151	8
70152	7
70153	8
70154	8
70155	9
70156	8
70157	7
70158	7
70159	8
70160	7
70161	6
70162	7
70163	7
70164	8
70165	7
70166	6
70167	6
70168	7
70169	6
70170	5
70171	6
70172	6
70173	7
70174	9
70175	10
70176	10
70177	11
70178	11
70179	12
70180	11
70181	10
70182	12
70183	13
70184	12
70185	11
70186	12
70187	11
70188	10
70189	11
70190	10
70191	9
70192	9
70193	10
70194	10
70195	11
70196	10
70197	9
70198	11
70199	12
70200	11
70201	10
70202	11
70203	10
70204	9
70205	10
70206	9
70207	8
70208	9
70209	9
70210	10
70211	12
70212	13
70213	12
70214	11
70215	12
70216	11
70217	10
70218	11
70219	10
70220	9
70221	9
70222	10
70223	9
70224	8
70225	8
70226	9
70227	11
70228	12
70229	11
70230	10
70231	11
70232	10
70233	9
70234	10
70235	9
70236	8
70237	8
70238	9
70239	8
70240	7
70241	8
70242	8
70243	9
70244	11
70245	12
70246	11
70247	10
70248	11
70249	10
70250	9
70251	10
70252	9
70253	8
70254	8
70255	9
70256	8
70257	7
70258	7
70259	8
70260	10
70261	11
70262	10
70263	9
70264	10
70265	9
70266	8
70267	9
70268	8
70269	7
70270	7
70271	8
70272	7
70273	6
70274	6
70275	7
70276	7
70277	8
70278	10
70279	11
70280	10
70281	9
70282	10
70283	9
70284	8
70285	9
70286	8
70287	7
70288	7
70289	8
70290	7
70291	6
70292	8
70293	9
70294	9
70295	10
70296	9
70297	8
70298	8
70299	9
70300	8
70301	7
70302	8
70303	8
70304	9
70305	8
70306	7
70307	7
70308	8
70309	7
70310	6
70311	7
70312	7
70313	8
70314	7
70315	6
70316	6
70317	7
70318	6
70319	5
70320	5
70321	6
70322	8
70323	9
70324	9
70325	10
70326	10
70327	11
70328	10
70329	9
70330	11
70331	12
70332	11
70333	10
70334	11
70335	10
70336	9
70337	10
70338	9
70339	8
70340	8
70341	9
70342	9
70343	10
70344	9
70345	8
70346	10
70347	11
70348	10
70349	9
70350	10
70351	9
70352	8
70353	9
70354	8
70355	7
70356	8
70357	8
70358	9
70359	11
70360	12
70361	11
70362	10
70363	11
70364	10
70365	9
70366	10
70367	9
70368	8
70369	8
70370	9
70371	8
70372	7
70373	7
70374	8
70375	10
70376	11
70377	10
70378	9
70379	10
70380	9
70381	8
70382	9
70383	8
70384	7
70385	7
70386	8
70387	7
70388	6
70389	7
70390	7
70391	8
70392	10
70393	11
70394	10
70395	9
70396	10
70397	9
70398	8
70399	9
70400	8
70401	7
70402	7
70403	8
70404	7
70405	6
70406	6
70407	7
70408	9
70409	10
70410	9
70411	8
70412	9
70413	8
70414	7
70415	8
70416	7
70417	6
70418	6
70419	7
70420	6
70421	5
70422	5
70423	6
70424	6
70425	7
70426	9
70427	10
70428	9
70429	8
70430	9
70431	8
70432	7
70433	8
70434	7
70435	6
70436	6
70437	7
70438	6
70439	5
70440	7
70441	8
70442	8
70443	9
70444	8
70445	7
70446	7
70447	8
70448	7
70449	6
70450	7
70451	7
70452	8
70453	7
70454	6
70455	6
70456	7
70457	6
70458	5
70459	6
70460	6
70461	7
70462	6
70463	5
70464	5
70465	6
70466	5
70467	4
70468	4
70469	5
70470	5
70471	6
70472	8
70473	9
70474	9
70475	10
70476	10
70477	11
70478	10
70479	9
70480	11
70481	12
70482	11
70483	10
70484	11
70485	10
70486	9
70487	10
70488	9
70489	8
70490	8
70491	9
70492	9
70493	10
70494	9
70495	8
70496	10
70497	11
70498	10
70499	9
70500	10
70501	9
70502	8
70503	9
70504	8
70505	7
70506	8
70507	8
70508	9
70509	11
70510	12
70511	11
70512	10
70513	11
70514	10
70515	9
70516	10
70517	9
70518	8
70519	8
70520	9
70521	8
70522	7
70523	7
70524	8
70525	10
70526	11
70527	10
70528	9
70529	10
70530	9
70531	8
70532	9
70533	8
70534	7
70535	7
70536	8
70537	7
70538	6
70539	7
70540	7
70541	8
70542	10
70543	11
70544	10
70545	9
70546	10
70547	9
70548	8
70549	9
70550	8
70551	7
70552	7
70553	8
70554	7
70555	6
70556	6
70557	7
70558	9
70559	10
70560	9
70561	8
70562	9
70563	8
70564	7
70565	8
70566	7
70567	6
70568	6
70569	7
70570	6
70571	5
70572	5
70573	6
70574	6
70575	7
70576	9
70577	10
70578	9
70579	8
70580	9
70581	8
70582	7
70583	8
70584	7
70585	6
70586	6
70587	7
70588	6
70589	5
70590	7
70591	8
70592	8
70593	9
70594	8
70595	7
70596	7
70597	8
70598	7
70599	6
70600	7
70601	7
70602	8
70603	7
70604	6
70605	6
70606	7
70607	6
70608	5
70609	6
70610	6
70611	7
70612	6
70613	5
70614	5
70615	6
70616	5
70617	4
70618	6
70619	7
70620	7
70621	8
70622	8
70623	9
70624	11
70625	12
70626	11
70627	10
70628	11
70629	10
70630	9
70631	10
70632	9
70633	8
70634	8
70635	9
70636	8
70637	7
70638	9
70639	10
70640	10
70641	11
70642	10
70643	9
70644	9
70645	10
70646	9
70647	8
70648	9
70649	9
70650	10
70651	9
70652	8
70653	8
70654	9
70655	8
70656	7
70657	8
70658	8
70659	9
70660	8
70661	7
70662	7
70663	8
70664	7
70665	6
70666	6
70667	7
70668	7
70669	8
70670	10
70671	11
70672	10
70673	9
70674	10
70675	9
70676	8
70677	9
70678	8
70679	7
70680	7
70681	8
70682	7
70683	6
70684	8
70685	9
70686	9
70687	10
70688	9
70689	8
70690	8
70691	9
70692	8
70693	7
70694	8
70695	8
70696	9
70697	8
70698	7
70699	7
70700	8
70701	7
70702	6
70703	7
70704	7
70705	8
70706	7
70707	6
70708	6
70709	7
70710	6
70711	5
70712	6
70713	6
70714	7
70715	7
70716	8
70717	10
70718	11
70719	10
70720	9
70721	10
70722	9
70723	8
70724	9
70725	8
70726	7
70727	7
70728	8
70729	7
70730	6
70731	8
70732	9
70733	9
70734	10
70735	9
70736	8
70737	8
70738	9
70739	8
70740	7
70741	8
70742	8
70743	9
70744	8
70745	7
70746	7
70747	8
70748	7
70749	6
70750	7
70751	7
70752	8
70753	7
70754	6
70755	6
70756	7
70757	6
70758	5
70759	5
70760	6
70761	6
70762	7
70763	9
70764	10
70765	9
70766	8
70767	9
70768	8
70769	7
70770	8
70771	7
70772	6
70773	6
70774	7
70775	6
70776	5
70777	7
70778	8
70779	8
70780	9
70781	8
70782	7
70783	7
70784	8
70785	7
70786	6
70787	7
70788	7
70789	8
70790	7
70791	6
70792	6
70793	7
70794	6
70795	5
70796	6
70797	6
70798	7
70799	6
70800	5
70801	5
70802	6
70803	5
70804	4
70805	5
70806	5
70807	6
70808	8
70809	9
70810	9
70811	10
70812	9
70813	8
70814	8
70815	9
70816	8
70817	7
70818	8
70819	8
70820	9
70821	8
70822	7
70823	7
70824	8
70825	7
70826	6
70827	7
70828	7
70829	8
70830	7
70831	6
70832	6
70833	7
70834	6
70835	5
70836	5
70837	6
70838	6
70839	7
70840	6
70841	5
70842	7
70843	8
70844	7
70845	6
70846	7
70847	6
70848	5
70849	6
70850	5
70851	4
70852	4
70853	5
70854	7
70855	8
70856	8
70857	9
70858	8
70859	7
70860	7
70861	8
70862	7
70863	6
70864	7
70865	7
70866	8
70867	7
70868	6
70869	6
70870	7
70871	6
70872	5
70873	6
70874	6
70875	7
70876	6
70877	5
70878	5
70879	6
70880	5
70881	4
70882	4
70883	5
70884	5
70885	6
70886	5
70887	4
70888	6
70889	7
70890	6
70891	5
70892	6
70893	5
70894	4
70895	5
70896	4
70897	3
70898	3
70899	4
70900	4
70901	5
70902	7
70903	8
70904	8
70905	9
70906	9
70907	10
70908	12
70909	13
70910	13
70911	14
70912	13
70913	12
70914	12
70915	13
70916	12
70917	11
70918	12
70919	12
70920	13
70921	12
70922	11
70923	11
70924	12
70925	11
70926	10
70927	11
70928	11
70929	12
70930	11
70931	10
70932	10
70933	11
70934	10
70935	9
70936	9
70937	10
70938	10
70939	11
70940	10
70941	9
70942	11
70943	12
70944	11
70945	10
70946	11
70947	10
70948	9
70949	10
70950	9
70951	8
70952	10
70953	11
70954	11
70955	12
70956	12
70957	13
70958	12
70959	11
70960	13
70961	14
70962	13
70963	12
70964	13
70965	12
70966	11
70967	12
70968	11
70969	10
70970	10
70971	11
70972	11
70973	12
70974	11
70975	10
70976	12
70977	13
70978	12
70979	11
70980	12
70981	11
70982	10
70983	11
70984	10
70985	9
70986	10
70987	10
70988	11
70989	11
70990	12
70991	11
70992	10
70993	12
70994	13
70995	12
70996	11
70997	12
70998	11
70999	10
71000	11
71001	10
71002	9
71003	9
71004	10
71005	10
71006	11
71007	10
71008	9
71009	11
71010	12
71011	11
71012	10
71013	11
71014	10
71015	9
71016	10
71017	9
71018	8
71019	9
71020	9
71021	10
71022	12
71023	13
71024	12
71025	11
71026	12
71027	11
71028	10
71029	11
71030	10
71031	9
71032	9
71033	10
71034	9
71035	8
71036	8
71037	9
71038	11
71039	12
71040	11
71041	10
71042	11
71043	10
71044	9
71045	10
71046	9
71047	8
71048	8
71049	9
71050	8
71051	7
71052	7
71053	8
71054	8
71055	9
71056	11
71057	12
71058	12
71059	13
71060	12
71061	11
71062	11
71063	12
71064	11
71065	10
71066	11
71067	11
71068	12
71069	11
71070	10
71071	10
71072	11
71073	10
71074	9
71075	10
71076	10
71077	11
71078	10
71079	9
71080	9
71081	10
71082	9
71083	8
71084	8
71085	9
71086	9
71087	10
71088	9
71089	8
71090	10
71091	11
71092	10
71093	9
71094	10
71095	9
71096	8
71097	9
71098	8
71099	7
71100	9
71101	10
71102	10
71103	11
71104	11
71105	12
71106	11
71107	10
71108	12
71109	13
71110	12
71111	11
71112	12
71113	11
71114	10
71115	11
71116	10
71117	9
71118	9
71119	10
71120	10
71121	11
71122	10
71123	9
71124	11
71125	12
71126	11
71127	10
71128	11
71129	10
71130	9
71131	10
71132	9
71133	8
71134	9
71135	9
71136	10
71137	10
71138	11
71139	10
71140	9
71141	11
71142	12
71143	11
71144	10
71145	11
71146	10
71147	9
71148	10
71149	9
71150	8
71151	8
71152	9
71153	9
71154	10
71155	9
71156	8
71157	10
71158	11
71159	10
71160	9
71161	10
71162	9
71163	8
71164	9
71165	8
71166	7
71167	8
71168	8
71169	9
71170	11
71171	12
71172	11
71173	10
71174	11
71175	10
71176	9
71177	10
71178	9
71179	8
71180	8
71181	9
71182	8
71183	7
71184	7
71185	8
71186	10
71187	11
71188	10
71189	9
71190	10
71191	9
71192	8
71193	9
71194	8
71195	7
71196	7
71197	8
71198	7
71199	6
71200	7
71201	7
71202	8
71203	10
71204	11
71205	11
71206	12
71207	12
71208	13
71209	12
71210	11
71211	13
71212	14
71213	13
71214	12
71215	13
71216	12
71217	11
71218	12
71219	11
71220	10
71221	10
71222	11
71223	11
71224	12
71225	11
71226	10
71227	12
71228	13
71229	12
71230	11
71231	12
71232	11
71233	10
71234	11
71235	10
71236	9
71237	10
71238	10
71239	11
71240	13
71241	14
71242	13
71243	12
71244	13
71245	12
71246	11
71247	12
71248	11
71249	10
71250	10
71251	11
71252	10
71253	9
71254	9
71255	10
71256	12
71257	13
71258	12
71259	11
71260	12
71261	11
71262	10
71263	11
71264	10
71265	9
71266	9
71267	10
71268	9
71269	8
71270	9
71271	9
71272	10
71273	12
71274	13
71275	12
71276	11
71277	12
71278	11
71279	10
71280	11
71281	10
71282	9
71283	9
71284	10
71285	9
71286	8
71287	8
71288	9
71289	11
71290	12
71291	11
71292	10
71293	11
71294	10
71295	9
71296	10
71297	9
71298	8
71299	8
71300	9
71301	8
71302	7
71303	7
71304	8
71305	8
71306	9
71307	11
71308	12
71309	11
71310	10
71311	11
71312	10
71313	9
71314	10
71315	9
71316	8
71317	8
71318	9
71319	8
71320	7
71321	9
71322	10
71323	10
71324	11
71325	10
71326	9
71327	9
71328	10
71329	9
71330	8
71331	9
71332	9
71333	10
71334	9
71335	8
71336	8
71337	9
71338	8
71339	7
71340	8
71341	8
71342	9
71343	8
71344	7
71345	7
71346	8
71347	7
71348	6
71349	6
71350	7
71351	9
71352	10
71353	10
71354	11
71355	11
71356	12
71357	11
71358	10
71359	12
71360	13
71361	12
71362	11
71363	12
71364	11
71365	10
71366	11
71367	10
71368	9
71369	9
71370	10
71371	10
71372	11
71373	10
71374	9
71375	11
71376	12
71377	11
71378	10
71379	11
71380	10
71381	9
71382	10
71383	9
71384	8
71385	9
71386	9
71387	10
71388	12
71389	13
71390	12
71391	11
71392	12
71393	11
71394	10
71395	11
71396	10
71397	9
71398	9
71399	10
71400	9
71401	8
71402	8
71403	9
71404	11
71405	12
71406	11
71407	10
71408	11
71409	10
71410	9
71411	10
71412	9
71413	8
71414	8
71415	9
71416	8
71417	7
71418	8
71419	8
71420	9
71421	11
71422	12
71423	11
71424	10
71425	11
71426	10
71427	9
71428	10
71429	9
71430	8
71431	8
71432	9
71433	8
71434	7
71435	7
71436	8
71437	10
71438	11
71439	10
71440	9
71441	10
71442	9
71443	8
71444	9
71445	8
71446	7
71447	7
71448	8
71449	7
71450	6
71451	6
71452	7
71453	7
71454	8
71455	10
71456	11
71457	10
71458	9
71459	10
71460	9
71461	8
71462	9
71463	8
71464	7
71465	7
71466	8
71467	7
71468	6
71469	8
71470	9
71471	9
71472	10
71473	9
71474	8
71475	8
71476	9
71477	8
71478	7
71479	8
71480	8
71481	9
71482	8
71483	7
71484	7
71485	8
71486	7
71487	6
71488	7
71489	7
71490	8
71491	7
71492	6
71493	6
71494	7
71495	6
71496	5
71497	6
71498	6
71499	7
71500	9
71501	10
71502	10
71503	11
71504	11
71505	12
71506	11
71507	10
71508	12
71509	13
71510	12
71511	11
71512	12
71513	11
71514	10
71515	11
71516	10
71517	9
71518	9
71519	10
71520	10
71521	11
71522	10
71523	9
71524	11
71525	12
71526	11
71527	10
71528	11
71529	10
71530	9
71531	10
71532	9
71533	8
71534	9
71535	9
71536	10
71537	12
71538	13
71539	12
71540	11
71541	12
71542	11
71543	10
71544	11
71545	10
71546	9
71547	9
71548	10
71549	9
71550	8
71551	8
71552	9
71553	11
71554	12
71555	11
71556	10
71557	11
71558	10
71559	9
71560	10
71561	9
71562	8
71563	8
71564	9
71565	8
71566	7
71567	8
71568	8
71569	9
71570	11
71571	12
71572	11
71573	10
71574	11
71575	10
71576	9
71577	10
71578	9
71579	8
71580	8
71581	9
71582	8
71583	7
71584	7
71585	8
71586	10
71587	11
71588	10
71589	9
71590	10
71591	9
71592	8
71593	9
71594	8
71595	7
71596	7
71597	8
71598	7
71599	6
71600	6
71601	7
71602	7
71603	8
71604	10
71605	11
71606	10
71607	9
71608	10
71609	9
71610	8
71611	9
71612	8
71613	7
71614	7
71615	8
71616	7
71617	6
71618	8
71619	9
71620	9
71621	10
71622	9
71623	8
71624	8
71625	9
71626	8
71627	7
71628	8
71629	8
71630	9
71631	8
71632	7
71633	7
71634	8
71635	7
71636	6
71637	7
71638	7
71639	8
71640	7
71641	6
71642	6
71643	7
71644	6
71645	5
71646	5
71647	6
71648	8
71649	9
71650	9
71651	10
71652	10
71653	11
71654	10
71655	9
71656	11
71657	12
71658	11
71659	10
71660	11
71661	10
71662	9
71663	10
71664	9
71665	8
71666	8
71667	9
71668	9
71669	10
71670	9
71671	8
71672	10
71673	11
71674	10
71675	9
71676	10
71677	9
71678	8
71679	9
71680	8
71681	7
71682	8
71683	8
71684	9
71685	11
71686	12
71687	11
71688	10
71689	11
71690	10
71691	9
71692	10
71693	9
71694	8
71695	8
71696	9
71697	8
71698	7
71699	7
71700	8
71701	10
71702	11
71703	10
71704	9
71705	10
71706	9
71707	8
71708	9
71709	8
71710	7
71711	7
71712	8
71713	7
71714	6
71715	7
71716	7
71717	8
71718	10
71719	11
71720	10
71721	9
71722	10
71723	9
71724	8
71725	9
71726	8
71727	7
71728	7
71729	8
71730	7
71731	6
71732	6
71733	7
71734	9
71735	10
71736	9
71737	8
71738	9
71739	8
71740	7
71741	8
71742	7
71743	6
71744	6
71745	7
71746	6
71747	5
71748	5
71749	6
71750	6
71751	7
71752	9
71753	10
71754	9
71755	8
71756	9
71757	8
71758	7
71759	8
71760	7
71761	6
71762	6
71763	7
71764	6
71765	5
71766	7
71767	8
71768	8
71769	9
71770	8
71771	7
71772	7
71773	8
71774	7
71775	6
71776	7
71777	7
71778	8
71779	7
71780	6
71781	6
71782	7
71783	6
71784	5
71785	6
71786	6
71787	7
71788	6
71789	5
71790	5
71791	6
71792	5
71793	4
71794	4
71795	5
71796	5
71797	6
71798	8
71799	9
71800	9
71801	10
71802	10
71803	11
71804	10
71805	9
71806	11
71807	12
71808	11
71809	10
71810	11
71811	10
71812	9
71813	10
71814	9
71815	8
71816	8
71817	9
71818	9
71819	10
71820	9
71821	8
71822	10
71823	11
71824	10
71825	9
71826	10
71827	9
71828	8
71829	9
71830	8
71831	7
71832	8
71833	8
71834	9
71835	11
71836	12
71837	11
71838	10
71839	11
71840	10
71841	9
71842	10
71843	9
71844	8
71845	8
71846	9
71847	8
71848	7
71849	7
71850	8
71851	10
71852	11
71853	10
71854	9
71855	10
71856	9
71857	8
71858	9
71859	8
71860	7
71861	7
71862	8
71863	7
71864	6
71865	7
71866	7
71867	8
71868	10
71869	11
71870	10
71871	9
71872	10
71873	9
71874	8
71875	9
71876	8
71877	7
71878	7
71879	8
71880	7
71881	6
71882	6
71883	7
71884	9
71885	10
71886	9
71887	8
71888	9
71889	8
71890	7
71891	8
71892	7
71893	6
71894	6
71895	7
71896	6
71897	5
71898	5
71899	6
71900	6
71901	7
71902	9
71903	10
71904	9
71905	8
71906	9
71907	8
71908	7
71909	8
71910	7
71911	6
71912	6
71913	7
71914	6
71915	5
71916	7
71917	8
71918	8
71919	9
71920	8
71921	7
71922	7
71923	8
71924	7
71925	6
71926	7
71927	7
71928	8
71929	7
71930	6
71931	6
71932	7
71933	6
71934	5
71935	6
71936	6
71937	7
71938	6
71939	5
71940	5
71941	6
71942	5
71943	4
71944	6
71945	7
71946	7
71947	8
71948	8
71949	9
71950	11
71951	12
71952	11
71953	10
71954	11
71955	10
71956	9
71957	10
71958	9
71959	8
71960	8
71961	9
71962	8
71963	7
71964	9
71965	10
71966	10
71967	11
71968	10
71969	9
71970	9
71971	10
71972	9
71973	8
71974	9
71975	9
71976	10
71977	9
71978	8
71979	8
71980	9
71981	8
71982	7
71983	8
71984	8
71985	9
71986	8
71987	7
71988	7
71989	8
71990	7
71991	6
71992	6
71993	7
71994	7
71995	8
71996	10
71997	11
71998	10
71999	9
72000	10
72001	9
72002	8
72003	9
72004	8
72005	7
72006	7
72007	8
72008	7
72009	6
72010	8
72011	9
72012	9
72013	10
72014	9
72015	8
72016	8
72017	9
72018	8
72019	7
72020	8
72021	8
72022	9
72023	8
72024	7
72025	7
72026	8
72027	7
72028	6
72029	7
72030	7
72031	8
72032	7
72033	6
72034	6
72035	7
72036	6
72037	5
72038	6
72039	6
72040	7
72041	7
72042	8
72043	10
72044	11
72045	10
72046	9
72047	10
72048	9
72049	8
72050	9
72051	8
72052	7
72053	7
72054	8
72055	7
72056	6
72057	8
72058	9
72059	9
72060	10
72061	9
72062	8
72063	8
72064	9
72065	8
72066	7
72067	8
72068	8
72069	9
72070	8
72071	7
72072	7
72073	8
72074	7
72075	6
72076	7
72077	7
72078	8
72079	7
72080	6
72081	6
72082	7
72083	6
72084	5
72085	5
72086	6
72087	6
72088	7
72089	9
72090	10
72091	9
72092	8
72093	9
72094	8
72095	7
72096	8
72097	7
72098	6
72099	6
72100	7
72101	6
72102	5
72103	7
72104	8
72105	8
72106	9
72107	8
72108	7
72109	7
72110	8
72111	7
72112	6
72113	7
72114	7
72115	8
72116	7
72117	6
72118	6
72119	7
72120	6
72121	5
72122	6
72123	6
72124	7
72125	6
72126	5
72127	5
72128	6
72129	5
72130	4
72131	5
72132	5
72133	6
72134	8
72135	9
72136	9
72137	10
72138	9
72139	8
72140	8
72141	9
72142	8
72143	7
72144	8
72145	8
72146	9
72147	8
72148	7
72149	7
72150	8
72151	7
72152	6
72153	7
72154	7
72155	8
72156	7
72157	6
72158	6
72159	7
72160	6
72161	5
72162	5
72163	6
72164	6
72165	7
72166	6
72167	5
72168	7
72169	8
72170	7
72171	6
72172	7
72173	6
72174	5
72175	6
72176	5
72177	4
72178	4
72179	5
72180	7
72181	8
72182	8
72183	9
72184	8
72185	7
72186	7
72187	8
72188	7
72189	6
72190	7
72191	7
72192	8
72193	7
72194	6
72195	6
72196	7
72197	6
72198	5
72199	6
72200	6
72201	7
72202	6
72203	5
72204	5
72205	6
72206	5
72207	4
72208	4
72209	5
72210	5
72211	6
72212	5
72213	4
72214	6
72215	7
72216	6
72217	5
72218	6
72219	5
72220	4
72221	5
72222	4
72223	3
72224	5
72225	6
72226	6
72227	7
72228	7
72229	8
72230	10
72231	11
72232	11
72233	12
72234	12
72235	13
72236	12
72237	11
72238	13
72239	14
72240	13
72241	12
72242	13
72243	12
72244	11
72245	12
72246	11
72247	10
72248	10
72249	11
72250	11
72251	12
72252	11
72253	10
72254	12
72255	13
72256	12
72257	11
72258	12
72259	11
72260	10
72261	11
72262	10
72263	9
72264	10
72265	10
72266	11
72267	13
72268	14
72269	13
72270	12
72271	13
72272	12
72273	11
72274	12
72275	11
72276	10
72277	10
72278	11
72279	10
72280	9
72281	9
72282	10
72283	12
72284	13
72285	12
72286	11
72287	12
72288	11
72289	10
72290	11
72291	10
72292	9
72293	9
72294	10
72295	9
72296	8
72297	9
72298	9
72299	10
72300	12
72301	13
72302	12
72303	11
72304	12
72305	11
72306	10
72307	11
72308	10
72309	9
72310	9
72311	10
72312	9
72313	8
72314	8
72315	9
72316	11
72317	12
72318	11
72319	10
72320	11
72321	10
72322	9
72323	10
72324	9
72325	8
72326	8
72327	9
72328	8
72329	7
72330	7
72331	8
72332	8
72333	9
72334	11
72335	12
72336	11
72337	10
72338	11
72339	10
72340	9
72341	10
72342	9
72343	8
72344	8
72345	9
72346	8
72347	7
72348	9
72349	10
72350	10
72351	11
72352	10
72353	9
72354	9
72355	10
72356	9
72357	8
72358	9
72359	9
72360	10
72361	9
72362	8
72363	8
72364	9
72365	8
72366	7
72367	8
72368	8
72369	9
72370	8
72371	7
72372	7
72373	8
72374	7
72375	6
72376	8
72377	9
72378	9
72379	10
72380	10
72381	11
72382	13
72383	14
72384	13
72385	12
72386	13
72387	12
72388	11
72389	12
72390	11
72391	10
72392	10
72393	11
72394	10
72395	9
72396	11
72397	12
72398	12
72399	13
72400	12
72401	11
72402	11
72403	12
72404	11
72405	10
72406	11
72407	11
72408	12
72409	11
72410	10
72411	10
72412	11
72413	10
72414	9
72415	10
72416	10
72417	11
72418	10
72419	9
72420	9
72421	10
72422	9
72423	8
72424	8
72425	9
72426	9
72427	10
72428	12
72429	13
72430	12
72431	11
72432	12
72433	11
72434	10
72435	11
72436	10
72437	9
72438	9
72439	10
72440	9
72441	8
72442	10
72443	11
72444	11
72445	12
72446	11
72447	10
72448	10
72449	11
72450	10
72451	9
72452	10
72453	10
72454	11
72455	10
72456	9
72457	9
72458	10
72459	9
72460	8
72461	9
72462	9
72463	10
72464	9
72465	8
72466	8
72467	9
72468	8
72469	7
72470	8
72471	8
72472	9
72473	9
72474	10
72475	12
72476	13
72477	12
72478	11
72479	12
72480	11
72481	10
72482	11
72483	10
72484	9
72485	9
72486	10
72487	9
72488	8
72489	10
72490	11
72491	11
72492	12
72493	11
72494	10
72495	10
72496	11
72497	10
72498	9
72499	10
72500	10
72501	11
72502	10
72503	9
72504	9
72505	10
72506	9
72507	8
72508	9
72509	9
72510	10
72511	9
72512	8
72513	8
72514	9
72515	8
72516	7
72517	7
72518	8
72519	8
72520	9
72521	11
72522	12
72523	11
72524	10
72525	11
72526	10
72527	9
72528	10
72529	9
72530	8
72531	8
72532	9
72533	8
72534	7
72535	9
72536	10
72537	10
72538	11
72539	10
72540	9
72541	9
72542	10
72543	9
72544	8
72545	9
72546	9
72547	10
72548	9
72549	8
72550	8
72551	9
72552	8
72553	7
72554	8
72555	8
72556	9
72557	8
72558	7
72559	7
72560	8
72561	7
72562	6
72563	7
72564	7
72565	8
72566	10
72567	11
72568	11
72569	12
72570	11
72571	10
72572	10
72573	11
72574	10
72575	9
72576	10
72577	10
72578	11
72579	10
72580	9
72581	9
72582	10
72583	9
72584	8
72585	9
72586	9
72587	10
72588	9
72589	8
72590	8
72591	9
72592	8
72593	7
72594	7
72595	8
72596	8
72597	9
72598	8
72599	7
72600	9
72601	10
72602	9
72603	8
72604	9
72605	8
72606	7
72607	8
72608	7
72609	6
72610	6
72611	7
72612	9
72613	10
72614	10
72615	11
72616	10
72617	9
72618	9
72619	10
72620	9
72621	8
72622	9
72623	9
72624	10
72625	9
72626	8
72627	8
72628	9
72629	8
72630	7
72631	8
72632	8
72633	9
72634	8
72635	7
72636	7
72637	8
72638	7
72639	6
72640	6
72641	7
72642	7
72643	8
72644	7
72645	6
72646	8
72647	9
72648	8
72649	7
72650	8
72651	7
72652	6
72653	7
72654	6
72655	5
72656	5
72657	6
72658	6
72659	7
72660	9
72661	10
72662	10
72663	11
72664	11
72665	12
72666	11
72667	10
72668	12
72669	13
72670	12
72671	11
72672	12
72673	11
72674	10
72675	11
72676	10
72677	9
72678	9
72679	10
72680	10
72681	11
72682	10
72683	9
72684	11
72685	12
72686	11
72687	10
72688	11
72689	10
72690	9
72691	10
72692	9
72693	8
72694	9
72695	9
72696	10
72697	12
72698	13
72699	12
72700	11
72701	12
72702	11
72703	10
72704	11
72705	10
72706	9
72707	9
72708	10
72709	9
72710	8
72711	8
72712	9
72713	11
72714	12
72715	11
72716	10
72717	11
72718	10
72719	9
72720	10
72721	9
72722	8
72723	8
72724	9
72725	8
72726	7
72727	8
72728	8
72729	9
72730	11
72731	12
72732	11
72733	10
72734	11
72735	10
72736	9
72737	10
72738	9
72739	8
72740	8
72741	9
72742	8
72743	7
72744	7
72745	8
72746	10
72747	11
72748	10
72749	9
72750	10
72751	9
72752	8
72753	9
72754	8
72755	7
72756	7
72757	8
72758	7
72759	6
72760	6
72761	7
72762	7
72763	8
72764	10
72765	11
72766	10
72767	9
72768	10
72769	9
72770	8
72771	9
72772	8
72773	7
72774	7
72775	8
72776	7
72777	6
72778	8
72779	9
72780	9
72781	10
72782	9
72783	8
72784	8
72785	9
72786	8
72787	7
72788	8
72789	8
72790	9
72791	8
72792	7
72793	7
72794	8
72795	7
72796	6
72797	7
72798	7
72799	8
72800	7
72801	6
72802	6
72803	7
72804	6
72805	5
72806	7
72807	8
72808	8
72809	9
72810	9
72811	10
72812	12
72813	13
72814	12
72815	11
72816	12
72817	11
72818	10
72819	11
72820	10
72821	9
72822	9
72823	10
72824	9
72825	8
72826	10
72827	11
72828	11
72829	12
72830	11
72831	10
72832	10
72833	11
72834	10
72835	9
72836	10
72837	10
72838	11
72839	10
72840	9
72841	9
72842	10
72843	9
72844	8
72845	9
72846	9
72847	10
72848	9
72849	8
72850	8
72851	9
72852	8
72853	7
72854	7
72855	8
72856	8
72857	9
72858	11
72859	12
72860	11
72861	10
72862	11
72863	10
72864	9
72865	10
72866	9
72867	8
72868	8
72869	9
72870	8
72871	7
72872	9
72873	10
72874	10
72875	11
72876	10
72877	9
72878	9
72879	10
72880	9
72881	8
72882	9
72883	9
72884	10
72885	9
72886	8
72887	8
72888	9
72889	8
72890	7
72891	8
72892	8
72893	9
72894	8
72895	7
72896	7
72897	8
72898	7
72899	6
72900	7
72901	7
72902	8
72903	8
72904	9
72905	11
72906	12
72907	11
72908	10
72909	11
72910	10
72911	9
72912	10
72913	9
72914	8
72915	8
72916	9
72917	8
72918	7
72919	9
72920	10
72921	10
72922	11
72923	10
72924	9
72925	9
72926	10
72927	9
72928	8
72929	9
72930	9
72931	10
72932	9
72933	8
72934	8
72935	9
72936	8
72937	7
72938	8
72939	8
72940	9
72941	8
72942	7
72943	7
72944	8
72945	7
72946	6
72947	6
72948	7
72949	7
72950	8
72951	10
72952	11
72953	10
72954	9
72955	10
72956	9
72957	8
72958	9
72959	8
72960	7
72961	7
72962	8
72963	7
72964	6
72965	8
72966	9
72967	9
72968	10
72969	9
72970	8
72971	8
72972	9
72973	8
72974	7
72975	8
72976	8
72977	9
72978	8
72979	7
72980	7
72981	8
72982	7
72983	6
72984	7
72985	7
72986	8
72987	7
72988	6
72989	6
72990	7
72991	6
72992	5
72993	6
72994	6
72995	7
72996	9
72997	10
72998	10
72999	11
73000	10
73001	9
73002	9
73003	10
73004	9
73005	8
73006	9
73007	9
73008	10
73009	9
73010	8
73011	8
73012	9
73013	8
73014	7
73015	8
73016	8
73017	9
73018	8
73019	7
73020	7
73021	8
73022	7
73023	6
73024	6
73025	7
73026	7
73027	8
73028	7
73029	6
73030	8
73031	9
73032	8
73033	7
73034	8
73035	7
73036	6
73037	7
73038	6
73039	5
73040	5
73041	6
73042	8
73043	9
73044	9
73045	10
73046	9
73047	8
73048	8
73049	9
73050	8
73051	7
73052	8
73053	8
73054	9
73055	8
73056	7
73057	7
73058	8
73059	7
73060	6
73061	7
73062	7
73063	8
73064	7
73065	6
73066	6
73067	7
73068	6
73069	5
73070	5
73071	6
73072	6
73073	7
73074	6
73075	5
73076	7
73077	8
73078	7
73079	6
73080	7
73081	6
73082	5
73083	6
73084	5
73085	4
73086	5
73087	5
73088	6
73089	6
73090	7
73091	9
73092	10
73093	10
73094	11
73095	11
73096	12
73097	11
73098	10
73099	12
73100	13
73101	12
73102	11
73103	12
73104	11
73105	10
73106	11
73107	10
73108	9
73109	9
73110	10
73111	10
73112	11
73113	10
73114	9
73115	11
73116	12
73117	11
73118	10
73119	11
73120	10
73121	9
73122	10
73123	9
73124	8
73125	9
73126	9
73127	10
73128	12
73129	13
73130	12
73131	11
73132	12
73133	11
73134	10
73135	11
73136	10
73137	9
73138	9
73139	10
73140	9
73141	8
73142	8
73143	9
73144	11
73145	12
73146	11
73147	10
73148	11
73149	10
73150	9
73151	10
73152	9
73153	8
73154	8
73155	9
73156	8
73157	7
73158	8
73159	8
73160	9
73161	11
73162	12
73163	11
73164	10
73165	11
73166	10
73167	9
73168	10
73169	9
73170	8
73171	8
73172	9
73173	8
73174	7
73175	7
73176	8
73177	10
73178	11
73179	10
73180	9
73181	10
73182	9
73183	8
73184	9
73185	8
73186	7
73187	7
73188	8
73189	7
73190	6
73191	6
73192	7
73193	7
73194	8
73195	10
73196	11
73197	10
73198	9
73199	10
73200	9
73201	8
73202	9
73203	8
73204	7
73205	7
73206	8
73207	7
73208	6
73209	8
73210	9
73211	9
73212	10
73213	9
73214	8
73215	8
73216	9
73217	8
73218	7
73219	8
73220	8
73221	9
73222	8
73223	7
73224	7
73225	8
73226	7
73227	6
73228	7
73229	7
73230	8
73231	7
73232	6
73233	6
73234	7
73235	6
73236	5
73237	7
73238	8
73239	8
73240	9
73241	9
73242	10
73243	12
73244	13
73245	12
73246	11
73247	12
73248	11
73249	10
73250	11
73251	10
73252	9
73253	9
73254	10
73255	9
73256	8
73257	10
73258	11
73259	11
73260	12
73261	11
73262	10
73263	10
73264	11
73265	10
73266	9
73267	10
73268	10
73269	11
73270	10
73271	9
73272	9
73273	10
73274	9
73275	8
73276	9
73277	9
73278	10
73279	9
73280	8
73281	8
73282	9
73283	8
73284	7
73285	7
73286	8
73287	8
73288	9
73289	11
73290	12
73291	11
73292	10
73293	11
73294	10
73295	9
73296	10
73297	9
73298	8
73299	8
73300	9
73301	8
73302	7
73303	9
73304	10
73305	10
73306	11
73307	10
73308	9
73309	9
73310	10
73311	9
73312	8
73313	9
73314	9
73315	10
73316	9
73317	8
73318	8
73319	9
73320	8
73321	7
73322	8
73323	8
73324	9
73325	8
73326	7
73327	7
73328	8
73329	7
73330	6
73331	7
73332	7
73333	8
73334	8
73335	9
73336	11
73337	12
73338	11
73339	10
73340	11
73341	10
73342	9
73343	10
73344	9
73345	8
73346	8
73347	9
73348	8
73349	7
73350	9
73351	10
73352	10
73353	11
73354	10
73355	9
73356	9
73357	10
73358	9
73359	8
73360	9
73361	9
73362	10
73363	9
73364	8
73365	8
73366	9
73367	8
73368	7
73369	8
73370	8
73371	9
73372	8
73373	7
73374	7
73375	8
73376	7
73377	6
73378	6
73379	7
73380	7
73381	8
73382	10
73383	11
73384	10
73385	9
73386	10
73387	9
73388	8
73389	9
73390	8
73391	7
73392	7
73393	8
73394	7
73395	6
73396	8
73397	9
73398	9
73399	10
73400	9
73401	8
73402	8
73403	9
73404	8
73405	7
73406	8
73407	8
73408	9
73409	8
73410	7
73411	7
73412	8
73413	7
73414	6
73415	7
73416	7
73417	8
73418	7
73419	6
73420	6
73421	7
73422	6
73423	5
73424	6
73425	6
73426	7
73427	9
73428	10
73429	10
73430	11
73431	10
73432	9
73433	9
73434	10
73435	9
73436	8
73437	9
73438	9
73439	10
73440	9
73441	8
73442	8
73443	9
73444	8
73445	7
73446	8
73447	8
73448	9
73449	8
73450	7
73451	7
73452	8
73453	7
73454	6
73455	6
73456	7
73457	7
73458	8
73459	7
73460	6
73461	8
73462	9
73463	8
73464	7
73465	8
73466	7
73467	6
73468	7
73469	6
73470	5
73471	5
73472	6
73473	8
73474	9
73475	9
73476	10
73477	9
73478	8
73479	8
73480	9
73481	8
73482	7
73483	8
73484	8
73485	9
73486	8
73487	7
73488	7
73489	8
73490	7
73491	6
73492	7
73493	7
73494	8
73495	7
73496	6
73497	6
73498	7
73499	6
73500	5
73501	5
73502	6
73503	6
73504	7
73505	6
73506	5
73507	7
73508	8
73509	7
73510	6
73511	7
73512	6
73513	5
73514	6
73515	5
73516	4
73517	4
73518	5
73519	5
73520	6
73521	8
73522	9
73523	9
73524	10
73525	10
73526	11
73527	10
73528	9
73529	11
73530	12
73531	11
73532	10
73533	11
73534	10
73535	9
73536	10
73537	9
73538	8
73539	8
73540	9
73541	9
73542	10
73543	9
73544	8
73545	10
73546	11
73547	10
73548	9
73549	10
73550	9
73551	8
73552	9
73553	8
73554	7
73555	8
73556	8
73557	9
73558	11
73559	12
73560	11
73561	10
73562	11
73563	10
73564	9
73565	10
73566	9
73567	8
73568	8
73569	9
73570	8
73571	7
73572	7
73573	8
73574	10
73575	11
73576	10
73577	9
73578	10
73579	9
73580	8
73581	9
73582	8
73583	7
73584	7
73585	8
73586	7
73587	6
73588	7
73589	7
73590	8
73591	10
73592	11
73593	10
73594	9
73595	10
73596	9
73597	8
73598	9
73599	8
73600	7
73601	7
73602	8
73603	7
73604	6
73605	6
73606	7
73607	9
73608	10
73609	9
73610	8
73611	9
73612	8
73613	7
73614	8
73615	7
73616	6
73617	6
73618	7
73619	6
73620	5
73621	5
73622	6
73623	6
73624	7
73625	9
73626	10
73627	9
73628	8
73629	9
73630	8
73631	7
73632	8
73633	7
73634	6
73635	6
73636	7
73637	6
73638	5
73639	7
73640	8
73641	8
73642	9
73643	8
73644	7
73645	7
73646	8
73647	7
73648	6
73649	7
73650	7
73651	8
73652	7
73653	6
73654	6
73655	7
73656	6
73657	5
73658	6
73659	6
73660	7
73661	6
73662	5
73663	5
73664	6
73665	5
73666	4
73667	6
73668	7
73669	7
73670	8
73671	8
73672	9
73673	11
73674	12
73675	11
73676	10
73677	11
73678	10
73679	9
73680	10
73681	9
73682	8
73683	8
73684	9
73685	8
73686	7
73687	9
73688	10
73689	10
73690	11
73691	10
73692	9
73693	9
73694	10
73695	9
73696	8
73697	9
73698	9
73699	10
73700	9
73701	8
73702	8
73703	9
73704	8
73705	7
73706	8
73707	8
73708	9
73709	8
73710	7
73711	7
73712	8
73713	7
73714	6
73715	6
73716	7
73717	7
73718	8
73719	10
73720	11
73721	10
73722	9
73723	10
73724	9
73725	8
73726	9
73727	8
73728	7
73729	7
73730	8
73731	7
73732	6
73733	8
73734	9
73735	9
73736	10
73737	9
73738	8
73739	8
73740	9
73741	8
73742	7
73743	8
73744	8
73745	9
73746	8
73747	7
73748	7
73749	8
73750	7
73751	6
73752	7
73753	7
73754	8
73755	7
73756	6
73757	6
73758	7
73759	6
73760	5
73761	6
73762	6
73763	7
73764	7
73765	8
73766	10
73767	11
73768	10
73769	9
73770	10
73771	9
73772	8
73773	9
73774	8
73775	7
73776	7
73777	8
73778	7
73779	6
73780	8
73781	9
73782	9
73783	10
73784	9
73785	8
73786	8
73787	9
73788	8
73789	7
73790	8
73791	8
73792	9
73793	8
73794	7
73795	7
73796	8
73797	7
73798	6
73799	7
73800	7
73801	8
73802	7
73803	6
73804	6
73805	7
73806	6
73807	5
73808	5
73809	6
73810	6
73811	7
73812	9
73813	10
73814	9
73815	8
73816	9
73817	8
73818	7
73819	8
73820	7
73821	6
73822	6
73823	7
73824	6
73825	5
73826	7
73827	8
73828	8
73829	9
73830	8
73831	7
73832	7
73833	8
73834	7
73835	6
73836	7
73837	7
73838	8
73839	7
73840	6
73841	6
73842	7
73843	6
73844	5
73845	6
73846	6
73847	7
73848	6
73849	5
73850	5
73851	6
73852	5
73853	4
73854	5
73855	5
73856	6
73857	8
73858	9
73859	9
73860	10
73861	9
73862	8
73863	8
73864	9
73865	8
73866	7
73867	8
73868	8
73869	9
73870	8
73871	7
73872	7
73873	8
73874	7
73875	6
73876	7
73877	7
73878	8
73879	7
73880	6
73881	6
73882	7
73883	6
73884	5
73885	5
73886	6
73887	6
73888	7
73889	6
73890	5
73891	7
73892	8
73893	7
73894	6
73895	7
73896	6
73897	5
73898	6
73899	5
73900	4
73901	4
73902	5
73903	7
73904	8
73905	8
73906	9
73907	8
73908	7
73909	7
73910	8
73911	7
73912	6
73913	7
73914	7
73915	8
73916	7
73917	6
73918	6
73919	7
73920	6
73921	5
73922	6
73923	6
73924	7
73925	6
73926	5
73927	5
73928	6
73929	5
73930	4
73931	4
73932	5
73933	5
73934	6
73935	5
73936	4
73937	6
73938	7
73939	6
73940	5
73941	6
73942	5
73943	4
73944	5
73945	4
73946	3
73947	4
73948	4
73949	5
73950	7
73951	8
73952	8
73953	9
73954	9
73955	10
73956	12
73957	13
73958	12
73959	11
73960	12
73961	11
73962	10
73963	11
73964	10
73965	9
73966	9
73967	10
73968	9
73969	8
73970	10
73971	11
73972	11
73973	12
73974	11
73975	10
73976	10
73977	11
73978	10
73979	9
73980	10
73981	10
73982	11
73983	10
73984	9
73985	9
73986	10
73987	9
73988	8
73989	9
73990	9
73991	10
73992	9
73993	8
73994	8
73995	9
73996	8
73997	7
73998	7
73999	8
74000	8
74001	9
74002	11
74003	12
74004	11
74005	10
74006	11
74007	10
74008	9
74009	10
74010	9
74011	8
74012	8
74013	9
74014	8
74015	7
74016	9
74017	10
74018	10
74019	11
74020	10
74021	9
74022	9
74023	10
74024	9
74025	8
74026	9
74027	9
74028	10
74029	9
74030	8
74031	8
74032	9
74033	8
74034	7
74035	8
74036	8
74037	9
74038	8
74039	7
74040	7
74041	8
74042	7
74043	6
74044	7
74045	7
74046	8
74047	10
74048	11
74049	11
74050	12
74051	11
74052	10
74053	10
74054	11
74055	10
74056	9
74057	10
74058	10
74059	11
74060	10
74061	9
74062	9
74063	10
74064	9
74065	8
74066	9
74067	9
74068	10
74069	9
74070	8
74071	8
74072	9
74073	8
74074	7
74075	7
74076	8
74077	8
74078	9
74079	8
74080	7
74081	9
74082	10
74083	9
74084	8
74085	9
74086	8
74087	7
74088	8
74089	7
74090	6
74091	6
74092	7
74093	9
74094	10
74095	10
74096	11
74097	10
74098	9
74099	9
74100	10
74101	9
74102	8
74103	9
74104	9
74105	10
74106	9
74107	8
74108	8
74109	9
74110	8
74111	7
74112	8
74113	8
74114	9
74115	8
74116	7
74117	7
74118	8
74119	7
74120	6
74121	6
74122	7
74123	7
74124	8
74125	7
74126	6
74127	8
74128	9
74129	8
74130	7
74131	8
74132	7
74133	6
74134	7
74135	6
74136	5
74137	6
74138	6
74139	7
74140	9
74141	10
74142	10
74143	11
74144	10
74145	9
74146	9
74147	10
74148	9
74149	8
74150	9
74151	9
74152	10
74153	9
74154	8
74155	8
74156	9
74157	8
74158	7
74159	8
74160	8
74161	9
74162	8
74163	7
74164	7
74165	8
74166	7
74167	6
74168	6
74169	7
74170	7
74171	8
74172	7
74173	6
74174	8
74175	9
74176	8
74177	7
74178	8
74179	7
74180	6
74181	7
74182	6
74183	5
74184	5
74185	6
74186	8
74187	9
74188	9
74189	10
74190	9
74191	8
74192	8
74193	9
74194	8
74195	7
74196	8
74197	8
74198	9
74199	8
74200	7
74201	7
74202	8
74203	7
74204	6
74205	7
74206	7
74207	8
74208	7
74209	6
74210	6
74211	7
74212	6
74213	5
74214	5
74215	6
74216	6
74217	7
74218	6
74219	5
74220	7
74221	8
74222	7
74223	6
74224	7
74225	6
74226	5
74227	6
74228	5
74229	4
74230	4
74231	5
74232	5
74233	6
74234	8
74235	9
74236	9
74237	10
74238	9
74239	8
74240	8
74241	9
74242	8
74243	7
74244	8
74245	8
74246	9
74247	8
74248	7
74249	7
74250	8
74251	7
74252	6
74253	7
74254	7
74255	8
74256	7
74257	6
74258	6
74259	7
74260	6
74261	5
74262	5
74263	6
74264	6
74265	7
74266	6
74267	5
74268	7
74269	8
74270	7
74271	6
74272	7
74273	6
74274	5
74275	6
74276	5
74277	4
74278	6
74279	7
74280	7
74281	8
74282	8
74283	9
74284	8
74285	7
74286	9
74287	10
74288	9
74289	8
74290	9
74291	8
74292	7
74293	8
74294	7
74295	6
74296	6
74297	7
74298	7
74299	8
74300	7
74301	6
74302	8
74303	9
74304	8
74305	7
74306	8
74307	7
74308	6
74309	7
74310	6
74311	5
74312	6
74313	6
74314	7
74315	7
74316	8
74317	7
74318	6
74319	8
74320	9
74321	8
74322	7
74323	8
74324	7
74325	6
74326	7
74327	6
74328	5
74329	5
74330	6
74331	6
74332	7
74333	6
74334	5
74335	7
74336	8
74337	7
74338	6
74339	7
74340	6
74341	5
74342	6
74343	5
74344	4
74345	5
74346	5
74347	6
74348	8
74349	9
74350	8
74351	7
74352	8
74353	7
74354	6
74355	7
74356	6
74357	5
74358	5
74359	6
74360	5
74361	4
74362	4
74363	5
74364	7
74365	8
74366	7
74367	6
74368	7
74369	6
74370	5
74371	6
74372	5
74373	4
74374	4
74375	5
74376	4
74377	3
74378	3
74379	4
74380	6
74381	7
74382	7
74383	8
74384	8
74385	9
74386	11
74387	12
74388	11
74389	10
74390	11
74391	10
74392	9
74393	10
74394	9
74395	8
74396	8
74397	9
74398	8
74399	7
74400	9
74401	10
74402	10
74403	11
74404	10
74405	9
74406	9
74407	10
74408	9
74409	8
74410	9
74411	9
74412	10
74413	9
74414	8
74415	8
74416	9
74417	8
74418	7
74419	8
74420	8
74421	9
74422	8
74423	7
74424	7
74425	8
74426	7
74427	6
74428	6
74429	7
74430	7
74431	8
74432	10
74433	11
74434	10
74435	9
74436	10
74437	9
74438	8
74439	9
74440	8
74441	7
74442	7
74443	8
74444	7
74445	6
74446	8
74447	9
74448	9
74449	10
74450	9
74451	8
74452	8
74453	9
74454	8
74455	7
74456	8
74457	8
74458	9
74459	8
74460	7
74461	7
74462	8
74463	7
74464	6
74465	7
74466	7
74467	8
74468	7
74469	6
74470	6
74471	7
74472	6
74473	5
74474	6
74475	6
74476	7
74477	9
74478	10
74479	10
74480	11
74481	10
74482	9
74483	9
74484	10
74485	9
74486	8
74487	9
74488	9
74489	10
74490	9
74491	8
74492	8
74493	9
74494	8
74495	7
74496	8
74497	8
74498	9
74499	8
74500	7
74501	7
74502	8
74503	7
74504	6
74505	6
74506	7
74507	7
74508	8
74509	7
74510	6
74511	8
74512	9
74513	8
74514	7
74515	8
74516	7
74517	6
74518	7
74519	6
74520	5
74521	5
74522	6
74523	8
74524	9
74525	9
74526	10
74527	9
74528	8
74529	8
74530	9
74531	8
74532	7
74533	8
74534	8
74535	9
74536	8
74537	7
74538	7
74539	8
74540	7
74541	6
74542	7
74543	7
74544	8
74545	7
74546	6
74547	6
74548	7
74549	6
74550	5
74551	5
74552	6
74553	6
74554	7
74555	6
74556	5
74557	7
74558	8
74559	7
74560	6
74561	7
74562	6
74563	5
74564	6
74565	5
74566	4
74567	5
74568	5
74569	6
74570	8
74571	9
74572	9
74573	10
74574	9
74575	8
74576	8
74577	9
74578	8
74579	7
74580	8
74581	8
74582	9
74583	8
74584	7
74585	7
74586	8
74587	7
74588	6
74589	7
74590	7
74591	8
74592	7
74593	6
74594	6
74595	7
74596	6
74597	5
74598	5
74599	6
74600	6
74601	7
74602	6
74603	5
74604	7
74605	8
74606	7
74607	6
74608	7
74609	6
74610	5
74611	6
74612	5
74613	4
74614	4
74615	5
74616	7
74617	8
74618	8
74619	9
74620	8
74621	7
74622	7
74623	8
74624	7
74625	6
74626	7
74627	7
74628	8
74629	7
74630	6
74631	6
74632	7
74633	6
74634	5
74635	6
74636	6
74637	7
74638	6
74639	5
74640	5
74641	6
74642	5
74643	4
74644	4
74645	5
74646	5
74647	6
74648	5
74649	4
74650	6
74651	7
74652	6
74653	5
74654	6
74655	5
74656	4
74657	5
74658	4
74659	3
74660	3
74661	4
74662	4
74663	5
74664	7
74665	8
74666	8
74667	9
74668	8
74669	7
74670	7
74671	8
74672	7
74673	6
74674	7
74675	7
74676	8
74677	7
74678	6
74679	6
74680	7
74681	6
74682	5
74683	6
74684	6
74685	7
74686	6
74687	5
74688	5
74689	6
74690	5
74691	4
74692	4
74693	5
74694	5
74695	6
74696	5
74697	4
74698	6
74699	7
74700	6
74701	5
74702	6
74703	5
74704	4
74705	5
74706	4
74707	3
74708	5
74709	6
74710	6
74711	7
74712	7
74713	8
74714	7
74715	6
74716	8
74717	9
74718	8
74719	7
74720	8
74721	7
74722	6
74723	7
74724	6
74725	5
74726	5
74727	6
74728	6
74729	7
74730	6
74731	5
74732	7
74733	8
74734	7
74735	6
74736	7
74737	6
74738	5
74739	6
74740	5
74741	4
74742	5
74743	5
74744	6
74745	6
74746	7
74747	6
74748	5
74749	7
74750	8
74751	7
74752	6
74753	7
74754	6
74755	5
74756	6
74757	5
74758	4
74759	4
74760	5
74761	5
74762	6
74763	5
74764	4
74765	6
74766	7
74767	6
74768	5
74769	6
74770	5
74771	4
74772	5
74773	4
74774	3
74775	4
74776	4
74777	5
74778	7
74779	8
74780	7
74781	6
74782	7
74783	6
74784	5
74785	6
74786	5
74787	4
74788	4
74789	5
74790	4
74791	3
74792	3
74793	4
74794	6
74795	7
74796	6
74797	5
74798	6
74799	5
74800	4
74801	5
74802	4
74803	3
74804	3
74805	4
74806	3
74807	2
74808	2
74809	3
74810	5
74811	6
74812	6
74813	7
74814	7
74815	8
74816	10
74817	11
74818	11
74819	12
74820	12
74821	13
74822	15
74823	16
74824	15
74825	14
74826	15
74827	14
74828	13
74829	14
74830	13
74831	12
74832	12
74833	13
74834	12
74835	11
74836	13
74837	14
74838	14
74839	15
74840	14
74841	13
74842	13
74843	14
74844	13
74845	12
74846	13
74847	13
74848	14
74849	13
74850	12
74851	12
74852	13
74853	12
74854	11
74855	12
74856	12
74857	13
74858	12
74859	11
74860	11
74861	12
74862	11
74863	10
74864	10
74865	11
74866	11
74867	12
74868	14
74869	15
74870	14
74871	13
74872	14
74873	13
74874	12
74875	13
74876	12
74877	11
74878	11
74879	12
74880	11
74881	10
74882	12
74883	13
74884	13
74885	14
74886	13
74887	12
74888	12
74889	13
74890	12
74891	11
74892	12
74893	12
74894	13
74895	12
74896	11
74897	11
74898	12
74899	11
74900	10
74901	11
74902	11
74903	12
74904	11
74905	10
74906	10
74907	11
74908	10
74909	9
74910	10
74911	10
74912	11
74913	13
74914	14
74915	14
74916	15
74917	14
74918	13
74919	13
74920	14
74921	13
74922	12
74923	13
74924	13
74925	14
74926	13
74927	12
74928	12
74929	13
74930	12
74931	11
74932	12
74933	12
74934	13
74935	12
74936	11
74937	11
74938	12
74939	11
74940	10
74941	10
74942	11
74943	11
74944	12
74945	11
74946	10
74947	12
74948	13
74949	12
74950	11
74951	12
74952	11
74953	10
74954	11
74955	10
74956	9
74957	9
74958	10
74959	12
74960	13
74961	13
74962	14
74963	13
74964	12
74965	12
74966	13
74967	12
74968	11
74969	12
74970	12
74971	13
74972	12
74973	11
74974	11
74975	12
74976	11
74977	10
74978	11
74979	11
74980	12
74981	11
74982	10
74983	10
74984	11
74985	10
74986	9
74987	9
74988	10
74989	10
74990	11
74991	10
74992	9
74993	11
74994	12
74995	11
74996	10
74997	11
74998	10
74999	9
75000	10
75001	9
75002	8
75003	9
75004	9
75005	10
75006	12
75007	13
75008	13
75009	14
75010	13
75011	12
75012	12
75013	13
75014	12
75015	11
75016	12
75017	12
75018	13
75019	12
75020	11
75021	11
75022	12
75023	11
75024	10
75025	11
75026	11
75027	12
75028	11
75029	10
75030	10
75031	11
75032	10
75033	9
75034	9
75035	10
75036	10
75037	11
75038	10
75039	9
75040	11
75041	12
75042	11
75043	10
75044	11
75045	10
75046	9
75047	10
75048	9
75049	8
75050	8
75051	9
75052	11
75053	12
75054	12
75055	13
75056	12
75057	11
75058	11
75059	12
75060	11
75061	10
75062	11
75063	11
75064	12
75065	11
75066	10
75067	10
75068	11
75069	10
75070	9
75071	10
75072	10
75073	11
75074	10
75075	9
75076	9
75077	10
75078	9
75079	8
75080	8
75081	9
75082	9
75083	10
75084	9
75085	8
75086	10
75087	11
75088	10
75089	9
75090	10
75091	9
75092	8
75093	9
75094	8
75095	7
75096	7
75097	8
75098	8
75099	9
75100	11
75101	12
75102	12
75103	13
75104	12
75105	11
75106	11
75107	12
75108	11
75109	10
75110	11
75111	11
75112	12
75113	11
75114	10
75115	10
75116	11
75117	10
75118	9
75119	10
75120	10
75121	11
75122	10
75123	9
75124	9
75125	10
75126	9
75127	8
75128	8
75129	9
75130	9
75131	10
75132	9
75133	8
75134	10
75135	11
75136	10
75137	9
75138	10
75139	9
75140	8
75141	9
75142	8
75143	7
75144	9
75145	10
75146	10
75147	11
75148	11
75149	12
75150	11
75151	10
75152	12
75153	13
75154	12
75155	11
75156	12
75157	11
75158	10
75159	11
75160	10
75161	9
75162	9
75163	10
75164	10
75165	11
75166	10
75167	9
75168	11
75169	12
75170	11
75171	10
75172	11
75173	10
75174	9
75175	10
75176	9
75177	8
75178	9
75179	9
75180	10
75181	10
75182	11
75183	10
75184	9
75185	11
75186	12
75187	11
75188	10
75189	11
75190	10
75191	9
75192	10
75193	9
75194	8
75195	8
75196	9
75197	9
75198	10
75199	9
75200	8
75201	10
75202	11
75203	10
75204	9
75205	10
75206	9
75207	8
75208	9
75209	8
75210	7
75211	8
75212	8
75213	9
75214	11
75215	12
75216	11
75217	10
75218	11
75219	10
75220	9
75221	10
75222	9
75223	8
75224	8
75225	9
75226	8
75227	7
75228	7
75229	8
75230	10
75231	11
75232	10
75233	9
75234	10
75235	9
75236	8
75237	9
75238	8
75239	7
75240	7
75241	8
75242	7
75243	6
75244	8
75245	9
75246	9
75247	10
75248	10
75249	11
75250	13
75251	14
75252	14
75253	15
75254	14
75255	13
75256	13
75257	14
75258	13
75259	12
75260	13
75261	13
75262	14
75263	13
75264	12
75265	12
75266	13
75267	12
75268	11
75269	12
75270	12
75271	13
75272	12
75273	11
75274	11
75275	12
75276	11
75277	10
75278	10
75279	11
75280	11
75281	12
75282	11
75283	10
75284	12
75285	13
75286	12
75287	11
75288	12
75289	11
75290	10
75291	11
75292	10
75293	9
75294	11
75295	12
75296	12
75297	13
75298	13
75299	14
75300	13
75301	12
75302	14
75303	15
75304	14
75305	13
75306	14
75307	13
75308	12
75309	13
75310	12
75311	11
75312	11
75313	12
75314	12
75315	13
75316	12
75317	11
75318	13
75319	14
75320	13
75321	12
75322	13
75323	12
75324	11
75325	12
75326	11
75327	10
75328	11
75329	11
75330	12
75331	12
75332	13
75333	12
75334	11
75335	13
75336	14
75337	13
75338	12
75339	13
75340	12
75341	11
75342	12
75343	11
75344	10
75345	10
75346	11
75347	11
75348	12
75349	11
75350	10
75351	12
75352	13
75353	12
75354	11
75355	12
75356	11
75357	10
75358	11
75359	10
75360	9
75361	10
75362	10
75363	11
75364	13
75365	14
75366	13
75367	12
75368	13
75369	12
75370	11
75371	12
75372	11
75373	10
75374	10
75375	11
75376	10
75377	9
75378	9
75379	10
75380	12
75381	13
75382	12
75383	11
75384	12
75385	11
75386	10
75387	11
75388	10
75389	9
75390	9
75391	10
75392	9
75393	8
75394	8
75395	9
75396	9
75397	10
75398	12
75399	13
75400	13
75401	14
75402	13
75403	12
75404	12
75405	13
75406	12
75407	11
75408	12
75409	12
75410	13
75411	12
75412	11
75413	11
75414	12
75415	11
75416	10
75417	11
75418	11
75419	12
75420	11
75421	10
75422	10
75423	11
75424	10
75425	9
75426	9
75427	10
75428	10
75429	11
75430	10
75431	9
75432	11
75433	12
75434	11
75435	10
75436	11
75437	10
75438	9
75439	10
75440	9
75441	8
75442	10
75443	11
75444	11
75445	12
75446	12
75447	13
75448	12
75449	11
75450	13
75451	14
75452	13
75453	12
75454	13
75455	12
75456	11
75457	12
75458	11
75459	10
75460	10
75461	11
75462	11
75463	12
75464	11
75465	10
75466	12
75467	13
75468	12
75469	11
75470	12
75471	11
75472	10
75473	11
75474	10
75475	9
75476	10
75477	10
75478	11
75479	11
75480	12
75481	11
75482	10
75483	12
75484	13
75485	12
75486	11
75487	12
75488	11
75489	10
75490	11
75491	10
75492	9
75493	9
75494	10
75495	10
75496	11
75497	10
75498	9
75499	11
75500	12
75501	11
75502	10
75503	11
75504	10
75505	9
75506	10
75507	9
75508	8
75509	9
75510	9
75511	10
75512	12
75513	13
75514	12
75515	11
75516	12
75517	11
75518	10
75519	11
75520	10
75521	9
75522	9
75523	10
75524	9
75525	8
75526	8
75527	9
75528	11
75529	12
75530	11
75531	10
75532	11
75533	10
75534	9
75535	10
75536	9
75537	8
75538	8
75539	9
75540	8
75541	7
75542	8
75543	8
75544	9
75545	9
75546	10
75547	12
75548	13
75549	13
75550	14
75551	13
75552	12
75553	12
75554	13
75555	12
75556	11
75557	12
75558	12
75559	13
75560	12
75561	11
75562	11
75563	12
75564	11
75565	10
75566	11
75567	11
75568	12
75569	11
75570	10
75571	10
75572	11
75573	10
75574	9
75575	9
75576	10
75577	10
75578	11
75579	10
75580	9
75581	11
75582	12
75583	11
75584	10
75585	11
75586	10
75587	9
75588	10
75589	9
75590	8
75591	10
75592	11
75593	11
75594	12
75595	12
75596	13
75597	12
75598	11
75599	13
75600	14
75601	13
75602	12
75603	13
75604	12
75605	11
75606	12
75607	11
75608	10
75609	10
75610	11
75611	11
75612	12
75613	11
75614	10
75615	12
75616	13
75617	12
75618	11
75619	12
75620	11
75621	10
75622	11
75623	10
75624	9
75625	10
75626	10
75627	11
75628	11
75629	12
75630	11
75631	10
75632	12
75633	13
75634	12
75635	11
75636	12
75637	11
75638	10
75639	11
75640	10
75641	9
75642	9
75643	10
75644	10
75645	11
75646	10
75647	9
75648	11
75649	12
75650	11
75651	10
75652	11
75653	10
75654	9
75655	10
75656	9
75657	8
75658	9
75659	9
75660	10
75661	12
75662	13
75663	12
75664	11
75665	12
75666	11
75667	10
75668	11
75669	10
75670	9
75671	9
75672	10
75673	9
75674	8
75675	8
75676	9
75677	11
75678	12
75679	11
75680	10
75681	11
75682	10
75683	9
75684	10
75685	9
75686	8
75687	8
75688	9
75689	8
75690	7
75691	7
75692	8
75693	8
75694	9
75695	11
75696	12
75697	12
75698	13
75699	12
75700	11
75701	11
75702	12
75703	11
75704	10
75705	11
75706	11
75707	12
75708	11
75709	10
75710	10
75711	11
75712	10
75713	9
75714	10
75715	10
75716	11
75717	10
75718	9
75719	9
75720	10
75721	9
75722	8
75723	8
75724	9
75725	9
75726	10
75727	9
75728	8
75729	10
75730	11
75731	10
75732	9
75733	10
75734	9
75735	8
75736	9
75737	8
75738	7
75739	9
75740	10
75741	10
75742	11
75743	11
75744	12
75745	11
75746	10
75747	12
75748	13
75749	12
75750	11
75751	12
75752	11
75753	10
75754	11
75755	10
75756	9
75757	9
75758	10
75759	10
75760	11
75761	10
75762	9
75763	11
75764	12
75765	11
75766	10
75767	11
75768	10
75769	9
75770	10
75771	9
75772	8
75773	9
75774	9
75775	10
75776	10
75777	11
75778	10
75779	9
75780	11
75781	12
75782	11
75783	10
75784	11
75785	10
75786	9
75787	10
75788	9
75789	8
75790	8
75791	9
75792	9
75793	10
75794	9
75795	8
75796	10
75797	11
75798	10
75799	9
75800	10
75801	9
75802	8
75803	9
75804	8
75805	7
75806	8
75807	8
75808	9
75809	11
75810	12
75811	11
75812	10
75813	11
75814	10
75815	9
75816	10
75817	9
75818	8
75819	8
75820	9
75821	8
75822	7
75823	7
75824	8
75825	10
75826	11
75827	10
75828	9
75829	10
75830	9
75831	8
75832	9
75833	8
75834	7
75835	7
75836	8
75837	7
75838	6
75839	7
75840	7
75841	8
75842	10
75843	11
75844	11
75845	12
75846	12
75847	13
75848	12
75849	11
75850	13
75851	14
75852	13
75853	12
75854	13
75855	12
75856	11
75857	12
75858	11
75859	10
75860	10
75861	11
75862	11
75863	12
75864	11
75865	10
75866	12
75867	13
75868	12
75869	11
75870	12
75871	11
75872	10
75873	11
75874	10
75875	9
75876	10
75877	10
75878	11
75879	13
75880	14
75881	13
75882	12
75883	13
75884	12
75885	11
75886	12
75887	11
75888	10
75889	10
75890	11
75891	10
75892	9
75893	9
75894	10
75895	12
75896	13
75897	12
75898	11
75899	12
75900	11
75901	10
75902	11
75903	10
75904	9
75905	9
75906	10
75907	9
75908	8
75909	9
75910	9
75911	10
75912	12
75913	13
75914	12
75915	11
75916	12
75917	11
75918	10
75919	11
75920	10
75921	9
75922	9
75923	10
75924	9
75925	8
75926	8
75927	9
75928	11
75929	12
75930	11
75931	10
75932	11
75933	10
75934	9
75935	10
75936	9
75937	8
75938	8
75939	9
75940	8
75941	7
75942	7
75943	8
75944	8
75945	9
75946	11
75947	12
75948	11
75949	10
75950	11
75951	10
75952	9
75953	10
75954	9
75955	8
75956	8
75957	9
75958	8
75959	7
75960	9
75961	10
75962	10
75963	11
75964	10
75965	9
75966	9
75967	10
75968	9
75969	8
75970	9
75971	9
75972	10
75973	9
75974	8
75975	8
75976	9
75977	8
75978	7
75979	8
75980	8
75981	9
75982	8
75983	7
75984	7
75985	8
75986	7
75987	6
75988	6
75989	7
75990	9
75991	10
75992	10
75993	11
75994	11
75995	12
75996	11
75997	10
75998	12
75999	13
76000	12
76001	11
76002	12
76003	11
76004	10
76005	11
76006	10
76007	9
76008	9
76009	10
76010	10
76011	11
76012	10
76013	9
76014	11
76015	12
76016	11
76017	10
76018	11
76019	10
76020	9
76021	10
76022	9
76023	8
76024	9
76025	9
76026	10
76027	12
76028	13
76029	12
76030	11
76031	12
76032	11
76033	10
76034	11
76035	10
76036	9
76037	9
76038	10
76039	9
76040	8
76041	8
76042	9
76043	11
76044	12
76045	11
76046	10
76047	11
76048	10
76049	9
76050	10
76051	9
76052	8
76053	8
76054	9
76055	8
76056	7
76057	8
76058	8
76059	9
76060	11
76061	12
76062	11
76063	10
76064	11
76065	10
76066	9
76067	10
76068	9
76069	8
76070	8
76071	9
76072	8
76073	7
76074	7
76075	8
76076	10
76077	11
76078	10
76079	9
76080	10
76081	9
76082	8
76083	9
76084	8
76085	7
76086	7
76087	8
76088	7
76089	6
76090	6
76091	7
76092	7
76093	8
76094	10
76095	11
76096	10
76097	9
76098	10
76099	9
76100	8
76101	9
76102	8
76103	7
76104	7
76105	8
76106	7
76107	6
76108	8
76109	9
76110	9
76111	10
76112	9
76113	8
76114	8
76115	9
76116	8
76117	7
76118	8
76119	8
76120	9
76121	8
76122	7
76123	7
76124	8
76125	7
76126	6
76127	7
76128	7
76129	8
76130	7
76131	6
76132	6
76133	7
76134	6
76135	5
76136	5
76137	6
76138	6
76139	7
76140	9
76141	10
76142	10
76143	11
76144	11
76145	12
76146	14
76147	15
76148	14
76149	13
76150	14
76151	13
76152	12
76153	13
76154	12
76155	11
76156	11
76157	12
76158	11
76159	10
76160	12
76161	13
76162	13
76163	14
76164	13
76165	12
76166	12
76167	13
76168	12
76169	11
76170	12
76171	12
76172	13
76173	12
76174	11
76175	11
76176	12
76177	11
76178	10
76179	11
76180	11
76181	12
76182	11
76183	10
76184	10
76185	11
76186	10
76187	9
76188	9
76189	10
76190	10
76191	11
76192	13
76193	14
76194	13
76195	12
76196	13
76197	12
76198	11
76199	12
76200	11
76201	10
76202	10
76203	11
76204	10
76205	9
76206	11
76207	12
76208	12
76209	13
76210	12
76211	11
76212	11
76213	12
76214	11
76215	10
76216	11
76217	11
76218	12
76219	11
76220	10
76221	10
76222	11
76223	10
76224	9
76225	10
76226	10
76227	11
76228	10
76229	9
76230	9
76231	10
76232	9
76233	8
76234	9
76235	9
76236	10
76237	12
76238	13
76239	13
76240	14
76241	13
76242	12
76243	12
76244	13
76245	12
76246	11
76247	12
76248	12
76249	13
76250	12
76251	11
76252	11
76253	12
76254	11
76255	10
76256	11
76257	11
76258	12
76259	11
76260	10
76261	10
76262	11
76263	10
76264	9
76265	9
76266	10
76267	10
76268	11
76269	10
76270	9
76271	11
76272	12
76273	11
76274	10
76275	11
76276	10
76277	9
76278	10
76279	9
76280	8
76281	8
76282	9
76283	11
76284	12
76285	12
76286	13
76287	12
76288	11
76289	11
76290	12
76291	11
76292	10
76293	11
76294	11
76295	12
76296	11
76297	10
76298	10
76299	11
76300	10
76301	9
76302	10
76303	10
76304	11
76305	10
76306	9
76307	9
76308	10
76309	9
76310	8
76311	8
76312	9
76313	9
76314	10
76315	9
76316	8
76317	10
76318	11
76319	10
76320	9
76321	10
76322	9
76323	8
76324	9
76325
0.29915320000145584
