0	1
1	1
2	3
3	2
4	1
5	1
6	3
7	3
8	2
9	2
10	1
11	3
12	2
13	1
14	1
15	3
16	3
17	4
18	3
19	2
20	2
21	3
22	2
23	1
24	3
25	4
26	3
27	2
28	3
29	2
30	1
31	2
32	1
33	1
34	3
35	3
36	4
37	6
38	5
39	4
40	3
41	3
42	2
43	2
44	3
45	5
46	4
47	3
48	2
49	2
50	1
51	3
52	4
53	4
54	3
55	3
56	2
57	3
58	3
59	2
60	2
61	1
62	2
63	2
64	1
65	1
66	1
67	3
68	3
69	4
70	6
71	7
72	6
73	5
74	6
75	5
76	4
77	5
78	4
79	3
80	3
81	4
82	3
83	2
84	2
85	3
86	5
87	6
88	5
89	4
90	5
91	4
92	3
93	4
94	3
95	2
96	2
97	3
98	2
99	1
100	3
101	4
102	4
103	5
104	4
105	3
106	3
107	4
108	3
109	2
110	3
111	3
112	4
113	3
114	2
115	2
116	3
117	2
118	1
119	2
120	2
121	3
122	2
123	1
124	1
125	2
126	1
127	1
128	3
129	3
130	4
131	6
132	7
133	7
134	6
135	6
136	5
137	6
138	6
139	5
140	5
141	4
142	5
143	5
144	4
145	4
146	3
147	3
148	4
149	4
150	3
151	5
152	4
153	3
154	2
155	2
156	3
157	5
158	6
159	6
160	5
161	5
162	4
163	5
164	5
165	4
166	4
167	3
168	4
169	4
170	3
171	3
172	2
173	2
174	3
175	3
176	2
177	4
178	3
179	2
180	1
181	3
182	4
183	4
184	5
185	5
186	4
187	5
188	4
189	3
190	3
191	4
192	4
193	3
194	5
195	4
196	3
197	2
198	3
199	3
200	4
201	4
202	3
203	4
204	3
205	2
206	2
207	3
208	3
209	2
210	4
211	3
212	2
213	1
214	2
215	2
216	3
217	5
218	4
219	3
220	2
221	2
222	1
223	1
224	2
225	4
226	3
227	2
228	1
229	1
230	1
231	3
232	3
233	4
234	6
235	7
236	7
237	8
238	7
239	6
240	6
241	7
242	6
243	5
244	6
245	6
246	7
247	6
248	5
249	5
250	6
251	5
252	4
253	5
254	5
255	6
256	5
257	4
258	4
259	5
260	4
261	3
262	3
263	4
264	4
265	5
266	4
267	3
268	5
269	6
270	5
271	4
272	5
273	4
274	3
275	4
276	3
277	2
278	2
279	3
280	5
281	6
282	6
283	7
284	6
285	5
286	5
287	6
288	5
289	4
290	5
291	5
292	6
293	5
294	4
295	4
296	5
297	4
298	3
299	4
300	4
301	5
302	4
303	3
304	3
305	4
306	3
307	2
308	2
309	3
310	3
311	4
312	3
313	2
314	4
315	5
316	4
317	3
318	4
319	3
320	2
321	3
322	2
323	1
324	3
325	4
326	4
327	4
328	4
329	5
330	4
331	3
332	3
333	4
334	4
335	5
336	4
337	3
338	5
339	6
340	5
341	4
342	5
343	4
344	3
345	4
346	3
347	2
348	3
349	3
350	3
351	3
352	4
353	3
354	2
355	2
356	3
357	3
358	4
359	3
360	2
361	4
362	5
363	4
364	3
365	4
366	3
367	2
368	3
369	2
370	1
371	2
372	2
373	3
374	5
375	6
376	5
377	4
378	5
379	4
380	3
381	3
382	2
383	2
384	3
385	2
386	1
387	1
388	2
389	4
390	5
391	4
392	3
393	4
394	3
395	2
396	2
397	1
398	1
399	2
400	1
401	1
402	3
403	3
404	4
405	6
406	7
407	7
408	8
409	8
410	7
411	9
412	8
413	7
414	6
415	6
416	7
417	7
418	6
419	8
420	7
421	6
422	5
423	6
424	6
425	7
426	9
427	8
428	7
429	6
430	6
431	5
432	5
433	6
434	8
435	7
436	6
437	5
438	5
439	4
440	5
441	5
442	6
443	8
444	7
445	6
446	5
447	5
448	4
449	4
450	5
451	7
452	6
453	5
454	4
455	4
456	3
457	3
458	4
459	4
460	5
461	7
462	6
463	5
464	4
465	4
466	3
467	5
468	6
469	6
470	5
471	4
472	5
473	5
474	4
475	4
476	3
477	4
478	4
479	3
480	3
481	2
482	2
483	3
484	5
485	6
486	6
487	7
488	7
489	6
490	8
491	7
492	6
493	5
494	5
495	6
496	6
497	5
498	7
499	6
500	5
501	4
502	5
503	5
504	6
505	8
506	7
507	6
508	5
509	5
510	4
511	4
512	5
513	7
514	6
515	5
516	4
517	4
518	3
519	4
520	4
521	5
522	7
523	6
524	5
525	4
526	4
527	3
528	3
529	4
530	6
531	5
532	4
533	3
534	3
535	2
536	2
537	3
538	3
539	4
540	6
541	5
542	4
543	3
544	3
545	2
546	4
547	5
548	5
549	4
550	4
551	3
552	4
553	4
554	3
555	2
556	3
557	3
558	2
559	2
560	1
561	3
562	4
563	3
564	3
565	4
566	4
567	5
568	7
569	6
570	5
571	4
572	4
573	3
574	5
575	6
576	6
577	5
578	5
579	4
580	5
581	5
582	4
583	4
584	3
585	4
586	4
587	3
588	2
589	3
590	2
591	2
592	3
593	3
594	4
595	6
596	5
597	4
598	3
599	3
600	2
601	4
602	5
603	5
604	4
605	4
606	3
607	4
608	4
609	3
610	3
611	2
612	3
613	2
614	2
615	1
616	2
617	2
618	3
619	4
620	5
621	5
622	4
623	4
624	3
625	4
626	4
627	3
628	2
629	2
630	3
631	3
632	2
633	4
634	3
635	2
636	1
637	1
638	2
639	3
640	4
641	4
642	3
643	3
644	2
645	3
646	2
647	2
648	1
649	1
650	2
651	2
652	1
653	3
654	2
655	1
656	1
657	3
658	3
659	4
660	6
661	7
662	7
663	8
664	8
665	9
666	8
667	7
668	9
669	10
670	9
671	8
672	9
673	8
674	7
675	8
676	7
677	6
678	6
679	7
680	7
681	8
682	7
683	6
684	8
685	9
686	8
687	7
688	8
689	7
690	6
691	7
692	6
693	5
694	6
695	6
696	7
697	9
698	10
699	9
700	8
701	9
702	8
703	7
704	8
705	7
706	6
707	6
708	7
709	6
710	5
711	5
712	6
713	8
714	9
715	8
716	7
717	7
718	6
719	7
720	6
721	5
722	5
723	6
724	5
725	4
726	5
727	5
728	6
729	8
730	9
731	8
732	7
733	8
734	7
735	6
736	7
737	6
738	5
739	5
740	6
741	5
742	4
743	4
744	5
745	7
746	8
747	7
748	6
749	7
750	6
751	5
752	5
753	4
754	4
755	5
756	4
757	3
758	3
759	4
760	4
761	5
762	7
763	8
764	7
765	6
766	7
767	6
768	5
769	6
770	5
771	4
772	4
773	5
774	4
775	3
776	5
777	5
778	5
779	6
780	5
781	4
782	5
783	5
784	6
785	5
786	4
787	4
788	5
789	4
790	3
791	4
792	4
793	5
794	4
795	3
796	3
797	4
798	3
799	2
800	2
801	3
802	5
803	6
804	6
805	7
806	7
807	8
808	7
809	6
810	8
811	9
812	8
813	7
814	8
815	7
816	6
817	7
818	6
819	5
820	5
821	6
822	6
823	7
824	6
825	5
826	7
827	8
828	7
829	6
830	7
831	6
832	5
833	6
834	5
835	4
836	5
837	5
838	6
839	8
840	9
841	8
842	7
843	7
844	6
845	7
846	6
847	5
848	5
849	6
850	5
851	4
852	4
853	5
854	7
855	8
856	7
857	6
858	7
859	6
860	5
861	6
862	5
863	4
864	4
865	5
866	4
867	3
868	4
869	4
870	5
871	7
872	8
873	7
874	6
875	7
876	6
877	5
878	5
879	4
880	4
881	5
882	4
883	3
884	3
885	4
886	6
887	7
888	6
889	5
890	6
891	5
892	4
893	5
894	4
895	3
896	3
897	4
898	3
899	2
900	2
901	3
902	3
903	4
904	6
905	7
906	6
907	5
908	6
909	5
910	4
911	5
912	4
913	3
914	3
915	4
916	3
917	2
918	4
919	5
920	5
921	6
922	5
923	4
924	4
925	5
926	4
927	3
928	3
929	3
930	4
931	3
932	2
933	3
934	3
935	4
936	3
937	2
938	2
939	3
940	2
941	1
942	3
943	3
944	3
945	4
946	4
947	5
948	7
949	8
950	7
951	6
952	7
953	6
954	5
955	6
956	5
957	4
958	4
959	5
960	4
961	3
962	5
963	6
964	6
965	7
966	6
967	5
968	5
969	6
970	5
971	4
972	5
973	5
974	6
975	5
976	4
977	4
978	5
979	4
980	3
981	3
982	3
983	4
984	3
985	2
986	2
987	2
988	3
989	3
990	4
991	6
992	7
993	6
994	5
995	6
996	5
997	4
998	5
999	4
1000	3
1001	3
1002	4
1003	3
1004	2
1005	4
1006	5
1007	5
1008	6
1009	5
1010	4
1011	4
1012	5
1013	4
1014	3
1015	4
1016	4
1017	5
1018	4
1019	3
1020	3
1021	4
1022	3
1023	2
1024	2
1025	2
1026	3
1027	2
1028	1
1029	2
1030	2
1031	2
1032	2
1033	3
1034	3
1035	4
1036	3
1037	2
1038	4
1039	5
1040	4
1041	3
1042	4
1043	3
1044	2
1045	3
1046	2
1047	1
1048	1
1049	1
1050	1
1051	2
1052	2
1053	3
1054	2
1055	1
1056	3
1057	4
1058	3
1059	2
1060	3
1061	2
1062	1
1063	2
1064	1
1065	1
1066	3
1067	3
1068	4
1069	6
1070	7
1071	7
1072	8
1073	8
1074	9
1075	11
1076	10
1077	9
1078	8
1079	8
1080	7
1081	9
1082	10
1083	10
1084	9
1085	9
1086	8
1087	9
1088	9
1089	8
1090	8
1091	7
1092	8
1093	8
1094	7
1095	7
1096	6
1097	6
1098	7
1099	7
1100	8
1101	10
1102	9
1103	8
1104	7
1105	7
1106	6
1107	8
1108	9
1109	9
1110	8
1111	8
1112	7
1113	8
1114	8
1115	7
1116	7
1117	6
1118	7
1119	7
1120	6
1121	6
1122	5
1123	6
1124	6
1125	7
1126	9
1127	10
1128	10
1129	9
1130	9
1131	8
1132	9
1133	9
1134	8
1135	8
1136	7
1137	8
1138	8
1139	7
1140	7
1141	6
1142	6
1143	7
1144	7
1145	6
1146	8
1147	7
1148	6
1149	5
1150	5
1151	6
1152	7
1153	8
1154	8
1155	7
1156	7
1157	6
1158	7
1159	7
1160	6
1161	6
1162	5
1163	5
1164	6
1165	6
1166	5
1167	7
1168	6
1169	5
1170	4
1171	5
1172	5
1173	6
1174	8
1175	9
1176	9
1177	8
1178	8
1179	7
1180	8
1181	8
1182	7
1183	7
1184	6
1185	7
1186	7
1187	6
1188	6
1189	5
1190	5
1191	6
1192	6
1193	5
1194	7
1195	6
1196	5
1197	4
1198	4
1199	5
1200	6
1201	7
1202	7
1203	6
1204	6
1205	5
1206	6
1207	6
1208	5
1209	5
1210	4
1211	4
1212	5
1213	5
1214	4
1215	6
1216	5
1217	4
1218	3
1219	3
1220	4
1221	4
1222	5
1223	7
1224	8
1225	8
1226	7
1227	7
1228	6
1229	7
1230	7
1231	6
1232	6
1233	5
1234	6
1235	6
1236	5
1237	5
1238	4
1239	4
1240	5
1241	5
1242	4
1243	6
1244	5
1245	4
1246	3
1247	4
1248	5
1249	5
1250	6
1251	6
1252	5
1253	6
1254	5
1255	4
1256	4
1257	5
1258	5
1259	4
1260	5
1261	4
1262	3
1263	4
1264	4
1265	5
1266	7
1267	6
1268	5
1269	4
1270	4
1271	3
1272	3
1273	4
1274	5
1275	4
1276	3
1277	3
1278	2
1279	2
1280	3
1281	5
1282	6
1283	6
1284	7
1285	7
1286	8
1287	10
1288	9
1289	8
1290	7
1291	7
1292	6
1293	8
1294	9
1295	9
1296	8
1297	8
1298	7
1299	8
1300	8
1301	7
1302	7
1303	6
1304	7
1305	7
1306	6
1307	6
1308	5
1309	5
1310	6
1311	6
1312	7
1313	9
1314	8
1315	7
1316	6
1317	6
1318	5
1319	7
1320	8
1321	8
1322	7
1323	7
1324	6
1325	7
1326	7
1327	6
1328	6
1329	5
1330	6
1331	6
1332	5
1333	5
1334	4
1335	5
1336	5
1337	6
1338	7
1339	8
1340	8
1341	7
1342	7
1343	6
1344	7
1345	7
1346	6
1347	6
1348	5
1349	5
1350	6
1351	6
1352	5
1353	7
1354	6
1355	5
1356	4
1357	4
1358	5
1359	7
1360	8
1361	8
1362	7
1363	7
1364	6
1365	7
1366	7
1367	6
1368	6
1369	5
1370	6
1371	6
1372	5
1373	5
1374	4
1375	4
1376	5
1377	5
1378	4
1379	6
1380	5
1381	4
1382	3
1383	4
1384	4
1385	5
1386	6
1387	7
1388	7
1389	6
1390	6
1391	5
1392	6
1393	6
1394	5
1395	5
1396	4
1397	4
1398	5
1399	5
1400	4
1401	6
1402	5
1403	4
1404	3
1405	3
1406	4
1407	6
1408	7
1409	7
1410	6
1411	6
1412	5
1413	6
1414	6
1415	5
1416	5
1417	4
1418	5
1419	5
1420	4
1421	4
1422	3
1423	3
1424	4
1425	4
1426	3
1427	5
1428	4
1429	3
1430	2
1431	2
1432	3
1433	3
1434	4
1435	6
1436	7
1437	7
1438	6
1439	6
1440	5
1441	6
1442	6
1443	5
1444	5
1445	4
1446	5
1447	5
1448	4
1449	4
1450	3
1451	3
1452	4
1453	4
1454	3
1455	5
1456	4
1457	3
1458	2
1459	3
1460	4
1461	4
1462	5
1463	5
1464	4
1465	5
1466	4
1467	3
1468	3
1469	4
1470	4
1471	3
1472	4
1473	3
1474	2
1475	3
1476	3
1477	4
1478	5
1479	4
1480	3
1481	3
1482	2
1483	2
1484	3
1485	5
1486	4
1487	3
1488	2
1489	2
1490	1
1491	1
1492	2
1493	2
1494	3
1495	4
1496	5
1497	5
1498	6
1499	6
1500	5
1501	5
1502	4
1503	4
1504	5
1505	5
1506	4
1507	6
1508	5
1509	4
1510	3
1511	4
1512	4
1513	5
1514	6
1515	5
1516	4
1517	4
1518	3
1519	3
1520	4
1521	6
1522	5
1523	4
1524	3
1525	3
1526	2
1527	2
1528	3
1529	3
1530	4
1531	6
1532	5
1533	4
1534	3
1535	3
1536	2
1537	4
1538	5
1539	5
1540	4
1541	4
1542	3
1543	4
1544	4
1545	3
1546	3
1547	2
1548	3
1549	3
1550	2
1551	2
1552	1
1553	1
1554	2
1555	3
1556	4
1557	4
1558	5
1559	5
1560	4
1561	4
1562	3
1563	3
1564	4
1565	4
1566	3
1567	5
1568	4
1569	3
1570	2
1571	3
1572	3
1573	4
1574	6
1575	5
1576	4
1577	3
1578	3
1579	2
1580	2
1581	3
1582	4
1583	3
1584	2
1585	2
1586	1
1587	1
1588	2
1589	2
1590	3
1591	5
1592	4
1593	3
1594	2
1595	2
1596	1
1597	3
1598	4
1599	4
1600	3
1601	3
1602	2
1603	3
1604	3
1605	2
1606	2
1607	1
1608	2
1609	2
1610	1
1611	1
1612	1
1613	3
1614	3
1615	4
1616	6
1617	7
1618	7
1619	8
1620	8
1621	9
1622	11
1623	12
1624	11
1625	10
1626	11
1627	10
1628	9
1629	10
1630	9
1631	8
1632	8
1633	9
1634	8
1635	7
1636	9
1637	10
1638	10
1639	11
1640	10
1641	9
1642	9
1643	10
1644	9
1645	8
1646	9
1647	9
1648	10
1649	9
1650	8
1651	8
1652	9
1653	8
1654	7
1655	8
1656	8
1657	9
1658	8
1659	7
1660	7
1661	8
1662	7
1663	6
1664	6
1665	7
1666	7
1667	8
1668	10
1669	11
1670	10
1671	9
1672	10
1673	9
1674	8
1675	9
1676	8
1677	7
1678	7
1679	8
1680	7
1681	6
1682	8
1683	9
1684	9
1685	10
1686	9
1687	8
1688	8
1689	9
1690	8
1691	7
1692	8
1693	8
1694	9
1695	8
1696	7
1697	7
1698	8
1699	7
1700	6
1701	7
1702	7
1703	8
1704	7
1705	6
1706	6
1707	7
1708	6
1709	5
1710	6
1711	6
1712	7
1713	9
1714	10
1715	10
1716	11
1717	10
1718	9
1719	9
1720	9
1721	8
1722	9
1723	9
1724	9
1725	8
1726	8
1727	9
1728	8
1729	7
1730	8
1731	8
1732	9
1733	8
1734	7
1735	7
1736	8
1737	7
1738	6
1739	6
1740	7
1741	7
1742	8
1743	7
1744	6
1745	8
1746	9
1747	8
1748	7
1749	8
1750	7
1751	6
1752	7
1753	6
1754	5
1755	5
1756	5
1757	5
1758	6
1759	6
1760	7
1761	6
1762	5
1763	7
1764	8
1765	7
1766	6
1767	7
1768	6
1769	5
1770	6
1771	5
1772	4
1773	5
1774	5
1775	6
1776	8
1777	9
1778	9
1779	9
1780	8
1781	8
1782	9
1783	8
1784	7
1785	8
1786	8
1787	9
1788	8
1789	7
1790	7
1791	8
1792	7
1793	6
1794	7
1795	7
1796	8
1797	7
1798	6
1799	6
1800	7
1801	6
1802	5
1803	5
1804	6
1805	6
1806	7
1807	6
1808	5
1809	7
1810	8
1811	7
1812	6
1813	7
1814	6
1815	5
1816	6
1817	5
1818	4
1819	4
1820	4
1821	4
1822	5
1823	5
1824	6
1825	5
1826	4
1827	6
1828	7
1829	6
1830	5
1831	6
1832	5
1833	4
1834	5
1835	4
1836	3
1837	3
1838	3
1839	3
1840	4
1841	6
1842	7
1843	7
1844	8
1845	7
1846	6
1847	6
1848	7
1849	6
1850	5
1851	6
1852	6
1853	7
1854	6
1855	5
1856	5
1857	6
1858	5
1859	4
1860	5
1861	5
1862	6
1863	5
1864	4
1865	4
1866	5
1867	4
1868	3
1869	3
1870	4
1871	4
1872	5
1873	4
1874	3
1875	5
1876	6
1877	5
1878	4
1879	5
1880	4
1881	3
1882	4
1883	3
1884	2
1885	2
1886	3
1887	5
1888	6
1889	6
1890	7
1891	7
1892	8
1893	10
1894	11
1895	10
1896	9
1897	10
1898	9
1899	8
1900	9
1901	8
1902	7
1903	7
1904	8
1905	7
1906	6
1907	8
1908	9
1909	9
1910	10
1911	9
1912	8
1913	8
1914	9
1915	8
1916	7
1917	8
1918	8
1919	9
1920	8
1921	7
1922	7
1923	8
1924	7
1925	6
1926	7
1927	7
1928	8
1929	7
1930	6
1931	6
1932	7
1933	6
1934	5
1935	5
1936	6
1937	6
1938	7
1939	9
1940	10
1941	9
1942	8
1943	9
1944	8
1945	7
1946	8
1947	7
1948	6
1949	6
1950	7
1951	6
1952	5
1953	7
1954	8
1955	8
1956	9
1957	8
1958	7
1959	7
1960	8
1961	7
1962	6
1963	7
1964	7
1965	8
1966	7
1967	6
1968	6
1969	7
1970	6
1971	5
1972	6
1973	6
1974	7
1975	6
1976	5
1977	5
1978	6
1979	5
1980	4
1981	5
1982	5
1983	5
1984	5
1985	6
1986	6
1987	7
1988	6
1989	5
1990	7
1991	8
1992	7
1993	6
1994	7
1995	6
1996	5
1997	6
1998	5
1999	4
2000	4
2001	5
2002	7
2003	8
2004	8
2005	9
2006	8
2007	7
2008	7
2009	7
2010	6
2011	7
2012	7
2013	8
2014	7
2015	6
2016	6
2017	6
2018	5
2019	6
2020	6
2021	7
2022	6
2023	5
2024	5
2025	6
2026	5
2027	4
2028	4
2029	5
2030	5
2031	6
2032	5
2033	4
2034	6
2035	7
2036	6
2037	5
2038	6
2039	5
2040	4
2041	5
2042	4
2043	3
2044	4
2045	4
2046	4
2047	4
2048	5
2049	5
2050	6
2051	5
2052	4
2053	6
2054	7
2055	6
2056	5
2057	6
2058	5
2059	4
2060	5
2061	4
2062	3
2063	3
2064	4
2065	6
2066	7
2067	7
2068	7
2069	6
2070	6
2071	7
2072	6
2073	5
2074	6
2075	6
2076	7
2077	6
2078	5
2079	5
2080	6
2081	5
2082	4
2083	5
2084	5
2085	6
2086	5
2087	4
2088	4
2089	5
2090	4
2091	3
2092	3
2093	4
2094	4
2095	5
2096	4
2097	3
2098	5
2099	6
2100	5
2101	4
2102	5
2103	4
2104	3
2105	4
2106	3
2107	2
2108	2
2109	2
2110	2
2111	3
2112	5
2113	6
2114	6
2115	7
2116	6
2117	5
2118	5
2119	6
2120	5
2121	4
2122	5
2123	5
2124	6
2125	5
2126	4
2127	4
2128	5
2129	4
2130	3
2131	4
2132	4
2133	5
2134	4
2135	3
2136	3
2137	4
2138	3
2139	2
2140	2
2141	3
2142	3
2143	4
2144	3
2145	2
2146	4
2147	5
2148	4
2149	3
2150	4
2151	3
2152	2
2153	3
2154	2
2155	1
2156	1
2157	2
2158	2
2159	3
2160	5
2161	6
2162	6
2163	6
2164	6
2165	7
2166	6
2167	5
2168	5
2169	6
2170	6
2171	7
2172	6
2173	5
2174	7
2175	8
2176	7
2177	6
2178	7
2179	6
2180	5
2181	6
2182	5
2183	4
2184	5
2185	5
2186	6
2187	8
2188	9
2189	8
2190	7
2191	8
2192	7
2193	6
2194	7
2195	6
2196	5
2197	5
2198	6
2199	5
2200	4
2201	4
2202	4
2203	4
2204	5
2205	4
2206	3
2207	4
2208	4
2209	4
2210	4
2211	5
2212	4
2213	3
2214	3
2215	4
2216	6
2217	7
2218	6
2219	5
2220	6
2221	5
2222	4
2223	4
2224	3
2225	3
2226	4
2227	3
2228	2
2229	2
2230	3
2231	3
2232	4
2233	6
2234	7
2235	6
2236	5
2237	6
2238	5
2239	4
2240	5
2241	4
2242	3
2243	3
2244	4
2245	3
2246	2
2247	4
2248	4
2249	4
2250	5
2251	4
2252	3
2253	4
2254	4
2255	5
2256	4
2257	3
2258	3
2259	4
2260	3
2261	2
2262	3
2263	3
2264	4
2265	3
2266	2
2267	2
2268	3
2269	2
2270	1
2271	1
2272	2
2273	4
2274	5
2275	5
2276	5
2277	5
2278	6
2279	5
2280	4
2281	4
2282	5
2283	5
2284	6
2285	5
2286	4
2287	6
2288	7
2289	6
2290	5
2291	6
2292	5
2293	4
2294	5
2295	4
2296	3
2297	4
2298	4
2299	4
2300	4
2301	5
2302	4
2303	3
2304	3
2305	4
2306	6
2307	7
2308	6
2309	5
2310	6
2311	5
2312	4
2313	5
2314	4
2315	3
2316	3
2317	4
2318	3
2319	2
2320	3
2321	3
2322	4
2323	6
2324	7
2325	6
2326	5
2327	6
2328	5
2329	4
2330	4
2331	3
2332	3
2333	4
2334	3
2335	2
2336	2
2337	2
2338	2
2339	3
2340	2
2341	1
2342	1
2343	2
2344	2
2345	3
2346	5
2347	6
2348	5
2349	4
2350	5
2351	4
2352	3
2353	4
2354	3
2355	2
2356	2
2357	3
2358	2
2359	1
2360	3
2361	4
2362	4
2363	5
2364	4
2365	3
2366	3
2367	4
2368	3
2369	2
2370	2
2371	2
2372	3
2373	2
2374	1
2375	2
2376	2
2377	3
2378	2
2379	1
2380	1
2381	2
2382	1
2383	1
2384	3
2385	3
2386	4
2387	6
2388	7
2389	7
2390	8
2391	8
2392	9
2393	11
2394	12
2395	12
2396	11
2397	11
2398	10
2399	11
2400	11
2401	10
2402	10
2403	9
2404	10
2405	10
2406	9
2407	9
2408	8
2409	8
2410	9
2411	9
2412	8
2413	10
2414	9
2415	8
2416	7
2417	9
2418	10
2419	10
2420	11
2421	11
2422	10
2423	11
2424	10
2425	9
2426	9
2427	10
2428	10
2429	9
2430	11
2431	10
2432	9
2433	8
2434	9
2435	9
2436	10
2437	10
2438	9
2439	11
2440	10
2441	9
2442	8
2443	8
2444	9
2445	9
2446	8
2447	10
2448	9
2449	8
2450	7
2451	8
2452	8
2453	9
2454	11
2455	10
2456	9
2457	8
2458	8
2459	7
2460	7
2461	8
2462	10
2463	9
2464	8
2465	7
2466	7
2467	6
2468	6
2469	7
2470	7
2471	8
2472	10
2473	11
2474	11
2475	10
2476	10
2477	9
2478	10
2479	10
2480	9
2481	9
2482	8
2483	9
2484	9
2485	8
2486	8
2487	7
2488	7
2489	8
2490	8
2491	7
2492	9
2493	8
2494	7
2495	6
2496	8
2497	9
2498	9
2499	10
2500	10
2501	9
2502	11
2503	10
2504	9
2505	8
2506	8
2507	9
2508	9
2509	8
2510	9
2511	8
2512	7
2513	8
2514	8
2515	9
2516	9
2517	8
2518	10
2519	9
2520	8
2521	7
2522	7
2523	8
2524	8
2525	7
2526	9
2527	8
2528	7
2529	6
2530	7
2531	7
2532	8
2533	10
2534	9
2535	8
2536	7
2537	7
2538	6
2539	6
2540	7
2541	9
2542	8
2543	7
2544	6
2545	6
2546	5
2547	6
2548	6
2549	7
2550	9
2551	10
2552	10
2553	11
2554	11
2555	10
2556	12
2557	11
2558	10
2559	9
2560	8
2561	9
2562	9
2563	9
2564	9
2565	8
2566	8
2567	9
2568	11
2569	10
2570	9
2571	8
2572	8
2573	7
2574	8
2575	8
2576	9
2577	11
2578	10
2579	9
2580	8
2581	8
2582	7
2583	7
2584	8
2585	10
2586	9
2587	8
2588	7
2589	7
2590	6
2591	6
2592	7
2593	7
2594	8
2595	10
2596	9
2597	8
2598	7
2599	7
2600	6
2601	8
2602	9
2603	9
2604	8
2605	7
2606	8
2607	8
2608	7
2609	7
2610	6
2611	7
2612	7
2613	6
2614	6
2615	5
2616	4
2617	5
2618	5
2619	6
2620	8
2621	9
2622	8
2623	8
2624	9
2625	9
2626	8
2627	10
2628	9
2629	8
2630	7
2631	8
2632	8
2633	9
2634	11
2635	10
2636	9
2637	8
2638	8
2639	7
2640	7
2641	8
2642	10
2643	9
2644	8
2645	7
2646	7
2647	6
2648	7
2649	7
2650	8
2651	10
2652	9
2653	8
2654	7
2655	7
2656	6
2657	6
2658	7
2659	9
2660	8
2661	7
2662	6
2663	6
2664	5
2665	5
2666	6
2667	6
2668	7
2669	9
2670	8
2671	7
2672	6
2673	6
2674	5
2675	7
2676	8
2677	7
2678	7
2679	6
2680	7
2681	7
2682	6
2683	6
2684	5
2685	6
2686	6
2687	5
2688	5
2689	4
2690	3
2691	2
2692	2
2693	3
2694	5
2695	6
2696	6
2697	7
2698	7
2699	8
2700	10
2701	11
2702	11
2703	10
2704	10
2705	9
2706	10
2707	10
2708	9
2709	9
2710	8
2711	9
2712	9
2713	8
2714	8
2715	7
2716	7
2717	8
2718	8
2719	7
2720	9
2721	8
2722	7
2723	6
2724	8
2725	9
2726	9
2727	10
2728	10
2729	9
2730	11
2731	10
2732	9
2733	8
2734	8
2735	9
2736	9
2737	8
2738	10
2739	9
2740	8
2741	7
2742	8
2743	8
2744	9
2745	9
2746	8
2747	9
2748	8
2749	7
2750	7
2751	8
2752	8
2753	7
2754	9
2755	8
2756	7
2757	6
2758	7
2759	7
2760	8
2761	10
2762	9
2763	8
2764	7
2765	7
2766	6
2767	6
2768	7
2769	9
2770	8
2771	7
2772	6
2773	6
2774	5
2775	5
2776	6
2777	6
2778	7
2779	9
2780	10
2781	10
2782	9
2783	9
2784	8
2785	9
2786	9
2787	8
2788	8
2789	7
2790	8
2791	8
2792	7
2793	7
2794	6
2795	6
2796	7
2797	7
2798	6
2799	8
2800	7
2801	6
2802	5
2803	7
2804	8
2805	8
2806	9
2807	9
2808	8
2809	10
2810	9
2811	8
2812	7
2813	7
2814	8
2815	8
2816	7
2817	9
2818	8
2819	7
2820	6
2821	7
2822	7
2823	8
2824	8
2825	7
2826	8
2827	7
2828	6
2829	6
2830	7
2831	7
2832	6
2833	7
2834	6
2835	5
2836	6
2837	6
2838	7
2839	9
2840	8
2841	7
2842	6
2843	6
2844	5
2845	5
2846	6
2847	8
2848	7
2849	6
2850	5
2851	5
2852	4
2853	5
2854	4
2855	4
2856	5
2857	7
2858	8
2859	8
2860	9
2861	9
2862	8
2863	10
2864	9
2865	8
2866	7
2867	6
2868	7
2869	7
2870	8
2871	10
2872	9
2873	8
2874	7
2875	7
2876	6
2877	6
2878	6
2879	5
2880	6
2881	6
2882	7
2883	9
2884	8
2885	7
2886	6
2887	6
2888	5
2889	5
2890	6
2891	8
2892	7
2893	6
2894	5
2895	5
2896	4
2897	4
2898	5
2899	5
2900	6
2901	8
2902	7
2903	6
2904	5
2905	5
2906	4
2907	6
2908	7
2909	7
2910	6
2911	6
2912	5
2913	6
2914	6
2915	5
2916	4
2917	5
2918	5
2919	4
2920	4
2921	3
2922	4
2923	3
2924	3
2925	4
2926	6
2927	7
2928	6
2929	6
2930	7
2931	7
2932	6
2933	8
2934	7
2935	6
2936	5
2937	6
2938	6
2939	7
2940	9
2941	8
2942	7
2943	6
2944	6
2945	5
2946	5
2947	6
2948	8
2949	7
2950	6
2951	5
2952	5
2953	4
2954	5
2955	5
2956	6
2957	8
2958	7
2959	6
2960	5
2961	5
2962	4
2963	4
2964	5
2965	7
2966	6
2967	5
2968	4
2969	4
2970	3
2971	3
2972	4
2973	4
2974	5
2975	7
2976	6
2977	5
2978	4
2979	4
2980	3
2981	5
2982	6
2983	6
2984	5
2985	5
2986	4
2987	5
2988	4
2989	4
2990	3
2991	4
2992	4
2993	3
2994	3
2995	2
2996	1
2997	1
2998	2
2999	2
3000	3
3001	5
3002	6
3003	5
3004	5
3005	6
3006	6
3007	7
3008	9
3009	8
3010	7
3011	6
3012	6
3013	5
3014	7
3015	8
3016	8
3017	7
3018	7
3019	6
3020	7
3021	7
3022	6
3023	6
3024	5
3025	6
3026	6
3027	5
3028	5
3029	4
3030	5
3031	5
3032	6
3033	8
3034	9
3035	9
3036	8
3037	8
3038	7
3039	8
3040	8
3041	7
3042	7
3043	6
3044	7
3045	7
3046	6
3047	6
3048	5
3049	5
3050	6
3051	6
3052	5
3053	7
3054	6
3055	5
3056	4
3057	3
3058	4
3059	3
3060	3
3061	4
3062	5
3063	6
3064	6
3065	5
3066	5
3067	4
3068	5
3069	5
3070	4
3071	4
3072	3
3073	3
3074	4
3075	4
3076	3
3077	5
3078	4
3079	3
3080	2
3081	2
3082	3
3083	3
3084	4
3085	6
3086	7
3087	7
3088	6
3089	6
3090	5
3091	6
3092	6
3093	5
3094	5
3095	4
3096	5
3097	5
3098	4
3099	4
3100	3
3101	3
3102	4
3103	4
3104	3
3105	5
3106	4
3107	3
3108	2
3109	3
3110	4
3111	4
3112	5
3113	5
3114	4
3115	5
3116	4
3117	3
3118	3
3119	4
3120	4
3121	3
3122	4
3123	3
3124	2
3125	3
3126	3
3127	4
3128	6
3129	5
3130	4
3131	3
3132	3
3133	2
3134	2
3135	3
3136	4
3137	3
3138	2
3139	2
3140	1
3141	1
3142	2
3143	4
3144	5
3145	4
3146	4
3147	5
3148	5
3149	6
3150	8
3151	7
3152	6
3153	5
3154	5
3155	4
3156	6
3157	7
3158	7
3159	6
3160	6
3161	5
3162	6
3163	6
3164	5
3165	5
3166	4
3167	5
3168	5
3169	4
3170	4
3171	3
3172	4
3173	3
3174	3
3175	4
3176	6
3177	7
3178	7
3179	6
3180	6
3181	5
3182	6
3183	6
3184	5
3185	5
3186	4
3187	5
3188	5
3189	4
3190	4
3191	3
3192	3
3193	4
3194	4
3195	3
3196	5
3197	4
3198	3
3199	2
3200	3
3201	3
3202	4
3203	5
3204	6
3205	6
3206	5
3207	5
3208	4
3209	5
3210	5
3211	4
3212	4
3213	3
3214	3
3215	4
3216	4
3217	3
3218	5
3219	4
3220	3
3221	2
3222	1
3223	1
3224	2
3225	2
3226	3
3227	5
3228	6
3229	6
3230	5
3231	5
3232	4
3233	5
3234	5
3235	4
3236	4
3237	3
3238	4
3239	4
3240	3
3241	3
3242	2
3243	2
3244	3
3245	3
3246	2
3247	4
3248	3
3249	2
3250	1
3251	2
3252	3
3253	3
3254	4
3255	4
3256	3
3257	4
3258	3
3259	2
3260	2
3261	3
3262	3
3263	2
3264	3
3265	2
3266	1
3267	2
3268	2
3269	3
3270	4
3271	3
3272	2
3273	2
3274	1
3275	1
3276	2
3277	4
3278	3
3279	2
3280	1
3281	1
3282	1
3283	3
3284	3
3285	4
3286	6
3287	7
3288	7
3289	8
3290	8
3291	9
3292	11
3293	12
3294	12
3295	13
3296	12
3297	11
3298	11
3299	12
3300	11
3301	10
3302	11
3303	11
3304	12
3305	11
3306	10
3307	10
3308	11
3309	10
3310	9
3311	10
3312	10
3313	11
3314	10
3315	9
3316	9
3317	10
3318	9
3319	8
3320	8
3321	9
3322	9
3323	10
3324	9
3325	8
3326	10
3327	11
3328	10
3329	9
3330	10
3331	9
3332	8
3333	9
3334	8
3335	7
3336	9
3337	10
3338	10
3339	10
3340	10
3341	11
3342	10
3343	9
3344	9
3345	10
3346	10
3347	11
3348	10
3349	9
3350	11
3351	12
3352	11
3353	10
3354	11
3355	10
3356	9
3357	10
3358	9
3359	8
3360	9
3361	9
3362	10
3363	10
3364	11
3365	10
3366	9
3367	11
3368	12
3369	11
3370	10
3371	11
3372	10
3373	9
3374	10
3375	9
3376	8
3377	8
3378	9
3379	9
3380	10
3381	9
3382	8
3383	10
3384	11
3385	10
3386	9
3387	10
3388	9
3389	8
3390	9
3391	8
3392	7
3393	8
3394	8
3395	9
3396	11
3397	12
3398	11
3399	10
3400	11
3401	10
3402	9
3403	9
3404	8
3405	8
3406	9
3407	8
3408	7
3409	7
3410	8
3411	10
3412	11
3413	10
3414	9
3415	10
3416	9
3417	8
3418	8
3419	7
3420	7
3421	8
3422	7
3423	6
3424	6
3425	7
3426	7
3427	8
3428	10
3429	11
3430	11
3431	12
3432	11
3433	10
3434	10
3435	11
3436	10
3437	9
3438	10
3439	10
3440	11
3441	10
3442	9
3443	9
3444	10
3445	9
3446	8
3447	9
3448	9
3449	10
3450	9
3451	8
3452	8
3453	9
3454	8
3455	7
3456	7
3457	8
3458	8
3459	9
3460	8
3461	7
3462	9
3463	10
3464	9
3465	8
3466	9
3467	8
3468	7
3469	8
3470	7
3471	6
3472	8
3473	9
3474	9
3475	10
3476	10
3477	11
3478	10
3479	9
3480	11
3481	12
3482	11
3483	10
3484	11
3485	10
3486	9
3487	10
3488	9
3489	8
3490	8
3491	8
3492	8
3493	9
3494	8
3495	7
3496	8
3497	8
3498	9
3499	9
3500	10
3501	9
3502	8
3503	10
3504	11
3505	10
3506	9
3507	10
3508	9
3509	8
3510	9
3511	8
3512	7
3513	7
3514	8
3515	8
3516	9
3517	8
3518	7
3519	9
3520	10
3521	9
3522	8
3523	9
3524	8
3525	7
3526	8
3527	7
3528	6
3529	7
3530	7
3531	8
3532	10
3533	11
3534	10
3535	9
3536	9
3537	8
3538	9
3539	8
3540	7
3541	7
3542	8
3543	7
3544	6
3545	6
3546	7
3547	9
3548	10
3549	9
3550	8
3551	8
3552	7
3553	8
3554	7
3555	6
3556	6
3557	7
3558	6
3559	5
3560	5
3561	5
3562	6
3563	8
3564	8
3565	8
3566	9
3567	9
3568	10
3569	9
3570	8
3571	10
3572	11
3573	10
3574	9
3575	10
3576	9
3577	8
3578	9
3579	8
3580	7
3581	8
3582	8
3583	8
3584	8
3585	9
3586	8
3587	7
3588	7
3589	8
3590	10
3591	11
3592	10
3593	9
3594	9
3595	8
3596	9
3597	8
3598	7
3599	7
3600	8
3601	7
3602	6
3603	7
3604	7
3605	8
3606	10
3607	11
3608	10
3609	9
3610	10
3611	9
3612	8
3613	9
3614	8
3615	7
3616	7
3617	8
3618	7
3619	6
3620	6
3621	7
3622	9
3623	9
3624	8
3625	9
3626	8
3627	7
3628	7
3629	6
3630	6
3631	7
3632	6
3633	5
3634	5
3635	6
3636	6
3637	7
3638	9
3639	10
3640	9
3641	8
3642	9
3643	8
3644	7
3645	8
3646	7
3647	6
3648	6
3649	7
3650	6
3651	5
3652	7
3653	7
3654	7
3655	8
3656	7
3657	6
3658	7
3659	7
3660	8
3661	7
3662	6
3663	6
3664	7
3665	6
3666	5
3667	6
3668	6
3669	7
3670	6
3671	5
3672	5
3673	6
3674	5
3675	4
3676	4
3677	4
3678	5
3679	7
3680	7
3681	7
3682	8
3683	8
3684	9
3685	8
3686	7
3687	9
3688	10
3689	9
3690	8
3691	9
3692	8
3693	7
3694	8
3695	7
3696	6
3697	7
3698	7
3699	8
3700	10
3701	11
3702	10
3703	9
3704	10
3705	9
3706	8
3707	9
3708	8
3709	7
3710	7
3711	8
3712	7
3713	6
3714	6
3715	7
3716	9
3717	9
3718	8
3719	8
3720	7
3721	8
3722	7
3723	6
3724	6
3725	7
3726	6
3727	5
3728	6
3729	6
3730	7
3731	9
3732	9
3733	8
3734	9
3735	8
3736	7
3737	7
3738	6
3739	6
3740	7
3741	6
3742	5
3743	5
3744	6
3745	8
3746	9
3747	8
3748	7
3749	8
3750	7
3751	6
3752	6
3753	5
3754	5
3755	6
3756	5
3757	4
3758	4
3759	5
3760	5
3761	6
3762	8
3763	9
3764	8
3765	7
3766	8
3767	7
3768	6
3769	7
3770	6
3771	5
3772	5
3773	6
3774	5
3775	4
3776	6
3777	6
3778	6
3779	7
3780	6
3781	5
3782	6
3783	6
3784	7
3785	6
3786	5
3787	5
3788	6
3789	5
3790	4
3791	5
3792	5
3793	6
3794	5
3795	4
3796	4
3797	5
3798	4
3799	3
3800	2
3801	2
3802	3
3803	5
3804	6
3805	6
3806	7
3807	7
3808	8
3809	10
3810	11
3811	11
3812	12
3813	11
3814	10
3815	10
3816	11
3817	10
3818	9
3819	10
3820	10
3821	11
3822	10
3823	9
3824	9
3825	10
3826	9
3827	8
3828	9
3829	9
3830	10
3831	9
3832	8
3833	8
3834	9
3835	8
3836	7
3837	7
3838	8
3839	8
3840	9
3841	8
3842	7
3843	9
3844	10
3845	9
3846	8
3847	9
3848	8
3849	7
3850	8
3851	7
3852	6
3853	8
3854	9
3855	9
3856	10
3857	10
3858	11
3859	10
3860	9
3861	11
3862	12
3863	11
3864	10
3865	11
3866	10
3867	9
3868	10
3869	9
3870	8
3871	8
3872	9
3873	9
3874	10
3875	9
3876	8
3877	10
3878	11
3879	10
3880	9
3881	10
3882	9
3883	8
3884	9
3885	8
3886	7
3887	8
3888	8
3889	8
3890	8
3891	9
3892	8
3893	7
3894	7
3895	8
3896	8
3897	9
3898	8
3899	7
3900	9
3901	10
3902	9
3903	8
3904	9
3905	8
3906	7
3907	8
3908	7
3909	6
3910	7
3911	7
3912	8
3913	10
3914	11
3915	10
3916	9
3917	10
3918	9
3919	8
3920	8
3921	7
3922	7
3923	8
3924	7
3925	6
3926	6
3927	7
3928	9
3929	10
3930	9
3931	8
3932	9
3933	8
3934	7
3935	7
3936	6
3937	6
3938	7
3939	6
3940	5
3941	5
3942	6
3943	6
3944	7
3945	9
3946	10
3947	10
3948	11
3949	10
3950	9
3951	9
3952	10
3953	9
3954	8
3955	9
3956	9
3957	10
3958	9
3959	8
3960	8
3961	9
3962	8
3963	7
3964	8
3965	8
3966	9
3967	8
3968	7
3969	7
3970	8
3971	7
3972	6
3973	6
3974	7
3975	7
3976	8
3977	7
3978	6
3979	8
3980	9
3981	8
3982	7
3983	8
3984	7
3985	6
3986	7
3987	6
3988	5
3989	7
3990	8
3991	8
3992	9
3993	9
3994	10
3995	9
3996	8
3997	10
3998	11
3999	10
4000	9
4001	10
4002	9
4003	8
4004	9
4005	8
4006	7
4007	7
4008	8
4009	8
4010	9
4011	8
4012	7
4013	9
4014	10
4015	9
4016	8
4017	9
4018	8
4019	7
4020	8
4021	7
4022	6
4023	7
4024	7
4025	7
4026	7
4027	8
4028	7
4029	6
4030	6
4031	6
4032	6
4033	7
4034	6
4035	5
4036	6
4037	6
4038	7
4039	9
4040	10
4041	9
4042	8
4043	8
4044	7
4045	8
4046	7
4047	6
4048	6
4049	7
4050	6
4051	5
4052	5
4053	6
4054	8
4055	9
4056	8
4057	7
4058	8
4059	7
4060	6
4061	7
4062	6
4063	5
4064	5
4065	6
4066	5
4067	4
4068	4
4069	4
4070	5
4071	7
4072	7
4073	7
4074	8
4075	8
4076	9
4077	8
4078	7
4079	9
4080	10
4081	9
4082	8
4083	9
4084	8
4085	7
4086	8
4087	7
4088	6
4089	7
4090	7
4091	8
4092	10
4093	11
4094	10
4095	9
4096	9
4097	8
4098	9
4099	8
4100	7
4101	7
4102	8
4103	7
4104	6
4105	6
4106	5
4107	6
4108	6
4109	7
4110	9
4111	9
4112	8
4113	9
4114	8
4115	7
4116	7
4117	6
4118	6
4119	7
4120	6
4121	5
4122	5
4123	6
4124	8
4125	9
4126	8
4127	7
4128	8
4129	7
4130	6
4131	7
4132	6
4133	5
4134	5
4135	6
4136	5
4137	4
4138	4
4139	5
4140	5
4141	6
4142	8
4143	9
4144	8
4145	7
4146	8
4147	7
4148	6
4149	7
4150	6
4151	5
4152	5
4153	6
4154	5
4155	4
4156	6
4157	7
4158	7
4159	8
4160	7
4161	6
4162	6
4163	7
4164	6
4165	5
4166	5
4167	5
4168	6
4169	5
4170	4
4171	5
4172	5
4173	6
4174	5
4175	4
4176	4
4177	5
4178	4
4179	3
4180	3
4181	3
4182	4
4183	6
4184	6
4185	6
4186	7
4187	7
4188	8
4189	7
4190	6
4191	8
4192	9
4193	8
4194	7
4195	8
4196	7
4197	6
4198	7
4199	6
4200	5
4201	6
4202	6
4203	7
4204	9
4205	9
4206	8
4207	8
4208	7
4209	8
4210	7
4211	6
4212	6
4213	7
4214	6
4215	5
4216	5
4217	6
4218	8
4219	9
4220	8
4221	7
4222	8
4223	7
4224	6
4225	7
4226	6
4227	5
4228	5
4229	6
4230	5
4231	4
4232	5
4233	5
4234	6
4235	8
4236	9
4237	8
4238	7
4239	8
4240	7
4241	6
4242	6
4243	5
4244	5
4245	6
4246	5
4247	4
4248	4
4249	5
4250	7
4251	7
4252	6
4253	7
4254	6
4255	5
4256	5
4257	4
4258	4
4259	5
4260	4
4261	3
4262	3
4263	4
4264	4
4265	5
4266	7
4267	8
4268	7
4269	6
4270	7
4271	6
4272	5
4273	6
4274	5
4275	4
4276	4
4277	5
4278	4
4279	3
4280	5
4281	6
4282	6
4283	7
4284	6
4285	5
4286	5
4287	6
4288	5
4289	4
4290	4
4291	4
4292	5
4293	4
4294	3
4295	4
4296	4
4297	5
4298	4
4299	3
4300	3
4301	4
4302	3
4303	2
4304	1
4305	1
4306	2
4307	2
4308	3
4309	5
4310	5
4311	5
4312	6
4313	6
4314	7
4315	9
4316	10
4317	9
4318	8
4319	9
4320	8
4321	7
4322	8
4323	7
4324	6
4325	6
4326	7
4327	6
4328	5
4329	7
4330	8
4331	8
4332	9
4333	8
4334	7
4335	7
4336	8
4337	7
4338	6
4339	7
4340	7
4341	8
4342	7
4343	6
4344	6
4345	7
4346	6
4347	5
4348	6
4349	6
4350	7
4351	6
4352	5
4353	5
4354	6
4355	5
4356	4
4357	4
4358	4
4359	5
4360	7
4361	8
4362	8
4363	9
4364	8
4365	7
4366	7
4367	7
4368	6
4369	7
4370	7
4371	8
4372	7
4373	6
4374	6
4375	7
4376	6
4377	5
4378	6
4379	6
4380	7
4381	6
4382	5
4383	5
4384	6
4385	5
4386	4
4387	4
4388	5
4389	5
4390	6
4391	5
4392	4
4393	6
4394	7
4395	6
4396	5
4397	6
4398	5
4399	4
4400	5
4401	4
4402	3
4403	4
4404	4
4405	4
4406	4
4407	5
4408	5
4409	6
4410	5
4411	4
4412	6
4413	7
4414	6
4415	5
4416	6
4417	5
4418	4
4419	5
4420	4
4421	3
4422	3
4423	3
4424	3
4425	4
4426	4
4427	5
4428	4
4429	3
4430	5
4431	6
4432	5
4433	4
4434	5
4435	4
4436	3
4437	4
4438	3
4439	2
4440	2
4441	2
4442	2
4443	3
4444	5
4445	6
4446	6
4447	7
4448	6
4449	5
4450	5
4451	6
4452	5
4453	4
4454	5
4455	5
4456	6
4457	5
4458	4
4459	4
4460	5
4461	4
4462	3
4463	4
4464	4
4465	5
4466	4
4467	3
4468	3
4469	4
4470	3
4471	2
4472	2
4473	3
4474	3
4475	4
4476	3
4477	2
4478	4
4479	5
4480	4
4481	3
4482	4
4483	3
4484	2
4485	3
4486	2
4487	1
4488	1
4489	2
4490	4
4491	4
4492	4
4493	5
4494	5
4495	6
4496	8
4497	9
4498	8
4499	7
4500	8
4501	7
4502	6
4503	7
4504	6
4505	5
4506	5
4507	6
4508	5
4509	4
4510	6
4511	7
4512	7
4513	8
4514	7
4515	6
4516	6
4517	7
4518	6
4519	5
4520	6
4521	6
4522	7
4523	6
4524	5
4525	5
4526	6
4527	5
4528	4
4529	5
4530	5
4531	6
4532	5
4533	4
4534	4
4535	5
4536	4
4537	3
4538	3
4539	3
4540	4
4541	6
4542	7
4543	7
4544	8
4545	7
4546	6
4547	6
4548	6
4549	5
4550	6
4551	6
4552	7
4553	6
4554	5
4555	5
4556	6
4557	5
4558	4
4559	5
4560	5
4561	6
4562	5
4563	4
4564	4
4565	5
4566	4
4567	3
4568	3
4569	4
4570	4
4571	5
4572	4
4573	3
4574	5
4575	6
4576	5
4577	4
4578	5
4579	4
4580	3
4581	4
4582	3
4583	2
4584	2
4585	2
4586	2
4587	2
4588	3
4589	3
4590	4
4591	3
4592	2
4593	4
4594	5
4595	4
4596	3
4597	4
4598	3
4599	2
4600	3
4601	2
4602	1
4603	1
4604	1
4605	1
4606	2
4607	4
4608	5
4609	5
4610	6
4611	5
4612	4
4613	4
4614	5
4615	4
4616	3
4617	4
4618	4
4619	5
4620	4
4621	3
4622	3
4623	4
4624	3
4625	2
4626	3
4627	3
4628	4
4629	3
4630	2
4631	2
4632	3
4633	2
4634	1
4635	1
4636	2
4637	2
4638	3
4639	2
4640	1
4641	3
4642	4
4643	3
4644	2
4645	3
4646	2
4647	1
4648	2
4649	1
4650	1
4651	3
4652	3
4653	4
4654	6
4655	7
4656	7
4657	8
4658	8
4659	9
4660	11
4661	12
4662	12
4663	13
4664	13
4665	12
4666	14
4667	13
4668	12
4669	11
4670	11
4671	12
4672	12
4673	11
4674	13
4675	12
4676	11
4677	10
4678	11
4679	11
4680	12
4681	14
4682	13
4683	12
4684	11
4685	11
4686	10
4687	10
4688	11
4689	13
4690	12
4691	11
4692	10
4693	10
4694	9
4695	10
4696	10
4697	11
4698	13
4699	12
4700	11
4701	10
4702	10
4703	9
4704	9
4705	10
4706	12
4707	11
4708	10
4709	9
4710	9
4711	8
4712	8
4713	9
4714	9
4715	10
4716	12
4717	11
4718	10
4719	9
4720	9
4721	8
4722	10
4723	11
4724	11
4725	10
4726	9
4727	10
4728	10
4729	9
4730	9
4731	8
4732	9
4733	9
4734	8
4735	8
4736	7
4737	9
4738	10
4739	9
4740	9
4741	10
4742	10
4743	11
4744	13
4745	12
4746	11
4747	10
4748	10
4749	9
4750	11
4751	12
4752	12
4753	11
4754	11
4755	10
4756	11
4757	11
4758	10
4759	10
4760	9
4761	10
4762	10
4763	9
4764	9
4765	8
4766	9
4767	9
4768	10
4769	10
4770	11
4771	13
4772	12
4773	11
4774	10
4775	10
4776	9
4777	11
4778	12
4779	12
4780	11
4781	11
4782	10
4783	11
4784	10
4785	10
4786	9
4787	10
4788	10
4789	9
4790	9
4791	8
4792	8
4793	9
4794	9
4795	10
4796	12
4797	11
4798	10
4799	9
4800	9
4801	8
4802	10
4803	11
4804	11
4805	10
4806	10
4807	9
4808	10
4809	10
4810	9
4811	9
4812	8
4813	9
4814	8
4815	8
4816	7
4817	8
4818	8
4819	9
4820	10
4821	11
4822	11
4823	10
4824	10
4825	9
4826	10
4827	10
4828	9
4829	9
4830	8
4831	8
4832	9
4833	9
4834	8
4835	10
4836	9
4837	8
4838	7
4839	7
4840	8
4841	9
4842	10
4843	10
4844	9
4845	9
4846	8
4847	9
4848	8
4849	8
4850	7
4851	7
4852	8
4853	8
4854	7
4855	9
4856	8
4857	7
4858	6
4859	6
4860	7
4861	7
4862	8
4863	10
4864	11
4865	11
4866	12
4867	12
4868	11
4869	13
4870	12
4871	11
4872	10
4873	10
4874	11
4875	11
4876	10
4877	12
4878	11
4879	10
4880	9
4881	10
4882	10
4883	11
4884	13
4885	12
4886	11
4887	10
4888	10
4889	9
4890	9
4891	10
4892	12
4893	11
4894	10
4895	9
4896	9
4897	8
4898	9
4899	9
4900	10
4901	12
4902	11
4903	10
4904	9
4905	9
4906	8
4907	8
4908	9
4909	11
4910	10
4911	9
4912	8
4913	8
4914	7
4915	7
4916	8
4917	8
4918	9
4919	11
4920	10
4921	9
4922	8
4923	8
4924	7
4925	9
4926	10
4927	9
4928	9
4929	8
4930	9
4931	9
4932	8
4933	8
4934	7
4935	8
4936	8
4937	7
4938	7
4939	6
4940	8
4941	9
4942	9
4943	10
4944	10
4945	11
4946	13
4947	12
4948	11
4949	10
4950	10
4951	9
4952	11
4953	12
4954	12
4955	11
4956	11
4957	10
4958	11
4959	11
4960	10
4961	10
4962	9
4963	10
4964	10
4965	9
4966	9
4967	8
4968	7
4969	8
4970	8
4971	9
4972	9
4973	10
4974	12
4975	11
4976	10
4977	9
4978	9
4979	8
4980	10
4981	11
4982	11
4983	10
4984	10
4985	9
4986	10
4987	10
4988	9
4989	9
4990	8
4991	9
4992	8
4993	8
4994	7
4995	7
4996	8
4997	8
4998	9
4999	11
5000	10
5001	9
5002	8
5003	8
5004	7
5005	9
5006	10
5007	10
5008	9
5009	9
5010	8
5011	9
5012	9
5013	8
5014	7
5015	8
5016	8
5017	7
5018	7
5019	6
5020	7
5021	7
5022	8
5023	9
5024	10
5025	10
5026	9
5027	9
5028	8
5029	9
5030	9
5031	8
5032	8
5033	7
5034	7
5035	8
5036	8
5037	7
5038	9
5039	8
5040	7
5041	6
5042	6
5043	7
5044	8
5045	9
5046	9
5047	8
5048	8
5049	7
5050	8
5051	7
5052	7
5053	6
5054	6
5055	7
5056	7
5057	6
5058	8
5059	7
5060	6
5061	5
5062	5
5063	5
5064	6
5065	7
5066	8
5067	8
5068	8
5069	8
5070	9
5071	9
5072	8
5073	10
5074	9
5075	8
5076	7
5077	7
5078	8
5079	10
5080	11
5081	11
5082	10
5083	10
5084	9
5085	10
5086	10
5087	9
5088	9
5089	8
5090	9
5091	9
5092	8
5093	8
5094	7
5095	7
5096	8
5097	8
5098	7
5099	9
5100	8
5101	7
5102	6
5103	7
5104	7
5105	8
5106	10
5107	11
5108	11
5109	10
5110	10
5111	9
5112	10
5113	10
5114	9
5115	9
5116	8
5117	9
5118	9
5119	8
5120	8
5121	7
5122	7
5123	8
5124	8
5125	7
5126	9
5127	8
5128	7
5129	6
5130	6
5131	7
5132	7
5133	8
5134	8
5135	7
5136	7
5137	6
5138	6
5139	7
5140	7
5141	6
5142	8
5143	7
5144	6
5145	5
5146	5
5147	6
5148	6
5149	7
5150	9
5151	10
5152	10
5153	9
5154	9
5155	8
5156	9
5157	9
5158	8
5159	8
5160	7
5161	8
5162	8
5163	7
5164	7
5165	6
5166	6
5167	7
5168	7
5169	6
5170	8
5171	7
5172	6
5173	5
5174	6
5175	7
5176	7
5177	8
5178	8
5179	7
5180	9
5181	8
5182	7
5183	6
5184	6
5185	7
5186	7
5187	6
5188	7
5189	6
5190	5
5191	6
5192	6
5193	7
5194	9
5195	8
5196	7
5197	6
5198	6
5199	5
5200	5
5201	6
5202	7
5203	6
5204	5
5205	5
5206	4
5207	4
5208	4
5209	5
5210	6
5211	7
5212	7
5213	8
5214	10
5215	11
5216	11
5217	10
5218	10
5219	9
5220	10
5221	10
5222	9
5223	9
5224	8
5225	9
5226	9
5227	8
5228	8
5229	7
5230	7
5231	8
5232	8
5233	7
5234	9
5235	8
5236	7
5237	6
5238	6
5239	7
5240	7
5241	8
5242	8
5243	7
5244	7
5245	6
5246	6
5247	7
5248	7
5249	6
5250	8
5251	7
5252	6
5253	5
5254	6
5255	6
5256	7
5257	8
5258	9
5259	9
5260	8
5261	8
5262	7
5263	7
5264	7
5265	6
5266	6
5267	7
5268	7
5269	6
5270	8
5271	7
5272	6
5273	5
5274	5
5275	6
5276	8
5277	9
5278	9
5279	8
5280	8
5281	7
5282	8
5283	8
5284	7
5285	7
5286	6
5287	7
5288	7
5289	6
5290	6
5291	5
5292	5
5293	6
5294	6
5295	5
5296	7
5297	6
5298	5
5299	4
5300	4
5301	5
5302	5
5303	6
5304	8
5305	9
5306	9
5307	8
5308	8
5309	7
5310	8
5311	8
5312	7
5313	7
5314	6
5315	7
5316	7
5317	6
5318	6
5319	5
5320	5
5321	6
5322	6
5323	5
5324	7
5325	6
5326	5
5327	4
5328	5
5329	6
5330	6
5331	7
5332	7
5333	6
5334	7
5335	6
5336	5
5337	5
5338	6
5339	6
5340	5
5341	7
5342	6
5343	5
5344	4
5345	5
5346	5
5347	6
5348	8
5349	7
5350	6
5351	5
5352	5
5353	4
5354	4
5355	5
5356	6
5357	5
5358	4
5359	4
5360	3
5361	2
5362	2
5363	3
5364	5
5365	6
5366	6
5367	7
5368	7
5369	8
5370	10
5371	11
5372	11
5373	12
5374	12
5375	11
5376	13
5377	12
5378	11
5379	10
5380	10
5381	11
5382	11
5383	10
5384	12
5385	11
5386	10
5387	9
5388	10
5389	10
5390	11
5391	13
5392	12
5393	11
5394	10
5395	10
5396	9
5397	9
5398	10
5399	12
5400	11
5401	10
5402	9
5403	9
5404	8
5405	9
5406	9
5407	10
5408	12
5409	11
5410	10
5411	9
5412	9
5413	8
5414	8
5415	9
5416	11
5417	10
5418	9
5419	8
5420	8
5421	7
5422	7
5423	8
5424	8
5425	9
5426	11
5427	10
5428	9
5429	8
5430	8
5431	7
5432	9
5433	10
5434	10
5435	9
5436	9
5437	8
5438	9
5439	9
5440	8
5441	7
5442	8
5443	8
5444	7
5445	7
5446	6
5447	8
5448	9
5449	9
5450	10
5451	10
5452	11
5453	13
5454	12
5455	11
5456	10
5457	10
5458	9
5459	11
5460	12
5461	11
5462	11
5463	10
5464	11
5465	11
5466	10
5467	10
5468	9
5469	10
5470	10
5471	9
5472	9
5473	8
5474	8
5475	9
5476	9
5477	10
5478	12
5479	11
5480	10
5481	9
5482	9
5483	8
5484	10
5485	11
5486	11
5487	10
5488	10
5489	9
5490	10
5491	10
5492	9
5493	9
5494	8
5495	9
5496	9
5497	8
5498	7
5499	8
5500	7
5501	7
5502	8
5503	8
5504	9
5505	11
5506	10
5507	9
5508	8
5509	8
5510	7
5511	9
5512	10
5513	10
5514	9
5515	9
5516	8
5517	9
5518	9
5519	8
5520	8
5521	7
5522	8
5523	8
5524	7
5525	7
5526	6
5527	7
5528	7
5529	8
5530	9
5531	10
5532	10
5533	9
5534	9
5535	8
5536	9
5537	9
5538	8
5539	7
5540	7
5541	8
5542	8
5543	7
5544	9
5545	8
5546	7
5547	6
5548	6
5549	7
5550	8
5551	9
5552	9
5553	8
5554	8
5555	7
5556	8
5557	8
5558	7
5559	7
5560	6
5561	6
5562	7
5563	7
5564	6
5565	8
5566	7
5567	6
5568	5
5569	5
5570	6
5571	6
5572	7
5573	9
5574	10
5575	10
5576	11
5577	11
5578	10
5579	12
5580	11
5581	10
5582	9
5583	9
5584	10
5585	10
5586	9
5587	11
5588	10
5589	9
5590	8
5591	9
5592	9
5593	10
5594	12
5595	11
5596	10
5597	9
5598	9
5599	8
5600	8
5601	9
5602	11
5603	10
5604	9
5605	8
5606	8
5607	7
5608	8
5609	8
5610	9
5611	11
5612	10
5613	9
5614	8
5615	8
5616	7
5617	7
5618	8
5619	10
5620	9
5621	8
5622	7
5623	7
5624	6
5625	6
5626	7
5627	7
5628	8
5629	10
5630	9
5631	8
5632	7
5633	7
5634	6
5635	8
5636	9
5637	9
5638	8
5639	8
5640	7
5641	8
5642	7
5643	7
5644	6
5645	7
5646	7
5647	6
5648	6
5649	5
5650	7
5651	8
5652	8
5653	9
5654	9
5655	10
5656	12
5657	11
5658	10
5659	9
5660	9
5661	8
5662	10
5663	11
5664	11
5665	10
5666	10
5667	9
5668	10
5669	10
5670	9
5671	9
5672	8
5673	9
5674	9
5675	8
5676	7
5677	7
5678	8
5679	8
5680	9
5681	11
5682	10
5683	9
5684	8
5685	8
5686	7
5687	9
5688	10
5689	10
5690	9
5691	8
5692	9
5693	9
5694	8
5695	8
5696	7
5697	8
5698	8
5699	7
5700	7
5701	6
5702	7
5703	6
5704	5
5705	6
5706	6
5707	7
5708	8
5709	9
5710	9
5711	8
5712	8
5713	7
5714	8
5715	8
5716	7
5717	6
5718	6
5719	7
5720	7
5721	6
5722	8
5723	7
5724	6
5725	5
5726	5
5727	6
5728	8
5729	9
5730	9
5731	8
5732	8
5733	7
5734	8
5735	8
5736	7
5737	6
5738	7
5739	7
5740	6
5741	6
5742	5
5743	5
5744	6
5745	6
5746	5
5747	7
5748	6
5749	5
5750	4
5751	4
5752	4
5753	5
5754	6
5755	7
5756	7
5757	8
5758	10
5759	11
5760	11
5761	10
5762	10
5763	9
5764	10
5765	10
5766	9
5767	9
5768	8
5769	9
5770	9
5771	8
5772	8
5773	7
5774	7
5775	8
5776	8
5777	7
5778	9
5779	8
5780	7
5781	6
5782	5
5783	6
5784	6
5785	7
5786	7
5787	8
5788	8
5789	7
5790	7
5791	6
5792	6
5793	7
5794	7
5795	6
5796	8
5797	7
5798	6
5799	5
5800	5
5801	6
5802	8
5803	9
5804	9
5805	8
5806	8
5807	7
5808	8
5809	8
5810	7
5811	7
5812	6
5813	7
5814	7
5815	6
5816	6
5817	5
5818	5
5819	6
5820	6
5821	5
5822	7
5823	6
5824	5
5825	4
5826	4
5827	5
5828	5
5829	6
5830	8
5831	9
5832	9
5833	8
5834	8
5835	7
5836	8
5837	8
5838	7
5839	7
5840	6
5841	7
5842	7
5843	6
5844	6
5845	5
5846	5
5847	6
5848	6
5849	5
5850	7
5851	6
5852	5
5853	4
5854	5
5855	6
5856	6
5857	7
5858	7
5859	6
5860	8
5861	7
5862	6
5863	5
5864	5
5865	6
5866	6
5867	5
5868	6
5869	5
5870	4
5871	5
5872	5
5873	6
5874	7
5875	6
5876	5
5877	5
5878	4
5879	4
5880	5
5881	7
5882	6
5883	5
5884	4
5885	4
5886	3
5887	3
5888	3
5889	4
5890	5
5891	6
5892	6
5893	7
5894	7
5895	8
5896	8
5897	7
5898	7
5899	6
5900	6
5901	7
5902	7
5903	6
5904	8
5905	7
5906	6
5907	5
5908	5
5909	6
5910	8
5911	9
5912	9
5913	8
5914	8
5915	7
5916	8
5917	8
5918	7
5919	7
5920	6
5921	7
5922	7
5923	6
5924	6
5925	5
5926	5
5927	6
5928	6
5929	5
5930	7
5931	6
5932	5
5933	4
5934	5
5935	5
5936	6
5937	8
5938	9
5939	9
5940	8
5941	8
5942	7
5943	8
5944	8
5945	7
5946	7
5947	6
5948	7
5949	7
5950	6
5951	6
5952	5
5953	5
5954	6
5955	6
5956	5
5957	7
5958	6
5959	5
5960	4
5961	4
5962	5
5963	6
5964	7
5965	7
5966	6
5967	6
5968	5
5969	5
5970	5
5971	4
5972	4
5973	5
5974	5
5975	4
5976	6
5977	5
5978	4
5979	3
5980	3
5981	4
5982	4
5983	5
5984	7
5985	8
5986	8
5987	7
5988	7
5989	6
5990	7
5991	7
5992	6
5993	6
5994	5
5995	6
5996	6
5997	5
5998	5
5999	4
6000	4
6001	5
6002	5
6003	4
6004	6
6005	5
6006	4
6007	3
6008	4
6009	5
6010	5
6011	6
6012	6
6013	5
6014	6
6015	5
6016	4
6017	4
6018	5
6019	5
6020	4
6021	6
6022	5
6023	4
6024	3
6025	4
6026	4
6027	5
6028	6
6029	5
6030	4
6031	4
6032	3
6033	3
6034	4
6035	6
6036	5
6037	4
6038	3
6039	3
6040	2
6041	1
6042	1
6043	2
6044	2
6045	3
6046	3
6047	4
6048	3
6049	3
6050	4
6051	6
6052	7
6053	7
6054	8
6055	8
6056	7
6057	9
6058	8
6059	7
6060	6
6061	6
6062	7
6063	7
6064	6
6065	8
6066	7
6067	6
6068	5
6069	6
6070	6
6071	7
6072	9
6073	8
6074	7
6075	6
6076	6
6077	5
6078	5
6079	6
6080	8
6081	7
6082	6
6083	5
6084	5
6085	4
6086	5
6087	5
6088	6
6089	8
6090	7
6091	6
6092	5
6093	5
6094	4
6095	4
6096	5
6097	7
6098	6
6099	5
6100	4
6101	4
6102	3
6103	3
6104	4
6105	4
6106	5
6107	7
6108	6
6109	5
6110	4
6111	4
6112	3
6113	5
6114	6
6115	6
6116	5
6117	5
6118	4
6119	5
6120	4
6121	4
6122	3
6123	4
6124	4
6125	3
6126	3
6127	2
6128	2
6129	3
6130	3
6131	4
6132	6
6133	7
6134	7
6135	8
6136	8
6137	7
6138	9
6139	8
6140	7
6141	6
6142	6
6143	7
6144	7
6145	6
6146	8
6147	7
6148	6
6149	5
6150	6
6151	6
6152	7
6153	9
6154	8
6155	7
6156	6
6157	6
6158	5
6159	5
6160	6
6161	8
6162	7
6163	6
6164	5
6165	5
6166	4
6167	5
6168	5
6169	6
6170	8
6171	7
6172	6
6173	5
6174	5
6175	4
6176	4
6177	5
6178	7
6179	6
6180	5
6181	4
6182	4
6183	3
6184	3
6185	4
6186	4
6187	5
6188	7
6189	6
6190	5
6191	4
6192	4
6193	3
6194	5
6195	6
6196	6
6197	5
6198	5
6199	4
6200	5
6201	5
6202	4
6203	3
6204	4
6205	4
6206	3
6207	3
6208	2
6209	4
6210	5
6211	5
6212	6
6213	6
6214	7
6215	9
6216	8
6217	7
6218	6
6219	6
6220	5
6221	7
6222	8
6223	7
6224	7
6225	6
6226	7
6227	7
6228	6
6229	6
6230	5
6231	6
6232	6
6233	5
6234	4
6235	4
6236	5
6237	5
6238	6
6239	8
6240	7
6241	6
6242	5
6243	5
6244	4
6245	6
6246	7
6247	6
6248	6
6249	5
6250	6
6251	6
6252	5
6253	5
6254	4
6255	5
6256	5
6257	4
6258	3
6259	4
6260	3
6261	3
6262	4
6263	4
6264	5
6265	7
6266	6
6267	5
6268	4
6269	4
6270	3
6271	5
6272	6
6273	6
6274	5
6275	5
6276	4
6277	5
6278	5
6279	4
6280	3
6281	4
6282	3
6283	3
6284	2
6285	3
6286	3
6287	4
6288	5
6289	6
6290	6
6291	5
6292	5
6293	4
6294	5
6295	5
6296	4
6297	3
6298	3
6299	4
6300	4
6301	3
6302	5
6303	4
6304	3
6305	2
6306	1
6307	1
6308	2
6309	1
6310	1
6311	2
6312	2
6313	3
6314	5
6315	6
6316	6
6317	7
6318	7
6319	6
6320	8
6321	7
6322	6
6323	5
6324	5
6325	6
6326	6
6327	5
6328	7
6329	6
6330	5
6331	4
6332	5
6333	5
6334	6
6335	8
6336	7
6337	6
6338	5
6339	5
6340	4
6341	4
6342	5
6343	7
6344	6
6345	5
6346	4
6347	4
6348	3
6349	4
6350	4
6351	5
6352	7
6353	6
6354	5
6355	4
6356	4
6357	3
6358	3
6359	4
6360	6
6361	5
6362	4
6363	3
6364	3
6365	2
6366	2
6367	3
6368	3
6369	4
6370	6
6371	5
6372	4
6373	3
6374	3
6375	2
6376	4
6377	5
6378	5
6379	4
6380	3
6381	4
6382	4
6383	3
6384	3
6385	2
6386	3
6387	3
6388	2
6389	2
6390	1
6391	3
6392	4
6393	3
6394	3
6395	4
6396	4
6397	5
6398	7
6399	6
6400	5
6401	4
6402	4
6403	3
6404	5
6405	6
6406	6
6407	5
6408	5
6409	4
6410	5
6411	5
6412	4
6413	4
6414	3
6415	4
6416	4
6417	3
6418	3
6419	2
6420	3
6421	3
6422	4
6423	4
6424	5
6425	7
6426	6
6427	5
6428	4
6429	4
6430	3
6431	5
6432	6
6433	6
6434	5
6435	5
6436	4
6437	5
6438	4
6439	4
6440	3
6441	4
6442	4
6443	3
6444	3
6445	2
6446	2
6447	3
6448	3
6449	4
6450	6
6451	5
6452	4
6453	3
6454	3
6455	2
6456	4
6457	5
6458	5
6459	4
6460	4
6461	3
6462	4
6463	3
6464	3
6465	2
6466	3
6467	2
6468	2
6469	1
6470	2
6471	2
6472	3
6473	4
6474	5
6475	5
6476	4
6477	4
6478	3
6479	4
6480	4
6481	3
6482	3
6483	2
6484	2
6485	3
6486	3
6487	2
6488	4
6489	3
6490	2
6491	1
6492	1
6493	2
6494	3
6495	4
6496	4
6497	3
6498	3
6499	2
6500	3
6501	2
6502	2
6503	1
6504	1
6505	2
6506	2
6507	1
6508	3
6509	2
6510	1
6511	1
6512	3
6513	3
6514	4
6515	6
6516	7
6517	7
6518	8
6519	8
6520	9
6521	11
6522	12
6523	12
6524	13
6525	13
6526	14
6527	13
6528	12
6529	14
6530	15
6531	14
6532	13
6533	14
6534	13
6535	12
6536	13
6537	12
6538	11
6539	11
6540	12
6541	12
6542	13
6543	12
6544	11
6545	13
6546	14
6547	13
6548	12
6549	13
6550	12
6551	11
6552	12
6553	11
6554	10
6555	11
6556	11
6557	12
6558	14
6559	15
6560	14
6561	13
6562	14
6563	13
6564	12
6565	13
6566	12
6567	11
6568	11
6569	12
6570	11
6571	10
6572	10
6573	11
6574	13
6575	14
6576	13
6577	12
6578	12
6579	11
6580	12
6581	11
6582	10
6583	10
6584	11
6585	10
6586	9
6587	10
6588	10
6589	11
6590	13
6591	14
6592	13
6593	12
6594	13
6595	12
6596	11
6597	12
6598	11
6599	10
6600	10
6601	11
6602	10
6603	9
6604	9
6605	10
6606	12
6607	13
6608	12
6609	11
6610	12
6611	11
6612	10
6613	10
6614	9
6615	9
6616	10
6617	9
6618	8
6619	8
6620	9
6621	9
6622	10
6623	12
6624	13
6625	12
6626	11
6627	12
6628	11
6629	10
6630	11
6631	10
6632	9
6633	9
6634	10
6635	9
6636	8
6637	10
6638	10
6639	10
6640	11
6641	10
6642	9
6643	10
6644	10
6645	11
6646	10
6647	9
6648	9
6649	10
6650	9
6651	8
6652	9
6653	9
6654	10
6655	9
6656	8
6657	8
6658	9
6659	8
6660	7
6661	9
6662	9
6663	9
6664	10
6665	10
6666	11
6667	13
6668	14
6669	13
6670	12
6671	13
6672	12
6673	11
6674	12
6675	11
6676	10
6677	10
6678	11
6679	10
6680	9
6681	11
6682	12
6683	12
6684	13
6685	12
6686	11
6687	11
6688	12
6689	11
6690	10
6691	11
6692	11
6693	12
6694	11
6695	10
6696	10
6697	11
6698	10
6699	9
6700	10
6701	10
6702	11
6703	10
6704	9
6705	9
6706	10
6707	9
6708	8
6709	9
6710	9
6711	10
6712	10
6713	11
6714	13
6715	14
6716	13
6717	12
6718	13
6719	12
6720	11
6721	12
6722	11
6723	10
6724	10
6725	11
6726	10
6727	9
6728	11
6729	12
6730	12
6731	13
6732	12
6733	11
6734	11
6735	11
6736	10
6737	11
6738	10
6739	10
6740	11
6741	10
6742	9
6743	10
6744	10
6745	11
6746	10
6747	9
6748	9
6749	10
6750	9
6751	8
6752	8
6753	9
6754	9
6755	10
6756	12
6757	13
6758	12
6759	11
6760	12
6761	11
6762	10
6763	11
6764	10
6765	9
6766	9
6767	10
6768	9
6769	8
6770	10
6771	11
6772	11
6773	12
6774	11
6775	10
6776	10
6777	11
6778	10
6779	9
6780	10
6781	10
6782	11
6783	10
6784	9
6785	9
6786	10
6787	9
6788	8
6789	8
6790	8
6791	9
6792	8
6793	7
6794	8
6795	8
6796	8
6797	8
6798	9
6799	9
6800	10
6801	9
6802	8
6803	10
6804	11
6805	10
6806	9
6807	10
6808	9
6809	8
6810	9
6811	8
6812	7
6813	7
6814	7
6815	7
6816	8
6817	8
6818	9
6819	8
6820	7
6821	9
6822	10
6823	9
6824	8
6825	9
6826	8
6827	7
6828	8
6829	7
6830	6
6831	6
6832	7
6833	7
6834	8
6835	10
6836	11
6837	11
6838	12
6839	12
6840	13
6841	12
6842	11
6843	13
6844	14
6845	13
6846	12
6847	13
6848	12
6849	11
6850	12
6851	11
6852	10
6853	10
6854	11
6855	11
6856	12
6857	11
6858	10
6859	12
6860	13
6861	12
6862	11
6863	12
6864	11
6865	10
6866	11
6867	10
6868	9
6869	10
6870	10
6871	11
6872	13
6873	14
6874	13
6875	12
6876	13
6877	12
6878	11
6879	12
6880	11
6881	10
6882	10
6883	11
6884	10
6885	9
6886	9
6887	10
6888	12
6889	13
6890	12
6891	11
6892	11
6893	10
6894	11
6895	10
6896	9
6897	9
6898	10
6899	9
6900	8
6901	9
6902	9
6903	10
6904	12
6905	13
6906	12
6907	11
6908	12
6909	11
6910	10
6911	11
6912	10
6913	9
6914	9
6915	10
6916	9
6917	8
6918	8
6919	9
6920	11
6921	12
6922	11
6923	10
6924	11
6925	10
6926	9
6927	9
6928	8
6929	8
6930	9
6931	8
6932	7
6933	7
6934	8
6935	8
6936	9
6937	11
6938	12
6939	11
6940	10
6941	11
6942	10
6943	9
6944	10
6945	9
6946	8
6947	8
6948	9
6949	8
6950	7
6951	9
6952	9
6953	9
6954	10
6955	9
6956	8
6957	9
6958	9
6959	10
6960	9
6961	8
6962	8
6963	9
6964	8
6965	7
6966	8
6967	8
6968	9
6969	8
6970	7
6971	7
6972	8
6973	7
6974	6
6975	8
6976	8
6977	8
6978	9
6979	9
6980	10
6981	12
6982	13
6983	12
6984	11
6985	12
6986	11
6987	10
6988	11
6989	10
6990	9
6991	9
6992	10
6993	9
6994	8
6995	10
6996	11
6997	11
6998	12
6999	11
7000	10
7001	10
7002	11
7003	10
7004	9
7005	10
7006	10
7007	11
7008	10
7009	9
7010	9
7011	10
7012	9
7013	8
7014	9
7015	9
7016	10
7017	9
7018	8
7019	8
7020	8
7021	7
7022	8
7023	8
7024	9
7025	9
7026	10
7027	12
7028	13
7029	12
7030	11
7031	12
7032	11
7033	10
7034	11
7035	10
7036	9
7037	9
7038	10
7039	9
7040	8
7041	10
7042	11
7043	11
7044	12
7045	11
7046	10
7047	10
7048	11
7049	10
7050	9
7051	10
7052	10
7053	11
7054	10
7055	9
7056	9
7057	10
7058	9
7059	8
7060	8
7061	8
7062	9
7063	8
7064	7
7065	7
7066	8
7067	8
7068	9
7069	11
7070	12
7071	11
7072	10
7073	11
7074	10
7075	9
7076	10
7077	9
7078	8
7079	8
7080	9
7081	8
7082	7
7083	9
7084	10
7085	10
7086	10
7087	9
7088	9
7089	10
7090	9
7091	8
7092	9
7093	9
7094	10
7095	9
7096	8
7097	7
7098	8
7099	8
7100	9
7101	8
7102	7
7103	7
7104	8
7105	7
7106	6
7107	7
7108	7
7109	7
7110	7
7111	8
7112	8
7113	9
7114	8
7115	7
7116	9
7117	10
7118	9
7119	8
7120	9
7121	8
7122	7
7123	8
7124	7
7125	6
7126	6
7127	6
7128	6
7129	7
7130	7
7131	8
7132	7
7133	6
7134	8
7135	9
7136	8
7137	7
7138	8
7139	7
7140	6
7141	7
7142	6
7143	5
7144	5
7145	5
7146	6
7147	8
7148	9
7149	9
7150	10
7151	10
7152	11
7153	13
7154	14
7155	13
7156	12
7157	13
7158	12
7159	11
7160	12
7161	11
7162	10
7163	10
7164	11
7165	10
7166	9
7167	11
7168	12
7169	12
7170	13
7171	12
7172	11
7173	11
7174	12
7175	11
7176	10
7177	11
7178	11
7179	12
7180	11
7181	10
7182	10
7183	11
7184	10
7185	9
7186	10
7187	10
7188	11
7189	10
7190	9
7191	9
7192	10
7193	9
7194	8
7195	8
7196	8
7197	8
7198	9
7199	11
7200	12
7201	11
7202	10
7203	11
7204	10
7205	9
7206	9
7207	8
7208	8
7209	9
7210	8
7211	7
7212	8
7213	8
7214	8
7215	8
7216	9
7217	9
7218	10
7219	9
7220	8
7221	10
7222	11
7223	10
7224	9
7225	10
7226	9
7227	8
7228	9
7229	8
7230	7
7231	7
7232	7
7233	7
7234	8
7235	8
7236	9
7237	8
7238	7
7239	9
7240	10
7241	9
7242	8
7243	9
7244	8
7245	7
7246	8
7247	7
7248	6
7249	7
7250	7
7251	8
7252	10
7253	11
7254	11
7255	11
7256	10
7257	10
7258	11
7259	10
7260	9
7261	10
7262	10
7263	11
7264	10
7265	9
7266	9
7267	10
7268	9
7269	8
7270	9
7271	9
7272	10
7273	9
7274	8
7275	8
7276	9
7277	8
7278	7
7279	7
7280	8
7281	8
7282	9
7283	8
7284	7
7285	9
7286	10
7287	9
7288	8
7289	9
7290	8
7291	7
7292	8
7293	7
7294	6
7295	6
7296	6
7297	6
7298	7
7299	7
7300	8
7301	7
7302	6
7303	8
7304	9
7305	8
7306	7
7307	8
7308	7
7309	6
7310	7
7311	6
7312	5
7313	5
7314	5
7315	5
7316	6
7317	8
7318	9
7319	9
7320	10
7321	9
7322	8
7323	8
7324	9
7325	8
7326	7
7327	8
7328	8
7329	9
7330	8
7331	7
7332	7
7333	8
7334	7
7335	6
7336	7
7337	7
7338	8
7339	7
7340	6
7341	6
7342	7
7343	6
7344	5
7345	5
7346	6
7347	6
7348	7
7349	6
7350	5
7351	7
7352	8
7353	7
7354	6
7355	7
7356	6
7357	5
7358	6
7359	5
7360	4
7361	4
7362	4
7363	5
7364	7
7365	8
7366	8
7367	8
7368	8
7369	9
7370	11
7371	12
7372	11
7373	10
7374	10
7375	9
7376	10
7377	9
7378	8
7379	8
7380	9
7381	8
7382	7
7383	7
7384	8
7385	8
7386	9
7387	11
7388	12
7389	11
7390	10
7391	11
7392	10
7393	9
7394	10
7395	9
7396	8
7397	8
7398	9
7399	8
7400	7
7401	9
7402	10
7403	10
7404	11
7405	10
7406	9
7407	9
7408	10
7409	9
7410	8
7411	9
7412	9
7413	10
7414	9
7415	8
7416	8
7417	9
7418	8
7419	7
7420	8
7421	8
7422	9
7423	8
7424	7
7425	7
7426	8
7427	7
7428	6
7429	7
7430	7
7431	8
7432	10
7433	11
7434	11
7435	12
7436	11
7437	10
7438	10
7439	10
7440	9
7441	10
7442	10
7443	11
7444	10
7445	9
7446	9
7447	10
7448	9
7449	8
7450	9
7451	9
7452	10
7453	9
7454	8
7455	8
7456	9
7457	8
7458	7
7459	7
7460	8
7461	8
7462	9
7463	8
7464	7
7465	9
7466	10
7467	9
7468	8
7469	9
7470	8
7471	7
7472	8
7473	7
7474	6
7475	6
7476	6
7477	6
7478	7
7479	7
7480	8
7481	7
7482	6
7483	8
7484	9
7485	8
7486	7
7487	8
7488	7
7489	6
7490	7
7491	6
7492	5
7493	6
7494	6
7495	6
7496	6
7497	7
7498	7
7499	8
7500	7
7501	6
7502	8
7503	9
7504	8
7505	7
7506	8
7507	7
7508	6
7509	7
7510	6
7511	5
7512	5
7513	5
7514	5
7515	6
7516	6
7517	7
7518	6
7519	5
7520	7
7521	8
7522	7
7523	6
7524	7
7525	6
7526	5
7527	6
7528	5
7529	4
7530	4
7531	4
7532	4
7533	5
7534	7
7535	8
7536	8
7537	9
7538	8
7539	7
7540	7
7541	8
7542	7
7543	6
7544	7
7545	7
7546	8
7547	7
7548	6
7549	6
7550	7
7551	6
7552	5
7553	6
7554	6
7555	7
7556	6
7557	5
7558	5
7559	6
7560	5
7561	4
7562	4
7563	5
7564	5
7565	6
7566	5
7567	4
7568	6
7569	7
7570	6
7571	5
7572	6
7573	5
7574	4
7575	5
7576	4
7577	3
7578	3
7579	3
7580	3
7581	4
7582	6
7583	7
7584	7
7585	8
7586	8
7587	9
7588	11
7589	12
7590	11
7591	10
7592	11
7593	10
7594	9
7595	10
7596	9
7597	8
7598	8
7599	9
7600	8
7601	7
7602	9
7603	10
7604	10
7605	11
7606	10
7607	9
7608	9
7609	10
7610	9
7611	8
7612	8
7613	8
7614	9
7615	8
7616	7
7617	8
7618	8
7619	9
7620	8
7621	7
7622	7
7623	8
7624	7
7625	6
7626	6
7627	7
7628	7
7629	8
7630	10
7631	11
7632	10
7633	9
7634	10
7635	9
7636	8
7637	9
7638	8
7639	7
7640	7
7641	8
7642	7
7643	6
7644	8
7645	9
7646	9
7647	10
7648	9
7649	8
7650	8
7651	9
7652	8
7653	7
7654	8
7655	8
7656	9
7657	8
7658	7
7659	7
7660	8
7661	7
7662	6
7663	7
7664	7
7665	8
7666	7
7667	6
7668	6
7669	7
7670	6
7671	5
7672	6
7673	6
7674	6
7675	6
7676	7
7677	7
7678	8
7679	7
7680	6
7681	8
7682	9
7683	8
7684	7
7685	8
7686	7
7687	6
7688	7
7689	6
7690	5
7691	5
7692	6
7693	8
7694	9
7695	9
7696	10
7697	9
7698	8
7699	8
7700	8
7701	7
7702	8
7703	8
7704	9
7705	8
7706	7
7707	7
7708	8
7709	7
7710	6
7711	7
7712	7
7713	8
7714	7
7715	6
7716	6
7717	7
7718	6
7719	5
7720	5
7721	6
7722	6
7723	7
7724	6
7725	5
7726	7
7727	8
7728	7
7729	6
7730	7
7731	6
7732	5
7733	6
7734	5
7735	4
7736	5
7737	5
7738	5
7739	5
7740	6
7741	6
7742	7
7743	6
7744	5
7745	7
7746	8
7747	7
7748	6
7749	7
7750	6
7751	5
7752	6
7753	5
7754	4
7755	4
7756	5
7757	7
7758	8
7759	8
7760	8
7761	7
7762	7
7763	8
7764	7
7765	6
7766	7
7767	7
7768	8
7769	7
7770	6
7771	6
7772	7
7773	6
7774	5
7775	5
7776	5
7777	6
7778	5
7779	4
7780	4
7781	5
7782	5
7783	6
7784	5
7785	4
7786	6
7787	7
7788	6
7789	5
7790	6
7791	5
7792	4
7793	5
7794	4
7795	3
7796	3
7797	3
7798	3
7799	4
7800	6
7801	7
7802	7
7803	8
7804	7
7805	6
7806	6
7807	7
7808	6
7809	5
7810	6
7811	6
7812	7
7813	6
7814	5
7815	5
7816	6
7817	5
7818	4
7819	5
7820	5
7821	6
7822	5
7823	4
7824	4
7825	5
7826	4
7827	3
7828	3
7829	4
7830	4
7831	5
7832	4
7833	3
7834	5
7835	6
7836	5
7837	4
7838	5
7839	4
7840	3
7841	4
7842	3
7843	2
7844	2
7845	3
7846	5
7847	6
7848	6
7849	7
7850	7
7851	8
7852	10
7853	11
7854	11
7855	12
7856	12
7857	12
7858	11
7859	13
7860	14
7861	13
7862	12
7863	13
7864	12
7865	11
7866	12
7867	11
7868	10
7869	10
7870	11
7871	11
7872	12
7873	11
7874	10
7875	12
7876	13
7877	12
7878	11
7879	12
7880	11
7881	10
7882	11
7883	10
7884	9
7885	10
7886	10
7887	11
7888	13
7889	14
7890	13
7891	12
7892	11
7893	12
7894	11
7895	10
7896	10
7897	11
7898	10
7899	9
7900	9
7901	10
7902	12
7903	13
7904	12
7905	11
7906	12
7907	11
7908	10
7909	11
7910	10
7911	9
7912	9
7913	10
7914	9
7915	8
7916	9
7917	9
7918	10
7919	12
7920	13
7921	12
7922	11
7923	12
7924	11
7925	10
7926	10
7927	9
7928	9
7929	10
7930	9
7931	8
7932	8
7933	9
7934	11
7935	12
7936	11
7937	10
7938	11
7939	10
7940	9
7941	10
7942	9
7943	8
7944	8
7945	9
7946	8
7947	7
7948	7
7949	8
7950	8
7951	9
7952	11
7953	12
7954	11
7955	10
7956	11
7957	10
7958	9
7959	10
7960	9
7961	8
7962	8
7963	9
7964	8
7965	7
7966	9
7967	10
7968	10
7969	11
7970	10
7971	9
7972	9
7973	10
7974	9
7975	8
7976	8
7977	8
7978	9
7979	8
7980	7
7981	8
7982	8
7983	9
7984	8
7985	7
7986	7
7987	8
7988	7
7989	6
7990	8
7991	9
7992	9
7993	10
7994	10
7995	11
7996	13
7997	14
7998	13
7999	12
8000	13
8001	12
8002	11
8003	12
8004	11
8005	10
8006	10
8007	11
8008	10
8009	9
8010	11
8011	12
8012	11
8013	11
8014	12
8015	11
8016	10
8017	11
8018	11
8019	12
8020	11
8021	10
8022	10
8023	11
8024	10
8025	9
8026	10
8027	10
8028	11
8029	10
8030	9
8031	9
8032	10
8033	9
8034	8
8035	8
8036	9
8037	9
8038	10
8039	12
8040	13
8041	12
8042	11
8043	12
8044	11
8045	10
8046	11
8047	10
8048	9
8049	9
8050	10
8051	9
8052	8
8053	10
8054	11
8055	11
8056	12
8057	11
8058	10
8059	10
8060	11
8061	10
8062	9
8063	10
8064	10
8065	11
8066	10
8067	9
8068	9
8069	10
8070	9
8071	8
8072	8
8073	8
8074	9
8075	8
8076	7
8077	7
8078	7
8079	8
8080	8
8081	9
8082	11
8083	12
8084	11
8085	10
8086	10
8087	9
8088	10
8089	9
8090	8
8091	8
8092	9
8093	8
8094	7
8095	9
8096	10
8097	10
8098	10
8099	9
8100	9
8101	10
8102	9
8103	8
8104	9
8105	9
8106	10
8107	9
8108	8
8109	8
8110	9
8111	8
8112	7
8113	8
8114	8
8115	9
8116	8
8117	7
8118	7
8119	8
8120	7
8121	6
8122	7
8123	7
8124	7
8125	7
8126	8
8127	8
8128	9
8129	8
8130	7
8131	9
8132	10
8133	9
8134	8
8135	9
8136	8
8137	7
8138	8
8139	7
8140	6
8141	6
8142	6
8143	6
8144	7
8145	7
8146	8
8147	7
8148	6
8149	8
8150	9
8151	8
8152	7
8153	8
8154	7
8155	6
8156	7
8157	6
8158	5
8159	5
8160	6
8161	6
8162	7
8163	9
8164	10
8165	10
8166	11
8167	11
8168	12
8169	11
8170	10
8171	12
8172	13
8173	12
8174	11
8175	12
8176	11
8177	10
8178	11
8179	10
8180	9
8181	9
8182	10
8183	10
8184	11
8185	10
8186	9
8187	11
8188	12
8189	11
8190	10
8191	11
8192	10
8193	9
8194	10
8195	9
8196	8
8197	9
8198	9
8199	10
8200	12
8201	13
8202	12
8203	11
8204	11
8205	10
8206	11
8207	10
8208	9
8209	9
8210	10
8211	9
8212	8
8213	8
8214	9
8215	11
8216	12
8217	11
8218	10
8219	11
8220	10
8221	9
8222	10
8223	9
8224	8
8225	8
8226	9
8227	8
8228	7
8229	8
8230	8
8231	9
8232	11
8233	12
8234	11
8235	10
8236	11
8237	10
8238	9
8239	9
8240	8
8241	8
8242	9
8243	8
8244	7
8245	7
8246	8
8247	10
8248	11
8249	10
8250	9
8251	10
8252	9
8253	8
8254	9
8255	8
8256	7
8257	7
8258	8
8259	7
8260	6
8261	6
8262	7
8263	7
8264	8
8265	10
8266	11
8267	10
8268	9
8269	10
8270	9
8271	8
8272	9
8273	8
8274	7
8275	7
8276	8
8277	7
8278	6
8279	8
8280	9
8281	9
8282	10
8283	9
8284	8
8285	8
8286	9
8287	8
8288	7
8289	7
8290	7
8291	8
8292	7
8293	6
8294	7
8295	7
8296	8
8297	7
8298	6
8299	6
8300	7
8301	6
8302	5
8303	7
8304	8
8305	8
8306	9
8307	9
8308	10
8309	12
8310	13
8311	12
8312	11
8313	12
8314	11
8315	10
8316	11
8317	10
8318	9
8319	9
8320	10
8321	9
8322	8
8323	10
8324	11
8325	11
8326	12
8327	11
8328	10
8329	10
8330	11
8331	10
8332	9
8333	10
8334	10
8335	11
8336	10
8337	9
8338	9
8339	10
8340	9
8341	8
8342	8
8343	8
8344	9
8345	8
8346	7
8347	7
8348	8
8349	8
8350	9
8351	11
8352	12
8353	11
8354	10
8355	11
8356	10
8357	9
8358	10
8359	9
8360	8
8361	8
8362	9
8363	8
8364	7
8365	9
8366	10
8367	10
8368	11
8369	10
8370	9
8371	8
8372	9
8373	9
8374	10
8375	9
8376	8
8377	8
8378	8
8379	7
8380	8
8381	8
8382	9
8383	8
8384	7
8385	7
8386	8
8387	7
8388	6
8389	5
8390	6
8391	6
8392	6
8393	6
8394	7
8395	7
8396	8
8397	7
8398	6
8399	8
8400	9
8401	8
8402	7
8403	8
8404	7
8405	6
8406	7
8407	6
8408	5
8409	5
8410	6
8411	8
8412	9
8413	9
8414	10
8415	9
8416	8
8417	8
8418	8
8419	7
8420	7
8421	7
8422	8
8423	7
8424	6
8425	7
8426	7
8427	8
8428	7
8429	6
8430	6
8431	7
8432	6
8433	5
8434	5
8435	6
8436	6
8437	7
8438	6
8439	5
8440	7
8441	8
8442	7
8443	6
8444	7
8445	6
8446	5
8447	6
8448	5
8449	4
8450	4
8451	4
8452	4
8453	4
8454	5
8455	5
8456	6
8457	8
8458	9
8459	9
8460	10
8461	9
8462	8
8463	8
8464	9
8465	8
8466	7
8467	8
8468	8
8469	9
8470	8
8471	7
8472	7
8473	8
8474	7
8475	6
8476	7
8477	7
8478	8
8479	7
8480	6
8481	6
8482	7
8483	6
8484	5
8485	5
8486	6
8487	6
8488	7
8489	6
8490	5
8491	7
8492	8
8493	7
8494	6
8495	7
8496	6
8497	5
8498	6
8499	5
8500	4
8501	6
8502	7
8503	7
8504	8
8505	8
8506	9
8507	8
8508	7
8509	9
8510	10
8511	9
8512	8
8513	9
8514	8
8515	7
8516	8
8517	7
8518	6
8519	6
8520	6
8521	6
8522	7
8523	6
8524	5
8525	6
8526	6
8527	7
8528	7
8529	8
8530	7
8531	6
8532	8
8533	9
8534	8
8535	7
8536	8
8537	7
8538	6
8539	7
8540	6
8541	5
8542	5
8543	6
8544	6
8545	7
8546	6
8547	5
8548	7
8549	8
8550	7
8551	6
8552	7
8553	6
8554	5
8555	6
8556	5
8557	4
8558	5
8559	5
8560	6
8561	8
8562	9
8563	8
8564	7
8565	7
8566	6
8567	7
8568	6
8569	5
8570	5
8571	6
8572	5
8573	4
8574	4
8575	5
8576	7
8577	8
8578	7
8579	6
8580	6
8581	5
8582	6
8583	5
8584	4
8585	4
8586	5
8587	4
8588	3
8589	3
8590	3
8591	4
8592	6
8593	7
8594	7
8595	7
8596	7
8597	8
8598	10
8599	11
8600	10
8601	9
8602	9
8603	8
8604	9
8605	8
8606	7
8607	7
8608	8
8609	7
8610	6
8611	6
8612	7
8613	7
8614	8
8615	10
8616	11
8617	10
8618	9
8619	10
8620	9
8621	8
8622	9
8623	8
8624	7
8625	7
8626	8
8627	7
8628	6
8629	8
8630	9
8631	9
8632	10
8633	9
8634	8
8635	8
8636	9
8637	8
8638	7
8639	8
8640	8
8641	9
8642	8
8643	7
8644	7
8645	8
8646	7
8647	6
8648	7
8649	7
8650	8
8651	7
8652	6
8653	6
8654	7
8655	6
8656	5
8657	6
8658	6
8659	6
8660	6
8661	7
8662	7
8663	8
8664	7
8665	6
8666	8
8667	9
8668	8
8669	7
8670	8
8671	7
8672	6
8673	7
8674	6
8675	5
8676	5
8677	6
8678	8
8679	9
8680	9
8681	10
8682	9
8683	8
8684	8
8685	8
8686	7
8687	8
8688	8
8689	9
8690	8
8691	7
8692	7
8693	8
8694	7
8695	6
8696	7
8697	7
8698	8
8699	7
8700	6
8701	6
8702	7
8703	6
8704	5
8705	5
8706	6
8707	6
8708	7
8709	6
8710	5
8711	7
8712	8
8713	7
8714	6
8715	7
8716	6
8717	5
8718	6
8719	5
8720	4
8721	5
8722	5
8723	5
8724	5
8725	6
8726	6
8727	7
8728	6
8729	5
8730	7
8731	8
8732	7
8733	6
8734	7
8735	6
8736	5
8737	6
8738	5
8739	4
8740	4
8741	4
8742	4
8743	5
8744	5
8745	6
8746	5
8747	4
8748	6
8749	7
8750	6
8751	5
8752	6
8753	5
8754	4
8755	4
8756	3
8757	3
8758	3
8759	3
8760	4
8761	6
8762	7
8763	7
8764	8
8765	7
8766	6
8767	6
8768	7
8769	6
8770	5
8771	6
8772	6
8773	7
8774	6
8775	5
8776	5
8777	6
8778	5
8779	4
8780	5
8781	5
8782	6
8783	5
8784	4
8785	4
8786	5
8787	4
8788	3
8789	3
8790	4
8791	4
8792	4
8793	3
8794	5
8795	6
8796	5
8797	4
8798	5
8799	4
8800	3
8801	4
8802	3
8803	2
8804	2
8805	2
8806	2
8807	3
8808	5
8809	6
8810	6
8811	7
8812	7
8813	8
8814	10
8815	11
8816	10
8817	9
8818	10
8819	9
8820	8
8821	9
8822	8
8823	7
8824	7
8825	8
8826	7
8827	6
8828	8
8829	8
8830	8
8831	9
8832	8
8833	7
8834	8
8835	8
8836	9
8837	8
8838	7
8839	7
8840	8
8841	7
8842	6
8843	7
8844	7
8845	8
8846	7
8847	6
8848	6
8849	7
8850	6
8851	5
8852	5
8853	6
8854	6
8855	7
8856	9
8857	10
8858	9
8859	8
8860	9
8861	8
8862	7
8863	8
8864	7
8865	6
8866	6
8867	7
8868	6
8869	5
8870	7
8871	8
8872	8
8873	9
8874	8
8875	7
8876	7
8877	8
8878	7
8879	6
8880	7
8881	7
8882	8
8883	7
8884	6
8885	6
8886	7
8887	6
8888	5
8889	6
8890	6
8891	7
8892	6
8893	5
8894	5
8895	6
8896	5
8897	4
8898	5
8899	5
8900	6
8901	8
8902	9
8903	9
8904	10
8905	9
8906	8
8907	8
8908	8
8909	7
8910	8
8911	8
8912	9
8913	8
8914	7
8915	7
8916	8
8917	7
8918	6
8919	7
8920	7
8921	8
8922	7
8923	6
8924	6
8925	7
8926	6
8927	5
8928	5
8929	6
8930	6
8931	7
8932	6
8933	5
8934	7
8935	8
8936	7
8937	6
8938	7
8939	6
8940	5
8941	6
8942	5
8943	4
8944	4
8945	4
8946	4
8947	5
8948	5
8949	6
8950	5
8951	4
8952	6
8953	7
8954	6
8955	5
8956	6
8957	5
8958	4
8959	5
8960	4
8961	3
8962	4
8963	4
8964	5
8965	7
8966	8
8967	8
8968	8
8969	7
8970	7
8971	8
8972	7
8973	6
8974	7
8975	7
8976	8
8977	7
8978	6
8979	6
8980	7
8981	6
8982	5
8983	5
8984	5
8985	6
8986	5
8987	4
8988	4
8989	5
8990	5
8991	6
8992	5
8993	4
8994	6
8995	7
8996	6
8997	5
8998	6
8999	5
9000	4
9001	5
9002	4
9003	3
9004	3
9005	3
9006	3
9007	4
9008	4
9009	5
9010	4
9011	3
9012	5
9013	5
9014	4
9015	5
9016	4
9017	3
9018	4
9019	3
9020	2
9021	2
9022	2
9023	2
9024	3
9025	5
9026	6
9027	6
9028	7
9029	6
9030	5
9031	5
9032	6
9033	5
9034	4
9035	5
9036	5
9037	5
9038	4
9039	4
9040	5
9041	4
9042	3
9043	4
9044	4
9045	5
9046	4
9047	3
9048	3
9049	4
9050	3
9051	2
9052	2
9053	3
9054	3
9055	4
9056	3
9057	2
9058	4
9059	5
9060	4
9061	3
9062	4
9063	3
9064	2
9065	3
9066	2
9067	1
9068	1
9069	2
9070	2
9071	2
9072	2
9073	3
9074	3
9075	4
9076	6
9077	7
9078	7
9079	8
9080	8
9081	9
9082	8
9083	7
9084	9
9085	10
9086	9
9087	8
9088	9
9089	8
9090	7
9091	8
9092	7
9093	6
9094	6
9095	7
9096	7
9097	8
9098	7
9099	6
9100	8
9101	9
9102	8
9103	7
9104	8
9105	7
9106	6
9107	7
9108	6
9109	5
9110	6
9111	6
9112	7
9113	9
9114	10
9115	9
9116	8
9117	8
9118	7
9119	8
9120	7
9121	6
9122	6
9123	7
9124	6
9125	5
9126	5
9127	6
9128	8
9129	9
9130	8
9131	7
9132	8
9133	7
9134	6
9135	7
9136	6
9137	5
9138	5
9139	6
9140	5
9141	4
9142	5
9143	5
9144	6
9145	8
9146	9
9147	8
9148	7
9149	8
9150	7
9151	6
9152	6
9153	5
9154	5
9155	6
9156	5
9157	4
9158	4
9159	5
9160	7
9161	8
9162	7
9163	6
9164	7
9165	6
9166	5
9167	6
9168	5
9169	4
9170	4
9171	5
9172	4
9173	3
9174	3
9175	4
9176	4
9177	5
9178	7
9179	8
9180	7
9181	6
9182	7
9183	6
9184	5
9185	5
9186	4
9187	4
9188	5
9189	4
9190	3
9191	5
9192	6
9193	6
9194	7
9195	6
9196	5
9197	5
9198	6
9199	5
9200	4
9201	4
9202	4
9203	5
9204	4
9205	3
9206	4
9207	4
9208	5
9209	4
9210	3
9211	3
9212	4
9213	3
9214	2
9215	4
9216	5
9217	5
9218	6
9219	6
9220	7
9221	9
9222	10
9223	9
9224	8
9225	9
9226	8
9227	7
9228	8
9229	7
9230	6
9231	6
9232	7
9233	6
9234	5
9235	7
9236	7
9237	7
9238	8
9239	7
9240	6
9241	7
9242	7
9243	8
9244	7
9245	6
9246	6
9247	7
9248	6
9249	5
9250	6
9251	6
9252	7
9253	6
9254	5
9255	5
9256	6
9257	5
9258	4
9259	4
9260	5
9261	5
9262	6
9263	8
9264	9
9265	8
9266	7
9267	8
9268	7
9269	6
9270	7
9271	6
9272	5
9273	5
9274	6
9275	5
9276	4
9277	6
9278	6
9279	6
9280	7
9281	6
9282	5
9283	6
9284	6
9285	7
9286	6
9287	5
9288	5
9289	6
9290	5
9291	4
9292	4
9293	4
9294	5
9295	4
9296	3
9297	3
9298	3
9299	4
9300	4
9301	5
9302	7
9303	8
9304	7
9305	6
9306	7
9307	6
9308	5
9309	6
9310	5
9311	4
9312	4
9313	5
9314	4
9315	3
9316	5
9317	6
9318	6
9319	6
9320	5
9321	5
9322	6
9323	5
9324	4
9325	5
9326	5
9327	6
9328	5
9329	4
9330	4
9331	5
9332	4
9333	3
9334	4
9335	4
9336	5
9337	4
9338	3
9339	3
9340	4
9341	3
9342	2
9343	3
9344	3
9345	3
9346	3
9347	4
9348	4
9349	5
9350	4
9351	3
9352	5
9353	6
9354	5
9355	4
9356	5
9357	4
9358	3
9359	4
9360	3
9361	2
9362	2
9363	2
9364	2
9365	3
9366	3
9367	4
9368	3
9369	2
9370	4
9371	5
9372	4
9373	3
9374	4
9375	3
9376	2
9377	3
9378	2
9379	1
9380	1
9381	1
9382	1
9383	2
9384	2
9385	3
9386	5
9387	6
9388	6
9389	7
9390	7
9391	8
9392	7
9393	6
9394	8
9395	9
9396	8
9397	7
9398	8
9399	7
9400	6
9401	7
9402	6
9403	5
9404	5
9405	6
9406	6
9407	7
9408	6
9409	5
9410	7
9411	8
9412	7
9413	6
9414	7
9415	6
9416	5
9417	6
9418	5
9419	4
9420	5
9421	5
9422	6
9423	8
9424	9
9425	8
9426	7
9427	8
9428	7
9429	6
9430	7
9431	6
9432	5
9433	5
9434	6
9435	5
9436	4
9437	4
9438	5
9439	7
9440	7
9441	6
9442	6
9443	5
9444	6
9445	5
9446	4
9447	4
9448	4
9449	3
9450	4
9451	4
9452	5
9453	7
9454	8
9455	7
9456	6
9457	7
9458	6
9459	5
9460	6
9461	5
9462	4
9463	4
9464	5
9465	4
9466	3
9467	3
9468	4
9469	6
9470	7
9471	6
9472	5
9473	6
9474	5
9475	4
9476	4
9477	3
9478	3
9479	4
9480	3
9481	2
9482	2
9483	3
9484	3
9485	4
9486	6
9487	7
9488	6
9489	5
9490	6
9491	5
9492	4
9493	5
9494	4
9495	3
9496	3
9497	4
9498	3
9499	2
9500	4
9501	4
9502	4
9503	5
9504	4
9505	3
9506	4
9507	4
9508	5
9509	4
9510	3
9511	3
9512	4
9513	3
9514	2
9515	3
9516	3
9517	4
9518	3
9519	2
9520	2
9521	3
9522	2
9523	1
9524	3
9525	3
9526	3
9527	4
9528	4
9529	5
9530	7
9531	8
9532	7
9533	6
9534	7
9535	6
9536	5
9537	6
9538	5
9539	4
9540	4
9541	5
9542	4
9543	3
9544	5
9545	6
9546	6
9547	7
9548	6
9549	5
9550	5
9551	6
9552	5
9553	4
9554	5
9555	5
9556	6
9557	5
9558	4
9559	4
9560	5
9561	4
9562	3
9563	4
9564	4
9565	5
9566	4
9567	3
9568	3
9569	4
9570	3
9571	2
9572	3
9573	3
9574	4
9575	4
9576	5
9577	7
9578	8
9579	7
9580	6
9581	7
9582	6
9583	5
9584	6
9585	5
9586	4
9587	4
9588	5
9589	4
9590	3
9591	5
9592	6
9593	6
9594	7
9595	6
9596	5
9597	5
9598	5
9599	4
9600	4
9601	4
9602	5
9603	4
9604	3
9605	4
9606	4
9607	5
9608	4
9609	3
9610	3
9611	4
9612	3
9613	2
9614	2
9615	3
9616	3
9617	4
9618	6
9619	7
9620	6
9621	5
9622	5
9623	4
9624	5
9625	4
9626	3
9627	3
9628	4
9629	3
9630	2
9631	4
9632	5
9633	5
9634	6
9635	5
9636	4
9637	4
9638	5
9639	4
9640	3
9641	3
9642	3
9643	4
9644	3
9645	2
9646	2
9647	2
9648	2
9649	1
9650	2
9651	2
9652	2
9653	2
9654	3
9655	3
9656	4
9657	3
9658	2
9659	4
9660	5
9661	4
9662	3
9663	4
9664	3
9665	2
9666	3
9667	2
9668	1
9669	1
9670	1
9671	1
9672	2
9673	2
9674	3
9675	2
9676	1
9677	3
9678	4
9679	3
9680	2
9681	3
9682	2
9683	1
9684	2
9685	1
9686	1
9687	3
9688	3
9689	4
9690	6
9691	7
9692	7
9693	8
9694	8
9695	9
9696	11
9697	12
9698	12
9699	13
9700	13
9701	14
9702	16
9703	15
9704	14
9705	13
9706	13
9707	12
9708	14
9709	15
9710	15
9711	14
9712	14
9713	13
9714	14
9715	14
9716	13
9717	13
9718	12
9719	13
9720	13
9721	12
9722	12
9723	11
9724	11
9725	12
9726	12
9727	13
9728	15
9729	14
9730	13
9731	12
9732	12
9733	11
9734	13
9735	14
9736	14
9737	13
9738	13
9739	12
9740	13
9741	13
9742	12
9743	12
9744	11
9745	12
9746	12
9747	11
9748	11
9749	10
9750	11
9751	11
9752	12
9753	14
9754	15
9755	15
9756	14
9757	14
9758	13
9759	14
9760	14
9761	13
9762	13
9763	12
9764	13
9765	13
9766	12
9767	12
9768	11
9769	11
9770	12
9771	12
9772	11
9773	13
9774	12
9775	11
9776	10
9777	10
9778	11
9779	12
9780	13
9781	13
9782	12
9783	12
9784	11
9785	12
9786	12
9787	11
9788	11
9789	10
9790	10
9791	11
9792	11
9793	10
9794	12
9795	11
9796	10
9797	9
9798	10
9799	10
9800	11
9801	13
9802	14
9803	14
9804	13
9805	13
9806	12
9807	13
9808	13
9809	12
9810	12
9811	11
9812	12
9813	12
9814	11
9815	11
9816	10
9817	10
9818	11
9819	11
9820	10
9821	12
9822	11
9823	10
9824	9
9825	9
9826	10
9827	11
9828	12
9829	12
9830	11
9831	11
9832	10
9833	11
9834	11
9835	10
9836	10
9837	9
9838	9
9839	10
9840	10
9841	9
9842	11
9843	10
9844	9
9845	8
9846	8
9847	9
9848	9
9849	10
9850	12
9851	13
9852	13
9853	12
9854	12
9855	11
9856	12
9857	12
9858	11
9859	11
9860	10
9861	11
9862	11
9863	10
9864	10
9865	9
9866	9
9867	10
9868	10
9869	9
9870	11
9871	10
9872	9
9873	8
9874	9
9875	10
9876	10
9877	11
9878	11
9879	10
9880	11
9881	10
9882	9
9883	9
9884	10
9885	10
9886	9
9887	10
9888	9
9889	8
9890	9
9891	9
9892	10
9893	12
9894	11
9895	10
9896	9
9897	9
9898	8
9899	8
9900	9
9901	10
9902	9
9903	8
9904	8
9905	7
9906	8
9907	9
9908	9
9909	10
9910	10
9911	11
9912	13
9913	14
9914	14
9915	13
9916	13
9917	12
9918	13
9919	13
9920	12
9921	12
9922	11
9923	12
9924	12
9925	11
9926	11
9927	10
9928	10
9929	11
9930	11
9931	10
9932	12
9933	11
9934	10
9935	9
9936	11
9937	12
9938	12
9939	13
9940	13
9941	12
9942	13
9943	12
9944	11
9945	11
9946	12
9947	12
9948	11
9949	13
9950	12
9951	11
9952	10
9953	11
9954	10
9955	10
9956	11
9957	11
9958	10
9959	12
9960	11
9961	10
9962	9
9963	10
9964	10
9965	11
9966	13
9967	12
9968	11
9969	10
9970	10
9971	9
9972	9
9973	10
9974	12
9975	11
9976	10
9977	9
9978	9
9979	8
9980	8
9981	9
9982	9
9983	10
9984	12
9985	13
9986	13
9987	12
9988	12
9989	11
9990	12
9991	12
9992	11
9993	11
9994	10
9995	11
9996	11
9997	10
9998	10
9999	9
10000	9
10001	10
10002	10
10003	9
10004	11
10005	10
10006	9
10007	8
10008	9
10009	10
10010	10
10011	11
10012	11
10013	10
10014	10
10015	9
10016	9
10017	10
10018	10
10019	9
10020	10
10021	9
10022	8
10023	9
10024	9
10025	10
10026	10
10027	9
10028	11
10029	10
10030	9
10031	8
10032	8
10033	9
10034	9
10035	8
10036	9
10037	8
10038	7
10039	8
10040	8
10041	9
10042	11
10043	12
10044	11
10045	11
10046	12
10047	12
10048	11
10049	13
10050	12
10051	11
10052	10
10053	11
10054	11
10055	12
10056	14
10057	13
10058	12
10059	11
10060	11
10061	10
10062	10
10063	11
10064	13
10065	12
10066	11
10067	10
10068	10
10069	9
10070	10
10071	10
10072	11
10073	13
10074	12
10075	11
10076	10
10077	10
10078	9
10079	9
10080	10
10081	12
10082	11
10083	10
10084	9
10085	9
10086	8
10087	8
10088	9
10089	9
10090	10
10091	12
10092	11
10093	10
10094	9
10095	9
10096	8
10097	10
10098	11
10099	10
10100	10
10101	9
10102	10
10103	10
10104	9
10105	9
10106	8
10107	9
10108	9
10109	8
10110	8
10111	7
10112	6
10113	6
10114	7
10115	7
10116	8
10117	10
10118	11
10119	11
10120	12
10121	12
10122	13
10123	15
10124	14
10125	13
10126	12
10127	12
10128	11
10129	13
10130	14
10131	14
10132	13
10133	13
10134	12
10135	13
10136	13
10137	12
10138	12
10139	11
10140	12
10141	12
10142	11
10143	11
10144	10
10145	10
10146	11
10147	11
10148	12
10149	14
10150	13
10151	12
10152	11
10153	11
10154	10
10155	12
10156	13
10157	13
10158	12
10159	12
10160	11
10161	12
10162	12
10163	11
10164	11
10165	10
10166	11
10167	11
10168	10
10169	10
10170	9
10171	10
10172	10
10173	11
10174	13
10175	14
10176	14
10177	13
10178	13
10179	12
10180	13
10181	13
10182	12
10183	12
10184	11
10185	12
10186	12
10187	11
10188	11
10189	10
10190	10
10191	11
10192	11
10193	10
10194	12
10195	11
10196	10
10197	9
10198	9
10199	10
10200	11
10201	12
10202	12
10203	11
10204	11
10205	10
10206	11
10207	11
10208	10
10209	10
10210	9
10211	9
10212	10
10213	10
10214	9
10215	11
10216	10
10217	9
10218	8
10219	9
10220	9
10221	10
10222	12
10223	13
10224	13
10225	12
10226	12
10227	11
10228	12
10229	12
10230	11
10231	11
10232	10
10233	11
10234	11
10235	10
10236	10
10237	9
10238	9
10239	10
10240	10
10241	9
10242	11
10243	10
10244	9
10245	8
10246	8
10247	9
10248	10
10249	11
10250	11
10251	10
10252	10
10253	9
10254	10
10255	10
10256	9
10257	9
10258	8
10259	8
10260	9
10261	9
10262	8
10263	10
10264	9
10265	8
10266	7
10267	7
10268	8
10269	8
10270	9
10271	11
10272	12
10273	12
10274	11
10275	11
10276	10
10277	11
10278	11
10279	10
10280	10
10281	9
10282	10
10283	10
10284	9
10285	9
10286	8
10287	8
10288	9
10289	9
10290	8
10291	10
10292	9
10293	8
10294	7
10295	8
10296	9
10297	9
10298	10
10299	10
10300	9
10301	10
10302	9
10303	8
10304	8
10305	9
10306	9
10307	8
10308	9
10309	8
10310	7
10311	8
10312	8
10313	9
10314	11
10315	10
10316	9
10317	8
10318	8
10319	7
10320	7
10321	8
10322	9
10323	8
10324	7
10325	7
10326	6
10327	7
10328	8
10329	8
10330	9
10331	9
10332	10
10333	12
10334	13
10335	13
10336	12
10337	12
10338	11
10339	12
10340	12
10341	11
10342	11
10343	10
10344	11
10345	11
10346	10
10347	10
10348	9
10349	9
10350	10
10351	10
10352	9
10353	11
10354	10
10355	9
10356	8
10357	9
10358	10
10359	10
10360	11
10361	11
10362	10
10363	11
10364	10
10365	9
10366	9
10367	10
10368	10
10369	9
10370	9
10371	8
10372	9
10373	9
10374	10
10375	10
10376	9
10377	10
10378	9
10379	8
10380	8
10381	9
10382	9
10383	8
10384	10
10385	9
10386	8
10387	7
10388	7
10389	8
10390	8
10391	9
10392	11
10393	12
10394	12
10395	11
10396	11
10397	10
10398	11
10399	11
10400	10
10401	10
10402	9
10403	10
10404	10
10405	9
10406	9
10407	8
10408	8
10409	9
10410	9
10411	8
10412	10
10413	9
10414	8
10415	7
10416	9
10417	10
10418	10
10419	11
10420	11
10421	10
10422	12
10423	11
10424	10
10425	9
10426	9
10427	10
10428	10
10429	9
10430	10
10431	9
10432	8
10433	9
10434	9
10435	10
10436	10
10437	9
10438	11
10439	10
10440	9
10441	8
10442	7
10443	8
10444	8
10445	9
10446	11
10447	10
10448	9
10449	8
10450	8
10451	7
10452	7
10453	8
10454	10
10455	9
10456	8
10457	7
10458	7
10459	6
10460	7
10461	7
10462	8
10463	10
10464	11
10465	11
10466	12
10467	12
10468	11
10469	13
10470	12
10471	11
10472	10
10473	9
10474	10
10475	10
10476	11
10477	13
10478	12
10479	11
10480	10
10481	10
10482	9
10483	9
10484	10
10485	12
10486	11
10487	10
10488	9
10489	9
10490	8
10491	9
10492	9
10493	10
10494	12
10495	11
10496	10
10497	9
10498	9
10499	8
10500	8
10501	9
10502	11
10503	10
10504	9
10505	8
10506	8
10507	7
10508	7
10509	8
10510	8
10511	9
10512	11
10513	10
10514	9
10515	8
10516	8
10517	7
10518	9
10519	10
10520	10
10521	9
10522	8
10523	9
10524	9
10525	8
10526	8
10527	7
10528	8
10529	8
10530	7
10531	7
10532	6
10533	5
10534	5
10535	4
10536	4
10537	3
10538	3
10539	4
10540	4
10541	5
10542	7
10543	8
10544	8
10545	9
10546	9
10547	10
10548	12
10549	13
10550	13
10551	12
10552	12
10553	11
10554	12
10555	12
10556	11
10557	11
10558	10
10559	11
10560	11
10561	10
10562	10
10563	9
10564	9
10565	10
10566	10
10567	9
10568	11
10569	10
10570	9
10571	8
10572	10
10573	11
10574	11
10575	12
10576	12
10577	11
10578	13
10579	12
10580	11
10581	10
10582	10
10583	11
10584	11
10585	10
10586	12
10587	11
10588	10
10589	9
10590	10
10591	10
10592	11
10593	11
10594	10
10595	11
10596	10
10597	9
10598	9
10599	10
10600	10
10601	9
10602	11
10603	10
10604	9
10605	8
10606	9
10607	9
10608	10
10609	12
10610	11
10611	10
10612	9
10613	9
10614	8
10615	8
10616	9
10617	11
10618	10
10619	9
10620	8
10621	8
10622	7
10623	7
10624	8
10625	8
10626	9
10627	11
10628	12
10629	12
10630	11
10631	11
10632	10
10633	11
10634	11
10635	10
10636	10
10637	9
10638	10
10639	10
10640	9
10641	9
10642	8
10643	8
10644	9
10645	9
10646	8
10647	10
10648	9
10649	8
10650	7
10651	9
10652	10
10653	10
10654	11
10655	11
10656	10
10657	12
10658	11
10659	10
10660	9
10661	9
10662	10
10663	10
10664	9
10665	11
10666	10
10667	9
10668	8
10669	9
10670	9
10671	10
10672	10
10673	9
10674	11
10675	10
10676	9
10677	8
10678	8
10679	9
10680	9
10681	8
10682	9
10683	8
10684	7
10685	8
10686	8
10687	9
10688	11
10689	10
10690	9
10691	8
10692	8
10693	7
10694	7
10695	8
10696	10
10697	9
10698	8
10699	7
10700	7
10701	6
10702	7
10703	6
10704	6
10705	7
10706	9
10707	10
10708	10
10709	11
10710	11
10711	10
10712	12
10713	11
10714	10
10715	9
10716	8
10717	9
10718	9
10719	10
10720	12
10721	11
10722	10
10723	9
10724	9
10725	8
10726	8
10727	9
10728	11
10729	10
10730	9
10731	8
10732	8
10733	7
10734	8
10735	8
10736	9
10737	11
10738	10
10739	9
10740	8
10741	8
10742	7
10743	7
10744	8
10745	10
10746	9
10747	8
10748	7
10749	7
10750	6
10751	6
10752	7
10753	7
10754	8
10755	10
10756	9
10757	8
10758	7
10759	7
10760	6
10761	8
10762	9
10763	9
10764	8
10765	8
10766	7
10767	8
10768	8
10769	7
10770	6
10771	7
10772	7
10773	6
10774	6
10775	5
10776	6
10777	5
10778	5
10779	6
10780	8
10781	9
10782	8
10783	8
10784	9
10785	9
10786	8
10787	10
10788	9
10789	8
10790	7
10791	8
10792	8
10793	9
10794	11
10795	10
10796	9
10797	8
10798	8
10799	7
10800	7
10801	8
10802	10
10803	9
10804	8
10805	7
10806	7
10807	6
10808	7
10809	7
10810	8
10811	10
10812	9
10813	8
10814	7
10815	7
10816	6
10817	6
10818	6
10819	5
10820	5
10821	6
10822	6
10823	7
10824	9
10825	8
10826	7
10827	6
10828	6
10829	5
10830	7
10831	8
10832	8
10833	7
10834	7
10835	6
10836	7
10837	6
10838	6
10839	5
10840	6
10841	6
10842	5
10843	5
10844	4
10845	3
10846	4
10847	5
10848	4
10849	3
10850	4
10851	4
10852	5
10853	7
10854	8
10855	8
10856	9
10857	9
10858	10
10859	12
10860	11
10861	10
10862	9
10863	9
10864	8
10865	10
10866	11
10867	11
10868	10
10869	10
10870	9
10871	10
10872	10
10873	9
10874	9
10875	8
10876	9
10877	9
10878	8
10879	8
10880	7
10881	6
10882	7
10883	6
10884	6
10885	7
10886	8
10887	9
10888	9
10889	8
10890	8
10891	7
10892	8
10893	8
10894	7
10895	7
10896	6
10897	6
10898	7
10899	7
10900	6
10901	8
10902	7
10903	6
10904	5
10905	6
10906	6
10907	7
10908	9
10909	10
10910	10
10911	9
10912	9
10913	8
10914	9
10915	9
10916	8
10917	8
10918	7
10919	8
10920	8
10921	7
10922	7
10923	6
10924	6
10925	7
10926	7
10927	6
10928	8
10929	7
10930	6
10931	5
10932	4
10933	4
10934	5
10935	5
10936	6
10937	8
10938	9
10939	9
10940	8
10941	8
10942	7
10943	8
10944	8
10945	7
10946	7
10947	6
10948	7
10949	7
10950	6
10951	6
10952	5
10953	5
10954	6
10955	6
10956	5
10957	7
10958	6
10959	5
10960	4
10961	5
10962	6
10963	6
10964	7
10965	7
10966	6
10967	7
10968	6
10969	5
10970	5
10971	6
10972	6
10973	5
10974	6
10975	5
10976	4
10977	5
10978	5
10979	6
10980	8
10981	7
10982	6
10983	5
10984	5
10985	4
10986	4
10987	5
10988	6
10989	5
10990	4
10991	4
10992	3
10993	2
10994	2
10995	3
10996	5
10997	6
10998	6
10999	7
11000	7
11001	8
11002	10
11003	11
11004	11
11005	12
11006	11
11007	13
11008	14
11009	14
11010	13
11011	13
11012	12
11013	13
11014	13
11015	12
11016	12
11017	11
11018	12
11019	12
11020	11
11021	11
11022	10
11023	10
11024	11
11025	11
11026	12
11027	14
11028	13
11029	12
11030	11
11031	11
11032	10
11033	12
11034	13
11035	13
11036	12
11037	12
11038	11
11039	12
11040	12
11041	11
11042	11
11043	10
11044	11
11045	11
11046	10
11047	10
11048	9
11049	10
11050	10
11051	11
11052	12
11053	13
11054	13
11055	12
11056	12
11057	11
11058	12
11059	12
11060	11
11061	11
11062	10
11063	10
11064	11
11065	11
11066	10
11067	12
11068	11
11069	10
11070	9
11071	9
11072	10
11073	12
11074	13
11075	12
11076	12
11077	11
11078	12
11079	12
11080	11
11081	11
11082	10
11083	11
11084	11
11085	10
11086	10
11087	9
11088	9
11089	10
11090	10
11091	9
11092	11
11093	10
11094	9
11095	8
11096	9
11097	9
11098	10
11099	11
11100	12
11101	12
11102	11
11103	11
11104	10
11105	11
11106	11
11107	10
11108	10
11109	9
11110	9
11111	10
11112	10
11113	9
11114	11
11115	10
11116	9
11117	8
11118	8
11119	9
11120	11
11121	12
11122	12
11123	11
11124	11
11125	10
11126	11
11127	11
11128	10
11129	10
11130	9
11131	10
11132	10
11133	9
11134	9
11135	8
11136	8
11137	9
11138	9
11139	8
11140	10
11141	9
11142	8
11143	7
11144	7
11145	8
11146	8
11147	9
11148	11
11149	12
11150	12
11151	11
11152	11
11153	10
11154	11
11155	11
11156	10
11157	10
11158	9
11159	10
11160	10
11161	9
11162	9
11163	8
11164	8
11165	9
11166	9
11167	8
11168	10
11169	9
11170	8
11171	7
11172	8
11173	9
11174	9
11175	10
11176	10
11177	9
11178	10
11179	9
11180	8
11181	8
11182	9
11183	9
11184	8
11185	9
11186	8
11187	7
11188	8
11189	8
11190	9
11191	10
11192	9
11193	8
11194	8
11195	7
11196	7
11197	8
11198	10
11199	9
11200	8
11201	7
11202	7
11203	6
11204	7
11205	8
11206	8
11207	9
11208	9
11209	10
11210	12
11211	13
11212	12
11213	12
11214	11
11215	12
11216	12
11217	11
11218	11
11219	10
11220	11
11221	11
11222	10
11223	10
11224	9
11225	9
11226	10
11227	10
11228	9
11229	11
11230	10
11231	9
11232	8
11233	10
11234	11
11235	10
11236	10
11237	11
11238	11
11239	10
11240	12
11241	11
11242	10
11243	9
11244	10
11245	10
11246	11
11247	11
11248	10
11249	11
11250	10
11251	9
11252	9
11253	10
11254	10
11255	9
11256	11
11257	10
11258	9
11259	8
11260	9
11261	9
11262	10
11263	12
11264	11
11265	10
11266	9
11267	9
11268	8
11269	8
11270	9
11271	11
11272	10
11273	9
11274	8
11275	8
11276	7
11277	7
11278	8
11279	8
11280	9
11281	11
11282	12
11283	12
11284	11
11285	11
11286	10
11287	11
11288	11
11289	10
11290	10
11291	9
11292	10
11293	10
11294	9
11295	9
11296	8
11297	8
11298	9
11299	9
11300	8
11301	10
11302	9
11303	8
11304	7
11305	8
11306	9
11307	9
11308	10
11309	10
11310	9
11311	11
11312	10
11313	9
11314	8
11315	8
11316	9
11317	9
11318	8
11319	9
11320	8
11321	7
11322	8
11323	8
11324	9
11325	9
11326	8
11327	8
11328	7
11329	7
11330	8
11331	8
11332	7
11333	8
11334	7
11335	6
11336	7
11337	6
11338	6
11339	7
11340	9
11341	10
11342	9
11343	9
11344	10
11345	10
11346	9
11347	11
11348	10
11349	9
11350	8
11351	9
11352	9
11353	10
11354	12
11355	11
11356	10
11357	9
11358	9
11359	8
11360	8
11361	9
11362	11
11363	10
11364	9
11365	8
11366	8
11367	7
11368	8
11369	8
11370	9
11371	11
11372	10
11373	9
11374	8
11375	8
11376	7
11377	7
11378	8
11379	10
11380	9
11381	8
11382	7
11383	7
11384	6
11385	6
11386	7
11387	7
11388	8
11389	10
11390	9
11391	8
11392	7
11393	7
11394	6
11395	8
11396	9
11397	9
11398	8
11399	8
11400	7
11401	8
11402	7
11403	7
11404	6
11405	7
11406	7
11407	6
11408	6
11409	5
11410	5
11411	6
11412	6
11413	7
11414	9
11415	10
11416	10
11417	11
11418	11
11419	12
11420	14
11421	13
11422	12
11423	11
11424	11
11425	10
11426	12
11427	13
11428	13
11429	12
11430	12
11431	11
11432	12
11433	12
11434	11
11435	11
11436	10
11437	11
11438	11
11439	10
11440	10
11441	9
11442	9
11443	10
11444	10
11445	11
11446	13
11447	12
11448	11
11449	10
11450	10
11451	9
11452	11
11453	12
11454	12
11455	11
11456	11
11457	10
11458	11
11459	11
11460	10
11461	10
11462	9
11463	10
11464	10
11465	9
11466	9
11467	8
11468	9
11469	9
11470	10
11471	11
11472	12
11473	12
11474	11
11475	11
11476	10
11477	11
11478	11
11479	10
11480	10
11481	9
11482	9
11483	10
11484	10
11485	9
11486	11
11487	10
11488	9
11489	8
11490	8
11491	9
11492	11
11493	12
11494	12
11495	11
11496	11
11497	10
11498	11
11499	11
11500	10
11501	10
11502	9
11503	10
11504	10
11505	9
11506	9
11507	8
11508	8
11509	9
11510	9
11511	8
11512	10
11513	9
11514	8
11515	7
11516	8
11517	8
11518	9
11519	10
11520	11
11521	11
11522	10
11523	10
11524	9
11525	10
11526	10
11527	9
11528	9
11529	8
11530	8
11531	9
11532	9
11533	8
11534	10
11535	9
11536	8
11537	7
11538	7
11539	8
11540	10
11541	11
11542	11
11543	10
11544	10
11545	9
11546	10
11547	10
11548	9
11549	9
11550	8
11551	9
11552	9
11553	8
11554	8
11555	7
11556	7
11557	8
11558	8
11559	7
11560	9
11561	8
11562	7
11563	6
11564	6
11565	7
11566	7
11567	8
11568	10
11569	11
11570	11
11571	10
11572	10
11573	9
11574	10
11575	10
11576	9
11577	9
11578	8
11579	9
11580	9
11581	8
11582	8
11583	7
11584	7
11585	8
11586	8
11587	7
11588	9
11589	8
11590	7
11591	6
11592	7
11593	8
11594	8
11595	9
11596	9
11597	8
11598	9
11599	8
11600	7
11601	7
11602	8
11603	8
11604	7
11605	8
11606	7
11607	6
11608	7
11609	7
11610	8
11611	9
11612	8
11613	7
11614	7
11615	6
11616	6
11617	7
11618	9
11619	8
11620	7
11621	6
11622	6
11623	5
11624	6
11625	7
11626	7
11627	8
11628	8
11629	9
11630	11
11631	12
11632	12
11633	11
11634	11
11635	10
11636	11
11637	11
11638	10
11639	10
11640	9
11641	10
11642	10
11643	9
11644	9
11645	8
11646	8
11647	9
11648	9
11649	8
11650	10
11651	9
11652	8
11653	7
11654	8
11655	9
11656	9
11657	10
11658	10
11659	9
11660	10
11661	9
11662	8
11663	8
11664	9
11665	9
11666	8
11667	10
11668	9
11669	8
11670	7
11671	8
11672	8
11673	9
11674	9
11675	8
11676	9
11677	8
11678	7
11679	7
11680	8
11681	8
11682	7
11683	7
11684	6
11685	6
11686	7
11687	7
11688	8
11689	10
11690	11
11691	11
11692	10
11693	10
11694	9
11695	10
11696	10
11697	9
11698	9
11699	8
11700	9
11701	9
11702	8
11703	8
11704	7
11705	7
11706	8
11707	8
11708	7
11709	9
11710	8
11711	7
11712	6
11713	8
11714	9
11715	9
11716	10
11717	10
11718	9
11719	11
11720	10
11721	9
11722	8
11723	7
11724	8
11725	8
11726	9
11727	9
11728	8
11729	10
11730	9
11731	8
11732	7
11733	7
11734	8
11735	8
11736	7
11737	8
11738	7
11739	6
11740	7
11741	7
11742	8
11743	10
11744	9
11745	8
11746	7
11747	7
11748	6
11749	6
11750	7
11751	9
11752	8
11753	7
11754	6
11755	6
11756	5
11757	6
11758	5
11759	5
11760	6
11761	8
11762	9
11763	9
11764	10
11765	10
11766	9
11767	11
11768	10
11769	9
11770	8
11771	7
11772	8
11773	8
11774	9
11775	11
11776	10
11777	9
11778	8
11779	8
11780	7
11781	7
11782	8
11783	10
11784	9
11785	8
11786	7
11787	7
11788	6
11789	7
11790	7
11791	8
11792	10
11793	9
11794	8
11795	7
11796	7
11797	6
11798	6
11799	7
11800	9
11801	8
11802	7
11803	6
11804	6
11805	5
11806	5
11807	6
11808	6
11809	7
11810	9
11811	8
11812	7
11813	6
11814	6
11815	5
11816	7
11817	8
11818	8
11819	7
11820	7
11821	6
11822	7
11823	7
11824	6
11825	5
11826	6
11827	6
11828	5
11829	5
11830	4
11831	4
11832	3
11833	3
11834	2
11835	2
11836	3
11837	3
11838	4
11839	6
11840	7
11841	7
11842	8
11843	8
11844	9
11845	11
11846	12
11847	12
11848	11
11849	11
11850	10
11851	11
11852	11
11853	10
11854	10
11855	9
11856	10
11857	10
11858	9
11859	9
11860	8
11861	8
11862	9
11863	9
11864	8
11865	10
11866	9
11867	8
11868	7
11869	9
11870	10
11871	10
11872	11
11873	11
11874	10
11875	11
11876	10
11877	9
11878	9
11879	10
11880	10
11881	9
11882	11
11883	10
11884	9
11885	8
11886	9
11887	9
11888	10
11889	10
11890	9
11891	11
11892	10
11893	9
11894	8
11895	8
11896	9
11897	9
11898	8
11899	10
11900	9
11901	8
11902	7
11903	8
11904	8
11905	9
11906	11
11907	10
11908	9
11909	8
11910	8
11911	7
11912	7
11913	8
11914	10
11915	9
11916	8
11917	7
11918	7
11919	6
11920	6
11921	7
11922	7
11923	8
11924	10
11925	11
11926	11
11927	10
11928	10
11929	9
11930	10
11931	10
11932	9
11933	9
11934	8
11935	9
11936	9
11937	8
11938	8
11939	7
11940	7
11941	8
11942	8
11943	7
11944	9
11945	8
11946	7
11947	6
11948	8
11949	9
11950	9
11951	10
11952	10
11953	9
11954	11
11955	10
11956	9
11957	8
11958	8
11959	9
11960	9
11961	8
11962	9
11963	8
11964	7
11965	8
11966	8
11967	9
11968	9
11969	8
11970	10
11971	9
11972	8
11973	7
11974	7
11975	8
11976	8
11977	7
11978	9
11979	8
11980	7
11981	6
11982	7
11983	7
11984	8
11985	10
11986	9
11987	8
11988	7
11989	7
11990	6
11991	6
11992	7
11993	9
11994	8
11995	7
11996	6
11997	6
11998	5
11999	6
12000	6
12001	7
12002	9
12003	10
12004	10
12005	11
12006	11
12007	10
12008	12
12009	11
12010	10
12011	9
12012	8
12013	9
12014	9
12015	10
12016	12
12017	11
12018	10
12019	9
12020	9
12021	8
12022	8
12023	9
12024	11
12025	10
12026	9
12027	8
12028	8
12029	7
12030	8
12031	8
12032	9
12033	11
12034	10
12035	9
12036	8
12037	8
12038	7
12039	7
12040	8
12041	10
12042	9
12043	8
12044	7
12045	7
12046	6
12047	6
12048	7
12049	7
12050	8
12051	10
12052	9
12053	8
12054	7
12055	7
12056	6
12057	8
12058	9
12059	9
12060	8
12061	7
12062	8
12063	8
12064	7
12065	7
12066	6
12067	7
12068	7
12069	6
12070	6
12071	5
12072	4
12073	5
12074	5
12075	6
12076	8
12077	9
12078	8
12079	8
12080	9
12081	9
12082	8
12083	10
12084	9
12085	8
12086	7
12087	8
12088	8
12089	9
12090	11
12091	10
12092	9
12093	8
12094	8
12095	7
12096	7
12097	8
12098	10
12099	9
12100	8
12101	7
12102	7
12103	6
12104	7
12105	7
12106	7
12107	6
12108	6
12109	7
12110	9
12111	8
12112	7
12113	6
12114	6
12115	5
12116	5
12117	6
12118	6
12119	7
12120	9
12121	8
12122	7
12123	6
12124	6
12125	5
12126	7
12127	8
12128	7
12129	7
12130	6
12131	7
12132	7
12133	6
12134	6
12135	5
12136	6
12137	6
12138	5
12139	5
12140	4
12141	3
12142	2
12143	3
12144	4
12145	3
12146	2
12147	3
12148	2
12149	2
12150	3
12151	5
12152	6
12153	6
12154	7
12155	7
12156	8
12157	10
12158	9
12159	8
12160	7
12161	7
12162	6
12163	8
12164	9
12165	9
12166	8
12167	8
12168	7
12169	8
12170	8
12171	7
12172	7
12173	6
12174	7
12175	7
12176	6
12177	6
12178	5
12179	4
12180	5
12181	5
12182	6
12183	7
12184	8
12185	8
12186	7
12187	7
12188	6
12189	7
12190	7
12191	6
12192	6
12193	5
12194	5
12195	6
12196	6
12197	5
12198	7
12199	6
12200	5
12201	4
12202	3
12203	4
12204	3
12205	3
12206	4
12207	6
12208	7
12209	7
12210	6
12211	6
12212	5
12213	6
12214	6
12215	5
12216	5
12217	4
12218	5
12219	5
12220	4
12221	4
12222	3
12223	3
12224	4
12225	4
12226	3
12227	5
12228	4
12229	3
12230	2
12231	2
12232	3
12233	3
12234	4
12235	6
12236	7
12237	7
12238	6
12239	6
12240	5
12241	6
12242	6
12243	5
12244	5
12245	4
12246	5
12247	5
12248	4
12249	4
12250	3
12251	3
12252	4
12253	4
12254	3
12255	5
12256	4
12257	3
12258	2
12259	3
12260	4
12261	4
12262	5
12263	5
12264	4
12265	5
12266	4
12267	3
12268	3
12269	4
12270	4
12271	3
12272	4
12273	3
12274	2
12275	3
12276	3
12277	4
12278	5
12279	4
12280	3
12281	3
12282	2
12283	2
12284	3
12285	5
12286	4
12287	3
12288	2
12289	2
12290	1
12291	3
12292	4
12293	3
12294	2
12295	3
12296	2
12297	1
12298	2
12299	1
12300	1
12301	3
12302	3
12303	4
12304	6
12305	7
12306	7
12307	8
12308	8
12309	9
12310	11
12311	12
12312	12
12313	13
12314	13
12315	14
12316	16
12317	17
12318	16
12319	15
12320	16
12321	15
12322	14
12323	15
12324	14
12325	13
12326	13
12327	14
12328	13
12329	12
12330	14
12331	15
12332	15
12333	16
12334	15
12335	14
12336	14
12337	15
12338	14
12339	13
12340	14
12341	14
12342	15
12343	14
12344	13
12345	13
12346	14
12347	13
12348	12
12349	13
12350	13
12351	14
12352	13
12353	12
12354	12
12355	13
12356	12
12357	11
12358	11
12359	12
12360	12
12361	13
12362	15
12363	16
12364	15
12365	14
12366	15
12367	14
12368	13
12369	14
12370	13
12371	12
12372	12
12373	13
12374	12
12375	11
12376	13
12377	14
12378	14
12379	15
12380	14
12381	13
12382	13
12383	14
12384	13
12385	12
12386	13
12387	13
12388	14
12389	13
12390	12
12391	12
12392	13
12393	12
12394	11
12395	12
12396	12
12397	13
12398	12
12399	11
12400	11
12401	12
12402	11
12403	10
12404	11
12405	11
12406	12
12407	14
12408	15
12409	15
12410	16
12411	15
12412	14
12413	14
12414	14
12415	13
12416	14
12417	14
12418	14
12419	13
12420	13
12421	14
12422	13
12423	12
12424	13
12425	13
12426	14
12427	13
12428	12
12429	12
12430	13
12431	12
12432	11
12433	11
12434	12
12435	12
12436	13
12437	12
12438	11
12439	13
12440	14
12441	13
12442	12
12443	13
12444	12
12445	11
12446	12
12447	11
12448	10
12449	10
12450	10
12451	10
12452	11
12453	11
12454	12
12455	11
12456	10
12457	12
12458	13
12459	12
12460	11
12461	12
12462	11
12463	10
12464	11
12465	10
12466	9
12467	10
12468	10
12469	11
12470	13
12471	14
12472	14
12473	14
12474	13
12475	13
12476	14
12477	13
12478	12
12479	13
12480	13
12481	14
12482	13
12483	12
12484	12
12485	13
12486	12
12487	11
12488	12
12489	12
12490	13
12491	12
12492	11
12493	11
12494	12
12495	11
12496	10
12497	10
12498	11
12499	11
12500	12
12501	11
12502	10
12503	12
12504	13
12505	12
12506	11
12507	12
12508	11
12509	10
12510	11
12511	10
12512	9
12513	9
12514	9
12515	9
12516	10
12517	10
12518	11
12519	10
12520	9
12521	11
12522	12
12523	11
12524	10
12525	11
12526	10
12527	9
12528	10
12529	9
12530	8
12531	8
12532	8
12533	8
12534	9
12535	11
12536	12
12537	12
12538	13
12539	12
12540	11
12541	11
12542	12
12543	11
12544	10
12545	11
12546	11
12547	12
12548	11
12549	10
12550	10
12551	11
12552	10
12553	9
12554	10
12555	10
12556	11
12557	10
12558	9
12559	9
12560	10
12561	9
12562	8
12563	8
12564	9
12565	9
12566	10
12567	9
12568	8
12569	10
12570	11
12571	10
12572	9
12573	10
12574	9
12575	8
12576	9
12577	8
12578	7
12579	8
12580	9
12581	9
12582	10
12583	10
12584	11
12585	13
12586	14
12587	14
12588	15
12589	14
12590	13
12591	13
12592	14
12593	13
12594	12
12595	13
12596	13
12597	14
12598	13
12599	12
12600	12
12601	13
12602	12
12603	11
12604	12
12605	12
12606	13
12607	12
12608	11
12609	11
12610	12
12611	11
12612	10
12613	10
12614	11
12615	11
12616	12
12617	11
12618	10
12619	12
12620	13
12621	12
12622	11
12623	12
12624	11
12625	10
12626	11
12627	10
12628	9
12629	11
12630	12
12631	12
12632	12
12633	12
12634	13
12635	12
12636	11
12637	11
12638	12
12639	12
12640	13
12641	12
12642	11
12643	13
12644	14
12645	13
12646	12
12647	13
12648	12
12649	11
12650	12
12651	11
12652	10
12653	11
12654	10
12655	10
12656	11
12657	11
12658	12
12659	11
12660	10
12661	12
12662	13
12663	12
12664	11
12665	12
12666	11
12667	10
12668	11
12669	10
12670	9
12671	10
12672	10
12673	11
12674	13
12675	14
12676	13
12677	12
12678	13
12679	12
12680	11
12681	11
12682	10
12683	10
12684	11
12685	10
12686	9
12687	9
12688	10
12689	12
12690	13
12691	12
12692	11
12693	12
12694	11
12695	10
12696	10
12697	9
12698	9
12699	10
12700	9
12701	8
12702	8
12703	8
12704	8
12705	9
12706	11
12707	12
12708	12
12709	13
12710	12
12711	11
12712	11
12713	12
12714	11
12715	10
12716	11
12717	11
12718	12
12719	11
12720	10
12721	10
12722	11
12723	10
12724	9
12725	10
12726	10
12727	11
12728	10
12729	9
12730	9
12731	10
12732	9
12733	8
12734	8
12735	9
12736	9
12737	10
12738	9
12739	8
12740	10
12741	11
12742	10
12743	9
12744	10
12745	9
12746	8
12747	9
12748	8
12749	7
12750	8
12751	8
12752	9
12753	11
12754	11
12755	11
12756	12
12757	12
12758	13
12759	12
12760	11
12761	13
12762	14
12763	13
12764	12
12765	13
12766	12
12767	11
12768	12
12769	11
12770	10
12771	11
12772	11
12773	12
12774	14
12775	15
12776	14
12777	13
12778	14
12779	13
12780	12
12781	13
12782	12
12783	11
12784	11
12785	12
12786	11
12787	10
12788	10
12789	11
12790	13
12791	14
12792	13
12793	12
12794	12
12795	11
12796	12
12797	11
12798	10
12799	10
12800	11
12801	10
12802	9
12803	10
12804	10
12805	11
12806	13
12807	13
12808	12
12809	13
12810	12
12811	11
12812	11
12813	10
12814	10
12815	11
12816	10
12817	9
12818	9
12819	10
12820	12
12821	13
12822	12
12823	11
12824	12
12825	11
12826	10
12827	10
12828	9
12829	9
12830	10
12831	9
12832	8
12833	8
12834	9
12835	9
12836	10
12837	12
12838	13
12839	12
12840	11
12841	12
12842	11
12843	10
12844	11
12845	10
12846	9
12847	9
12848	10
12849	9
12850	8
12851	10
12852	10
12853	10
12854	11
12855	10
12856	9
12857	10
12858	10
12859	11
12860	10
12861	9
12862	9
12863	10
12864	9
12865	8
12866	9
12867	9
12868	10
12869	9
12870	8
12871	8
12872	9
12873	8
12874	7
12875	7
12876	8
12877	10
12878	11
12879	11
12880	11
12881	11
12882	12
12883	11
12884	10
12885	10
12886	11
12887	11
12888	12
12889	11
12890	10
12891	12
12892	13
12893	12
12894	11
12895	12
12896	11
12897	10
12898	11
12899	10
12900	9
12901	10
12902	10
12903	10
12904	10
12905	11
12906	10
12907	9
12908	9
12909	10
12910	12
12911	13
12912	12
12913	11
12914	12
12915	11
12916	10
12917	11
12918	10
12919	9
12920	9
12921	10
12922	9
12923	8
12924	9
12925	9
12926	10
12927	12
12928	13
12929	12
12930	11
12931	12
12932	11
12933	10
12934	10
12935	9
12936	9
12937	10
12938	9
12939	8
12940	8
12941	8
12942	8
12943	9
12944	8
12945	7
12946	7
12947	8
12948	8
12949	9
12950	11
12951	12
12952	11
12953	10
12954	11
12955	10
12956	9
12957	10
12958	9
12959	8
12960	8
12961	9
12962	8
12963	7
12964	9
12965	10
12966	10
12967	11
12968	10
12969	9
12970	9
12971	10
12972	9
12973	8
12974	8
12975	8
12976	9
12977	8
12978	7
12979	8
12980	8
12981	9
12982	8
12983	7
12984	7
12985	8
12986	7
12987	6
12988	6
12989	7
12990	7
12991	8
12992	10
12993	11
12994	11
12995	12
12996	12
12997	13
12998	15
12999	16
13000	15
13001	14
13002	15
13003	14
13004	13
13005	14
13006	13
13007	12
13008	12
13009	13
13010	12
13011	11
13012	13
13013	14
13014	14
13015	15
13016	14
13017	13
13018	13
13019	14
13020	13
13021	12
13022	13
13023	13
13024	14
13025	13
13026	12
13027	12
13028	13
13029	12
13030	11
13031	12
13032	12
13033	13
13034	12
13035	11
13036	11
13037	12
13038	11
13039	10
13040	10
13041	11
13042	11
13043	12
13044	14
13045	15
13046	14
13047	13
13048	14
13049	13
13050	12
13051	13
13052	12
13053	11
13054	11
13055	12
13056	11
13057	10
13058	12
13059	13
13060	13
13061	14
13062	13
13063	12
13064	12
13065	13
13066	12
13067	11
13068	12
13069	12
13070	13
13071	12
13072	11
13073	11
13074	12
13075	11
13076	10
13077	11
13078	11
13079	12
13080	11
13081	10
13082	10
13083	11
13084	10
13085	9
13086	10
13087	10
13088	11
13089	13
13090	14
13091	14
13092	15
13093	14
13094	13
13095	13
13096	13
13097	12
13098	13
13099	13
13100	14
13101	13
13102	12
13103	12
13104	13
13105	12
13106	11
13107	12
13108	12
13109	13
13110	12
13111	11
13112	11
13113	12
13114	11
13115	10
13116	10
13117	11
13118	11
13119	12
13120	11
13121	10
13122	12
13123	13
13124	12
13125	11
13126	12
13127	11
13128	10
13129	11
13130	10
13131	9
13132	9
13133	9
13134	9
13135	10
13136	10
13137	11
13138	10
13139	9
13140	11
13141	12
13142	11
13143	10
13144	11
13145	10
13146	9
13147	10
13148	9
13149	8
13150	9
13151	9
13152	10
13153	12
13154	13
13155	13
13156	13
13157	12
13158	12
13159	13
13160	12
13161	11
13162	12
13163	12
13164	13
13165	12
13166	11
13167	11
13168	12
13169	11
13170	10
13171	11
13172	11
13173	11
13174	10
13175	10
13176	11
13177	10
13178	9
13179	9
13180	10
13181	10
13182	11
13183	10
13184	9
13185	11
13186	12
13187	11
13188	10
13189	11
13190	10
13191	9
13192	10
13193	9
13194	8
13195	8
13196	8
13197	8
13198	9
13199	9
13200	10
13201	9
13202	8
13203	10
13204	11
13205	10
13206	9
13207	10
13208	9
13209	8
13210	9
13211	8
13212	7
13213	7
13214	7
13215	7
13216	8
13217	10
13218	11
13219	11
13220	12
13221	11
13222	10
13223	10
13224	11
13225	10
13226	9
13227	10
13228	10
13229	10
13230	9
13231	9
13232	10
13233	9
13234	8
13235	9
13236	9
13237	10
13238	9
13239	8
13240	8
13241	9
13242	8
13243	7
13244	7
13245	8
13246	8
13247	9
13248	8
13249	7
13250	9
13251	10
13252	9
13253	8
13254	9
13255	8
13256	7
13257	8
13258	7
13259	6
13260	7
13261	8
13262	8
13263	8
13264	8
13265	9
13266	11
13267	12
13268	12
13269	13
13270	12
13271	11
13272	11
13273	12
13274	11
13275	10
13276	11
13277	11
13278	12
13279	11
13280	10
13281	10
13282	11
13283	10
13284	9
13285	10
13286	10
13287	11
13288	10
13289	9
13290	9
13291	9
13292	8
13293	8
13294	9
13295	9
13296	10
13297	9
13298	8
13299	10
13300	11
13301	10
13302	9
13303	10
13304	9
13305	8
13306	9
13307	8
13308	7
13309	7
13310	8
13311	8
13312	9
13313	11
13314	12
13315	12
13316	13
13317	12
13318	11
13319	11
13320	12
13321	11
13322	10
13323	11
13324	11
13325	12
13326	11
13327	10
13328	10
13329	11
13330	10
13331	9
13332	10
13333	10
13334	11
13335	10
13336	9
13337	9
13338	10
13339	9
13340	8
13341	8
13342	9
13343	9
13344	10
13345	9
13346	8
13347	10
13348	11
13349	10
13350	9
13351	10
13352	9
13353	8
13354	9
13355	8
13356	7
13357	9
13358	10
13359	10
13360	11
13361	11
13362	12
13363	11
13364	10
13365	12
13366	13
13367	12
13368	11
13369	12
13370	11
13371	10
13372	11
13373	10
13374	9
13375	9
13376	9
13377	9
13378	10
13379	9
13380	8
13381	9
13382	9
13383	10
13384	10
13385	11
13386	10
13387	9
13388	11
13389	12
13390	11
13391	10
13392	11
13393	10
13394	9
13395	10
13396	9
13397	8
13398	7
13399	8
13400	8
13401	9
13402	11
13403	12
13404	11
13405	10
13406	10
13407	9
13408	10
13409	9
13410	8
13411	8
13412	9
13413	8
13414	7
13415	7
13416	8
13417	10
13418	11
13419	10
13420	9
13421	9
13422	8
13423	9
13424	8
13425	7
13426	7
13427	8
13428	7
13429	6
13430	7
13431	7
13432	8
13433	10
13434	10
13435	10
13436	11
13437	11
13438	12
13439	11
13440	10
13441	12
13442	13
13443	12
13444	11
13445	12
13446	11
13447	10
13448	11
13449	10
13450	9
13451	10
13452	10
13453	11
13454	13
13455	13
13456	12
13457	12
13458	11
13459	12
13460	11
13461	10
13462	10
13463	11
13464	10
13465	9
13466	9
13467	10
13468	12
13469	13
13470	12
13471	11
13472	11
13473	10
13474	11
13475	10
13476	9
13477	9
13478	10
13479	9
13480	8
13481	9
13482	9
13483	10
13484	12
13485	13
13486	12
13487	11
13488	12
13489	11
13490	10
13491	11
13492	10
13493	9
13494	9
13495	10
13496	9
13497	8
13498	8
13499	9
13500	11
13501	12
13502	11
13503	10
13504	11
13505	10
13506	9
13507	9
13508	8
13509	8
13510	9
13511	8
13512	7
13513	7
13514	8
13515	8
13516	9
13517	11
13518	12
13519	11
13520	10
13521	11
13522	10
13523	9
13524	10
13525	9
13526	8
13527	8
13528	9
13529	8
13530	7
13531	9
13532	9
13533	9
13534	10
13535	9
13536	8
13537	9
13538	9
13539	10
13540	9
13541	8
13542	8
13543	9
13544	8
13545	7
13546	8
13547	8
13548	9
13549	8
13550	7
13551	7
13552	8
13553	7
13554	6
13555	6
13556	7
13557	9
13558	10
13559	10
13560	11
13561	11
13562	12
13563	11
13564	10
13565	12
13566	13
13567	12
13568	11
13569	12
13570	11
13571	10
13572	11
13573	10
13574	9
13575	9
13576	9
13577	9
13578	10
13579	9
13580	8
13581	9
13582	9
13583	10
13584	12
13585	13
13586	12
13587	11
13588	11
13589	10
13590	11
13591	10
13592	9
13593	9
13594	10
13595	9
13596	8
13597	8
13598	8
13599	8
13600	9
13601	8
13602	7
13603	8
13604	8
13605	8
13606	8
13607	9
13608	8
13609	7
13610	7
13611	8
13612	10
13613	11
13614	10
13615	9
13616	10
13617	9
13618	8
13619	9
13620	8
13621	7
13622	7
13623	8
13624	7
13625	6
13626	6
13627	7
13628	7
13629	8
13630	10
13631	11
13632	10
13633	9
13634	10
13635	9
13636	8
13637	9
13638	8
13639	7
13640	7
13641	8
13642	7
13643	6
13644	8
13645	9
13646	9
13647	10
13648	9
13649	8
13650	8
13651	9
13652	8
13653	7
13654	7
13655	7
13656	8
13657	7
13658	6
13659	7
13660	7
13661	8
13662	7
13663	6
13664	6
13665	7
13666	6
13667	5
13668	4
13669	3
13670	3
13671	4
13672	4
13673	5
13674	7
13675	8
13676	8
13677	9
13678	9
13679	10
13680	12
13681	13
13682	13
13683	14
13684	13
13685	12
13686	12
13687	13
13688	12
13689	11
13690	12
13691	12
13692	13
13693	12
13694	11
13695	11
13696	12
13697	11
13698	10
13699	11
13700	11
13701	12
13702	11
13703	10
13704	10
13705	11
13706	10
13707	9
13708	9
13709	10
13710	10
13711	11
13712	10
13713	9
13714	11
13715	12
13716	11
13717	10
13718	11
13719	10
13720	9
13721	10
13722	9
13723	8
13724	10
13725	11
13726	11
13727	12
13728	12
13729	13
13730	12
13731	11
13732	13
13733	14
13734	13
13735	12
13736	13
13737	12
13738	11
13739	12
13740	11
13741	10
13742	10
13743	11
13744	11
13745	12
13746	11
13747	10
13748	12
13749	13
13750	12
13751	11
13752	12
13753	11
13754	10
13755	11
13756	10
13757	9
13758	10
13759	10
13760	10
13761	10
13762	11
13763	10
13764	9
13765	9
13766	10
13767	10
13768	11
13769	10
13770	9
13771	11
13772	12
13773	11
13774	10
13775	11
13776	10
13777	9
13778	10
13779	9
13780	8
13781	9
13782	9
13783	10
13784	12
13785	13
13786	12
13787	11
13788	12
13789	11
13790	10
13791	10
13792	9
13793	9
13794	10
13795	9
13796	8
13797	8
13798	9
13799	11
13800	12
13801	11
13802	10
13803	11
13804	10
13805	9
13806	9
13807	8
13808	8
13809	9
13810	8
13811	7
13812	7
13813	8
13814	8
13815	9
13816	11
13817	12
13818	12
13819	13
13820	12
13821	11
13822	11
13823	11
13824	10
13825	11
13826	11
13827	12
13828	11
13829	10
13830	10
13831	11
13832	10
13833	9
13834	10
13835	10
13836	11
13837	10
13838	9
13839	9
13840	10
13841	9
13842	8
13843	8
13844	9
13845	9
13846	10
13847	9
13848	8
13849	10
13850	11
13851	10
13852	9
13853	10
13854	9
13855	8
13856	9
13857	8
13858	7
13859	9
13860	10
13861	10
13862	11
13863	11
13864	12
13865	11
13866	10
13867	12
13868	13
13869	12
13870	11
13871	12
13872	11
13873	10
13874	11
13875	10
13876	9
13877	9
13878	10
13879	10
13880	11
13881	10
13882	9
13883	11
13884	12
13885	11
13886	10
13887	11
13888	10
13889	9
13890	10
13891	9
13892	8
13893	9
13894	9
13895	10
13896	10
13897	11
13898	10
13899	9
13900	11
13901	12
13902	11
13903	10
13904	11
13905	10
13906	9
13907	10
13908	9
13909	8
13910	8
13911	8
13912	8
13913	9
13914	8
13915	7
13916	8
13917	8
13918	9
13919	11
13920	12
13921	11
13922	10
13923	10
13924	9
13925	10
13926	9
13927	8
13928	8
13929	9
13930	8
13931	7
13932	7
13933	8
13934	10
13935	11
13936	10
13937	9
13938	9
13939	8
13940	9
13941	8
13942	7
13943	7
13944	8
13945	7
13946	6
13947	6
13948	6
13949	7
13950	9
13951	9
13952	9
13953	10
13954	10
13955	11
13956	10
13957	9
13958	11
13959	12
13960	11
13961	10
13962	11
13963	10
13964	9
13965	10
13966	9
13967	8
13968	9
13969	9
13970	10
13971	12
13972	13
13973	12
13974	11
13975	11
13976	10
13977	11
13978	10
13979	9
13980	9
13981	10
13982	9
13983	8
13984	8
13985	9
13986	11
13987	11
13988	10
13989	10
13990	9
13991	10
13992	9
13993	8
13994	8
13995	9
13996	8
13997	7
13998	8
13999	8
14000	9
14001	11
14002	11
14003	10
14004	11
14005	10
14006	9
14007	9
14008	8
14009	8
14010	9
14011	8
14012	7
14013	7
14014	8
14015	10
14016	11
14017	10
14018	9
14019	10
14020	9
14021	8
14022	9
14023	8
14024	7
14025	7
14026	8
14027	7
14028	6
14029	6
14030	7
14031	7
14032	8
14033	10
14034	11
14035	10
14036	9
14037	10
14038	9
14039	8
14040	9
14041	8
14042	7
14043	7
14044	8
14045	7
14046	6
14047	8
14048	9
14049	9
14050	10
14051	9
14052	8
14053	8
14054	9
14055	8
14056	7
14057	7
14058	7
14059	8
14060	7
14061	6
14062	7
14063	7
14064	8
14065	7
14066	6
14067	6
14068	7
14069	6
14070	5
14071	5
14072	5
14073	6
14074	8
14075	8
14076	8
14077	9
14078	9
14079	10
14080	9
14081	8
14082	10
14083	11
14084	10
14085	9
14086	10
14087	9
14088	8
14089	9
14090	8
14091	7
14092	8
14093	8
14094	9
14095	11
14096	11
14097	10
14098	10
14099	9
14100	10
14101	9
14102	8
14103	8
14104	9
14105	8
14106	7
14107	7
14108	8
14109	10
14110	11
14111	10
14112	9
14113	10
14114	9
14115	8
14116	9
14117	8
14118	7
14119	7
14120	8
14121	7
14122	6
14123	7
14124	7
14125	8
14126	10
14127	11
14128	10
14129	9
14130	10
14131	9
14132	8
14133	8
14134	7
14135	7
14136	8
14137	7
14138	6
14139	6
14140	5
14141	5
14142	6
14143	6
14144	7
14145	9
14146	10
14147	9
14148	8
14149	9
14150	8
14151	7
14152	8
14153	7
14154	6
14155	6
14156	7
14157	6
14158	5
14159	7
14160	8
14161	8
14162	9
14163	8
14164	7
14165	7
14166	8
14167	7
14168	6
14169	6
14170	6
14171	7
14172	6
14173	5
14174	6
14175	6
14176	7
14177	6
14178	5
14179	5
14180	6
14181	5
14182	4
14183	3
14184	4
14185	3
14186	3
14187	3
14188	4
14189	6
14190	6
14191	6
14192	7
14193	7
14194	8
14195	10
14196	11
14197	10
14198	9
14199	10
14200	9
14201	8
14202	9
14203	8
14204	7
14205	7
14206	8
14207	7
14208	6
14209	8
14210	9
14211	9
14212	10
14213	9
14214	8
14215	8
14216	9
14217	8
14218	7
14219	8
14220	8
14221	9
14222	8
14223	7
14224	7
14225	8
14226	7
14227	6
14228	7
14229	7
14230	8
14231	7
14232	6
14233	6
14234	7
14235	6
14236	5
14237	5
14238	5
14239	5
14240	5
14241	6
14242	6
14243	7
14244	6
14245	5
14246	7
14247	8
14248	7
14249	6
14250	7
14251	6
14252	5
14253	6
14254	5
14255	4
14256	4
14257	4
14258	5
14259	7
14260	8
14261	8
14262	8
14263	7
14264	7
14265	8
14266	7
14267	6
14268	7
14269	7
14270	8
14271	7
14272	6
14273	6
14274	7
14275	6
14276	5
14277	6
14278	6
14279	7
14280	6
14281	5
14282	5
14283	6
14284	5
14285	4
14286	4
14287	5
14288	5
14289	6
14290	5
14291	4
14292	6
14293	7
14294	6
14295	5
14296	6
14297	5
14298	4
14299	5
14300	4
14301	3
14302	3
14303	3
14304	3
14305	4
14306	6
14307	7
14308	7
14309	8
14310	7
14311	6
14312	6
14313	7
14314	6
14315	5
14316	6
14317	6
14318	7
14319	6
14320	5
14321	5
14322	6
14323	5
14324	4
14325	5
14326	5
14327	6
14328	5
14329	4
14330	4
14331	5
14332	4
14333	3
14334	3
14335	4
14336	4
14337	5
14338	4
14339	3
14340	5
14341	6
14342	5
14343	4
14344	5
14345	4
14346	3
14347	4
14348	3
14349	2
14350	2
14351	3
14352	5
14353	6
14354	6
14355	7
14356	7
14357	8
14358	10
14359	11
14360	11
14361	11
14362	13
14363	14
14364	14
14365	15
14366	14
14367	13
14368	13
14369	14
14370	13
14371	12
14372	13
14373	13
14374	14
14375	13
14376	12
14377	12
14378	13
14379	12
14380	11
14381	12
14382	12
14383	13
14384	12
14385	11
14386	11
14387	12
14388	11
14389	10
14390	10
14391	11
14392	11
14393	12
14394	14
14395	15
14396	14
14397	13
14398	14
14399	13
14400	12
14401	13
14402	12
14403	11
14404	11
14405	12
14406	11
14407	10
14408	12
14409	13
14410	13
14411	14
14412	13
14413	12
14414	12
14415	13
14416	12
14417	11
14418	12
14419	12
14420	13
14421	12
14422	11
14423	11
14424	12
14425	11
14426	10
14427	11
14428	11
14429	12
14430	11
14431	10
14432	10
14433	11
14434	10
14435	9
14436	10
14437	10
14438	10
14439	10
14440	11
14441	11
14442	12
14443	11
14444	10
14445	12
14446	13
14447	12
14448	11
14449	12
14450	11
14451	10
14452	11
14453	10
14454	9
14455	9
14456	10
14457	12
14458	12
14459	12
14460	12
14461	11
14462	12
14463	12
14464	13
14465	12
14466	11
14467	11
14468	11
14469	10
14470	11
14471	11
14472	12
14473	11
14474	10
14475	10
14476	11
14477	10
14478	9
14479	9
14480	10
14481	10
14482	11
14483	10
14484	9
14485	11
14486	12
14487	11
14488	10
14489	11
14490	10
14491	9
14492	10
14493	9
14494	8
14495	9
14496	9
14497	9
14498	9
14499	10
14500	10
14501	11
14502	10
14503	9
14504	11
14505	12
14506	11
14507	10
14508	11
14509	10
14510	9
14511	10
14512	9
14513	8
14514	8
14515	9
14516	11
14517	12
14518	12
14519	12
14520	11
14521	11
14522	12
14523	11
14524	10
14525	11
14526	11
14527	12
14528	11
14529	10
14530	10
14531	11
14532	10
14533	9
14534	10
14535	10
14536	11
14537	10
14538	9
14539	9
14540	10
14541	9
14542	8
14543	8
14544	9
14545	9
14546	10
14547	9
14548	8
14549	10
14550	11
14551	10
14552	9
14553	10
14554	9
14555	8
14556	9
14557	8
14558	7
14559	7
14560	7
14561	7
14562	8
14563	10
14564	11
14565	11
14566	12
14567	11
14568	10
14569	10
14570	11
14571	10
14572	9
14573	10
14574	10
14575	11
14576	10
14577	9
14578	9
14579	10
14580	9
14581	8
14582	9
14583	9
14584	10
14585	9
14586	8
14587	8
14588	9
14589	8
14590	7
14591	7
14592	8
14593	8
14594	9
14595	8
14596	7
14597	9
14598	10
14599	9
14600	8
14601	9
14602	8
14603	7
14604	8
14605	7
14606	6
14607	7
14608	8
14609	8
14610	9
14611	9
14612	10
14613	12
14614	12
14615	12
14616	13
14617	12
14618	11
14619	12
14620	12
14621	13
14622	12
14623	11
14624	11
14625	12
14626	11
14627	10
14628	11
14629	11
14630	12
14631	11
14632	10
14633	10
14634	11
14635	10
14636	9
14637	9
14638	10
14639	10
14640	11
14641	10
14642	9
14643	11
14644	12
14645	11
14646	10
14647	11
14648	10
14649	9
14650	10
14651	9
14652	8
14653	10
14654	11
14655	10
14656	10
14657	11
14658	11
14659	12
14660	11
14661	10
14662	12
14663	13
14664	12
14665	11
14666	12
14667	11
14668	10
14669	11
14670	10
14671	9
14672	10
14673	10
14674	10
14675	10
14676	11
14677	10
14678	9
14679	9
14680	10
14681	10
14682	11
14683	10
14684	9
14685	11
14686	12
14687	11
14688	10
14689	11
14690	10
14691	9
14692	10
14693	9
14694	8
14695	9
14696	9
14697	10
14698	12
14699	13
14700	12
14701	11
14702	12
14703	11
14704	10
14705	10
14706	9
14707	9
14708	10
14709	9
14710	8
14711	8
14712	9
14713	11
14714	12
14715	11
14716	10
14717	11
14718	10
14719	9
14720	9
14721	8
14722	8
14723	9
14724	8
14725	7
14726	7
14727	7
14728	7
14729	8
14730	10
14731	11
14732	11
14733	12
14734	11
14735	10
14736	10
14737	11
14738	10
14739	9
14740	10
14741	10
14742	11
14743	10
14744	9
14745	9
14746	10
14747	9
14748	8
14749	9
14750	9
14751	10
14752	9
14753	8
14754	8
14755	9
14756	8
14757	7
14758	7
14759	8
14760	8
14761	9
14762	8
14763	7
14764	9
14765	10
14766	9
14767	8
14768	9
14769	8
14770	7
14771	8
14772	7
14773	6
14774	7
14775	7
14776	8
14777	10
14778	11
14779	11
14780	11
14781	11
14782	12
14783	11
14784	10
14785	10
14786	11
14787	11
14788	12
14789	11
14790	10
14791	12
14792	13
14793	12
14794	11
14795	12
14796	11
14797	10
14798	11
14799	10
14800	9
14801	10
14802	10
14803	11
14804	13
14805	14
14806	13
14807	12
14808	13
14809	12
14810	11
14811	12
14812	11
14813	10
14814	10
14815	11
14816	10
14817	9
14818	9
14819	9
14820	9
14821	10
14822	9
14823	8
14824	9
14825	9
14826	9
14827	9
14828	10
14829	9
14830	8
14831	8
14832	9
14833	11
14834	12
14835	11
14836	10
14837	11
14838	10
14839	9
14840	9
14841	8
14842	8
14843	9
14844	8
14845	7
14846	7
14847	8
14848	8
14849	9
14850	11
14851	12
14852	11
14853	10
14854	11
14855	10
14856	9
14857	10
14858	9
14859	8
14860	8
14861	9
14862	8
14863	7
14864	9
14865	9
14866	9
14867	10
14868	9
14869	8
14870	9
14871	9
14872	10
14873	9
14874	8
14875	8
14876	9
14877	8
14878	7
14879	8
14880	8
14881	9
14882	8
14883	7
14884	7
14885	8
14886	7
14887	6
14888	6
14889	7
14890	9
14891	9
14892	9
14893	10
14894	10
14895	11
14896	10
14897	9
14898	11
14899	12
14900	11
14901	10
14902	11
14903	10
14904	9
14905	10
14906	9
14907	8
14908	9
14909	9
14910	10
14911	12
14912	13
14913	12
14914	11
14915	11
14916	10
14917	11
14918	10
14919	9
14920	9
14921	10
14922	9
14923	8
14924	8
14925	9
14926	11
14927	12
14928	11
14929	10
14930	11
14931	10
14932	9
14933	10
14934	9
14935	8
14936	8
14937	9
14938	8
14939	7
14940	8
14941	8
14942	9
14943	11
14944	12
14945	11
14946	10
14947	11
14948	10
14949	9
14950	9
14951	8
14952	8
14953	9
14954	8
14955	7
14956	7
14957	8
14958	10
14959	10
14960	9
14961	10
14962	9
14963	8
14964	8
14965	7
14966	7
14967	8
14968	7
14969	6
14970	6
14971	7
14972	7
14973	8
14974	10
14975	11
14976	10
14977	9
14978	10
14979	9
14980	8
14981	9
14982	8
14983	7
14984	7
14985	8
14986	7
14987	6
14988	8
14989	9
14990	9
14991	10
14992	9
14993	8
14994	8
14995	9
14996	8
14997	7
14998	7
14999	7
15000	8
15001	7
15002	6
15003	7
15004	7
15005	8
15006	7
15007	6
15008	6
15009	7
15010	6
15011	5
15012	5
15013	6
15014	6
15015	7
15016	9
15017	10
15018	10
15019	11
15020	11
15021	12
15022	14
15023	15
15024	14
15025	13
15026	14
15027	13
15028	12
15029	13
15030	12
15031	11
15032	11
15033	12
15034	11
15035	10
15036	12
15037	13
15038	13
15039	14
15040	13
15041	12
15042	12
15043	13
15044	12
15045	11
15046	12
15047	12
15048	13
15049	12
15050	11
15051	11
15052	12
15053	11
15054	10
15055	11
15056	11
15057	12
15058	11
15059	10
15060	10
15061	11
15062	10
15063	9
15064	9
15065	10
15066	10
15067	11
15068	13
15069	14
15070	13
15071	12
15072	13
15073	12
15074	11
15075	12
15076	11
15077	10
15078	10
15079	11
15080	10
15081	9
15082	11
15083	12
15084	12
15085	13
15086	12
15087	11
15088	11
15089	12
15090	11
15091	10
15092	11
15093	11
15094	12
15095	11
15096	10
15097	10
15098	11
15099	10
15100	9
15101	10
15102	10
15103	11
15104	10
15105	9
15106	9
15107	10
15108	9
15109	8
15110	9
15111	9
15112	9
15113	9
15114	10
15115	10
15116	11
15117	10
15118	9
15119	11
15120	12
15121	11
15122	10
15123	11
15124	10
15125	9
15126	10
15127	9
15128	8
15129	8
15130	9
15131	11
15132	12
15133	12
15134	13
15135	12
15136	11
15137	11
15138	11
15139	10
15140	11
15141	11
15142	12
15143	11
15144	10
15145	10
15146	11
15147	10
15148	9
15149	10
15150	10
15151	11
15152	10
15153	9
15154	9
15155	10
15156	9
15157	8
15158	8
15159	9
15160	9
15161	10
15162	9
15163	8
15164	10
15165	11
15166	10
15167	9
15168	10
15169	9
15170	8
15171	9
15172
0.03386479999971925
