0	1
1	3
2	5
3	5
4	5
5	6
6	7
7	8
8	9
9	10
10	10
11	10
12	10
13	10
14	10
15	10
16	10
17	12
18	12
19	14
20	15
21	16
22	17
23	18
24	19
25	20
26	21
27	22
28	23
29	24
30	25
31	26
32	27
33	28
34	28
35	30
36	30
37	32
38	34
39	34
40	36
41	36
42	38
43	38
44	40
45	40
46	42
47	42
48	42
49	42
50	41
51	41
52	41
53	41
54	43
55	43
56	43
57	43
58	43
59	42
60	42
61	42
62	43
63	44
64	45
65	46
66	47
67	48
68	49
69	50
70	51
71	51
72	52
73	53
74	54
75	54
76	55
77	56
78	57
79	58
80	58
81	59
82	60
83	61
84	61
85	62
86	63
87	64
88	65
89	66
90	67
91	68
92	69
93	70
94	71
95	72
96	73
97	74
98	75
99	76
100	77
101	78
102	79
103	80
104	82
105	82
106	81
107	81
108	81
109	81
110	81
111	81
112	83
113	83
114	83
115	82
116	82
117	82
118	82
119	82
120	82
121	82
122	82
123	82
124	82
125	82
126	84
127	84
128	84
129	84
130	84
131	84
132	84
133	86
134	86
135	86
136	86
137	86
138	86
139	86
140	88
141	88
142	88
143	88
144	88
145	88
146	88
147	90
148	90
149	90
150	90
151	90
152	90
153	90
154	90
155	92
156	92
157	93
158	93
159	94
160	94
161	96
162	97
163	97
164	99
165	99
166	99
167	99
168	99
169	99
170	99
171	99
172	99
173	101
174	101
175	102
176	102
177	103
178	103
179	105
180	106
181	106
182	108
183	108
184	109
185	110
186	111
187	112
188	113
189	114
190	114
191	115
192	116
193	117
194	118
195	119
196	120
197	121
198	121
199	122
200	123
201	124
202	125
203	125
204	126
205	127
206	128
207	129
208	130
209	131
210	132
211	133
212	133
213	134
214	135
215	136
216	137
217	138
218	139
219	140
220	140
221	141
222	142
223	142
224	143
225	144
226	145
227	146
228	147
229	147
230	148
231	148
232	149
233	150
234	151
235	152
236	153
237	154
238	155
239	156
240	156
241	157
242	158
243	159
244	160
245	161
246	162
247	163
248	164
249	165
250	166
251	167
252	168
253	169
254	170
255	171
256	172
257	173
258	174
259	174
260	175
261	176
262	177
263	177
264	178
265	179
266	180
267	181
268	182
269	182
270	183
271	184
272	185
273	186
274	187
275	188
276	189
277	190
278	191
279	192
280	193
281	194
282	195
283	196
284	197
285	198
286	198
287	199
288	200
289	200
290	201
291	202
292	202
293	202
294	202
295	202
296	202
297	202
298	202
299	204
300	204
301	206
302	206
303	207
304	207
305	209
306	209
307	210
308	210
309	210
310	210
311	210
312	210
313	210
314	210
315	210
316	212
317	212
318	214
319	214
320	214
321	215
322	217
323	217
324	218
325	218
326	218
327	220
328	220
329	222
330	222
331	224
332	224
333	225
334	225
335	227
336	227
337	227
338	226
339	226
340	226
341	226
342	226
343	226
344	228
345	228
346	230
347	230
348	231
349	231
350	233
351	233
352	235
353	235
354	235
355	235
356	235
357	234
358	234
359	234
360	234
361	234
362	236
363	238
364	238
365	238
366	240
367	240
368	242
369	242
370	241
371	241
372	241
373	241
374	241
375	241
376	241
377	241
378	243
379	243
380	245
381	245
382	247
383	247
384	249
385	249
386	249
387	249
388	248
389	248
390	248
391	248
392	248
393	250
394	250
395	252
396	252
397	254
398	254
399	256
400	256
401	258
402	258
403	260
404	260
405	260
406	259
407	259
408	259
409	259
410	259
411	261
412	261
413	261
414	261
415	261
416	261
417	263
418	263
419	263
420	262
421	261
422	261
423	263
424	263
425	263
426	263
427	263
428	262
429	261
430	261
431	260
432	260
433	260
434	260
435	262
436	262
437	262
438	261
439	261
440	261
441	261
442	263
443	263
444	265
445	265
446	267
447	269
448	269
449	271
450	271
451	271
452	273
453	273
454	275
455	275
456	274
457	274
458	274
459	274
460	274
461	274
462	276
463	276
464	275
465	275
466	275
467	274
468	276
469	276
470	276
471	276
472	276
473	276
474	278
475	278
476	278
477	278
478	277
479	277
480	276
481	276
482	276
483	275
484	275
485	275
486	277
487	277
488	277
489	277
490	276
491	276
492	276
493	278
494	279
495	280
496	281
497	281
498	282
499	283
500	284
501	285
502	286
503	287
504	288
505	289
506	290
507	291
508	292
509	293
510	294
511	295
512	296
513	297
514	297
515	298
516	299
517	299
518	300
519	301
520	302
521	303
522	304
523	305
524	305
525	306
526	307
527	308
528	309
529	310
530	311
531	312
532	313
533	314
534	315
535	316
536	317
537	318
538	318
539	319
540	320
541	321
542	321
543	322
544	323
545	324
546	325
547	326
548	327
549	328
550	328
551	329
552	330
553	331
554	332
555	332
556	333
557	333
558	333
559	334
560	335
561	336
562	337
563	338
564	339
565	340
566	341
567	342
568	343
569	344
570	345
571	346
572	347
573	348
574	349
575	349
576	350
577	351
578	351
579	351
580	352
581	353
582	354
583	354
584	355
585	356
586	357
587	358
588	359
589	360
590	361
591	362
592	363
593	364
594	365
595	366
596	367
597	368
598	369
599	370
600	370
601	371
602	372
603	373
604	374
605	375
606	375
607	376
608	377
609	378
610	379
611	380
612	381
613	382
614	383
615	384
616	385
617	386
618	387
619	388
620	389
621	390
622	391
623	392
624	392
625	393
626	394
627	395
628	396
629	396
630	397
631	398
632	399
633	400
634	401
635	402
636	403
637	404
638	405
639	406
640	407
641	408
642	409
643	410
644	411
645	411
646	412
647	413
648	414
649	415
650	415
651	416
652	417
653	418
654	419
655	419
656	420
657	420
658	421
659	421
660	422
661	423
662	424
663	425
664	426
665	427
666	428
667	429
668	430
669	431
670	432
671	433
672	434
673	435
674	436
675	437
676	438
677	439
678	440
679	441
680	442
681	443
682	444
683	445
684	446
685	447
686	448
687	449
688	449
689	450
690	451
691	452
692	453
693	454
694	455
695	456
696	457
697	458
698	458
699	459
700	460
701	461
702	462
703	463
704	464
705	465
706	466
707	466
708	467
709	468
710	469
711	470
712	471
713	472
714	473
715	473
716	474
717	475
718	475
719	475
720	476
721	477
722	478
723	479
724	480
725	480
726	481
727	482
728	483
729	484
730	485
731	486
732	487
733	488
734	489
735	490
736	491
737	492
738	493
739	494
740	495
741	496
742	497
743	498
744	499
745	500
746	501
747	502
748	503
749	504
750	505
751	506
752	507
753	508
754	509
755	509
756	510
757	511
758	512
759	513
760	514
761	515
762	516
763	517
764	518
765	518
766	519
767	520
768	521
769	522
770	523
771	524
772	524
773	526
774	526
775	528
776	530
777	530
778	530
779	532
780	532
781	534
782	534
783	536
784	536
785	536
786	536
787	536
788	535
789	535
790	535
791	537
792	537
793	537
794	536
795	536
796	536
797	536
798	535
799	537
800	537
801	537
802	537
803	537
804	537
805	539
806	539
807	539
808	539
809	539
810	538
811	538
812	538
813	540
814	539
815	539
816	539
817	539
818	541
819	541
820	543
821	543
822	545
823	547
824	547
825	549
826	549
827	551
828	551
829	551
830	553
831	553
832	553
833	553
834	552
835	552
836	552
837	552
838	554
839	554
840	553
841	553
842	553
843	553
844	553
845	552
846	554
847	554
848	556
849	556
850	556
851	556
852	556
853	556
854	556
855	556
856	556
857	556
858	555
859	555
860	557
861	557
862	556
863	556
864	556
865	558
866	560
867	560
868	560
869	560
870	559
871	559
872	559
873	559
874	561
875	561
876	561
877	561
878	561
879	561
880	561
881	561
882	563
883	563
884	563
885	563
886	563
887	563
888	563
889	565
890	565
891	565
892	565
893	567
894	567
895	567
896	567
897	567
898	567
899	567
900	567
901	569
902	569
903	571
904	571
905	572
906	572
907	573
908	575
909	575
910	576
911	576
912	578
913	578
914	577
915	577
916	577
917	577
918	577
919	577
920	579
921	579
922	579
923	579
924	579
925	579
926	579
927	579
928	581
929	581
930	581
931	581
932	583
933	583
934	583
935	583
936	583
937	583
938	583
939	585
940	585
941	585
942	585
943	585
944	585
945	585
946	585
947	587
948	587
949	588
950	588
951	589
952	589
953	591
954	592
955	592
956	594
957	594
958	596
959	596
960	598
961	598
962	598
963	598
964	598
965	597
966	597
967	597
968	597
969	597
970	597
971	597
972	597
973	597
974	599
975	599
976	601
977	601
978	601
979	601
980	601
981	601
982	601
983	603
984	603
985	603
986	603
987	603
988	603
989	603
990	603
991	605
992	605
993	607
994	607
995	608
996	608
997	609
998	611
999	611
1000	612
1001	612
1002	614
1003	614
1004	616
1005	616
1006	616
1007	615
1008	615
1009	615
1010	615
1011	615
1012	615
1013	617
1014	617
1015	617
1016	617
1017	617
1018	617
1019	617
1020	619
1021	619
1022	619
1023	619
1024	619
1025	619
1026	619
1027	621
1028	621
1029	621
1030	621
1031	621
1032	621
1033	621
1034	621
1035	623
1036	623
1037	624
1038	624
1039	625
1040	625
1041	627
1042	628
1043	628
1044	630
1045	630
1046	632
1047	632
1048	632
1049	632
1050	631
1051	631
1052	631
1053	631
1054	633
1055	633
1056	633
1057	633
1058	632
1059	632
1060	632
1061	632
1062	634
1063	634
1064	634
1065	634
1066	634
1067	634
1068	634
1069	636
1070	636
1071	636
1072	636
1073	636
1074	636
1075	636
1076	638
1077	638
1078	638
1079	638
1080	638
1081	638
1082	640
1083	640
1084	640
1085	640
1086	640
1087	640
1088	640
1089	640
1090	642
1091	642
1092	644
1093	644
1094	645
1095	645
1096	646
1097	648
1098	648
1099	649
1100	649
1101	649
1102	649
1103	649
1104	649
1105	649
1106	649
1107	649
1108	651
1109	651
1110	652
1111	652
1112	652
1113	654
1114	654
1115	654
1116	654
1117	654
1118	654
1119	654
1120	654
1121	654
1122	654
1123	654
1124	656
1125	656
1126	658
1127	658
1128	659
1129	659
1130	659
1131	659
1132	659
1133	659
1134	659
1135	659
1136	661
1137	661
1138	661
1139	662
1140	662
1141	664
1142	666
1143	666
1144	666
1145	668
1146	670
1147	670
1148	672
1149	672
1150	671
1151	671
1152	671
1153	671
1154	671
1155	671
1156	671
1157	671
1158	673
1159	675
1160	675
1161	677
1162	677
1163	679
1164	679
1165	679
1166	679
1167	678
1168	678
1169	678
1170	678
1171	680
1172	680
1173	680
1174	679
1175	679
1176	679
1177	679
1178	681
1179	681
1180	681
1181	681
1182	681
1183	680
1184	680
1185	680
1186	680
1187	680
1188	680
1189	680
1190	680
1191	680
1192	682
1193	682
1194	682
1195	682
1196	682
1197	682
1198	684
1199	684
1200	686
1201	686
1202	686
1203	686
1204	686
1205	686
1206	686
1207	688
1208	688
1209	688
1210	688
1211	688
1212	688
1213	688
1214	688
1215	690
1216	690
1217	692
1218	692
1219	693
1220	693
1221	694
1222	696
1223	696
1224	697
1225	697
1226	697
1227	697
1228	697
1229	697
1230	697
1231	697
1232	697
1233	699
1234	699
1235	701
1236	701
1237	702
1238	702
1239	702
1240	702
1241	702
1242	702
1243	702
1244	702
1245	704
1246	704
1247	704
1248	704
1249	705
1250	707
1251	707
1252	707
1253	707
1254	707
1255	707
1256	707
1257	707
1258	707
1259	707
1260	707
1261	709
1262	709
1263	710
1264	710
1265	710
1266	712
1267	714
1268	714
1269	714
1270	716
1271	718
1272	718
1273	720
1274	720
1275	720
1276	719
1277	719
1278	719
1279	719
1280	719
1281	719
1282	721
1283	721
1284	723
1285	723
1286	725
1287	725
1288	727
1289	727
1290	727
1291	727
1292	727
1293	726
1294	726
1295	726
1296	727
1297	728
1298	729
1299	730
1300	731
1301	732
1302	732
1303	733
1304	734
1305	734
1306	735
1307	736
1308	737
1309	737
1310	738
1311	738
1312	739
1313	740
1314	741
1315	741
1316	742
1317	743
1318	744
1319	745
1320	746
1321	747
1322	748
1323	749
1324	750
1325	751
1326	752
1327	753
1328	754
1329	755
1330	756
1331	757
1332	758
1333	759
1334	760
1335	761
1336	762
1337	763
1338	764
1339	764
1340	765
1341	766
1342	767
1343	768
1344	769
1345	770
1346	770
1347	771
1348	772
1349	773
1350	774
1351	775
1352	776
1353	777
1354	778
1355	779
1356	780
1357	781
1358	782
1359	783
1360	784
1361	785
1362	785
1363	786
1364	787
1365	788
1366	789
1367	790
1368	790
1369	790
1370	791
1371	792
1372	793
1373	793
1374	794
1375	795
1376	796
1377	797
1378	797
1379	798
1380	799
1381	800
1382	801
1383	802
1384	803
1385	804
1386	805
1387	806
1388	807
1389	808
1390	809
1391	810
1392	811
1393	812
1394	813
1395	814
1396	815
1397	816
1398	817
1399	818
1400	819
1401	820
1402	821
1403	822
1404	823
1405	824
1406	824
1407	825
1408	826
1409	827
1410	828
1411	828
1412	829
1413	830
1414	831
1415	832
1416	833
1417	834
1418	835
1419	836
1420	837
1421	838
1422	839
1423	840
1424	841
1425	842
1426	843
1427	844
1428	845
1429	845
1430	846
1431	847
1432	848
1433	849
1434	850
1435	850
1436	851
1437	852
1438	852
1439	853
1440	854
1441	855
1442	856
1443	857
1444	858
1445	859
1446	859
1447	860
1448	861
1449	861
1450	862
1451	863
1452	864
1453	865
1454	866
1455	867
1456	868
1457	869
1458	870
1459	871
1460	872
1461	873
1462	874
1463	875
1464	876
1465	877
1466	877
1467	878
1468	879
1469	880
1470	881
1471	882
1472	883
1473	884
1474	885
1475	886
1476	887
1477	888
1478	889
1479	890
1480	891
1481	892
1482	892
1483	893
1484	894
1485	895
1486	895
1487	896
1488	897
1489	898
1490	899
1491	900
1492	901
1493	902
1494	902
1495	903
1496	904
1497	905
1498	906
1499	906
1500	907
1501	908
1502	908
1503	909
1504	910
1505	911
1506	912
1507	913
1508	914
1509	915
1510	916
1511	917
1512	918
1513	919
1514	920
1515	921
1516	921
1517	922
1518	922
1519	923
1520	924
1521	925
1522	926
1523	927
1524	928
1525	929
1526	930
1527	931
1528	932
1529	932
1530	933
1531	934
1532	935
1533	936
1534	937
1535	938
1536	939
1537	940
1538	941
1539	942
1540	943
1541	944
1542	945
1543	946
1544	947
1545	948
1546	948
1547	949
1548	950
1549	950
1550	951
1551	952
1552	953
1553	953
1554	954
1555	955
1556	956
1557	957
1558	958
1559	959
1560	959
1561	960
1562	961
1563	962
1564	963
1565	964
1566	964
1567	965
1568	966
1569	967
1570	968
1571	969
1572	970
1573	971
1574	972
1575	973
1576	974
1577	975
1578	975
1579	976
1580	976
1581	977
1582	978
1583	979
1584	980
1585	981
1586	982
1587	983
1588	984
1589	985
1590	985
1591	986
1592	987
1593	988
1594	989
1595	990
1596	991
1597	992
1598	993
1599	994
1600	995
1601	996
1602	997
1603	998
1604	999
1605	1000
1606	1001
1607	1002
1608	1003
1609	1003
1610	1004
1611	1005
1612	1005
1613	1006
1614	1007
1615	1007
1616	1008
1617	1009
1618	1010
1619	1011
1620	1012
1621	1013
1622	1014
1623	1014
1624	1015
1625	1016
1626	1017
1627	1018
1628	1019
1629	1020
1630	1021
1631	1022
1632	1022
1633	1023
1634	1024
1635	1025
1636	1026
1637	1027
1638	1028
1639	1029
1640	1029
1641	1030
1642	1031
1643	1031
1644	1032
1645	1033
1646	1034
1647	1035
1648	1036
1649	1037
1650	1038
1651	1038
1652	1039
1653	1040
1654	1041
1655	1042
1656	1043
1657	1044
1658	1045
1659	1046
1660	1047
1661	1048
1662	1049
1663	1050
1664	1051
1665	1052
1666	1053
1667	1054
1668	1055
1669	1056
1670	1056
1671	1057
1672	1058
1673	1059
1674	1059
1675	1060
1676	1061
1677	1062
1678	1063
1679	1064
1680	1065
1681	1065
1682	1066
1683	1067
1684	1068
1685	1069
1686	1070
1687	1071
1688	1072
1689	1073
1690	1074
1691	1074
1692	1075
1693	1076
1694	1077
1695	1078
1696	1079
1697	1080
1698	1080
1699	1081
1700	1082
1701	1083
1702	1084
1703	1085
1704	1086
1705	1087
1706	1087
1707	1088
1708	1089
1709	1089
1710	1090
1711	1090
1712	1091
1713	1092
1714	1093
1715	1093
1716	1093
1717	1094
1718	1095
1719	1096
1720	1097
1721	1098
1722	1099
1723	1100
1724	1101
1725	1102
1726	1103
1727	1104
1728	1104
1729	1105
1730	1106
1731	1106
1732	1107
1733	1108
1734	1109
1735	1110
1736	1111
1737	1112
1738	1113
1739	1114
1740	1115
1741	1116
1742	1117
1743	1118
1744	1118
1745	1119
1746	1120
1747	1121
1748	1121
1749	1122
1750	1123
1751	1124
1752	1125
1753	1125
1754	1126
1755	1127
1756	1127
1757	1128
1758	1129
1759	1130
1760	1131
1761	1132
1762	1133
1763	1134
1764	1135
1765	1136
1766	1137
1767	1137
1768	1138
1769	1138
1770	1139
1771	1140
1772	1141
1773	1142
1774	1142
1775	1143
1776	1143
1777	1144
1778	1145
1779	1146
1780	1147
1781	1148
1782	1148
1783	1149
1784	1150
1785	1151
1786	1152
1787	1153
1788	1154
1789	1155
1790	1156
1791	1157
1792	1157
1793	1158
1794	1159
1795	1160
1796	1161
1797	1162
1798	1163
1799	1164
1800	1165
1801	1166
1802	1167
1803	1168
1804	1169
1805	1170
1806	1171
1807	1171
1808	1172
1809	1173
1810	1174
1811	1175
1812	1176
1813	1177
1814	1178
1815	1179
1816	1179
1817	1180
1818	1181
1819	1182
1820	1183
1821	1184
1822	1185
1823	1186
1824	1187
1825	1188
1826	1189
1827	1190
1828	1191
1829	1192
1830	1193
1831	1194
1832	1195
1833	1195
1834	1196
1835	1196
1836	1197
1837	1198
1838	1198
1839	1199
1840	1200
1841	1201
1842	1202
1843	1203
1844	1204
1845	1205
1846	1206
1847	1207
1848	1208
1849	1209
1850	1210
1851	1211
1852	1212
1853	1213
1854	1214
1855	1214
1856	1215
1857	1216
1858	1217
1859	1218
1860	1219
1861	1219
1862	1220
1863	1221
1864	1222
1865	1223
1866	1224
1867	1224
1868	1225
1869	1226
1870	1227
1871	1227
1872	1228
1873	1229
1874	1230
1875	1230
1876	1231
1877	1231
1878	1232
1879	1233
1880	1234
1881	1235
1882	1236
1883	1237
1884	1238
1885	1239
1886	1240
1887	1240
1888	1240
1889	1240
1890	1241
1891	1242
1892	1243
1893	1243
1894	1244
1895	1245
1896	1246
1897	1247
1898	1246
1899	1246
1900	1247
1901	1248
1902	1249
1903	1250
1904	1250
1905	1251
1906	1251
1907	1252
1908	1253
1909	1253
1910	1254
1911	1255
1912	1256
1913	1257
1914	1258
1915	1259
1916	1260
1917	1261
1918	1261
1919	1262
1920	1263
1921	1263
1922	1264
1923	1265
1924	1266
1925	1267
1926	1267
1927	1268
1928	1268
1929	1269
1930	1270
1931	1271
1932	1272
1933	1273
1934	1273
1935	1274
1936	1275
1937	1276
1938	1277
1939	1278
1940	1279
1941	1280
1942	1281
1943	1282
1944	1283
1945	1283
1946	1283
1947	1284
1948	1285
1949	1286
1950	1287
1951	1288
1952	1289
1953	1290
1954	1291
1955	1292
1956	1292
1957	1293
1958	1294
1959	1294
1960	1295
1961	1296
1962	1297
1963	1297
1964	1298
1965	1299
1966	1299
1967	1300
1968	1301
1969	1302
1970	1303
1971	1304
1972	1305
1973	1306
1974	1307
1975	1308
1976	1309
1977	1310
1978	1311
1979	1312
1980	1312
1981	1312
1982	1313
1983	1314
1984	1315
1985	1316
1986	1317
1987	1318
1988	1318
1989	1319
1990	1320
1991	1321
1992	1322
1993	1323
1994	1324
1995	1325
1996	1326
1997	1327
1998	1328
1999	1329
2000	1330
2001	1331
2002	1332
2003	1333
2004	1334
2005	1335
2006	1335
2007	1336
2008	1337
2009	1338
2010	1339
2011	1339
2012	1339
2013	1340
2014	1341
2015	1342
2016	1343
2017	1344
2018	1345
2019	1346
2020	1347
2021	1348
2022	1350
2023	1350
2024	1349
2025	1349
2026	1349
2027	1349
2028	1349
2029	1349
2030	1351
2031	1351
2032	1351
2033	1350
2034	1350
2035	1350
2036	1350
2037	1350
2038	1350
2039	1350
2040	1350
2041	1350
2042	1350
2043	1352
2044	1352
2045	1354
2046	1354
2047	1354
2048	1354
2049	1354
2050	1354
2051	1356
2052	1356
2053	1356
2054	1356
2055	1356
2056	1356
2057	1356
2058	1358
2059	1358
2060	1358
2061	1358
2062	1358
2063	1358
2064	1358
2065	1358
2066	1360
2067	1360
2068	1361
2069	1361
2070	1362
2071	1362
2072	1364
2073	1365
2074	1365
2075	1367
2076	1367
2077	1367
2078	1367
2079	1367
2080	1367
2081	1367
2082	1367
2083	1367
2084	1369
2085	1369
2086	1371
2087	1371
2088	1371
2089	1371
2090	1372
2091	1374
2092	1374
2093	1374
2094	1374
2095	1374
2096	1374
2097	1374
2098	1374
2099	1373
2100	1375
2101	1375
2102	1376
2103	1376
2104	1376
2105	1376
2106	1378
2107	1378
2108	1378
2109	1378
2110	1377
2111	1377
2112	1376
2113	1376
2114	1376
2115	1378
2116	1378
2117	1378
2118	1380
2119	1382
2120	1382
2121	1384
2122	1384
2123	1386
2124	1386
2125	1385
2126	1385
2127	1385
2128	1385
2129	1385
2130	1385
2131	1385
2132	1387
2133	1389
2134	1389
2135	1391
2136	1391
2137	1391
2138	1391
2139	1390
2140	1390
2141	1390
2142	1390
2143	1392
2144	1392
2145	1391
2146	1391
2147	1391
2148	1391
2149	1391
2150	1393
2151	1393
2152	1393
2153	1392
2154	1392
2155	1392
2156	1392
2157	1392
2158	1392
2159	1392
2160	1392
2161	1392
2162	1392
2163	1394
2164	1394
2165	1394
2166	1394
2167	1394
2168	1394
2169	1394
2170	1396
2171	1396
2172	1396
2173	1396
2174	1396
2175	1396
2176	1396
2177	1398
2178	1398
2179	1400
2180	1400
2181	1400
2182	1400
2183	1400
2184	1400
2185	1400
2186	1400
2187	1402
2188	1402
2189	1403
2190	1403
2191	1404
2192	1404
2193	1406
2194	1407
2195	1407
2196	1409
2197	1409
2198	1409
2199	1409
2200	1409
2201	1409
2202	1409
2203	1409
2204	1409
2205	1411
2206	1411
2207	1413
2208	1413
2209	1414
2210	1414
2211	1414
2212	1416
2213	1416
2214	1416
2215	1416
2216	1415
2217	1415
2218	1414
2219	1414
2220	1414
2221	1416
2222	1416
2223	1416
2224	1416
2225	1416
2226	1416
2227	1416
2228	1415
2229	1417
2230	1417
2231	1417
2232	1418
2233	1418
2234	1418
2235	1420
2236	1420
2237	1420
2238	1422
2239	1422
2240	1424
2241	1424
2242	1426
2243	1426
2244	1428
2245	1428
2246	1428
2247	1427
2248	1427
2249	1427
2250	1427
2251	1427
2252	1427
2253	1429
2254	1431
2255	1431
2256	1433
2257	1433
2258	1433
2259	1433
2260	1433
2261	1432
2262	1432
2263	1432
2264	1432
2265	1432
2266	1432
2267	1432
2268	1432
2269	1432
2270	1432
2271	1434
2272	1433
2273	1434
2274	1433
2275	1433
2276	1435
2277	1436
2278	1436
2279	1438
2280	1438
2281	1438
2282	1438
2283	1438
2284	1438
2285	1438
2286	1438
2287	1440
2288	1440
2289	1442
2290	1442
2291	1444
2292	1444
2293	1445
2294	1445
2295	1447
2296	1447
2297	1449
2298	1449
2299	1449
2300	1449
2301	1449
2302	1448
2303	1448
2304	1448
2305	1448
2306	1448
2307	1450
2308	1452
2309	1452
2310	1452
2311	1454
2312	1454
2313	1456
2314	1456
2315	1455
2316	1455
2317	1455
2318	1455
2319	1455
2320	1455
2321	1457
2322	1457
2323	1459
2324	1459
2325	1461
2326	1461
2327	1461
2328	1461
2329	1460
2330	1460
2331	1460
2332	1460
2333	1460
2334	1462
2335	1462
2336	1464
2337	1466
2338	1466
2339	1468
2340	1468
2341	1470
2342	1470
2343	1470
2344	1471
2345	1471
2346	1471
2347	1471
2348	1470
2349	1470
2350	1470
2351	1470
2352	1472
2353	1472
2354	1471
2355	1471
2356	1471
2357	1471
2358	1471
2359	1470
2360	1472
2361	1472
2362	1472
2363	1471
2364	1470
2365	1470
2366	1472
2367	1471
2368	1471
2369	1471
2370	1471
2371	1471
2372	1471
2373	1471
2374	1471
2375	1471
2376	1470
2377	1470
2378	1472
2379	1472
2380	1471
2381	1471
2382	1471
2383	1473
2384	1473
2385	1473
2386	1473
2387	1473
2388	1473
2389	1473
2390	1473
2391	1475
2392	1475
2393	1477
2394	1476
2395	1477
2396	1476
2397	1478
2398	1478
2399	1479
2400	1479
2401	1479
2402	1479
2403	1479
2404	1479
2405	1479
2406	1479
2407	1481
2408	1481
2409	1483
2410	1483
2411	1485
2412	1485
2413	1487
2414	1487
2415	1488
2416	1488
2417	1490
2418	1490
2419	1490
2420	1489
2421	1489
2422	1489
2423	1489
2424	1489
2425	1491
2426	1491
2427	1493
2428	1493
2429	1495
2430	1495
2431	1494
2432	1494
2433	1494
2434	1494
2435	1494
2436	1494
2437	1494
2438	1494
2439	1496
2440	1496
2441	1498
2442	1498
2443	1500
2444	1500
2445	1502
2446	1502
2447	1502
2448	1502
2449	1501
2450	1501
2451	1501
2452	1501
2453	1501
2454	1503
2455	1503
2456	1505
2457	1507
2458	1507
2459	1509
2460	1509
2461	1509
2462	1511
2463	1511
2464	1512
2465	1512
2466	1511
2467	1511
2468	1511
2469	1511
2470	1511
2471	1511
2472	1513
2473	1513
2474	1512
2475	1512
2476	1512
2477	1511
2478	1513
2479	1512
2480	1512
2481	1512
2482	1512
2483	1512
2484	1514
2485	1514
2486	1514
2487	1514
2488	1513
2489	1513
2490	1512
2491	1512
2492	1512
2493	1511
2494	1511
2495	1511
2496	1513
2497	1513
2498	1513
2499	1513
2500	1512
2501	1512
2502	1512
2503	1514
2504	1514
2505	1514
2506	1514
2507	1514
2508	1514
2509	1514
2510	1516
2511	1516
2512	1516
2513	1516
2514	1516
2515	1516
2516	1516
2517	1516
2518	1518
2519	1517
2520	1516
2521	1517
2522	1517
2523	1519
2524	1520
2525	1520
2526	1522
2527	1522
2528	1522
2529	1524
2530	1524
2531	1526
2532	1526
2533	1528
2534	1528
2535	1529
2536	1529
2537	1531
2538	1530
2539	1530
2540	1529
2541	1529
2542	1529
2543	1529
2544	1529
2545	1531
2546	1531
2547	1531
2548	1530
2549	1530
2550	1529
2551	1529
2552	1529
2553	1529
2554	1529
2555	1531
2556	1531
2557	1533
2558	1533
2559	1535
2560	1535
2561	1537
2562	1537
2563	1537
2564	1537
2565	1536
2566	1536
2567	1536
2568	1536
2569	1536
2570	1538
2571	1538
2572	1540
2573	1542
2574	1542
2575	1542
2576	1544
2577	1544
2578	1546
2579	1546
2580	1547
2581	1547
2582	1547
2583	1547
2584	1547
2585	1546
2586	1546
2587	1546
2588	1548
2589	1548
2590	1548
2591	1547
2592	1547
2593	1547
2594	1547
2595	1546
2596	1548
2597	1547
2598	1547
2599	1547
2600	1547
2601	1547
2602	1549
2603	1549
2604	1548
2605	1548
2606	1548
2607	1547
2608	1547
2609	1547
2610	1547
2611	1546
2612	1546
2613	1546
2614	1548
2615	1547
2616	1547
2617	1547
2618	1547
2619	1549
2620	1549
2621	1549
2622	1549
2623	1549
2624	1549
2625	1549
2626	1551
2627	1551
2628	1551
2629	1551
2630	1551
2631	1551
2632	1551
2633	1551
2634	1553
2635	1553
2636	1555
2637	1554
2638	1553
2639	1554
2640	1556
2641	1556
2642	1557
2643	1557
2644	1559
2645	1559
2646	1559
2647	1558
2648	1558
2649	1557
2650	1557
2651	1557
2652	1557
2653	1559
2654	1559
2655	1561
2656	1561
2657	1562
2658	1562
2659	1564
2660	1564
2661	1566
2662	1565
2663	1565
2664	1565
2665	1565
2666	1564
2667	1564
2668	1564
2669	1564
2670	1564
2671	1566
2672	1568
2673	1568
2674	1568
2675	1570
2676	1570
2677	1572
2678	1572
2679	1571
2680	1571
2681	1571
2682	1571
2683	1571
2684	1571
2685	1571
2686	1573
2687	1573
2688	1575
2689	1575
2690	1577
2691	1577
2692	1579
2693	1579
2694	1581
2695	1581
2696	1582
2697	1582
2698	1582
2699	1581
2700	1581
2701	1581
2702	1581
2703	1581
2704	1583
2705	1582
2706	1582
2707	1582
2708	1582
2709	1582
2710	1584
2711	1584
2712	1584
2713	1583
2714	1582
2715	1582
2716	1584
2717	1584
2718	1584
2719	1584
2720	1584
2721	1583
2722	1582
2723	1582
2724	1581
2725	1581
2726	1581
2727	1581
2728	1583
2729	1583
2730	1583
2731	1582
2732	1582
2733	1582
2734	1582
2735	1584
2736	1584
2737	1584
2738	1584
2739	1584
2740	1584
2741	1584
2742	1584
2743	1586
2744	1586
2745	1586
2746	1586
2747	1586
2748	1588
2749	1589
2750	1589
2751	1591
2752	1591
2753	1591
2754	1591
2755	1591
2756	1591
2757	1591
2758	1591
2759	1591
2760	1593
2761	1593
2762	1594
2763	1594
2764	1596
2765	1596
2766	1598
2767	1598
2768	1600
2769	1600
2770	1600
2771	1599
2772	1599
2773	1599
2774	1599
2775	1599
2776	1599
2777	1600
2778	1600
2779	1601
2780	1601
2781	1602
2782	1602
2783	1604
2784	1604
2785	1606
2786	1606
2787	1605
2788	1605
2789	1605
2790	1604
2791	1604
2792	1604
2793	1604
2794	1604
2795	1606
2796	1608
2797	1608
2798	1608
2799	1610
2800	1610
2801	1612
2802	1611
2803	1611
2804	1611
2805	1611
2806	1611
2807	1611
2808	1611
2809	1611
2810	1613
2811	1613
2812	1615
2813	1615
2814	1617
2815	1617
2816	1617
2817	1617
2818	1616
2819	1616
2820	1616
2821	1616
2822	1616
2823	1618
2824	1618
2825	1620
2826	1622
2827	1622
2828	1624
2829	1624
2830	1625
2831	1624
2832	1624
2833	1626
2834	1626
2835	1626
2836	1626
2837	1625
2838	1625
2839	1625
2840	1626
2841	1626
2842	1625
2843	1625
2844	1625
2845	1625
2846	1624
2847	1623
2848	1625
2849	1625
2850	1625
2851	1624
2852	1623
2853	1623
2854	1625
2855	1625
2856	1625
2857	1625
2858	1625
2859	1625
2860	1625
2861	1625
2862	1625
2863	1625
2864	1624
2865	1624
2866	1626
2867	1626
2868	1625
2869	1625
2870	1625
2871	1627
2872	1627
2873	1628
2874	1628
2875	1629
2876	1631
2877	1631
2878	1631
2879	1633
2880	1633
2881	1635
2882	1635
2883	1637
2884	1637
2885	1637
2886	1637
2887	1636
2888	1636
2889	1636
2890	1637
2891	1637
2892	1637
2893	1637
2894	1637
2895	1637
2896	1639
2897	1639
2898	1639
2899	1638
2900	1638
2901	1638
2902	1638
2903	1637
2904	1637
2905	1637
2906	1639
2907	1639
2908	1639
2909	1641
2910	1641
2911	1643
2912	1643
2913	1645
2914	1646
2915	1646
2916	1648
2917	1650
2918	1650
2919	1650
2920	1652
2921	1652
2922	1652
2923	1652
2924	1651
2925	1651
2926	1651
2927	1651
2928	1653
2929	1653
2930	1653
2931	1653
2932	1653
2933	1653
2934	1652
2935	1654
2936	1654
2937	1654
2938	1654
2939	1654
2940	1654
2941	1654
2942	1656
2943	1656
2944	1658
2945	1660
2946	1660
2947	1661
2948	1661
2949	1661
2950	1663
2951	1663
2952	1665
2953	1665
2954	1664
2955	1664
2956	1664
2957	1664
2958	1664
2959	1664
2960	1666
2961	1666
2962	1668
2963	1668
2964	1668
2965	1668
2966	1668
2967	1668
2968	1670
2969	1670
2970	1670
2971	1670
2972	1669
2973	1669
2974	1668
2975	1668
2976	1668
2977	1668
2978	1668
2979	1667
2980	1667
2981	1667
2982	1668
2983	1670
2984	1670
2985	1670
2986	1670
2987	1670
2988	1669
2989	1669
2990	1669
2991	1669
2992	1669
2993	1669
2994	1669
2995	1669
2996	1669
2997	1671
2998	1671
2999	1671
3000	1671
3001	1671
3002	1671
3003	1671
3004	1671
3005	1673
3006	1673
3007	1675
3008	1675
3009	1676
3010	1676
3011	1677
3012	1679
3013	1679
3014	1680
3015	1680
3016	1682
3017	1682
3018	1684
3019	1684
3020	1684
3021	1683
3022	1683
3023	1683
3024	1683
3025	1683
3026	1683
3027	1683
3028	1683
3029	1683
3030	1683
3031	1685
3032	1685
3033	1685
3034	1685
3035	1685
3036	1685
3037	1685
3038	1687
3039	1687
3040	1687
3041	1687
3042	1687
3043	1687
3044	1687
3045	1687
3046	1689
3047	1689
3048	1690
3049	1690
3050	1691
3051	1691
3052	1692
3053	1693
3054	1693
3055	1695
3056	1695
3057	1695
3058	1695
3059	1695
3060	1695
3061	1695
3062	1695
3063	1695
3064	1697
3065	1697
3066	1698
3067	1698
3068	1700
3069	1700
3070	1702
3071	1702
3072	1702
3073	1702
3074	1702
3075	1702
3076	1702
3077	1702
3078	1702
3079	1704
3080	1704
3081	1704
3082	1704
3083	1704
3084	1706
3085	1707
3086	1707
3087	1709
3088	1709
3089	1709
3090	1711
3091	1711
3092	1713
3093	1713
3094	1715
3095	1715
3096	1716
3097	1716
3098	1718
3099	1718
3100	1717
3101	1717
3102	1717
3103	1717
3104	1717
3105	1717
3106	1719
3107	1719
3108	1719
3109	1721
3110	1721
3111	1723
3112	1723
3113	1723
3114	1723
3115	1723
3116	1722
3117	1722
3118	1722
3119	1724
3120	1724
3121	1723
3122	1723
3123	1723
3124	1723
3125	1723
3126	1723
3127	1723
3128	1723
3129	1723
3130	1725
3131	1725
3132	1726
3133	1726
3134	1728
3135	1728
3136	1728
3137	1727
3138	1727
3139	1727
3140	1727
3141	1727
3142	1729
3143	1729
3144	1731
3145	1731
3146	1733
3147	1733
3148	1735
3149	1735
3150	1737
3151	1737
3152	1737
3153	1737
3154	1736
3155	1736
3156	1736
3157	1736
3158	1736
3159	1735
3160	1735
3161	1735
3162	1734
3163	1736
3164	1736
3165	1736
3166	1736
3167	1736
3168	1736
3169	1738
3170	1738
3171	1737
3172	1737
3173	1737
3174	1736
3175	1736
3176	1736
3177	1736
3178	1735
3179	1735
3180	1735
3181	1737
3182	1736
3183	1736
3184	1736
3185	1736
3186	1738
3187	1738
3188	1740
3189	1740
3190	1742
3191	1744
3192	1744
3193	1744
3194	1745
3195	1745
3196	1747
3197	1749
3198	1749
3199	1749
3200	1749
3201	1749
3202	1748
3203	1748
3204	1748
3205	1750
3206	1750
3207	1750
3208	1750
3209	1750
3210	1750
3211	1749
3212	1751
3213	1751
3214	1751
3215	1751
3216	1751
3217	1751
3218	1751
3219	1752
3220	1752
3221	1753
3222	1755
3223	1755
3224	1757
3225	1757
3226	1759
3227	1759
3228	1759
3229	1761
3230	1761
3231	1761
3232	1760
3233	1760
3234	1760
3235	1760
3236	1762
3237	1762
3238	1761
3239	1761
3240	1762
3241	1762
3242	1762
3243	1762
3244	1762
3245	1762
3246	1762
3247	1762
3248	1762
3249	1762
3250	1761
3251	1761
3252	1763
3253	1763
3254	1763
3255	1765
3256	1765
3257	1767
3258	1767
3259	1769
3260	1769
3261	1771
3262	1771
3263	1773
3264	1773
3265	1773
3266	1775
3267	1775
3268	1775
3269	1774
3270	1774
3271	1774
3272	1774
3273	1774
3274	1776
3275	1776
3276	1776
3277	1776
3278	1776
3279	1776
3280	1778
3281	1778
3282	1780
3283	1780
3284	1780
3285	1780
3286	1780
3287	1779
3288	1778
3289	1777
3290	1777
3291	1777
3292	1777
3293	1777
3294	1777
3295	1778
3296	1780
3297	1780
3298	1780
3299	1780
3300	1779
3301	1779
3302	1779
3303	1779
3304	1779
3305	1779
3306	1779
3307	1779
3308	1779
3309	1779
3310	1781
3311	1781
3312	1781
3313	1781
3314	1781
3315	1781
3316	1781
3317	1781
3318	1783
3319	1783
3320	1785
3321	1785
3322	1786
3323	1786
3324	1787
3325	1789
3326	1789
3327	1790
3328	1790
3329	1792
3330	1792
3331	1791
3332	1791
3333	1791
3334	1791
3335	1791
3336	1791
3337	1793
3338	1793
3339	1793
3340	1793
3341	1793
3342	1793
3343	1793
3344	1793
3345	1795
3346	1795
3347	1795
3348	1795
3349	1794
3350	1794
3351	1796
3352	1796
3353	1796
3354	1796
3355	1796
3356	1796
3357	1796
3358	1796
3359	1798
3360	1798
3361	1799
3362	1799
3363	1800
3364	1800
3365	1801
3366	1802
3367	1802
3368	1804
3369	1804
3370	1805
3371	1806
3372	1807
3373	1808
3374	1809
3375	1810
3376	1810
3377	1811
3378	1812
3379	1813
3380	1814
3381	1815
3382	1816
3383	1817
3384	1818
3385	1819
3386	1819
3387	1820
3388	1820
3389	1820
3390	1821
3391	1822
3392	1823
3393	1824
3394	1825
3395	1826
3396	1827
3397	1828
3398	1829
3399	1830
3400	1830
3401	1831
3402	1831
3403	1832
3404	1833
3405	1834
3406	1835
3407	1836
3408	1836
3409	1837
3410	1837
3411	1838
3412	1839
3413	1839
3414	1840
3415	1841
3416	1842
3417	1843
3418	1844
3419	1845
3420	1846
3421	1846
3422	1847
3423	1848
3424	1848
3425	1849
3426	1850
3427	1851
3428	1852
3429	1853
3430	1854
3431	1855
3432	1856
3433	1857
3434	1858
3435	1859
3436	1860
3437	1861
3438	1861
3439	1862
3440	1863
3441	1863
3442	1864
3443	1865
3444	1866
3445	1867
3446	1868
3447	1869
3448	1870
3449	1870
3450	1871
3451	1872
3452	1873
3453	1874
3454	1875
3455	1876
3456	1877
3457	1878
3458	1879
3459	1880
3460	1881
3461	1882
3462	1883
3463	1884
3464	1884
3465	1885
3466	1886
3467	1887
3468	1888
3469	1888
3470	1889
3471	1890
3472	1891
3473	1892
3474	1893
3475	1894
3476	1894
3477	1895
3478	1896
3479	1897
3480	1897
3481	1898
3482	1899
3483	1900
3484	1900
3485	1901
3486	1902
3487	1903
3488	1903
3489	1904
3490	1905
3491	1906
3492	1907
3493	1908
3494	1909
3495	1910
3496	1911
3497	1912
3498	1913
3499	1914
3500	1914
3501	1915
3502	1915
3503	1916
3504	1917
3505	1917
3506	1918
3507	1919
3508	1920
3509	1921
3510	1922
3511	1923
3512	1924
3513	1925
3514	1926
3515	1927
3516	1928
3517	1929
3518	1930
3519	1931
3520	1932
3521	1933
3522	1933
3523	1934
3524	1935
3525	1936
3526	1937
3527	1938
3528	1939
3529	1940
3530	1941
3531	1942
3532	1943
3533	1944
3534	1945
3535	1946
3536	1947
3537	1948
3538	1949
3539	1950
3540	1950
3541	1951
3542	1952
3543	1953
3544	1954
3545	1955
3546	1955
3547	1956
3548	1957
3549	1958
3550	1958
3551	1959
3552	1960
3553	1960
3554	1961
3555	1962
3556	1963
3557	1964
3558	1965
3559	1965
3560	1966
3561	1967
3562	1968
3563	1968
3564	1969
3565	1970
3566	1971
3567	1971
3568	1971
3569	1972
3570	1972
3571	1972
3572	1973
3573	1974
3574	1974
3575	1975
3576	1976
3577	1977
3578	1978
3579	1979
3580	1980
3581	1981
3582	1981
3583	1980
3584	1981
3585	1982
3586	1983
3587	1983
3588	1984
3589	1985
3590	1986
3591	1987
3592	1988
3593	1989
3594	1990
3595	1991
3596	1991
3597	1992
3598	1993
3599	1993
3600	1994
3601	1994
3602	1995
3603	1996
3604	1997
3605	1997
3606	1998
3607	1999
3608	2000
3609	2001
3610	2001
3611	2001
3612	2002
3613	2003
3614	2004
3615	2005
3616	2006
3617	2007
3618	2008
3619	2009
3620	2010
3621	2011
3622	2012
3623	2013
3624	2014
3625	2015
3626	2016
3627	2016
3628	2016
3629	2017
3630	2018
3631	2019
3632	2020
3633	2020
3634	2021
3635	2022
3636	2023
3637	2024
3638	2025
3639	2026
3640	2027
3641	2028
3642	2028
3643	2029
3644	2030
3645	2031
3646	2032
3647	2033
3648	2033
3649	2034
3650	2035
3651	2035
3652	2036
3653	2037
3654	2037
3655	2038
3656	2039
3657	2040
3658	2041
3659	2042
3660	2043
3661	2044
3662	2045
3663	2045
3664	2046
3665	2047
3666	2048
3667	2049
3668	2049
3669	2049
3670	2050
3671	2051
3672	2052
3673	2053
3674	2054
3675	2055
3676	2056
3677	2057
3678	2058
3679	2059
3680	2060
3681	2061
3682	2062
3683	2063
3684	2063
3685	2064
3686	2065
3687	2066
3688	2067
3689	2068
3690	2069
3691	2070
3692	2071
3693	2072
3694	2073
3695	2074
3696	2075
3697	2076
3698	2076
3699	2076
3700	2077
3701	2078
3702	2079
3703	2080
3704	2081
3705	2082
3706	2083
3707	2084
3708	2085
3709	2086
3710	2087
3711	2088
3712	2089
3713	2089
3714	2090
3715	2091
3716	2092
3717	2092
3718	2093
3719	2094
3720	2095
3721	2096
3722	2097
3723	2098
3724	2099
3725	2100
3726	2101
3727	2102
3728	2102
3729	2103
3730	2104
3731	2105
3732	2106
3733	2107
3734	2107
3735	2108
3736	2109
3737	2109
3738	2109
3739	2110
3740	2111
3741	2112
3742	2112
3743	2113
3744	2114
3745	2115
3746	2116
3747	2117
3748	2118
3749	2119
3750	2120
3751	2121
3752	2122
3753	2123
3754	2124
3755	2125
3756	2126
3757	2127
3758	2128
3759	2128
3760	2129
3761	2130
3762	2131
3763	2132
3764	2133
3765	2133
3766	2134
3767	2135
3768	2136
3769	2137
3770	2137
3771	2138
3772	2139
3773	2140
3774	2140
3775	2141
3776	2142
3777	2142
3778	2143
3779	2144
3780	2145
3781	2146
3782	2146
3783	2147
3784	2148
3785	2149
3786	2150
3787	2151
3788	2151
3789	2152
3790	2153
3791	2154
3792	2155
3793	2156
3794	2157
3795	2157
3796	2158
3797	2159
3798	2160
3799	2161
3800	2162
3801	2162
3802	2162
3803	2163
3804	2164
3805	2165
3806	2165
3807	2166
3808	2167
3809	2168
3810	2169
3811	2169
3812	2170
3813	2171
3814	2172
3815	2173
3816	2174
3817	2175
3818	2176
3819	2177
3820	2178
3821	2179
3822	2180
3823	2181
3824	2182
3825	2183
3826	2184
3827	2185
3828	2186
3829	2187
3830	2188
3831	2189
3832	2190
3833	2191
3834	2192
3835	2193
3836	2194
3837	2195
3838	2196
3839	2196
3840	2197
3841	2198
3842	2199
3843	2200
3844	2200
3845	2201
3846	2201
3847	2202
3848	2203
3849	2204
3850	2205
3851	2206
3852	2207
3853	2208
3854	2209
3855	2210
3856	2211
3857	2212
3858	2213
3859	2213
3860	2213
3861	2214
3862	2215
3863	2216
3864	2217
3865	2218
3866	2219
3867	2220
3868	2221
3869	2222
3870	2223
3871	2224
3872	2225
3873	2226
3874	2227
3875	2227
3876	2228
3877	2229
3878	2229
3879	2230
3880	2231
3881	2232
3882	2233
3883	2234
3884	2235
3885	2236
3886	2237
3887	2238
3888	2239
3889	2239
3890	2239
3891	2240
3892	2241
3893	2242
3894	2243
3895	2243
3896	2244
3897	2245
3898	2246
3899	2247
3900	2247
3901	2248
3902	2248
3903	2248
3904	2249
3905	2250
3906	2251
3907	2252
3908	2253
3909	2254
3910	2254
3911	2255
3912	2256
3913	2257
3914	2258
3915	2258
3916	2259
3917	2260
3918	2261
3919	2262
3920	2262
3921	2263
3922	2264
3923	2265
3924	2266
3925	2267
3926	2268
3927	2268
3928	2269
3929	2270
3930	2271
3931	2272
3932	2273
3933	2274
3934	2275
3935	2276
3936	2277
3937	2278
3938	2278
3939	2279
3940	2280
3941	2281
3942	2282
3943	2282
3944	2283
3945	2284
3946	2285
3947	2286
3948	2286
3949	2287
3950	2288
3951	2289
3952	2290
3953	2290
3954	2291
3955	2291
3956	2292
3957	2293
3958	2294
3959	2295
3960	2296
3961	2297
3962	2298
3963	2298
3964	2299
3965	2300
3966	2300
3967	2300
3968	2301
3969	2302
3970	2303
3971	2303
3972	2304
3973	2304
3974	2304
3975	2305
3976	2306
3977	2307
3978	2306
3979	2307
3980	2308
3981	2309
3982	2310
3983	2311
3984	2312
3985	2313
3986	2314
3987	2315
3988	2316
3989	2317
3990	2318
3991	2319
3992	2320
3993	2321
3994	2322
3995	2323
3996	2324
3997	2325
3998	2325
3999	2326
4000	2327
4001	2327
4002	2328
4003	2328
4004	2329
4005	2330
4006	2331
4007	2332
4008	2333
4009	2334
4010	2335
4011	2335
4012	2336
4013	2336
4014	2337
4015	2338
4016	2339
4017	2340
4018	2341
4019	2342
4020	2343
4021	2344
4022	2345
4023	2346
4024	2347
4025	2348
4026	2349
4027	2350
4028	2351
4029	2352
4030	2353
4031	2353
4032	2353
4033	2354
4034	2355
4035	2356
4036	2357
4037	2358
4038	2359
4039	2360
4040	2361
4041	2362
4042	2363
4043	2364
4044	2364
4045	2365
4046	2366
4047	2366
4048	2367
4049	2368
4050	2369
4051	2370
4052	2371
4053	2372
4054	2373
4055	2374
4056	2374
4057	2375
4058	2376
4059	2377
4060	2378
4061	2378
4062	2378
4063	2378
4064	2378
4065	2379
4066	2380
4067	2381
4068	2382
4069	2383
4070	2384
4071	2385
4072	2385
4073	2386
4074	2387
4075	2388
4076	2389
4077	2390
4078	2390
4079	2391
4080	2392
4081	2393
4082	2394
4083	2394
4084	2395
4085	2396
4086	2397
4087	2398
4088	2399
4089	2399
4090	2400
4091	2401
4092	2402
4093	2403
4094	2403
4095	2404
4096	2405
4097	2406
4098	2407
4099	2408
4100	2409
4101	2410
4102	2411
4103	2412
4104	2413
4105	2414
4106	2415
4107	2416
4108	2417
4109	2418
4110	2419
4111	2419
4112	2420
4113	2421
4114	2421
4115	2422
4116	2423
4117	2424
4118	2424
4119	2425
4120	2425
4121	2426
4122	2427
4123	2428
4124	2428
4125	2429
4126	2430
4127	2431
4128	2432
4129	2433
4130	2434
4131	2435
4132	2436
4133	2437
4134	2438
4135	2439
4136	2440
4137	2441
4138	2441
4139	2442
4140	2443
4141	2444
4142	2445
4143	2446
4144	2447
4145	2448
4146	2448
4147	2449
4148	2450
4149	2451
4150	2452
4151	2453
4152	2454
4153	2455
4154	2456
4155	2456
4156	2457
4157	2457
4158	2458
4159	2459
4160	2460
4161	2461
4162	2462
4163	2463
4164	2464
4165	2465
4166	2466
4167	2467
4168	2468
4169	2469
4170	2470
4171	2471
4172	2472
4173	2473
4174	2474
4175	2475
4176	2476
4177	2477
4178	2478
4179	2479
4180	2480
4181	2481
4182	2481
4183	2481
4184	2482
4185	2483
4186	2484
4187	2485
4188	2486
4189	2487
4190	2488
4191	2489
4192	2490
4193	2491
4194	2492
4195	2492
4196	2493
4197	2494
4198	2495
4199	2495
4200	2496
4201	2497
4202	2498
4203	2499
4204	2500
4205	2501
4206	2501
4207	2502
4208	2503
4209	2504
4210	2505
4211	2506
4212	2507
4213	2508
4214	2509
4215	2509
4216	2510
4217	2511
4218	2511
4219	2511
4220	2512
4221	2513
4222	2514
4223	2514
4224	2514
4225	2515
4226	2516
4227	2517
4228	2518
4229	2519
4230	2520
4231	2521
4232	2521
4233	2522
4234	2522
4235	2522
4236	2523
4237	2524
4238	2525
4239	2525
4240	2526
4241	2527
4242	2528
4243	2529
4244	2530
4245	2530
4246	2531
4247	2532
4248	2533
4249	2534
4250	2535
4251	2536
4252	2537
4253	2537
4254	2538
4255	2539
4256	2540
4257	2541
4258	2542
4259	2543
4260	2544
4261	2544
4262	2545
4263	2546
4264	2547
4265	2547
4266	2547
4267	2548
4268	2548
4269	2549
4270	2550
4271	2550
4272	2551
4273	2551
4274	2552
4275	2552
4276	2553
4277	2554
4278	2555
4279	2556
4280	2555
4281	2556
4282	2557
4283	2558
4284	2559
4285	2560
4286	2561
4287	2562
4288	2563
4289	2564
4290	2565
4291	2566
4292	2567
4293	2568
4294	2569
4295	2570
4296	2571
4297	2572
4298	2573
4299	2573
4300	2574
4301	2575
4302	2575
4303	2576
4304	2576
4305	2576
4306	2577
4307	2578
4308	2579
4309	2580
4310	2581
4311	2582
4312	2582
4313	2583
4314	2583
4315	2584
4316	2585
4317	2586
4318	2587
4319	2588
4320	2588
4321	2589
4322	2589
4323	2589
4324	2590
4325	2591
4326	2592
4327	2593
4328	2594
4329	2595
4330	2596
4331	2597
4332	2597
4333	2598
4334	2599
4335	2600
4336	2601
4337	2602
4338	2602
4339	2603
4340	2604
4341	2605
4342	2605
4343	2606
4344	2607
4345	2608
4346	2609
4347	2610
4348	2610
4349	2611
4350	2612
4351	2613
4352	2614
4353	2615
4354	2616
4355	2617
4356	2618
4357	2619
4358	2620
4359	2621
4360	2622
4361	2623
4362	2624
4363	2624
4364	2625
4365	2626
4366	2627
4367	2628
4368	2629
4369	2630
4370	2631
4371	2632
4372	2633
4373	2634
4374	2634
4375	2635
4376	2636
4377	2637
4378	2638
4379	2638
4380	2639
4381	2640
4382	2640
4383	2640
4384	2641
4385	2642
4386	2643
4387	2643
4388	2644
4389	2645
4390	2646
4391	2647
4392	2648
4393	2649
4394	2650
4395	2651
4396	2652
4397	2653
4398	2654
4399	2655
4400	2656
4401	2657
4402	2658
4403	2658
4404	2659
4405	2660
4406	2661
4407	2662
4408	2663
4409	2663
4410	2664
4411	2665
4412	2666
4413	2667
4414	2668
4415	2669
4416	2670
4417	2671
4418	2672
4419	2672
4420	2673
4421	2674
4422	2674
4423	2675
4424	2676
4425	2677
4426	2678
4427	2678
4428	2679
4429	2680
4430	2681
4431	2682
4432	2683
4433	2683
4434	2683
4435	2684
4436	2685
4437	2686
4438	2687
4439	2688
4440	2688
4441	2689
4442	2690
4443	2691
4444	2692
4445	2693
4446	2693
4447	2693
4448	2694
4449	2695
4450	2696
4451	2696
4452	2697
4453	2698
4454	2699
4455	2699
4456	2700
4457	2700
4458	2700
4459	2701
4460	2702
4461	2703
4462	2704
4463	2705
4464	2705
4465	2706
4466	2707
4467	2708
4468	2709
4469	2710
4470	2711
4471	2712
4472	2713
4473	2714
4474	2715
4475	2716
4476	2717
4477	2718
4478	2719
4479	2720
4480	2721
4481	2721
4482	2722
4483	2723
4484	2724
4485	2725
4486	2725
4487	2726
4488	2727
4489	2728
4490	2729
4491	2730
4492	2731
4493	2732
4494	2733
4495	2734
4496	2735
4497	2736
4498	2737
4499	2737
4500	2738
4501	2739
4502	2740
4503	2741
4504	2742
4505	2743
4506	2743
4507	2744
4508	2745
4509	2746
4510	2746
4511	2747
4512	2747
4513	2748
4514	2749
4515	2750
4516	2750
4517	2751
4518	2752
4519	2752
4520	2753
4521	2754
4522	2755
4523	2756
4524	2757
4525	2758
4526	2759
4527	2760
4528	2760
4529	2761
4530	2761
4531	2762
4532	2763
4533	2764
4534	2764
4535	2765
4536	2766
4537	2767
4538	2767
4539	2768
4540	2769
4541	2770
4542	2771
4543	2772
4544	2773
4545	2774
4546	2775
4547	2776
4548	2777
4549	2778
4550	2779
4551	2780
4552	2781
4553	2781
4554	2782
4555	2783
4556	2784
4557	2785
4558	2786
4559	2786
4560	2787
4561	2787
4562	2788
4563	2788
4564	2789
4565	2790
4566	2791
4567	2791
4568	2792
4569	2793
4570	2794
4571	2795
4572	2796
4573	2797
4574	2798
4575	2799
4576	2800
4577	2801
4578	2802
4579	2803
4580	2804
4581	2805
4582	2806
4583	2807
4584	2808
4585	2809
4586	2810
4587	2811
4588	2812
4589	2813
4590	2814
4591	2814
4592	2815
4593	2815
4594	2816
4595	2817
4596	2817
4597	2818
4598	2819
4599	2820
4600	2821
4601	2822
4602	2823
4603	2824
4604	2824
4605	2825
4606	2825
4607	2825
4608	2826
4609	2827
4610	2828
4611	2829
4612	2830
4613	2830
4614	2831
4615	2832
4616	2832
4617	2833
4618	2834
4619	2835
4620	2836
4621	2837
4622	2838
4623	2839
4624	2840
4625	2841
4626	2842
4627	2843
4628	2844
4629	2845
4630	2846
4631	2847
4632	2848
4633	2849
4634	2850
4635	2851
4636	2852
4637	2853
4638	2854
4639	2855
4640	2856
4641	2856
4642	2857
4643	2857
4644	2858
4645	2858
4646	2859
4647	2859
4648	2860
4649	2861
4650	2861
4651	2862
4652	2863
4653	2864
4654	2865
4655	2865
4656	2866
4657	2867
4658	2867
4659	2868
4660	2868
4661	2869
4662	2869
4663	2870
4664	2871
4665	2872
4666	2873
4667	2874
4668	2875
4669	2876
4670	2877
4671	2878
4672	2878
4673	2879
4674	2880
4675	2880
4676	2881
4677	2882
4678	2883
4679	2884
4680	2885
4681	2886
4682	2887
4683	2887
4684	2888
4685	2889
4686	2890
4687	2891
4688	2892
4689	2893
4690	2894
4691	2894
4692	2895
4693	2896
4694	2896
4695	2897
4696	2898
4697	2898
4698	2899
4699	2900
4700	2901
4701	2902
4702	2903
4703	2904
4704	2905
4705	2905
4706	2906
4707	2907
4708	2908
4709	2909
4710	2909
4711	2910
4712	2911
4713	2911
4714	2912
4715	2913
4716	2914
4717	2914
4718	2915
4719	2916
4720	2916
4721	2917
4722	2918
4723	2919
4724	2920
4725	2921
4726	2922
4727	2923
4728	2923
4729	2924
4730	2925
4731	2926
4732	2926
4733	2927
4734	2928
4735	2929
4736	2930
4737	2931
4738	2932
4739	2933
4740	2934
4741	2935
4742	2936
4743	2937
4744	2938
4745	2939
4746	2939
4747	2940
4748	2941
4749	2941
4750	2941
4751	2942
4752	2943
4753	2944
4754	2944
4755	2945
4756	2946
4757	2947
4758	2948
4759	2949
4760	2950
4761	2951
4762	2952
4763	2953
4764	2954
4765	2955
4766	2956
4767	2957
4768	2958
4769	2959
4770	2960
4771	2961
4772	2961
4773	2962
4774	2963
4775	2963
4776	2964
4777	2965
4778	2965
4779	2965
4780	2966
4781	2967
4782	2968
4783	2969
4784	2969
4785	2970
4786	2971
4787	2972
4788	2973
4789	2974
4790	2975
4791	2976
4792	2976
4793	2977
4794	2978
4795	2978
4796	2979
4797	2980
4798	2981
4799	2982
4800	2983
4801	2984
4802	2985
4803	2986
4804	2986
4805	2987
4806	2988
4807	2989
4808	2990
4809	2990
4810	2991
4811	2991
4812	2991
4813	2992
4814	2993
4815	2994
4816	2995
4817	2996
4818	2997
4819	2998
4820	2999
4821	3000
4822	3000
4823	3001
4824	3001
4825	3002
4826	3003
4827	3004
4828	3005
4829	3006
4830	3006
4831	3007
4832	3008
4833	3009
4834	3010
4835	3011
4836	3011
4837	3011
4838	3012
4839	3013
4840	3014
4841	3015
4842	3016
4843	3017
4844	3018
4845	3019
4846	3020
4847	3021
4848	3022
4849	3022
4850	3023
4851	3024
4852	3025
4853	3026
4854	3026
4855	3027
4856	3028
4857	3029
4858	3029
4859	3030
4860	3031
4861	3032
4862	3033
4863	3034
4864	3035
4865	3036
4866	3036
4867	3037
4868	3038
4869	3038
4870	3039
4871	3040
4872	3041
4873	3042
4874	3042
4875	3043
4876	3044
4877	3044
4878	3045
4879	3045
4880	3046
4881	3047
4882	3048
4883	3048
4884	3049
4885	3049
4886	3050
4887	3050
4888	3051
4889	3052
4890	3053
4891	3053
4892	3053
4893	3054
4894	3054
4895	3055
4896	3056
4897	3057
4898	3058
4899	3059
4900	3060
4901	3061
4902	3061
4903	3062
4904	3063
4905	3064
4906	3065
4907	3066
4908	3067
4909	3068
4910	3069
4911	3069
4912	3070
4913	3071
4914	3072
4915	3073
4916	3074
4917	3075
4918	3076
4919	3077
4920	3078
4921	3079
4922	3080
4923	3081
4924	3082
4925	3083
4926	3084
4927	3085
4928	3086
4929	3087
4930	3088
4931	3088
4932	3089
4933	3090
4934	3090
4935	3091
4936	3092
4937	3093
4938	3094
4939	3094
4940	3094
4941	3095
4942	3096
4943	3096
4944	3097
4945	3098
4946	3099
4947	3100
4948	3101
4949	3102
4950	3103
4951	3104
4952	3105
4953	3106
4954	3107
4955	3108
4956	3109
4957	3110
4958	3111
4959	3112
4960	3113
4961	3114
4962	3115
4963	3116
4964	3117
4965	3118
4966	3118
4967	3118
4968	3119
4969	3120
4970	3121
4971	3122
4972	3122
4973	3123
4974	3124
4975	3124
4976	3124
4977	3125
4978	3126
4979	3127
4980	3127
4981	3128
4982	3129
4983	3130
4984	3131
4985	3131
4986	3132
4987	3133
4988	3134
4989	3135
4990	3135
4991	3136
4992	3137
4993	3138
4994	3139
4995	3140
4996	3141
4997	3142
4998	3142
4999	3143
5000	3144
5001	3145
5002	3146
5003	3146
5004	3146
5005	3147
5006	3148
5007	3149
5008	3150
5009	3150
5010	3151
5011	3152
5012	3153
5013	3154
5014	3155
5015	3156
5016	3157
5017	3158
5018	3159
5019	3160
5020	3161
5021	3162
5022	3163
5023	3164
5024	3165
5025	3166
5026	3166
5027	3166
5028	3167
5029	3168
5030	3169
5031	3169
5032	3170
5033	3171
5034	3172
5035	3173
5036	3173
5037	3173
5038	3173
5039	3174
5040	3175
5041	3175
5042	3176
5043	3177
5044	3178
5045	3179
5046	3180
5047	3181
5048	3182
5049	3183
5050	3184
5051	3185
5052	3186
5053	3187
5054	3188
5055	3189
5056	3190
5057	3191
5058	3192
5059	3193
5060	3194
5061	3195
5062	3196
5063	3197
5064	3197
5065	3198
5066	3199
5067	3199
5068	3200
5069	3200
5070	3201
5071	3202
5072	3203
5073	3203
5074	3204
5075	3205
5076	3206
5077	3207
5078	3208
5079	3208
5080	3209
5081	3209
5082	3210
5083	3211
5084	3211
5085	3212
5086	3212
5087	3213
5088	3214
5089	3215
5090	3216
5091	3217
5092	3218
5093	3219
5094	3220
5095	3221
5096	3222
5097	3222
5098	3222
5099	3223
5100	3224
5101	3225
5102	3226
5103	3227
5104	3228
5105	3229
5106	3230
5107	3231
5108	3232
5109	3232
5110	3233
5111	3234
5112	3235
5113	3235
5114	3236
5115	3237
5116	3238
5117	3238
5118	3239
5119	3240
5120	3241
5121	3242
5122	3243
5123	3244
5124	3245
5125	3245
5126	3246
5127	3247
5128	3248
5129	3249
5130	3249
5131	3250
5132	3251
5133	3251
5134	3252
5135	3253
5136	3254
5137	3255
5138	3256
5139	3257
5140	3258
5141	3258
5142	3259
5143	3259
5144	3260
5145	3261
5146	3262
5147	3263
5148	3264
5149	3265
5150	3266
5151	3267
5152	3267
5153	3268
5154	3268
5155	3269
5156	3270
5157	3271
5158	3272
5159	3273
5160	3274
5161	3275
5162	3276
5163	3277
5164	3278
5165	3279
5166	3280
5167	3281
5168	3281
5169	3282
5170	3283
5171	3283
5172	3283
5173	3283
5174	3282
5175	3282
5176	3282
5177	3282
5178	3282
5179	3282
5180	3282
5181	3284
5182	3284
5183	3286
5184	3286
5185	3286
5186	3286
5187	3288
5188	3288
5189	3289
5190	3289
5191	3289
5192	3289
5193	3289
5194	3289
5195	3289
5196	3289
5197	3289
5198	3291
5199	3291
5200	3293
5201	3293
5202	3294
5203	3296
5204	3296
5205	3296
5206	3296
5207	3297
5208	3297
5209	3297
5210	3299
5211	3299
5212	3300
5213	3300
5214	3302
5215	3302
5216	3302
5217	3301
5218	3300
5219	3300
5220	3300
5221	3300
5222	3302
5223	3302
5224	3302
5225	3302
5226	3302
5227	3301
5228	3301
5229	3301
5230	3301
5231	3303
5232	3303
5233	3303
5234	3305
5235	3305
5236	3307
5237	3307
5238	3306
5239	3306
5240	3306
5241	3306
5242	3306
5243	3306
5244	3306
5245	3306
5246	3308
5247	3308
5248	3310
5249	3310
5250	3312
5251	3312
5252	3314
5253	3314
5254	3314
5255	3313
5256	3313
5257	3313
5258	3313
5259	3313
5260	3315
5261	3315
5262	3317
5263	3319
5264	3319
5265	3321
5266	3321
5267	3321
5268	3322
5269	3321
5270	3322
5271	3322
5272	3321
5273	3321
5274	3321
5275	3321
5276	3321
5277	3323
5278	3323
5279	3322
5280	3322
5281	3322
5282	3321
5283	3323
5284	3323
5285	3323
5286	3323
5287	3323
5288	3323
5289	3324
5290	3324
5291	3324
5292	3324
5293	3323
5294	3323
5295	3322
5296	3321
5297	3321
5298	3320
5299	3320
5300	3320
5301	3322
5302	3322
5303	3322
5304	3322
5305	3321
5306	3321
5307	3321
5308	3323
5309	3323
5310	3325
5311	3325
5312	3327
5313	3328
5314	3328
5315	3330
5316	3330
5317	3332
5318	3332
5319	3332
5320	3334
5321	3334
5322	3334
5323	3334
5324	3333
5325	3333
5326	3333
5327	3333
5328	3335
5329	3335
5330	3334
5331	3334
5332	3334
5333	3334
5334	3334
5335	3333
5336	3335
5337	3335
5338	3335
5339	3334
5340	3336
5341	3336
5342	3336
5343	3336
5344	3336
5345	3336
5346	3336
5347	3336
5348	3336
5349	3336
5350	3335
5351	3335
5352	3336
5353	3336
5354	3337
5355	3337
5356	3338
5357	3338
5358	3340
5359	3340
5360	3342
5361	3342
5362	3344
5363	3344
5364	3344
5365	3343
5366	3343
5367	3343
5368	3343
5369	3343
5370	3343
5371	3343
5372	3343
5373	3343
5374	3343
5375	3345
5376	3345
5377	3345
5378	3345
5379	3347
5380	3347
5381	3347
5382	3346
5383	3346
5384	3346
5385	3346
5386	3348
5387	3348
5388	3349
5389	3349
5390	3351
5391	3350
5392	3352
5393	3352
5394	3354
5395	3354
5396	3353
5397	3353
5398	3353
5399	3353
5400	3353
5401	3353
5402	3355
5403	3355
5404	3357
5405	3357
5406	3357
5407	3357
5408	3357
5409	3356
5410	3356
5411	3356
5412	3356
5413	3356
5414	3356
5415	3356
5416	3356
5417	3358
5418	3358
5419	3358
5420	3358
5421	3358
5422	3358
5423	3358
5424	3360
5425	3360
5426	3360
5427	3360
5428	3360
5429	3360
5430	3360
5431	3360
5432	3362
5433	3362
5434	3363
5435	3363
5436	3364
5437	3364
5438	3365
5439	3367
5440	3367
5441	3368
5442	3368
5443	3370
5444	3370
5445	3370
5446	3369
5447	3369
5448	3369
5449	3369
5450	3369
5451	3369
5452	3369
5453	3369
5454	3369
5455	3369
5456	3369
5457	3371
5458	3371
5459	3371
5460	3371
5461	3371
5462	3371
5463	3371
5464	3371
5465	3373
5466	3373
5467	3374
5468	3374
5469	3375
5470	3375
5471	3377
5472	3378
5473	3378
5474	3380
5475	3380
5476	3380
5477	3380
5478	3380
5479	3380
5480	3380
5481	3380
5482	3380
5483	3382
5484	3382
5485	3384
5486	3384
5487	3385
5488	3387
5489	3387
5490	3387
5491	3387
5492	3386
5493	3386
5494	3386
5495	3386
5496	3386
5497	3386
5498	3388
5499	3388
5500	3390
5501	3390
5502	3390
5503	3390
5504	3392
5505	3392
5506	3393
5507	3393
5508	3393
5509	3395
5510	3395
5511	3397
5512	3397
5513	3397
5514	3399
5515	3399
5516	3399
5517	3398
5518	3398
5519	3398
5520	3398
5521	3398
5522	3398
5523	3400
5524	3400
5525	3402
5526	3402
5527	3403
5528	3403
5529	3405
5530	3405
5531	3407
5532	3407
5533	3407
5534	3407
5535	3406
5536	3406
5537	3406
5538	3406
5539	3406
5540	3408
5541	3408
5542	3408
5543	3408
5544	3410
5545	3410
5546	3409
5547	3409
5548	3409
5549	3409
5550	3409
5551	3411
5552	3411
5553	3411
5554	3411
5555	3410
5556	3410
5557	3410
5558	3410
5559	3410
5560	3412
5561	3412
5562	3414
5563	3414
5564	3416
5565	3416
5566	3418
5567	3418
5568	3419
5569	3419
5570	3418
5571	3418
5572	3418
5573	3418
5574	3418
5575	3420
5576	3420
5577	3420
5578	3420
5579	3420
5580	3420
5581	3422
5582	3422
5583	3422
5584	3421
5585	3420
5586	3420
5587	3420
5588	3420
5589	3420
5590	3420
5591	3419
5592	3418
5593	3417
5594	3417
5595	3417
5596	3417
5597	3419
5598	3419
5599	3419
5600	3418
5601	3418
5602	3418
5603	3418
5604	3420
5605	3420
5606	3422
5607	3422
5608	3424
5609	3426
5610	3426
5611	3426
5612	3426
5613	3428
5614	3428
5615	3430
5616	3430
5617	3430
5618	3430
5619	3430
5620	3429
5621	3429
5622	3429
5623	3431
5624	3431
5625	3431
5626	3430
5627	3430
5628	3430
5629	3429
5630	3428
5631	3430
5632	3430
5633	3430
5634	3430
5635	3430
5636	3430
5637	3432
5638	3432
5639	3431
5640	3431
5641	3431
5642	3431
5643	3431
5644	3431
5645	3431
5646	3432
5647	3432
5648	3434
5649	3434
5650	3435
5651	3437
5652	3437
5653	3436
5654	3438
5655	3438
5656	3438
5657	3437
5658	3437
5659	3437
5660	3437
5661	3437
5662	3437
5663	3438
5664	3438
5665	3439
5666	3441
5667	3441
5668	3443
5669	3443
5670	3443
5671	3445
5672	3445
5673	3444
5674	3444
5675	3444
5676	3444
5677	3444
5678	3444
5679	3446
5680	3446
5681	3446
5682	3446
5683	3446
5684	3446
5685	3446
5686	3446
5687	3446
5688	3448
5689	3448
5690	3448
5691	3448
5692	3447
5693	3447
5694	3447
5695	3449
5696	3451
5697	3451
5698	3451
5699	3451
5700	3450
5701	3450
5702	3450
5703	3450
5704	3452
5705	3452
5706	3452
5707	3452
5708	3452
5709	3452
5710	3452
5711	3452
5712	3454
5713	3454
5714	3454
5715	3453
5716	3453
5717	3453
5718	3455
5719	3455
5720	3455
5721	3455
5722	3455
5723	3455
5724	3455
5725	3455
5726	3457
5727	3457
5728	3458
5729	3458
5730	3459
5731	3459
5732	3460
5733	3462
5734	3462
5735	3463
5736	3463
5737	3465
5738	3465
5739	3464
5740	3464
5741	3464
5742	3464
5743	3464
5744	3464
5745	3464
5746	3464
5747	3464
5748	3464
5749	3464
5750	3464
5751	3466
5752	3466
5753	3466
5754	3466
5755	3466
5756	3466
5757	3466
5758	3466
5759	3468
5760	3468
5761	3469
5762	3469
5763	3470
5764	3470
5765	3472
5766	3473
5767	3473
5768	3475
5769	3475
5770	3475
5771	3475
5772	3475
5773	3477
5774	3477
5775	3477
5776	3479
5777	3479
5778	3481
5779	3481
5780	3483
5781	3482
5782	3482
5783	3481
5784	3481
5785	3481
5786	3481
5787	3481
5788	3481
5789	3481
5790	3481
5791	3481
5792	3483
5793	3483
5794	3483
5795	3483
5796	3483
5797	3482
5798	3481
5799	3481
5800	3480
5801	3480
5802	3480
5803	3480
5804	3482
5805	3482
5806	3482
5807	3481
5808	3481
5809	3481
5810	3481
5811	3483
5812	3483
5813	3484
5814	3484
5815	3486
5816	3488
5817	3487
5818	3488
5819	3488
5820	3490
5821	3490
5822	3492
5823	3491
5824	3490
5825	3490
5826	3490
5827	3490
5828	3490
5829	3490
5830	3490
5831	3489
5832	3489
5833	3489
5834	3488
5835	3488
5836	3488
5837	3490
5838	3490
5839	3490
5840	3490
5841	3490
5842	3490
5843	3490
5844	3490
5845	3492
5846	3492
5847	3492
5848	3492
5849	3494
5850	3494
5851	3494
5852	3494
5853	3494
5854	3494
5855	3494
5856	3496
5857	3496
5858	3496
5859	3496
5860	3496
5861	3496
5862	3496
5863	3496
5864	3497
5865	3497
5866	3498
5867	3498
5868	3499
5869	3499
5870	3501
5871	3502
5872	3502
5873	3504
5874	3504
5875	3506
5876	3506
5877	3508
5878	3508
5879	3508
5880	3508
5881	3508
5882	3507
5883	3507
5884	3507
5885	3507
5886	3507
5887	3507
5888	3507
5889	3507
5890	3506
5891	3507
5892	3507
5893	3508
5894	3508
5895	3508
5896	3508
5897	3508
5898	3508
5899	3508
5900	3510
5901	3510
5902	3510
5903	3510
5904	3510
5905	3510
5906	3510
5907	3512
5908	3512
5909	3514
5910	3514
5911	3515
5912	3515
5913	3516
5914	3515
5915	3516
5916	3516
5917	3516
5918	3516
5919	3516
5920	3516
5921	3516
5922	3516
5923	3518
5924	3518
5925	3518
5926	3518
5927	3518
5928	3518
5929	3518
5930	3520
5931	3520
5932	3520
5933	3520
5934	3520
5935	3520
5936	3520
5937	3520
5938	3522
5939	3523
5940	3523
5941	3524
5942	3524
5943	3526
5944	3527
5945	3527
5946	3529
5947	3529
5948	3531
5949	3531
5950	3530
5951	3530
5952	3530
5953	3530
5954	3530
5955	3532
5956	3532
5957	3532
5958	3531
5959	3531
5960	3531
5961	3531
5962	3531
5963	3530
5964	3530
5965	3530
5966	3530
5967	3530
5968	3532
5969	3532
5970	3532
5971	3532
5972	3532
5973	3532
5974	3532
5975	3534
5976	3534
5977	3533
5978	3533
5979	3533
5980	3533
5981	3533
5982	3534
5983	3534
5984	3536
5985	3535
5986	3535
5987	3535
5988	3535
5989	3535
5990	3536
5991	3536
5992	3537
5993	3537
5994	3538
5995	3537
5996	3538
5997	3539
5998	3539
5999	3541
6000	3541
6001	3541
6002	3541
6003	3541
6004	3541
6005	3540
6006	3540
6007	3540
6008	3542
6009	3542
6010	3543
6011	3543
6012	3544
6013	3544
6014	3544
6015	3545
6016	3545
6017	3545
6018	3545
6019	3545
6020	3545
6021	3544
6022	3543
6023	3543
6024	3545
6025	3545
6026	3546
6027	3546
6028	3547
6029	3547
6030	3547
6031	3547
6032	3547
6033	3547
6034	3547
6035	3547
6036	3547
6037	3548
6038	3548
6039	3548
6040	3550
6041	3550
6042	3550
6043	3552
6044	3552
6045	3554
6046	3554
6047	3554
6048	3556
6049	3556
6050	3555
6051	3554
6052	3554
6053	3554
6054	3554
6055	3554
6056	3554
6057	3556
6058	3558
6059	3558
6060	3560
6061	3560
6062	3560
6063	3560
6064	3560
6065	3559
6066	3559
6067	3559
6068	3559
6069	3559
6070	3559
6071	3561
6072	3561
6073	3561
6074	3563
6075	3563
6076	3565
6077	3565
6078	3567
6079	3566
6080	3566
6081	3566
6082	3566
6083	3565
6084	3565
6085	3565
6086	3567
6087	3567
6088	3567
6089	3566
6090	3566
6091	3566
6092	3566
6093	3565
6094	3564
6095	3564
6096	3564
6097	3564
6098	3564
6099	3564
6100	3564
6101	3563
6102	3563
6103	3563
6104	3565
6105	3564
6106	3564
6107	3564
6108	3564
6109	3566
6110	3566
6111	3567
6112	3567
6113	3569
6114	3570
6115	3570
6116	3572
6117	3571
6118	3573
6119	3573
6120	3575
6121	3574
6122	3574
6123	3574
6124	3573
6125	3573
6126	3573
6127	3573
6128	3573
6129	3573
6130	3572
6131	3572
6132	3572
6133	3572
6134	3574
6135	3574
6136	3573
6137	3573
6138	3573
6139	3573
6140	3573
6141	3573
6142	3575
6143	3575
6144	3575
6145	3575
6146	3575
6147	3575
6148	3575
6149	3577
6150	3577
6151	3577
6152	3577
6153	3579
6154	3579
6155	3579
6156	3579
6157	3579
6158	3579
6159	3579
6160	3579
6161	3580
6162	3580
6163	3582
6164	3582
6165	3582
6166	3583
6167	3585
6168	3585
6169	3586
6170	3586
6171	3586
6172	3586
6173	3586
6174	3586
6175	3586
6176	3586
6177	3588
6178	3588
6179	3588
6180	3588
6181	3588
6182	3588
6183	3588
6184	3590
6185	3590
6186	3590
6187	3590
6188	3590
6189	3590
6190	3590
6191	3590
6192	3592
6193	3592
6194	3594
6195	3595
6196	3595
6197	3596
6198	3598
6199	3598
6200	3599
6201	3599
6202	3601
6203	3601
6204	3603
6205	3603
6206	3603
6207	3602
6208	3602
6209	3602
6210	3602
6211	3602
6212	3602
6213	3603
6214	3603
6215	3603
6216	3603
6217	3603
6218	3603
6219	3602
6220	3603
6221	3603
6222	3603
6223	3603
6224	3603
6225	3603
6226	3603
6227	3605
6228	3605
6229	3605
6230	3605
6231	3605
6232	3605
6233	3605
6234	3607
6235	3607
6236	3608
6237	3608
6238	3609
6239	3609
6240	3611
6241	3612
6242	3612
6243	3611
6244	3613
6245	3613
6246	3613
6247	3612
6248	3612
6249	3612
6250	3612
6251	3614
6252	3614
6253	3614
6254	3614
6255	3614
6256	3613
6257	3613
6258	3613
6259	3613
6260	3613
6261	3613
6262	3613
6263	3613
6264	3613
6265	3615
6266	3614
6267	3614
6268	3614
6269	3614
6270	3614
6271	3616
6272	3616
6273	3618
6274	3618
6275	3618
6276	3618
6277	3618
6278	3618
6279	3617
6280	3617
6281	3617
6282	3617
6283	3617
6284	3618
6285	3618
6286	3619
6287	3619
6288	3620
6289	3622
6290	3622
6291	3623
6292	3623
6293	3623
6294	3623
6295	3623
6296	3623
6297	3622
6298	3621
6299	3621
6300	3623
6301	3623
6302	3624
6303	3624
6304	3625
6305	3625
6306	3625
6307	3625
6308	3625
6309	3625
6310	3625
6311	3625
6312	3625
6313	3625
6314	3626
6315	3628
6316	3628
6317	3628
6318	3628
6319	3628
6320	3628
6321	3628
6322	3628
6323	3628
6324	3628
6325	3630
6326	3630
6327	3631
6328	3631
6329	3631
6330	3632
6331	3632
6332	3632
6333	3634
6334	3636
6335	3636
6336	3638
6337	3638
6338	3638
6339	3637
6340	3637
6341	3637
6342	3637
6343	3637
6344	3637
6345	3639
6346	3639
6347	3641
6348	3641
6349	3641
6350	3643
6351	3643
6352	3643
6353	3643
6354	3642
6355	3641
6356	3641
6357	3641
6358	3641
6359	3643
6360	3643
6361	3644
6362	3646
6363	3646
6364	3648
6365	3647
6366	3648
6367	3648
6368	3650
6369	3649
6370	3649
6371	3648
6372	3648
6373	3648
6374	3648
6375	3648
6376	3648
6377	3650
6378	3650
6379	3650
6380	3652
6381	3652
6382	3654
6383	3654
6384	3654
6385	3654
6386	3656
6387	3655
6388	3654
6389	3654
6390	3654
6391	3654
6392	3654
6393	3654
6394	3654
6395	3654
6396	3654
6397	3654
6398	3656
6399	3656
6400	3656
6401	3656
6402	3655
6403	3655
6404	3654
6405	3654
6406	3654
6407	3653
6408	3653
6409	3653
6410	3655
6411	3655
6412	3655
6413	3655
6414	3654
6415	3654
6416	3654
6417	3656
6418	3658
6419	3658
6420	3658
6421	3658
6422	3657
6423	3657
6424	3657
6425	3657
6426	3659
6427	3659
6428	3659
6429	3659
6430	3659
6431	3659
6432	3659
6433	3659
6434	3661
6435	3661
6436	3661
6437	3661
6438	3661
6439	3661
6440	3660
6441	3660
6442	3660
6443	3660
6444	3661
6445	3661
6446	3661
6447	3661
6448	3661
6449	3661
6450	3661
6451	3661
6452	3663
6453	3663
6454	3664
6455	3664
6456	3665
6457	3664
6458	3665
6459	3665
6460	3665
6461	3665
6462	3665
6463	3665
6464	3664
6465	3664
6466	3664
6467	3666
6468	3665
6469	3665
6470	3667
6471	3668
6472	3668
6473	3670
6474	3670
6475	3672
6476	3672
6477	3672
6478	3672
6479	3671
6480	3670
6481	3670
6482	3670
6483	3670
6484	3670
6485	3672
6486	3672
6487	3672
6488	3672
6489	3672
6490	3672
6491	3672
6492	3674
6493	3674
6494	3674
6495	3674
6496	3674
6497	3674
6498	3674
6499	3676
6500	3676
6501	3676
6502	3676
6503	3676
6504	3676
6505	3676
6506	3676
6507	3677
6508	3677
6509	3678
6510	3678
6511	3679
6512	3679
6513	3681
6514	3682
6515	3682
6516	3684
6517	3684
6518	3686
6519	3686
6520	3685
6521	3685
6522	3685
6523	3685
6524	3685
6525	3685
6526	3687
6527	3687
6528	3687
6529	3686
6530	3686
6531	3686
6532	3686
6533	3685
6534	3685
6535	3685
6536	3685
6537	3685
6538	3685
6539	3686
6540	3686
6541	3688
6542	3687
6543	3687
6544	3687
6545	3687
6546	3687
6547	3689
6548	3689
6549	3689
6550	3689
6551	3689
6552	3689
6553	3689
6554	3691
6555	3691
6556	3690
6557	3690
6558	3690
6559	3690
6560	3690
6561	3690
6562	3691
6563	3691
6564	3692
6565	3691
6566	3692
6567	3693
6568	3693
6569	3695
6570	3695
6571	3695
6572	3695
6573	3694
6574	3694
6575	3694
6576	3694
6577	3694
6578	3696
6579	3696
6580	3696
6581	3696
6582	3696
6583	3697
6584	3698
6585	3698
6586	3698
6587	3698
6588	3698
6589	3698
6590	3698
6591	3698
6592	3698
6593	3699
6594	3699
6595	3699
6596	3699
6597	3701
6598	3701
6599	3701
6600	3701
6601	3700
6602	3699
6603	3699
6604	3699
6605	3699
6606	3701
6607	3701
6608	3702
6609	3702
6610	3703
6611	3703
6612	3703
6613	3705
6614	3705
6615	3707
6616	3707
6617	3709
6618	3709
6619	3708
6620	3707
6621	3707
6622	3707
6623	3706
6624	3706
6625	3706
6626	3708
6627	3710
6628	3710
6629	3712
6630	3712
6631	3712
6632	3712
6633	3711
6634	3711
6635	3711
6636	3711
6637	3711
6638	3713
6639	3713
6640	3714
6641	3716
6642	3716
6643	3717
6644	3717
6645	3719
6646	3718
6647	3720
6648	3719
6649	3719
6650	3719
6651	3719
6652	3718
6653	3718
6654	3718
6655	3718
6656	3720
6657	3720
6658	3720
6659	3722
6660	3722
6661	3724
6662	3724
6663	3724
6664	3724
6665	3726
6666	3725
6667	3725
6668	3725
6669	3724
6670	3724
6671	3724
6672	3724
6673	3726
6674	3726
6675	3725
6676	3725
6677	3725
6678	3725
6679	3725
6680	3724
6681	3724
6682	3723
6683	3723
6684	3723
6685	3723
6686	3723
6687	3723
6688	3723
6689	3722
6690	3722
6691	3724
6692	3724
6693	3723
6694	3723
6695	3723
6696	3725
6697	3725
6698	3725
6699	3725
6700	3725
6701	3725
6702	3724
6703	3724
6704	3726
6705	3726
6706	3728
6707	3727
6708	3729
6709	3729
6710	3730
6711	3730
6712	3732
6713	3732
6714	3731
6715	3731
6716	3731
6717	3731
6718	3731
6719	3731
6720	3733
6721	3733
6722	3733
6723	3733
6724	3733
6725	3733
6726	3733
6727	3733
6728	3735
6729	3735
6730	3735
6731	3735
6732	3736
6733	3736
6734	3736
6735	3736
6736	3736
6737	3736
6738	3735
6739	3735
6740	3735
6741	3735
6742	3735
6743	3735
6744	3735
6745	3735
6746	3736
6747	3736
6748	3737
6749	3737
6750	3739
6751	3740
6752	3740
6753	3739
6754	3741
6755	3741
6756	3741
6757	3741
6758	3741
6759	3740
6760	3740
6761	3740
6762	3740
6763	3740
6764	3740
6765	3740
6766	3740
6767	3740
6768	3742
6769	3742
6770	3744
6771	3744
6772	3743
6773	3743
6774	3743
6775	3743
6776	3743
6777	3745
6778	3745
6779	3745
6780	3745
6781	3745
6782	3745
6783	3745
6784	3745
6785	3746
6786	3746
6787	3748
6788	3748
6789	3749
6790	3749
6791	3751
6792	3751
6793	3752
6794	3752
6795	3754
6796	3754
6797	3754
6798	3754
6799	3753
6800	3753
6801	3753
6802	3753
6803	3755
6804	3755
6805	3755
6806	3755
6807	3754
6808	3754
6809	3754
6810	3754
6811	3756
6812	3756
6813	3756
6814	3756
6815	3756
6816	3756
6817	3756
6818	3756
6819	3756
6820	3756
6821	3756
6822	3756
6823	3758
6824	3757
6825	3757
6826	3757
6827	3757
6828	3757
6829	3759
6830	3759
6831	3758
6832	3758
6833	3758
6834	3758
6835	3758
6836	3758
6837	3759
6838	3759
6839	3760
6840	3762
6841	3762
6842	3763
6843	3763
6844	3763
6845	3763
6846	3763
6847	3763
6848	3763
6849	3763
6850	3763
6851	3764
6852	3764
6853	3764
6854	3766
6855	3766
6856	3766
6857	3766
6858	3766
6859	3766
6860	3765
6861	3764
6862	3764
6863	3764
6864	3764
6865	3766
6866	3766
6867	3767
6868	3767
6869	3768
6870	3768
6871	3768
6872	3768
6873	3768
6874	3768
6875	3768
6876	3770
6877	3770
6878	3770
6879	3771
6880	3771
6881	3771
6882	3771
6883	3773
6884	3775
6885	3775
6886	3777
6887	3777
6888	3776
6889	3776
6890	3776
6891	3776
6892	3776
6893	3776
6894	3776
6895	3776
6896	3778
6897	3778
6898	3780
6899	3780
6900	3782
6901	3782
6902	3782
6903	3782
6904	3781
6905	3780
6906	3780
6907	3779
6908	3779
6909	3779
6910	3781
6911	3781
6912	3781
6913	3783
6914	3783
6915	3785
6916	3785
6917	3787
6918	3787
6919	3787
6920	3786
6921	3786
6922	3786
6923	3786
6924	3786
6925	3786
6926	3785
6927	3785
6928	3785
6929	3785
6930	3787
6931	3787
6932	3787
6933	3787
6934	3787
6935	3786
6936	3785
6937	3784
6938	3783
6939	3783
6940	3783
6941	3783
6942	3785
6943	3785
6944	3785
6945	3784
6946	3784
6947	3784
6948	3784
6949	3786
6950	3786
6951	3788
6952	3788
6953	3790
6954	3792
6955	3792
6956	3794
6957	3794
6958	3794
6959	3796
6960	3796
6961	3798
6962	3798
6963	3797
6964	3797
6965	3797
6966	3797
6967	3797
6968	3797
6969	3798
6970	3798
6971	3798
6972	3798
6973	3798
6974	3798
6975	3800
6976	3800
6977	3800
6978	3800
6979	3799
6980	3799
6981	3798
6982	3798
6983	3798
6984	3800
6985	3800
6986	3800
6987	3800
6988	3799
6989	3799
6990	3799
6991	3801
6992	3801
6993	3801
6994	3801
6995	3801
6996	3801
6997	3801
6998	3801
6999	3803
7000	3803
7001	3805
7002	3805
7003	3806
7004	3806
7005	3807
7006	3808
7007	3808
7008	3808
7009	3808
7010	3808
7011	3807
7012	3807
7013	3807
7014	3807
7015	3808
7016	3808
7017	3808
7018	3808
7019	3808
7020	3808
7021	3810
7022	3810
7023	3810
7024	3810
7025	3811
7026	3811
7027	3811
7028	3811
7029	3811
7030	3811
7031	3811
7032	3813
7033	3813
7034	3813
7035	3813
7036	3813
7037	3813
7038	3813
7039	3813
7040	3815
7041	3815
7042	3816
7043	3816
7044	3818
7045	3818
7046	3818
7047	3820
7048	3820
7049	3822
7050	3822
7051	3824
7052	3824
7053	3824
7054	3824
7055	3824
7056	3823
7057	3823
7058	3823
7059	3823
7060	3823
7061	3823
7062	3823
7063	3823
7064	3823
7065	3825
7066	3825
7067	3827
7068	3827
7069	3827
7070	3827
7071	3827
7072	3827
7073	3827
7074	3829
7075	3829
7076	3828
7077	3828
7078	3828
7079	3828
7080	3828
7081	3828
7082	3829
7083	3829
7084	3830
7085	3830
7086	3831
7087	3832
7088	3832
7089	3833
7090	3833
7091	3833
7092	3833
7093	3835
7094	3835
7095	3835
7096	3835
7097	3835
7098	3835
7099	3835
7100	3836
7101	3836
7102	3836
7103	3836
7104	3836
7105	3836
7106	3836
7107	3838
7108	3838
7109	3838
7110	3838
7111	3838
7112	3838
7113	3838
7114	3838
7115	3840
7116	3841
7117	3841
7118	3841
7119	3842
7120	3843
7121	3843
7122	3845
7123	3845
7124	3847
7125	3847
7126	3846
7127	3846
7128	3846
7129	3846
7130	3846
7131	3848
7132	3848
7133	3848
7134	3847
7135	3847
7136	3847
7137	3847
7138	3847
7139	3847
7140	3847
7141	3847
7142	3847
7143	3847
7144	3849
7145	3849
7146	3849
7147	3849
7148	3849
7149	3849
7150	3849
7151	3851
7152	3851
7153	3851
7154	3850
7155	3850
7156	3852
7157	3852
7158	3852
7159	3852
7160	3852
7161	3852
7162	3851
7163	3851
7164	3852
7165	3852
7166	3853
7167	3854
7168	3854
7169	3854
7170	3854
7171	3853
7172	3853
7173	3853
7174	3853
7175	3854
7176	3854
7177	3854
7178	3854
7179	3855
7180	3855
7181	3855
7182	3855
7183	3855
7184	3855
7185	3855
7186	3855
7187	3855
7188	3855
7189	3857
7190	3857
7191	3858
7192	3858
7193	3860
7194	3860
7195	3860
7196	3860
7197	3860
7198	3860
7199	3860
7200	3859
7201	3860
7202	3860
7203	3860
7204	3861
7205	3861
7206	3861
7207	3863
7208	3863
7209	3863
7210	3865
7211	3865
7212	3867
7213	3867
7214	3869
7215	3869
7216	3871
7217	3871
7218	3871
7219	3870
7220	3870
7221	3870
7222	3870
7223	3870
7224	3870
7225	3872
7226	3874
7227	3874
7228	3875
7229	3875
7230	3875
7231	3875
7232	3875
7233	3874
7234	3874
7235	3874
7236	3874
7237	3873
7238	3873
7239	3873
7240	3873
7241	3875
7242	3875
7243	3875
7244	3874
7245	3874
7246	3873
7247	3873
7248	3872
7249	3871
7250	3871
7251	3871
7252	3871
7253	3872
7254	3872
7255	3874
7256	3874
7257	3874
7258	3874
7259	3874
7260	3874
7261	3875
7262	3875
7263	3875
7264	3875
7265	3875
7266	3875
7267	3875
7268	3877
7269	3877
7270	3877
7271	3877
7272	3877
7273	3877
7274	3877
7275	3878
7276	3878
7277	3879
7278	3879
7279	3881
7280	3882
7281	3882
7282	3884
7283	3884
7284	3884
7285	3883
7286	3883
7287	3883
7288	3883
7289	3883
7290	3884
7291	3884
7292	3884
7293	3884
7294	3886
7295	3886
7296	3886
7297	3886
7298	3886
7299	3885
7300	3885
7301	3885
7302	3887
7303	3887
7304	3889
7305	3889
7306	3889
7307	3891
7308	3892
7309	3892
7310	3894
7311	3894
7312	3896
7313	3896
7314	3895
7315	3895
7316	3895
7317	3895
7318	3895
7319	3895
7320	3897
7321	3897
7322	3899
7323	3899
7324	3899
7325	3899
7326	3898
7327	3898
7328	3898
7329	3898
7330	3900
7331	3900
7332	3899
7333	3899
7334	3899
7335	3899
7336	3899
7337	3901
7338	3901
7339	3901
7340	3900
7341	3900
7342	3900
7343	3900
7344	3900
7345	3900
7346	3900
7347	3899
7348	3899
7349	3899
7350	3899
7351	3899
7352	3899
7353	3899
7354	3899
7355	3899
7356	3899
7357	3899
7358	3899
7359	3899
7360	3901
7361	3901
7362	3903
7363	3903
7364	3903
7365	3903
7366	3903
7367	3903
7368	3903
7369	3903
7370	3905
7371	3905
7372	3906
7373	3906
7374	3907
7375	3907
7376	3908
7377	3909
7378	3909
7379	3911
7380	3911
7381	3911
7382	3911
7383	3911
7384	3911
7385	3911
7386	3911
7387	3911
7388	3913
7389	3913
7390	3915
7391	3915
7392	3916
7393	3916
7394	3916
7395	3918
7396	3917
7397	3917
7398	3917
7399	3917
7400	3917
7401	3917
7402	3917
7403	3917
7404	3919
7405	3919
7406	3919
7407	3920
7408	3920
7409	3922
7410	3922
7411	3924
7412	3924
7413	3924
7414	3923
7415	3923
7416	3923
7417	3923
7418	3925
7419	3925
7420	3925
7421	3925
7422	3925
7423	3924
7424	3924
7425	3924
7426	3924
7427	3924
7428	3924
7429	3924
7430	3924
7431	3926
7432	3925
7433	3925
7434	3925
7435	3925
7436	3926
7437	3926
7438	3928
7439	3928
7440	3928
7441	3928
7442	3928
7443	3928
7444	3928
7445	3930
7446	3930
7447	3930
7448	3930
7449	3930
7450	3930
7451	3930
7452	3932
7453	3932
7454	3934
7455	3934
7456	3935
7457	3935
7458	3936
7459	3938
7460	3938
7461	3939
7462	3939
7463	3939
7464	3939
7465	3939
7466	3938
7467	3938
7468	3937
7469	3937
7470	3939
7471	3939
7472	3939
7473	3939
7474	3939
7475	3939
7476	3939
7477	3938
7478	3940
7479	3940
7480	3940
7481	3940
7482	3941
7483	3943
7484	3943
7485	3943
7486	3943
7487	3943
7488	3943
7489	3943
7490	3943
7491	3943
7492	3943
7493	3943
7494	3945
7495	3945
7496	3946
7497	3946
7498	3946
7499	3948
7500	3950
7501	3950
7502	3951
7503	3951
7504	3952
7505	3952
7506	3952
7507	3954
7508	3954
7509	3954
7510	3954
7511	3954
7512	3954
7513	3954
7514	3954
7515	3954
7516	3954
7517	3954
7518	3954
7519	3956
7520	3955
7521	3954
7522	3955
7523	3955
7524	3957
7525	3957
7526	3959
7527	3959
7528	3959
7529	3959
7530	3961
7531	3961
7532	3963
7533	3962
7534	3964
7535	3964
7536	3966
7537	3966
7538	3966
7539	3966
7540	3965
7541	3965
7542	3965
7543	3965
7544	3965
7545	3967
7546	3967
7547	3969
7548	3970
7549	3969
7550	3969
7551	3971
7552	3971
7553	3973
7554	3973
7555	3974
7556	3974
7557	3974
7558	3974
7559	3973
7560	3973
7561	3973
7562	3975
7563	3975
7564	3974
7565	3973
7566	3973
7567	3973
7568	3973
7569	3972
7570	3972
7571	3972
7572	3972
7573	3972
7574	3972
7575	3974
7576	3974
7577	3973
7578	3973
7579	3973
7580	3972
7581	3972
7582	3972
7583	3972
7584	3971
7585	3971
7586	3971
7587	3973
7588	3972
7589	3972
7590	3972
7591	3972
7592	3974
7593	3974
7594	3974
7595	3974
7596	3974
7597	3974
7598	3974
7599	3976
7600	3976
7601	3976
7602	3976
7603	3976
7604	3976
7605	3976
7606	3976
7607	3978
7608	3978
7609	3980
7610	3979
7611	3978
7612	3978
7613	3980
7614	3980
7615	3981
7616	3981
7617	3980
7618	3981
7619	3981
7620	3982
7621	3982
7622	3983
7623	3983
7624	3985
7625	3985
7626	3985
7627	3985
7628	3984
7629	3984
7630	3983
7631	3983
7632	3983
7633	3984
7634	3986
7635	3986
7636	3986
7637	3988
7638	3988
7639	3990
7640	3990
7641	3989
7642	3989
7643	3989
7644	3989
7645	3989
7646	3989
7647	3989
7648	3991
7649	3991
7650	3993
7651	3993
7652	3995
7653	3995
7654	3997
7655	3997
7656	3999
7657	3999
7658	3999
7659	3999
7660	3998
7661	3998
7662	3998
7663	3998
7664	3998
7665	4000
7666	3999
7667	3999
7668	3999
7669	3999
7670	3999
7671	4001
7672	4001
7673	4001
7674	4000
7675	3999
7676	3999
7677	4000
7678	4000
7679	4000
7680	4000
7681	3999
7682	3998
7683	3997
7684	3997
7685	3997
7686	3997
7687	3999
7688	3999
7689	3999
7690	3998
7691	3998
7692	3998
7693	3998
7694	3998
7695	4000
7696	4000
7697	4002
7698	4002
7699	4004
7700	4004
7701	4006
7702	4006
7703	4008
7704	4008
7705	4010
7706	4009
7707	4009
7708	4008
7709	4008
7710	4008
7711	4008
7712	4007
7713	4008
7714	4008
7715	4007
7716	4007
7717	4007
7718	4007
7719	4009
7720	4009
7721	4009
7722	4009
7723	4009
7724	4008
7725	4007
7726	4007
7727	4007
7728	4009
7729	4009
7730	4009
7731	4008
7732	4008
7733	4008
7734	4008
7735	4010
7736	4010
7737	4012
7738	4012
7739	4014
7740	4014
7741	4016
7742	4016
7743	4016
7744	4016
7745	4018
7746	4018
7747	4017
7748	4017
7749	4017
7750	4017
7751	4017
7752	4017
7753	4017
7754	4017
7755	4016
7756	4016
7757	4016
7758	4018
7759	4018
7760	4018
7761	4018
7762	4017
7763	4017
7764	4016
7765	4015
7766	4015
7767	4014
7768	4014
7769	4014
7770	4016
7771	4016
7772	4016
7773	4016
7774	4015
7775	4015
7776	4015
7777	4017
7778	4019
7779	4019
7780	4019
7781	4019
7782	4018
7783	4018
7784	4018
7785	4018
7786	4020
7787	4020
7788	4020
7789	4020
7790	4020
7791	4020
7792	4020
7793	4020
7794	4022
7795	4022
7796	4022
7797	4022
7798	4022
7799	4022
7800	4022
7801	4024
7802	4024
7803	4024
7804	4024
7805	4026
7806	4025
7807	4025
7808	4025
7809	4024
7810	4024
7811	4024
7812	4024
7813	4025
7814	4025
7815	4026
7816	4026
7817	4027
7818	4028
7819	4028
7820	4029
7821	4029
7822	4029
7823	4029
7824	4029
7825	4029
7826	4029
7827	4029
7828	4029
7829	4031
7830	4031
7831	4033
7832	4033
7833	4033
7834	4033
7835	4033
7836	4033
7837	4033
7838	4034
7839	4034
7840	4034
7841	4034
7842	4034
7843	4034
7844	4034
7845	4034
7846	4036
7847	4036
7848	4037
7849	4037
7850	4038
7851	4039
7852	4039
7853	4041
7854	4041
7855	4041
7856	4041
7857	4041
7858	4041
7859	4041
7860	4041
7861	4041
7862	4043
7863	4043
7864	4045
7865	4045
7866	4046
7867	4046
7868	4047
7869	4048
7870	4048
7871	4048
7872	4049
7873	4049
7874	4049
7875	4049
7876	4049
7877	4050
7878	4050
7879	4049
7880	4049
7881	4049
7882	4049
7883	4049
7884	4051
7885	4051
7886	4051
7887	4051
7888	4051
7889	4053
7890	4053
7891	4053
7892	4053
7893	4052
7894	4052
7895	4052
7896	4051
7897	4053
7898	4053
7899	4054
7900	4054
7901	4056
7902	4056
7903	4058
7904	4058
7905	4060
7906	4060
7907	4060
7908	4060
7909	4060
7910	4060
7911	4060
7912	4062
7913	4061
7914	4061
7915	4060
7916	4060
7917	4060
7918	4060
7919	4060
7920	4062
7921	4062
7922	4062
7923	4062
7924	4062
7925	4062
7926	4064
7927	4064
7928	4064
7929	4064
7930	4064
7931	4064
7932	4063
7933	4065
7934	4065
7935	4064
7936	4064
7937	4064
7938	4064
7939	4063
7940	4063
7941	4064
7942	4063
7943	4064
7944	4063
7945	4063
7946	4062
7947	4063
7948	4063
7949	4063
7950	4063
7951	4063
7952	4063
7953	4063
7954	4063
7955	4063
7956	4063
7957	4063
7958	4063
7959	4062
7960	4063
7961	4063
7962	4064
7963	4064
7964	4064
7965	4064
7966	4066
7967	4066
7968	4066
7969	4066
7970	4066
7971	4066
7972	4066
7973	4066
7974	4066
7975	4068
7976	4068
7977	4069
7978	4069
7979	4071
7980	4071
7981	4071
7982	4073
7983	4075
7984	4075
7985	4077
7986	4077
7987	4079
7988	4079
7989	4078
7990	4078
7991	4078
7992	4078
7993	4078
7994	4078
7995	4078
7996	4080
7997	4082
7998	4082
7999	4083
8000	4082
8001	4082
8002	4082
8003	4081
8004	4081
8005	4081
8006	4081
8007	4083
8008	4083
8009	4082
8010	4082
8011	4082
8012	4082
8013	4082
8014	4082
8015	4084
8016	4084
8017	4084
8018	4083
8019	4083
8020	4083
8021	4083
8022	4083
8023	4083
8024	4083
8025	4083
8026	4082
8027	4082
8028	4084
8029	4084
8030	4086
8031	4085
8032	4084
8033	4084
8034	4084
8035	4084
8036	4084
8037	4084
8038	4084
8039	4084
8040	4084
8041	4084
8042	4084
8043	4084
8044	4084
8045	4084
8046	4084
8047	4086
8048	4086
8049	4087
8050	4087
8051	4088
8052	4088
8053	4089
8054	4090
8055	4090
8056	4092
8057	4092
8058	4092
8059	4092
8060	4092
8061	4092
8062	4092
8063	4092
8064	4092
8065	4094
8066	4094
8067	4096
8068	4096
8069	4096
8070	4096
8071	4097
8072	4099
8073	4098
8074	4098
8075	4098
8076	4098
8077	4098
8078	4098
8079	4097
8080	4097
8081	4099
8082	4099
8083	4100
8084	4100
8085	4100
8086	4102
8087	4102
8088	4104
8089	4104
8090	4103
8091	4103
8092	4103
8093	4102
8094	4102
8095	4102
8096	4101
8097	4101
8098	4101
8099	4101
8100	4101
8101	4101
8102	4101
8103	4101
8104	4102
8105	4102
8106	4102
8107	4102
8108	4102
8109	4102
8110	4102
8111	4104
8112	4103
8113	4103
8114	4103
8115	4103
8116	4102
8117	4102
8118	4103
8119	4103
8120	4105
8121	4105
8122	4105
8123	4105
8124	4105
8125	4105
8126	4104
8127	4105
8128	4105
8129	4106
8130	4106
8131	4108
8132	4109
8133	4109
8134	4111
8135	4111
8136	4111
8137	4111
8138	4110
8139	4110
8140	4110
8141	4110
8142	4112
8143	4112
8144	4114
8145	4114
8146	4114
8147	4114
8148	4113
8149	4113
8150	4113
8151	4113
8152	4114
8153	4114
8154	4114
8155	4116
8156	4116
8157	4116
8158	4118
8159	4118
8160	4120
8161	4120
8162	4121
8163	4121
8164	4123
8165	4123
8166	4123
8167	4122
8168	4122
8169	4122
8170	4122
8171	4122
8172	4124
8173	4124
8174	4126
8175	4126
8176	4126
8177	4126
8178	4126
8179	4125
8180	4125
8181	4125
8182	4127
8183	4127
8184	4127
8185	4127
8186	4126
8187	4126
8188	4126
8189	4126
8190	4128
8191	4128
8192	4127
8193	4127
8194	4127
8195	4127
8196	4127
8197	4129
8198	4129
8199	4129
8200	4129
8201	4129
8202	4129
8203	4129
8204	4131
8205	4131
8206	4131
8207	4131
8208	4131
8209	4131
8210	4133
8211	4133
8212	4133
8213	4133
8214	4133
8215	4133
8216	4133
8217	4132
8218	4134
8219	4133
8220	4135
8221	4135
8222	4136
8223	4136
8224	4137
8225	4139
8226	4139
8227	4140
8228	4140
8229	4140
8230	4140
8231	4140
8232	4140
8233	4140
8234	4140
8235	4139
8236	4141
8237	4141
8238	4142
8239	4142
8240	4142
8241	4144
8242	4144
8243	4144
8244	4144
8245	4144
8246	4144
8247	4143
8248	4142
8249	4142
8250	4141
8251	4141
8252	4143
8253	4143
8254	4143
8255	4143
8256	4143
8257	4143
8258	4143
8259	4143
8260	4145
8261	4145
8262	4145
8263	4146
8264	4146
8265	4148
8266	4148
8267	4148
8268	4149
8269	4149
8270	4150
8271	4150
8272	4152
8273	4152
8274	4152
8275	4152
8276	4152
8277	4152
8278	4152
8279	4152
8280	4152
8281	4152
8282	4152
8283	4152
8284	4154
8285	4153
8286	4154
8287	4153
8288	4153
8289	4155
8290	4155
8291	4157
8292	4157
8293	4157
8294	4159
8295	4159
8296	4161
8297	4161
8298	4161
8299	4163
8300	4162
8301	4164
8302	4164
8303	4164
8304	4164
8305	4164
8306	4163
8307	4163
8308	4163
8309	4162
8310	4164
8311	4164
8312	4166
8313	4168
8314	4168
8315	4170
8316	4170
8317	4171
8318	4170
8319	4170
8320	4171
8321	4171
8322	4171
8323	4170
8324	4170
8325	4170
8326	4170
8327	4172
8328	4172
8329	4171
8330	4170
8331	4170
8332	4170
8333	4170
8334	4169
8335	4171
8336	4171
8337	4171
8338	4170
8339	4169
8340	4169
8341	4169
8342	4169
8343	4169
8344	4169
8345	4169
8346	4169
8347	4169
8348	4169
8349	4169
8350	4168
8351	4168
8352	4170
8353	4170
8354	4169
8355	4169
8356	4169
8357	4171
8358	4171
8359	4171
8360	4171
8361	4171
8362	4171
8363	4171
8364	4171
8365	4173
8366	4173
8367	4175
8368	4174
8369	4174
8370	4173
8371	4175
8372	4175
8373	4176
8374	4176
8375	4176
8376	4176
8377	4176
8378	4176
8379	4176
8380	4176
8381	4178
8382	4178
8383	4179
8384	4179
8385	4181
8386	4181
8387	4183
8388	4183
8389	4184
8390	4184
8391	4186
8392	4186
8393	4186
8394	4185
8395	4185
8396	4185
8397	4185
8398	4185
8399	4185
8400	4184
8401	4185
8402	4185
8403	4186
8404	4186
8405	4186
8406	4186
8407	4185
8408	4185
8409	4185
8410	4184
8411	4184
8412	4186
8413	4186
8414	4188
8415	4190
8416	4190
8417	4192
8418	4192
8419	4192
8420	4194
8421	4194
8422	4194
8423	4193
8424	4193
8425	4193
8426	4193
8427	4193
8428	4193
8429	4195
8430	4195
8431	4194
8432	4194
8433	4194
8434	4193
8435	4195
8436	4194
8437	4194
8438	4194
8439	4194
8440	4194
8441	4195
8442	4195
8443	4195
8444	4195
8445	4194
8446	4193
8447	4193
8448	4192
8449	4192
8450	4192
8451	4194
8452	4194
8453	4194
8454	4194
8455	4193
8456	4193
8457	4194
8458	4194
8459	4194
8460	4195
8461	4196
8462	4197
8463	4198
8464	4199
8465	4200
8466	4201
8467	4202
8468	4203
8469	4204
8470	4204
8471	4205
8472	4205
8473	4206
8474	4207
8475	4207
8476	4208
8477	4209
8478	4209
8479	4210
8480	4211
8481	4212
8482	4213
8483	4214
8484	4215
8485	4215
8486	4216
8487	4217
8488	4218
8489	4219
8490	4220
8491	4221
8492	4222
8493	4223
8494	4224
8495	4225
8496	4226
8497	4227
8498	4227
8499	4228
8500	4229
8501	4230
8502	4230
8503	4230
8504	4231
8505	4232
8506	4233
8507	4234
8508	4235
8509	4235
8510	4236
8511	4236
8512	4236
8513	4237
8514	4238
8515	4239
8516	4240
8517	4241
8518	4242
8519	4243
8520	4244
8521	4244
8522	4245
8523	4246
8524	4247
8525	4248
8526	4249
8527	4250
8528	4251
8529	4251
8530	4251
8531	4251
8532	4252
8533	4252
8534	4253
8535	4254
8536	4255
8537	4256
8538	4257
8539	4257
8540	4258
8541	4259
8542	4260
8543	4261
8544	4262
8545	4263
8546	4263
8547	4263
8548	4264
8549	4265
8550	4266
8551	4267
8552	4268
8553	4269
8554	4270
8555	4271
8556	4272
8557	4272
8558	4273
8559	4274
8560	4275
8561	4276
8562	4276
8563	4277
8564	4277
8565	4278
8566	4279
8567	4280
8568	4281
8569	4281
8570	4282
8571	4282
8572	4283
8573	4283
8574	4284
8575	4285
8576	4286
8577	4287
8578	4288
8579	4289
8580	4290
8581	4290
8582	4291
8583	4292
8584	4292
8585	4292
8586	4293
8587	4294
8588	4295
8589	4296
8590	4296
8591	4296
8592	4297
8593	4297
8594	4298
8595	4299
8596	4299
8597	4300
8598	4301
8599	4302
8600	4303
8601	4304
8602	4305
8603	4306
8604	4307
8605	4308
8606	4309
8607	4310
8608	4311
8609	4312
8610	4313
8611	4314
8612	4314
8613	4315
8614	4316
8615	4317
8616	4317
8617	4317
8618	4318
8619	4319
8620	4319
8621	4320
8622	4321
8623	4322
8624	4323
8625	4323
8626	4324
8627	4325
8628	4326
8629	4327
8630	4328
8631	4329
8632	4330
8633	4331
8634	4331
8635	4332
8636	4333
8637	4334
8638	4335
8639	4336
8640	4336
8641	4337
8642	4338
8643	4339
8644	4339
8645	4340
8646	4340
8647	4341
8648	4342
8649	4342
8650	4343
8651	4344
8652	4345
8653	4345
8654	4346
8655	4347
8656	4348
8657	4349
8658	4350
8659	4351
8660	4352
8661	4353
8662	4354
8663	4355
8664	4356
8665	4357
8666	4358
8667	4359
8668	4359
8669	4360
8670	4361
8671	4362
8672	4363
8673	4364
8674	4365
8675	4366
8676	4367
8677	4367
8678	4367
8679	4368
8680	4369
8681	4370
8682	4370
8683	4370
8684	4371
8685	4371
8686	4372
8687	4373
8688	4373
8689	4373
8690	4374
8691	4375
8692	4376
8693	4377
8694	4378
8695	4379
8696	4380
8697	4379
8698	4380
8699	4380
8700	4381
8701	4382
8702	4382
8703	4383
8704	4383
8705	4384
8706	4384
8707	4385
8708	4386
8709	4387
8710	4388
8711	4389
8712	4390
8713	4389
8714	4390
8715	4390
8716	4391
8717	4392
8718	4393
8719	4393
8720	4394
8721	4395
8722	4396
8723	4397
8724	4398
8725	4399
8726	4400
8727	4400
8728	4401
8729	4401
8730	4402
8731	4403
8732	4404
8733	4404
8734	4405
8735	4406
8736	4406
8737	4407
8738	4408
8739	4409
8740	4410
8741	4411
8742	4412
8743	4413
8744	4413
8745	4414
8746	4415
8747	4416
8748	4417
8749	4418
8750	4418
8751	4419
8752	4420
8753	4421
8754	4422
8755	4423
8756	4423
8757	4424
8758	4425
8759	4426
8760	4427
8761	4428
8762	4429
8763	4429
8764	4430
8765	4431
8766	4432
8767	4433
8768	4432
8769	4432
8770	4433
8771	4433
8772	4434
8773	4435
8774	4436
8775	4437
8776	4437
8777	4438
8778	4438
8779	4439
8780	4440
8781	4441
8782	4442
8783	4443
8784	4444
8785	4445
8786	4446
8787	4447
8788	4447
8789	4448
8790	4449
8791	4449
8792	4450
8793	4451
8794	4452
8795	4453
8796	4454
8797	4455
8798	4456
8799	4457
8800	4458
8801	4459
8802	4460
8803	4461
8804	4462
8805	4462
8806	4462
8807	4463
8808	4464
8809	4464
8810	4465
8811	4466
8812	4467
8813	4468
8814	4469
8815	4470
8816	4470
8817	4471
8818	4472
8819	4472
8820	4472
8821	4473
8822	4473
8823	4473
8824	4474
8825	4475
8826	4476
8827	4477
8828	4478
8829	4479
8830	4480
8831	4480
8832	4481
8833	4482
8834	4483
8835	4483
8836	4484
8837	4485
8838	4486
8839	4486
8840	4487
8841	4488
8842	4489
8843	4490
8844	4491
8845	4492
8846	4493
8847	4494
8848	4495
8849	4496
8850	4496
8851	4497
8852	4498
8853	4499
8854	4499
8855	4500
8856	4501
8857	4502
8858	4503
8859	4503
8860	4504
8861	4505
8862	4506
8863	4507
8864	4508
8865	4509
8866	4510
8867	4511
8868	4512
8869	4513
8870	4514
8871	4515
8872	4516
8873	4517
8874	4518
8875	4518
8876	4519
8877	4520
8878	4521
8879	4522
8880	4523
8881	4523
8882	4523
8883	4524
8884	4525
8885	4526
8886	4527
8887	4528
8888	4529
8889	4530
8890	4531
8891	4531
8892	4531
8893	4532
8894	4533
8895	4533
8896	4534
8897	4535
8898	4536
8899	4536
8900	4537
8901	4537
8902	4538
8903	4538
8904	4539
8905	4540
8906	4541
8907	4542
8908	4542
8909	4543
8910	4544
8911	4545
8912	4546
8913	4547
8914	4548
8915	4549
8916	4549
8917	4549
8918	4550
8919	4551
8920	4552
8921	4553
8922	4554
8923	4555
8924	4556
8925	4557
8926	4557
8927	4558
8928	4559
8929	4559
8930	4559
8931	4560
8932	4561
8933	4562
8934	4562
8935	4563
8936	4563
8937	4564
8938	4565
8939	4566
8940	4567
8941	4567
8942	4568
8943	4568
8944	4569
8945	4569
8946	4570
8947	4570
8948	4571
8949	4572
8950	4573
8951	4574
8952	4575
8953	4576
8954	4577
8955	4578
8956	4579
8957	4580
8958	4581
8959	4581
8960	4582
8961	4583
8962	4584
8963	4585
8964	4586
8965	4587
8966	4588
8967	4588
8968	4588
8969	4589
8970	4590
8971	4590
8972	4591
8973	4592
8974	4592
8975	4593
8976	4594
8977	4595
8978	4596
8979	4597
8980	4597
8981	4598
8982	4598
8983	4599
8984	4599
8985	4600
8986	4600
8987	4601
8988	4601
8989	4602
8990	4603
8991	4603
8992	4603
8993	4604
8994	4605
8995	4606
8996	4607
8997	4608
8998	4609
8999	4610
9000	4611
9001	4612
9002	4613
9003	4614
9004	4615
9005	4616
9006	4617
9007	4618
9008	4618
9009	4619
9010	4619
9011	4620
9012	4621
9013	4621
9014	4622
9015	4623
9016	4624
9017	4624
9018	4625
9019	4626
9020	4627
9021	4628
9022	4629
9023	4630
9024	4631
9025	4632
9026	4633
9027	4634
9028	4635
9029	4636
9030	4636
9031	4636
9032	4637
9033	4638
9034	4638
9035	4639
9036	4640
9037	4641
9038	4641
9039	4642
9040	4643
9041	4643
9042	4643
9043	4644
9044	4645
9045	4645
9046	4646
9047	4647
9048	4648
9049	4649
9050	4650
9051	4651
9052	4652
9053	4653
9054	4654
9055	4655
9056	4656
9057	4657
9058	4658
9059	4659
9060	4660
9061	4661
9062	4661
9063	4662
9064	4662
9065	4663
9066	4664
9067	4665
9068	4666
9069	4667
9070	4668
9071	4669
9072	4669
9073	4669
9074	4669
9075	4670
9076	4671
9077	4672
9078	4672
9079	4673
9080	4674
9081	4675
9082	4676
9083	4677
9084	4677
9085	4678
9086	4679
9087	4679
9088	4680
9089	4681
9090	4682
9091	4683
9092	4684
9093	4685
9094	4685
9095	4686
9096	4687
9097	4688
9098	4689
9099	4690
9100	4691
9101	4692
9102	4692
9103	4693
9104	4694
9105	4695
9106	4695
9107	4696
9108	4697
9109	4697
9110	4697
9111	4698
9112	4699
9113	4700
9114	4701
9115	4702
9116	4701
9117	4701
9118	4702
9119	4703
9120	4704
9121	4705
9122	4706
9123	4707
9124	4708
9125	4708
9126	4709
9127	4708
9128	4708
9129	4709
9130	4710
9131	4711
9132	4712
9133	4713
9134	4714
9135	4715
9136	4716
9137	4717
9138	4717
9139	4718
9140	4718
9141	4719
9142	4720
9143	4720
9144	4721
9145	4722
9146	4723
9147	4724
9148	4725
9149	4726
9150	4726
9151	4727
9152	4728
9153	4729
9154	4730
9155	4731
9156	4731
9157	4732
9158	4733
9159	4733
9160	4734
9161	4735
9162	4736
9163	4737
9164	4738
9165	4739
9166	4740
9167	4740
9168	4739
9169	4739
9170	4740
9171	4741
9172	4742
9173	4743
9174	4744
9175	4745
9176	4746
9177	4747
9178	4748
9179	4748
9180	4748
9181	4749
9182	4750
9183	4751
9184	4752
9185	4753
9186	4754
9187	4755
9188	4756
9189	4757
9190	4758
9191	4759
9192	4760
9193	4761
9194	4761
9195	4761
9196	4761
9197	4762
9198	4762
9199	4763
9200	4764
9201	4765
9202	4766
9203	4767
9204	4768
9205	4769
9206	4769
9207	4770
9208	4770
9209	4771
9210	4771
9211	4772
9212	4772
9213	4772
9214	4773
9215	4774
9216	4775
9217	4776
9218	4777
9219	4778
9220	4779
9221	4780
9222	4780
9223	4781
9224	4781
9225	4782
9226	4783
9227	4784
9228	4785
9229	4786
9230	4787
9231	4787
9232	4788
9233	4789
9234	4790
9235	4791
9236	4792
9237	4793
9238	4794
9239	4794
9240	4795
9241	4796
9242	4796
9243	4797
9244	4798
9245	4798
9246	4799
9247	4800
9248	4800
9249	4801
9250	4802
9251	4802
9252	4802
9253	4803
9254	4804
9255	4804
9256	4805
9257	4805
9258	4806
9259	4806
9260	4807
9261	4808
9262	4809
9263	4810
9264	4811
9265	4812
9266	4813
9267	4814
9268	4815
9269	4815
9270	4816
9271	4817
9272	4818
9273	4819
9274	4820
9275	4821
9276	4822
9277	4822
9278	4823
9279	4824
9280	4824
9281	4825
9282	4826
9283	4827
9284	4828
9285	4829
9286	4830
9287	4830
9288	4831
9289	4831
9290	4832
9291	4833
9292	4834
9293	4835
9294	4836
9295	4837
9296	4838
9297	4838
9298	4839
9299	4840
9300	4841
9301	4842
9302	4843
9303	4843
9304	4844
9305	4844
9306	4844
9307	4845
9308	4846
9309	4847
9310	4847
9311	4848
9312	4849
9313	4850
9314	4851
9315	4850
9316	4851
9317	4852
9318	4853
9319	4854
9320	4855
9321	4855
9322	4855
9323	4856
9324	4857
9325	4858
9326	4859
9327	4859
9328	4859
9329	4859
9330	4859
9331	4860
9332	4861
9333	4862
9334	4863
9335	4864
9336	4865
9337	4866
9338	4867
9339	4868
9340	4869
9341	4870
9342	4871
9343	4872
9344	4872
9345	4873
9346	4873
9347	4874
9348	4875
9349	4875
9350	4876
9351	4877
9352	4878
9353	4879
9354	4880
9355	4881
9356	4882
9357	4882
9358	4883
9359	4884
9360	4885
9361	4886
9362	4887
9363	4888
9364	4889
9365	4890
9366	4891
9367	4892
9368	4893
9369	4894
9370	4895
9371	4896
9372	4897
9373	4897
9374	4898
9375	4899
9376	4899
9377	4900
9378	4901
9379	4902
9380	4902
9381	4903
9382	4904
9383	4905
9384	4906
9385	4907
9386	4908
9387	4908
9388	4909
9389	4910
9390	4911
9391	4912
9392	4913
9393	4913
9394	4914
9395	4915
9396	4916
9397	4917
9398	4918
9399	4919
9400	4920
9401	4921
9402	4921
9403	4922
9404	4922
9405	4923
9406	4924
9407	4925
9408	4926
9409	4927
9410	4928
9411	4929
9412	4929
9413	4930
9414	4930
9415	4930
9416	4931
9417	4931
9418	4932
9419	4933
9420	4934
9421	4933
9422	4934
9423	4934
9424	4935
9425	4936
9426	4937
9427	4937
9428	4938
9429	4939
9430	4940
9431	4940
9432	4941
9433	4942
9434	4942
9435	4943
9436	4944
9437	4945
9438	4946
9439	4947
9440	4948
9441	4949
9442	4949
9443	4950
9444	4951
9445	4951
9446	4952
9447	4953
9448	4954
9449	4955
9450	4956
9451	4957
9452	4958
9453	4958
9454	4959
9455	4960
9456	4961
9457	4962
9458	4963
9459	4964
9460	4965
9461	4966
9462	4967
9463	4967
9464	4968
9465	4969
9466	4970
9467	4971
9468	4972
9469	4973
9470	4974
9471	4974
9472	4975
9473	4976
9474	4977
9475	4977
9476	4978
9477	4979
9478	4980
9479	4981
9480	4982
9481	4983
9482	4983
9483	4984
9484	4984
9485	4985
9486	4986
9487	4987
9488	4988
9489	4989
9490	4989
9491	4990
9492	4991
9493	4992
9494	4993
9495	4994
9496	4994
9497	4995
9498	4996
9499	4997
9500	4998
9501	4999
9502	4999
9503	5000
9504	5001
9505	5002
9506	5001
9507	5002
9508	5003
9509	5004
9510	5004
9511	5005
9512	5005
9513	5005
9514	5005
9515	5006
9516	5007
9517	5008
9518	5009
9519	5010
9520	5011
9521	5012
9522	5013
9523	5014
9524	5014
9525	5014
9526	5015
9527	5016
9528	5017
9529	5018
9530	5019
9531	5020
9532	5021
9533	5022
9534	5023
9535	5024
9536	5024
9537	5025
9538	5026
9539	5027
9540	5027
9541	5028
9542	5029
9543	5029
9544	5030
9545	5030
9546	5031
9547	5032
9548	5033
9549	5034
9550	5035
9551	5036
9552	5037
9553	5038
9554	5039
9555	5040
9556	5041
9557	5041
9558	5042
9559	5043
9560	5043
9561	5043
9562	5044
9563	5045
9564	5045
9565	5045
9566	5046
9567	5047
9568	5048
9569	5049
9570	5049
9571	5050
9572	5051
9573	5052
9574	5053
9575	5054
9576	5055
9577	5056
9578	5057
9579	5058
9580	5058
9581	5059
9582	5060
9583	5061
9584	5062
9585	5063
9586	5063
9587	5064
9588	5065
9589	5065
9590	5066
9591	5067
9592	5068
9593	5069
9594	5070
9595	5071
9596	5072
9597	5072
9598	5072
9599	5073
9600	5074
9601	5073
9602	5074
9603	5075
9604	5076
9605	5077
9606	5078
9607	5079
9608	5078
9609	5079
9610	5080
9611	5081
9612	5082
9613	5083
9614	5084
9615	5084
9616	5085
9617	5086
9618	5087
9619	5088
9620	5089
9621	5090
9622	5091
9623	5092
9624	5093
9625	5094
9626	5095
9627	5095
9628	5096
9629	5097
9630	5098
9631	5098
9632	5099
9633	5099
9634	5099
9635	5099
9636	5100
9637	5100
9638	5101
9639	5102
9640	5103
9641	5103
9642	5104
9643	5105
9644	5106
9645	5107
9646	5108
9647	5109
9648	5110
9649	5111
9650	5112
9651	5113
9652	5114
9653	5115
9654	5116
9655	5117
9656	5118
9657	5119
9658	5119
9659	5119
9660	5120
9661	5121
9662	5121
9663	5122
9664	5122
9665	5123
9666	5124
9667	5125
9668	5126
9669	5127
9670	5128
9671	5129
9672	5130
9673	5131
9674	5132
9675	5133
9676	5134
9677	5135
9678	5135
9679	5136
9680	5137
9681	5138
9682	5139
9683	5139
9684	5139
9685	5140
9686	5141
9687	5141
9688	5142
9689	5143
9690	5144
9691	5144
9692	5145
9693	5146
9694	5147
9695	5148
9696	5149
9697	5150
9698	5149
9699	5150
9700	5151
9701	5152
9702	5152
9703	5152
9704	5153
9705	5154
9706	5155
9707	5156
9708	5156
9709	5156
9710	5156
9711	5157
9712	5158
9713	5159
9714	5160
9715	5161
9716	5162
9717	5163
9718	5163
9719	5164
9720	5165
9721	5165
9722	5166
9723	5166
9724	5167
9725	5168
9726	5169
9727	5170
9728	5171
9729	5172
9730	5173
9731	5174
9732	5175
9733	5176
9734	5177
9735	5178
9736	5179
9737	5180
9738	5180
9739	5181
9740	5182
9741	5183
9742	5184
9743	5185
9744	5186
9745	5187
9746	5187
9747	5188
9748	5189
9749	5190
9750	5191
9751	5191
9752	5192
9753	5193
9754	5194
9755	5194
9756	5195
9757	5196
9758	5196
9759	5197
9760	5198
9761	5199
9762	5200
9763	5201
9764	5202
9765	5203
9766	5203
9767	5204
9768	5204
9769	5205
9770	5206
9771	5207
9772	5208
9773	5209
9774	5210
9775	5211
9776	5212
9777	5213
9778	5213
9779	5214
9780	5215
9781	5216
9782	5217
9783	5218
9784	5219
9785	5220
9786	5221
9787	5222
9788	5223
9789	5224
9790	5225
9791	5225
9792	5226
9793	5227
9794	5228
9795	5229
9796	5229
9797	5230
9798	5231
9799	5231
9800	5232
9801	5233
9802	5233
9803	5234
9804	5235
9805	5236
9806	5237
9807	5238
9808	5239
9809	5240
9810	5240
9811	5241
9812	5242
9813	5243
9814	5244
9815	5245
9816	5246
9817	5247
9818	5247
9819	5248
9820	5249
9821	5250
9822	5251
9823	5252
9824	5252
9825	5253
9826	5254
9827	5254
9828	5255
9829	5256
9830	5257
9831	5258
9832	5259
9833	5260
9834	5260
9835	5260
9836	5261
9837	5262
9838	5262
9839	5263
9840	5263
9841	5264
9842	5265
9843	5266
9844	5267
9845	5267
9846	5268
9847	5269
9848	5270
9849	5271
9850	5270
9851	5270
9852	5271
9853	5271
9854	5272
9855	5273
9856	5274
9857	5275
9858	5276
9859	5276
9860	5277
9861	5277
9862	5278
9863	5279
9864	5280
9865	5281
9866	5282
9867	5282
9868	5283
9869	5284
9870	5285
9871	5286
9872	5287
9873	5287
9874	5288
9875	5289
9876	5290
9877	5289
9878	5290
9879	5291
9880	5292
9881	5293
9882	5293
9883	5294
9884	5295
9885	5296
9886	5297
9887	5298
9888	5299
9889	5300
9890	5301
9891	5302
9892	5302
9893	5302
9894	5303
9895	5303
9896	5303
9897	5303
9898	5304
9899	5305
9900	5305
9901	5306
9902	5306
9903	5307
9904	5308
9905	5309
9906	5310
9907	5311
9908	5312
9909	5313
9910	5314
9911	5314
9912	5315
9913	5316
9914	5316
9915	5317
9916	5318
9917	5319
9918	5319
9919	5319
9920	5320
9921	5321
9922	5322
9923	5323
9924	5324
9925	5325
9926	5326
9927	5326
9928	5327
9929	5328
9930	5329
9931	5330
9932	5331
9933	5332
9934	5333
9935	5333
9936	5334
9937	5335
9938	5336
9939	5337
9940	5338
9941	5339
9942	5339
9943	5340
9944	5341
9945	5341
9946	5342
9947	5343
9948	5343
9949	5343
9950	5344
9951	5345
9952	5346
9953	5347
9954	5348
9955	5349
9956	5350
9957	5351
9958	5352
9959	5352
9960	5353
9961	5354
9962	5354
9963	5354
9964	5355
9965	5356
9966	5357
9967	5358
9968	5359
9969	5359
9970	5360
9971	5361
9972	5362
9973	5363
9974	5364
9975	5365
9976	5366
9977	5367
9978	5368
9979	5369
9980	5370
9981	5371
9982	5372
9983	5373
9984	5374
9985	5375
9986	5375
9987	5375
9988	5376
9989	5377
9990	5376
9991	5377
9992	5378
9993	5379
9994	5380
9995	5381
9996	5382
9997	5383
9998	5382
9999	5383
10000	5384
10001	5385
10002	5386
10003	5387
10004	5388
10005	5388
10006	5389
10007	5389
10008	5390
10009	5391
10010	5392
10011	5393
10012	5393
10013	5393
10014	5393
10015	5394
10016	5395
10017	5396
10018	5397
10019	5396
10020	5397
10021	5398
10022	5399
10023	5400
10024	5401
10025	5401
10026	5402
10027	5403
10028	5403
10029	5404
10030	5405
10031	5405
10032	5406
10033	5407
10034	5407
10035	5407
10036	5408
10037	5409
10038	5409
10039	5409
10040	5410
10041	5411
10042	5412
10043	5413
10044	5414
10045	5415
10046	5416
10047	5417
10048	5418
10049	5418
10050	5417
10051	5418
10052	5419
10053	5420
10054	5421
10055	5422
10056	5423
10057	5423
10058	5424
10059	5424
10060	5425
10061	5426
10062	5427
10063	5428
10064	5429
10065	5430
10066	5431
10067	5431
10068	5432
10069	5432
10070	5433
10071	5434
10072	5435
10073	5436
10074	5437
10075	5437
10076	5438
10077	5439
10078	5439
10079	5439
10080	5440
10081	5441
10082	5442
10083	5443
10084	5444
10085	5444
10086	5445
10087	5445
10088	5445
10089	5446
10090	5447
10091	5448
10092	5449
10093	5450
10094	5451
10095	5452
10096	5452
10097	5453
10098	5454
10099	5454
10100	5455
10101	5456
10102	5457
10103	5458
10104	5459
10105	5460
10106	5460
10107	5461
10108	5461
10109	5462
10110	5463
10111	5463
10112	5463
10113	5462
10114	5463
10115	5463
10116	5463
10117	5464
10118	5465
10119	5466
10120	5467
10121	5468
10122	5469
10123	5469
10124	5470
10125	5471
10126	5472
10127	5473
10128	5474
10129	5474
10130	5475
10131	5476
10132	5477
10133	5478
10134	5479
10135	5480
10136	5481
10137	5482
10138	5483
10139	5483
10140	5484
10141	5485
10142	5485
10143	5486
10144	5487
10145	5488
10146	5488
10147	5489
10148	5489
10149	5490
10150	5490
10151	5490
10152	5490
10153	5491
10154	5492
10155	5493
10156	5494
10157	5495
10158	5496
10159	5496
10160	5497
10161	5498
10162	5499
10163	5499
10164	5500
10165	5501
10166	5502
10167	5502
10168	5502
10169	5503
10170	5503
10171	5504
10172	5505
10173	5506
10174	5507
10175	5508
10176	5509
10177	5510
10178	5510
10179	5511
10180	5512
10181	5513
10182	5514
10183	5515
10184	5516
10185	5517
10186	5518
10187	5519
10188	5520
10189	5521
10190	5522
10191	5523
10192	5524
10193	5525
10194	5526
10195	5527
10196	5527
10197	5528
10198	5529
10199	5530
10200	5530
10201	5531
10202	5532
10203	5533
10204	5534
10205	5535
10206	5536
10207	5537
10208	5537
10209	5538
10210	5539
10211	5540
10212	5541
10213	5542
10214	5542
10215	5543
10216	5543
10217	5544
10218	5544
10219	5544
10220	5544
10221	5545
10222	5546
10223	5546
10224	5547
10225	5547
10226	5548
10227	5549
10228	5550
10229	5551
10230	5552
10231	5552
10232	5553
10233	5554
10234	5555
10235	5556
10236	5557
10237	5557
10238	5558
10239	5558
10240	5559
10241	5560
10242	5559
10243	5560
10244	5561
10245	5562
10246	5563
10247	5564
10248	5565
10249	5565
10250	5566
10251	5567
10252	5568
10253	5569
10254	5570
10255	5571
10256	5572
10257	5573
10258	5574
10259	5575
10260	5575
10261	5576
10262	5577
10263	5577
10264	5578
10265	5579
10266	5579
10267	5580
10268	5581
10269	5582
10270	5582
10271	5583
10272	5584
10273	5585
10274	5586
10275	5587
10276	5587
10277	5588
10278	5589
10279	5590
10280	5591
10281	5592
10282	5592
10283	5592
10284	5592
10285	5593
10286	5593
10287	5593
10288	5594
10289	5595
10290	5596
10291	5597
10292	5598
10293	5599
10294	5599
10295	5600
10296	5601
10297	5602
10298	5602
10299	5603
10300	5604
10301	5605
10302	5605
10303	5605
10304	5606
10305	5607
10306	5608
10307	5609
10308	5609
10309	5610
10310	5611
10311	5612
10312	5613
10313	5614
10314	5615
10315	5616
10316	5617
10317	5618
10318	5619
10319	5618
10320	5618
10321	5619
10322	5619
10323	5620
10324	5621
10325	5622
10326	5623
10327	5624
10328	5625
10329	5626
10330	5627
10331	5628
10332	5629
10333	5630
10334	5631
10335	5632
10336	5633
10337	5633
10338	5634
10339	5635
10340	5636
10341	5637
10342	5638
10343	5639
10344	5640
10345	5641
10346	5642
10347	5643
10348	5644
10349	5645
10350	5646
10351	5647
10352	5648
10353	5649
10354	5649
10355	5650
10356	5650
10357	5651
10358	5652
10359	5652
10360	5652
10361	5653
10362	5654
10363	5655
10364	5655
10365	5656
10366	5657
10367	5658
10368	5659
10369	5660
10370	5659
10371	5660
10372	5661
10373	5662
10374	5663
10375	5663
10376	5664
10377	5664
10378	5665
10379	5665
10380	5665
10381	5666
10382	5667
10383	5668
10384	5668
10385	5669
10386	5670
10387	5670
10388	5670
10389	5671
10390	5672
10391	5673
10392	5674
10393	5675
10394	5676
10395	5677
10396	5678
10397	5679
10398	5680
10399	5681
10400	5682
10401	5683
10402	5684
10403	5685
10404	5685
10405	5685
10406	5686
10407	5685
10408	5686
10409	5686
10410	5687
10411	5687
10412	5688
10413	5689
10414	5690
10415	5691
10416	5692
10417	5693
10418	5694
10419	5695
10420	5696
10421	5697
10422	5698
10423	5699
10424	5700
10425	5701
10426	5701
10427	5702
10428	5703
10429	5704
10430	5705
10431	5706
10432	5707
10433	5708
10434	5709
10435	5710
10436	5710
10437	5711
10438	5712
10439	5713
10440	5713
10441	5714
10442	5715
10443	5715
10444	5716
10445	5717
10446	5718
10447	5718
10448	5718
10449	5719
10450	5720
10451	5721
10452	5722
10453	5722
10454	5723
10455	5723
10456	5723
10457	5724
10458	5725
10459	5726
10460	5727
10461	5728
10462	5729
10463	5730
10464	5731
10465	5732
10466	5733
10467	5734
10468	5735
10469	5735
10470	5736
10471	5736
10472	5737
10473	5738
10474	5738
10475	5739
10476	5740
10477	5740
10478	5740
10479	5741
10480	5741
10481	5742
10482	5743
10483	5744
10484	5745
10485	5746
10486	5746
10487	5747
10488	5746
10489	5746
10490	5747
10491	5747
10492	5748
10493	5749
10494	5749
10495	5750
10496	5750
10497	5751
10498	5751
10499	5751
10500	5752
10501	5752
10502	5753
10503	5753
10504	5754
10505	5755
10506	5756
10507	5756
10508	5757
10509	5758
10510	5759
10511	5760
10512	5761
10513	5762
10514	5763
10515	5763
10516	5763
10517	5764
10518	5765
10519	5766
10520	5767
10521	5768
10522	5769
10523	5770
10524	5771
10525	5772
10526	5772
10527	5773
10528	5774
10529	5775
10530	5776
10531	5777
10532	5778
10533	5779
10534	5780
10535	5781
10536	5782
10537	5783
10538	5784
10539	5784
10540	5785
10541	5786
10542	5786
10543	5787
10544	5788
10545	5788
10546	5789
10547	5790
10548	5791
10549	5792
10550	5793
10551	5794
10552	5794
10553	5795
10554	5796
10555	5797
10556	5798
10557	5799
10558	5800
10559	5800
10560	5800
10561	5801
10562	5801
10563	5802
10564	5803
10565	5804
10566	5805
10567	5806
10568	5806
10569	5806
10570	5807
10571	5808
10572	5808
10573	5808
10574	5809
10575	5810
10576	5810
10577	5811
10578	5810
10579	5811
10580	5812
10581	5813
10582	5813
10583	5814
10584	5815
10585	5816
10586	5817
10587	5818
10588	5819
10589	5819
10590	5820
10591	5821
10592	5821
10593	5822
10594	5823
10595	5824
10596	5825
10597	5826
10598	5827
10599	5828
10600	5829
10601	5829
10602	5830
10603	5831
10604	5832
10605	5832
10606	5833
10607	5833
10608	5834
10609	5834
10610	5834
10611	5835
10612	5836
10613	5837
10614	5838
10615	5839
10616	5840
10617	5841
10618	5842
10619	5843
10620	5843
10621	5844
10622	5844
10623	5845
10624	5846
10625	5847
10626	5847
10627	5847
10628	5848
10629	5849
10630	5850
10631	5851
10632	5852
10633	5853
10634	5854
10635	5854
10636	5855
10637	5856
10638	5856
10639	5857
10640	5858
10641	5858
10642	5859
10643	5860
10644	5861
10645	5862
10646	5863
10647	5863
10648	5864
10649	5865
10650	5866
10651	5867
10652	5867
10653	5868
10654	5869
10655	5870
10656	5871
10657	5872
10658	5873
10659	5873
10660	5874
10661	5875
10662	5876
10663	5877
10664	5878
10665	5879
10666	5880
10667	5881
10668	5882
10669	5883
10670	5884
10671	5885
10672	5886
10673	5887
10674	5888
10675	5887
10676	5887
10677	5888
10678	5888
10679	5889
10680	5890
10681	5891
10682	5892
10683	5893
10684	5894
10685	5895
10686	5896
10687	5897
10688	5898
10689	5898
10690	5899
10691	5900
10692	5901
10693	5901
10694	5902
10695	5903
10696	5903
10697	5904
10698	5904
10699	5905
10700	5905
10701	5906
10702	5907
10703	5908
10704	5909
10705	5910
10706	5911
10707	5912
10708	5913
10709	5914
10710	5915
10711	5915
10712	5916
10713	5917
10714	5917
10715	5918
10716	5918
10717	5919
10718	5920
10719	5920
10720	5921
10721	5922
10722	5923
10723	5924
10724	5925
10725	5926
10726	5927
10727	5928
10728	5928
10729	5929
10730	5929
10731	5930
10732	5931
10733	5932
10734	5933
10735	5934
10736	5935
10737	5935
10738	5936
10739	5937
10740	5938
10741	5939
10742	5940
10743	5941
10744	5942
10745	5942
10746	5943
10747	5944
10748	5944
10749	5944
10750	5945
10751	5946
10752	5947
10753	5948
10754	5949
10755	5949
10756	5950
10757	5951
10758	5952
10759	5953
10760	5953
10761	5952
10762	5953
10763	5954
10764	5955
10765	5955
10766	5955
10767	5956
10768	5957
10769	5958
10770	5958
10771	5959
10772	5960
10773	5961
10774	5962
10775	5963
10776	5964
10777	5965
10778	5965
10779	5966
10780	5966
10781	5967
10782	5967
10783	5968
10784	5969
10785	5970
10786	5970
10787	5971
10788	5972
10789	5973
10790	5974
10791	5975
10792	5976
10793	5977
10794	5978
10795	5979
10796	5979
10797	5980
10798	5980
10799	5981
10800	5982
10801	5982
10802	5983
10803	5984
10804	5984
10805	5985
10806	5986
10807	5987
10808	5988
10809	5988
10810	5989
10811	5990
10812	5991
10813	5992
10814	5993
10815	5994
10816	5995
10817	5995
10818	5996
10819	5997
10820	5998
10821	5998
10822	5999
10823	5999
10824	6000
10825	6000
10826	6001
10827	6002
10828	6003
10829	6004
10830	6005
10831	6006
10832	6007
10833	6008
10834	6009
10835	6010
10836	6011
10837	6011
10838	6012
10839	6012
10840	6013
10841	6014
10842	6015
10843	6016
10844	6017
10845	6018
10846	6019
10847	6020
10848	6020
10849	6021
10850	6021
10851	6021
10852	6021
10853	6021
10854	6022
10855	6023
10856	6023
10857	6024
10858	6025
10859	6026
10860	6027
10861	6028
10862	6029
10863	6030
10864	6031
10865	6032
10866	6032
10867	6032
10868	6033
10869	6034
10870	6034
10871	6035
10872	6036
10873	6037
10874	6038
10875	6038
10876	6039
10877	6039
10878	6040
10879	6041
10880	6042
10881	6043
10882	6044
10883	6044
10884	6045
10885	6046
10886	6047
10887	6048
10888	6049
10889	6050
10890	6050
10891	6051
10892	6051
10893	6052
10894	6053
10895	6053
10896	6054
10897	6054
10898	6055
10899	6055
10900	6056
10901	6057
10902	6058
10903	6059
10904	6060
10905	6061
10906	6061
10907	6062
10908	6061
10909	6061
10910	6062
10911	6063
10912	6064
10913	6065
10914	6066
10915	6066
10916	6067
10917	6068
10918	6069
10919	6069
10920	6069
10921	6070
10922	6069
10923	6070
10924	6071
10925	6072
10926	6073
10927	6074
10928	6075
10929	6075
10930	6075
10931	6076
10932	6077
10933	6078
10934	6079
10935	6080
10936	6081
10937	6081
10938	6082
10939	6083
10940	6083
10941	6084
10942	6085
10943	6086
10944	6086
10945	6087
10946	6088
10947	6089
10948	6089
10949	6090
10950	6091
10951	6092
10952	6093
10953	6094
10954	6095
10955	6096
10956	6096
10957	6097
10958	6098
10959	6098
10960	6099
10961	6099
10962	6100
10963	6100
10964	6101
10965	6102
10966	6103
10967	6103
10968	6104
10969	6105
10970	6106
10971	6107
10972	6107
10973	6108
10974	6109
10975	6110
10976	6110
10977	6111
10978	6112
10979	6113
10980	6114
10981	6115
10982	6115
10983	6116
10984	6117
10985	6118
10986	6118
10987	6119
10988	6120
10989	6120
10990	6121
10991	6122
10992	6123
10993	6124
10994	6125
10995	6125
10996	6126
10997	6127
10998	6128
10999	6128
11000	6129
11001	6129
11002	6130
11003	6130
11004	6130
11005	6131
11006	6132
11007	6133
11008	6133
11009	6134
11010	6134
11011	6134
11012	6134
11013	6135
11014	6135
11015	6135
11016	6136
11017	6137
11018	6138
11019	6139
11020	6140
11021	6140
11022	6140
11023	6141
11024	6142
11025	6143
11026	6143
11027	6143
11028	6144
11029	6145
11030	6146
11031	6147
11032	6148
11033	6149
11034	6149
11035	6150
11036	6151
11037	6152
11038	6153
11039	6153
11040	6154
11041	6154
11042	6154
11043	6155
11044	6156
11045	6157
11046	6158
11047	6159
11048	6160
11049	6161
11050	6162
11051	6163
11052	6163
11053	6164
11054	6165
11055	6165
11056	6166
11057	6167
11058	6167
11059	6168
11060	6169
11061	6170
11062	6171
11063	6172
11064	6173
11065	6174
11066	6174
11067	6175
11068	6176
11069	6176
11070	6177
11071	6178
11072	6179
11073	6180
11074	6181
11075	6182
11076	6183
11077	6184
11078	6184
11079	6185
11080	6186
11081	6187
11082	6187
11083	6187
11084	6187
11085	6188
11086	6189
11087	6190
11088	6191
11089	6192
11090	6193
11091	6194
11092	6195
11093	6196
11094	6197
11095	6198
11096	6199
11097	6200
11098	6201
11099	6201
11100	6202
11101	6203
11102	6204
11103	6205
11104	6205
11105	6206
11106	6207
11107	6208
11108	6209
11109	6209
11110	6210
11111	6209
11112	6210
11113	6211
11114	6212
11115	6213
11116	6214
11117	6215
11118	6216
11119	6217
11120	6218
11121	6219
11122	6220
11123	6220
11124	6221
11125	6222
11126	6222
11127	6223
11128	6224
11129	6224
11130	6224
11131	6225
11132	6225
11133	6226
11134	6227
11135	6227
11136	6228
11137	6228
11138	6229
11139	6229
11140	6230
11141	6231
11142	6231
11143	6232
11144	6233
11145	6234
11146	6235
11147	6236
11148	6237
11149	6237
11150	6238
11151	6239
11152	6240
11153	6241
11154	6241
11155	6242
11156	6243
11157	6244
11158	6245
11159	6246
11160	6247
11161	6248
11162	6248
11163	6248
11164	6249
11165	6249
11166	6250
11167	6251
11168	6251
11169	6252
11170	6253
11171	6254
11172	6253
11173	6254
11174	6255
11175	6255
11176	6255
11177	6256
11178	6257
11179	6258
11180	6258
11181	6259
11182	6260
11183	6261
11184	6262
11185	6263
11186	6264
11187	6264
11188	6265
11189	6266
11190	6267
11191	6268
11192	6268
11193	6269
11194	6270
11195	6271
11196	6272
11197	6273
11198	6274
11199	6275
11200	6276
11201	6276
11202	6277
11203	6278
11204	6278
11205	6279
11206	6280
11207	6281
11208	6282
11209	6282
11210	6282
11211	6283
11212	6284
11213	6284
11214	6285
11215	6286
11216	6287
11217	6287
11218	6288
11219	6289
11220	6290
11221	6291
11222	6292
11223	6292
11224	6293
11225	6293
11226	6294
11227	6295
11228	6296
11229	6297
11230	6298
11231	6299
11232	6300
11233	6301
11234	6302
11235	6302
11236	6303
11237	6304
11238	6305
11239	6306
11240	6307
11241	6307
11242	6308
11243	6309
11244	6310
11245	6309
11246	6309
11247	6309
11248	6310
11249	6310
11250	6311
11251	6312
11252	6312
11253	6312
11254	6312
11255	6313
11256	6312
11257	6313
11258	6314
11259	6315
11260	6315
11261	6316
11262	6317
11263	6318
11264	6319
11265	6320
11266	6321
11267	6322
11268	6322
11269	6321
11270	6322
11271	6323
11272	6323
11273	6323
11274	6324
11275	6325
11276	6326
11277	6327
11278	6328
11279	6329
11280	6330
11281	6331
11282	6331
11283	6332
11284	6332
11285	6333
11286	6333
11287	6334
11288	6335
11289	6336
11290	6336
11291	6337
11292	6338
11293	6339
11294	6340
11295	6340
11296	6339
11297	6340
11298	6340
11299	6341
11300	6342
11301	6343
11302	6344
11303	6345
11304	6346
11305	6347
11306	6348
11307	6349
11308	6350
11309	6351
11310	6351
11311	6352
11312	6352
11313	6352
11314	6353
11315	6354
11316	6355
11317	6355
11318	6355
11319	6356
11320	6356
11321	6357
11322	6358
11323	6359
11324	6360
11325	6361
11326	6362
11327	6363
11328	6364
11329	6365
11330	6365
11331	6366
11332	6366
11333	6367
11334	6368
11335	6369
11336	6370
11337	6370
11338	6371
11339	6371
11340	6372
11341	6373
11342	6374
11343	6375
11344	6376
11345	6376
11346	6377
11347	6378
11348	6379
11349	6380
11350	6381
11351	6381
11352	6382
11353	6383
11354	6384
11355	6385
11356	6386
11357	6387
11358	6387
11359	6388
11360	6389
11361	6390
11362	6391
11363	6392
11364	6393
11365	6394
11366	6395
11367	6395
11368	6395
11369	6395
11370	6396
11371	6396
11372	6397
11373	6397
11374	6398
11375	6399
11376	6399
11377	6400
11378	6400
11379	6401
11380	6402
11381	6402
11382	6403
11383	6403
11384	6403
11385	6402
11386	6403
11387	6404
11388	6404
11389	6405
11390	6406
11391	6407
11392	6408
11393	6409
11394	6410
11395	6411
11396	6412
11397	6412
11398	6413
11399	6414
11400	6414
11401	6415
11402	6416
11403	6417
11404	6418
11405	6417
11406	6418
11407	6419
11408	6420
11409	6421
11410	6422
11411	6423
11412	6424
11413	6425
11414	6426
11415	6426
11416	6427
11417	6428
11418	6429
11419	6430
11420	6431
11421	6431
11422	6432
11423	6433
11424	6434
11425	6434
11426	6435
11427	6436
11428	6436
11429	6437
11430	6438
11431	6439
11432	6439
11433	6440
11434	6441
11435	6441
11436	6442
11437	6443
11438	6444
11439	6445
11440	6446
11441	6447
11442	6448
11443	6449
11444	6450
11445	6451
11446	6452
11447	6452
11448	6453
11449	6452
11450	6452
11451	6452
11452	6453
11453	6454
11454	6455
11455	6455
11456	6456
11457	6457
11458	6457
11459	6457
11460	6458
11461	6459
11462	6460
11463	6461
11464	6462
11465	6463
11466	6464
11467	6465
11468	6466
11469	6467
11470	6467
11471	6467
11472	6468
11473	6469
11474	6470
11475	6471
11476	6472
11477	6473
11478	6474
11479	6475
11480	6476
11481	6477
11482	6478
11483	6479
11484	6479
11485	6480
11486	6481
11487	6482
11488	6482
11489	6483
11490	6484
11491	6485
11492	6485
11493	6486
11494	6486
11495	6487
11496	6488
11497	6489
11498	6489
11499	6490
11500	6491
11501	6492
11502	6493
11503	6494
11504	6495
11505	6496
11506	6497
11507	6498
11508	6499
11509	6500
11510	6500
11511	6500
11512	6501
11513	6501
11514	6502
11515	6502
11516	6503
11517	6504
11518	6505
11519	6506
11520	6506
11521	6507
11522	6507
11523	6508
11524	6509
11525	6510
11526	6510
11527	6511
11528	6512
11529	6512
11530	6513
11531	6514
11532	6515
11533	6516
11534	6517
11535	6518
11536	6518
11537	6519
11538	6520
11539	6521
11540	6522
11541	6523
11542	6524
11543	6525
11544	6525
11545	6526
11546	6527
11547	6528
11548	6528
11549	6529
11550	6530
11551	6531
11552	6532
11553	6532
11554	6533
11555	6533
11556	6534
11557	6535
11558	6536
11559	6537
11560	6537
11561	6538
11562	6539
11563	6540
11564	6541
11565	6542
11566	6543
11567	6544
11568	6545
11569	6546
11570	6547
11571	6548
11572	6549
11573	6550
11574	6551
11575	6552
11576	6553
11577	6554
11578	6555
11579	6556
11580	6556
11581	6556
11582	6557
11583	6558
11584	6559
11585	6560
11586	6561
11587	6562
11588	6563
11589	6564
11590	6565
11591	6566
11592	6566
11593	6567
11594	6568
11595	6569
11596	6569
11597	6570
11598	6571
11599	6572
11600	6572
11601	6571
11602	6572
11603	6572
11604	6572
11605	6572
11606	6573
11607	6574
11608	6575
11609	6574
11610	6575
11611	6575
11612	6576
11613	6577
11614	6578
11615	6578
11616	6578
11617	6579
11618	6580
11619	6580
11620	6581
11621	6582
11622	6582
11623	6583
11624	6584
11625	6584
11626	6585
11627	6586
11628	6587
11629	6588
11630	6589
11631	6590
11632	6591
11633	6591
11634	6592
11635	6593
11636	6594
11637	6595
11638	6596
11639	6597
11640	6598
11641	6597
11642	6598
11643	6599
11644	6600
11645	6600
11646	6600
11647	6601
11648	6601
11649	6602
11650	6603
11651	6603
11652	6604
11653	6604
11654	6605
11655	6605
11656	6606
11657	6606
11658	6605
11659	6606
11660	6606
11661	6607
11662	6608
11663	6609
11664	6609
11665	6610
11666	6611
11667	6612
11668	6613
11669	6614
11670	6615
11671	6616
11672	6617
11673	6618
11674	6619
11675	6620
11676	6620
11677	6621
11678	6621
11679	6621
11680	6622
11681	6623
11682	6624
11683	6624
11684	6625
11685	6626
11686	6627
11687	6627
11688	6628
11689	6629
11690	6630
11691	6631
11692	6632
11693	6632
11694	6633
11695	6634
11696	6635
11697	6635
11698	6636
11699	6637
11700	6638
11701	6639
11702	6639
11703	6640
11704	6641
11705	6642
11706	6643
11707	6643
11708	6644
11709	6644
11710	6645
11711	6645
11712	6646
11713	6647
11714	6648
11715	6649
11716	6648
11717	6649
11718	6650
11719	6651
11720	6651
11721	6652
11722	6653
11723	6654
11724	6655
11725	6656
11726	6657
11727	6658
11728	6659
11729	6660
11730	6660
11731	6661
11732	6662
11733	6662
11734	6663
11735	6663
11736	6664
11737	6665
11738	6665
11739	6666
11740	6667
11741	6668
11742	6669
11743	6670
11744	6671
11745	6672
11746	6673
11747	6673
11748	6674
11749	6675
11750	6676
11751	6677
11752	6677
11753	6678
11754	6679
11755	6679
11756	6679
11757	6680
11758	6681
11759	6682
11760	6682
11761	6683
11762	6684
11763	6685
11764	6686
11765	6687
11766	6688
11767	6689
11768	6690
11769	6691
11770	6691
11771	6691
11772	6692
11773	6693
11774	6694
11775	6695
11776	6695
11777	6696
11778	6697
11779	6697
11780	6698
11781	6699
11782	6700
11783	6701
11784	6702
11785	6703
11786	6704
11787	6705
11788	6705
11789	6706
11790	6706
11791	6707
11792	6708
11793	6709
11794	6710
11795	6711
11796	6711
11797	6712
11798	6713
11799	6714
11800	6714
11801	6715
11802	6716
11803	6717
11804	6718
11805	6719
11806	6719
11807	6720
11808	6720
11809	6720
11810	6720
11811	6721
11812	6722
11813	6723
11814	6724
11815	6725
11816	6726
11817	6726
11818	6727
11819	6728
11820	6728
11821	6729
11822	6730
11823	6731
11824	6732
11825	6732
11826	6733
11827	6734
11828	6735
11829	6735
11830	6736
11831	6737
11832	6738
11833	6739
11834	6740
11835	6740
11836	6740
11837	6741
11838	6742
11839	6742
11840	6743
11841	6744
11842	6745
11843	6746
11844	6747
11845	6748
11846	6748
11847	6748
11848	6749
11849	6748
11850	6749
11851	6750
11852	6751
11853	6751
11854	6752
11855	6753
11856	6754
11857	6755
11858	6756
11859	6756
11860	6757
11861	6758
11862	6759
11863	6760
11864	6761
11865	6761
11866	6761
11867	6761
11868	6762
11869	6763
11870	6764
11871	6765
11872	6766
11873	6767
11874	6768
11875	6769
11876	6770
11877	6770
11878	6771
11879	6772
11880	6773
11881	6774
11882	6775
11883	6776
11884	6776
11885	6777
11886	6777
11887	6778
11888	6778
11889	6779
11890	6779
11891	6780
11892	6781
11893	6781
11894	6782
11895	6783
11896	6784
11897	6785
11898	6786
11899	6786
11900	6787
11901	6787
11902	6788
11903	6789
11904	6789
11905	6790
11906	6791
11907	6791
11908	6792
11909	6792
11910	6793
11911	6794
11912	6795
11913	6796
11914	6797
11915	6797
11916	6798
11917	6798
11918	6799
11919	6800
11920	6801
11921	6801
11922	6802
11923	6802
11924	6803
11925	6804
11926	6805
11927	6806
11928	6807
11929	6808
11930	6809
11931	6810
11932	6811
11933	6812
11934	6813
11935	6814
11936	6815
11937	6815
11938	6815
11939	6816
11940	6817
11941	6818
11942	6819
11943	6820
11944	6821
11945	6820
11946	6820
11947	6821
11948	6821
11949	6822
11950	6823
11951	6823
11952	6824
11953	6824
11954	6825
11955	6826
11956	6827
11957	6828
11958	6829
11959	6830
11960	6830
11961	6830
11962	6831
11963	6832
11964	6833
11965	6834
11966	6835
11967	6836
11968	6837
11969	6837
11970	6838
11971	6839
11972	6840
11973	6841
11974	6842
11975	6843
11976	6844
11977	6845
11978	6845
11979	6846
11980	6847
11981	6848
11982	6848
11983	6848
11984	6849
11985	6849
11986	6850
11987	6851
11988	6852
11989	6853
11990	6854
11991	6854
11992	6855
11993	6855
11994	6856
11995	6857
11996	6858
11997	6858
11998	6859
11999	6860
12000	6860
12001	6860
12002	6861
12003	6862
12004	6862
12005	6863
12006	6863
12007	6864
12008	6865
12009	6865
12010	6866
12011	6867
12012	6868
12013	6869
12014	6870
12015	6871
12016	6871
12017	6872
12018	6872
12019	6872
12020	6873
12021	6874
12022	6875
12023	6876
12024	6877
12025	6878
12026	6879
12027	6880
12028	6880
12029	6881
12030	6882
12031	6883
12032	6883
12033	6884
12034	6885
12035	6886
12036	6886
12037	6886
12038	6886
12039	6887
12040	6888
12041	6889
12042	6890
12043	6891
12044	6892
12045	6893
12046	6894
12047	6895
12048	6896
12049	6896
12050	6897
12051	6898
12052	6899
12053	6900
12054	6901
12055	6902
12056	6903
12057	6903
12058	6903
12059	6903
12060	6904
12061	6905
12062	6905
12063	6906
12064	6907
12065	6908
12066	6909
12067	6910
12068	6911
12069	6912
12070	6913
12071	6914
12072	6915
12073	6916
12074	6917
12075	6918
12076	6919
12077	6920
12078	6921
12079	6921
12080	6922
12081	6923
12082	6924
12083	6925
12084	6926
12085	6927
12086	6928
12087	6928
12088	6929
12089	6930
12090	6931
12091	6932
12092	6933
12093	6934
12094	6934
12095	6935
12096	6936
12097	6937
12098	6938
12099	6939
12100	6940
12101	6941
12102	6942
12103	6943
12104	6943
12105	6943
12106	6943
12107	6944
12108	6945
12109	6946
12110	6947
12111	6947
12112	6948
12113	6949
12114	6950
12115	6951
12116	6952
12117	6951
12118	6951
12119	6951
12120	6952
12121	6951
12122	6951
12123	6952
12124	6953
12125	6954
12126	6955
12127	6956
12128	6956
12129	6955
12130	6955
12131	6955
12132	6956
12133	6957
12134	6958
12135	6959
12136	6960
12137	6961
12138	6962
12139	6963
12140	6964
12141	6965
12142	6966
12143	6967
12144	6967
12145	6968
12146	6969
12147	6969
12148	6970
12149	6971
12150	6972
12151	6973
12152	6973
12153	6974
12154	6975
12155	6975
12156	6975
12157	6976
12158	6977
12159	6978
12160	6979
12161	6980
12162	6981
12163	6982
12164	6983
12165	6983
12166	6984
12167	6985
12168	6986
12169	6987
12170	6987
12171	6988
12172	6989
12173	6990
12174	6990
12175	6991
12176	6992
12177	6992
12178	6993
12179	6994
12180	6995
12181	6996
12182	6997
12183	6998
12184	6999
12185	7000
12186	7001
12187	7001
12188	7001
12189	7001
12190	7002
12191	7003
12192	7004
12193	7005
12194	7005
12195	7006
12196	7007
12197	7006
12198	7007
12199	7008
12200	7008
12201	7009
12202	7010
12203	7010
12204	7011
12205	7011
12206	7012
12207	7013
12208	7013
12209	7014
12210	7015
12211	7016
12212	7016
12213	7017
12214	7018
12215	7019
12216	7018
12217	7019
12218	7019
12219	7019
12220	7020
12221	7019
12222	7019
12223	7020
12224	7021
12225	7021
12226	7022
12227	7023
12228	7022
12229	7021
12230	7022
12231	7023
12232	7024
12233	7025
12234	7026
12235	7027
12236	7027
12237	7028
12238	7029
12239	7029
12240	7030
12241	7030
12242	7030
12243	7031
12244	7032
12245	7032
12246	7033
12247	7034
12248	7035
12249	7036
12250	7036
12251	7037
12252	7037
12253	7038
12254	7039
12255	7040
12256	7041
12257	7041
12258	7042
12259	7043
12260	7044
12261	7044
12262	7045
12263	7045
12264	7044
12265	7045
12266	7046
12267	7046
12268	7047
12269	7048
12270	7048
12271	7049
12272	7050
12273	7051
12274	7052
12275	7053
12276	7054
12277	7055
12278	7056
12279	7056
12280	7057
12281	7058
12282	7059
12283	7060
12284	7060
12285	7061
12286	7062
12287	7063
12288	7063
12289	7063
12290	7064
12291	7065
12292	7065
12293	7066
12294	7067
12295	7067
12296	7068
12297	7069
12298	7070
12299	7071
12300	7072
12301	7073
12302	7074
12303	7074
12304	7074
12305	7075
12306	7076
12307	7077
12308	7078
12309	7079
12310	7080
12311	7080
12312	7080
12313	7081
12314	7082
12315	7083
12316	7084
12317	7085
12318	7086
12319	7087
12320	7088
12321	7088
12322	7089
12323	7090
12324	7091
12325	7092
12326	7093
12327	7093
12328	7093
12329	7093
12330	7094
12331	7095
12332	7096
12333	7096
12334	7097
12335	7098
12336	7098
12337	7098
12338	7099
12339	7099
12340	7099
12341	7099
12342	7099
12343	7099
12344	7100
12345	7101
12346	7101
12347	7102
12348	7103
12349	7103
12350	7104
12351	7104
12352	7104
12353	7105
12354	7106
12355	7106
12356	7107
12357	7108
12358	7109
12359	7108
12360	7109
12361	7110
12362	7111
12363	7111
12364	7112
12365	7113
12366	7114
12367	7114
12368	7115
12369	7116
12370	7117
12371	7118
12372	7118
12373	7119
12374	7120
12375	7121
12376	7122
12377	7123
12378	7123
12379	7124
12380	7125
12381	7126
12382	7127
12383	7128
12384	7129
12385	7129
12386	7130
12387	7130
12388	7131
12389	7132
12390	7133
12391	7134
12392	7135
12393	7136
12394	7137
12395	7138
12396	7139
12397	7140
12398	7141
12399	7141
12400	7141
12401	7142
12402	7143
12403	7144
12404	7145
12405	7146
12406	7147
12407	7148
12408	7149
12409	7150
12410	7151
12411	7152
12412	7152
12413	7152
12414	7153
12415	7153
12416	7154
12417	7155
12418	7155
12419	7156
12420	7156
12421	7157
12422	7157
12423	7158
12424	7159
12425	7160
12426	7160
12427	7161
12428	7161
12429	7162
12430	7163
12431	7163
12432	7163
12433	7164
12434	7165
12435	7166
12436	7167
12437	7168
12438	7169
12439	7170
12440	7171
12441	7172
12442	7173
12443	7174
12444	7175
12445	7176
12446	7177
12447	7178
12448	7178
12449	7179
12450	7179
12451	7180
12452	7180
12453	7181
12454	7182
12455	7183
12456	7183
12457	7184
12458	7185
12459	7185
12460	7186
12461	7187
12462	7187
12463	7188
12464	7189
12465	7190
12466	7191
12467	7192
12468	7193
12469	7194
12470	7195
12471	7196
12472	7197
12473	7197
12474	7198
12475	7199
12476	7199
12477	7199
12478	7200
12479	7200
12480	7200
12481	7201
12482	7202
12483	7203
12484	7203
12485	7204
12486	7205
12487	7206
12488	7207
12489	7208
12490	7209
12491	7209
12492	7210
12493	7211
12494	7212
12495	7213
12496	7214
12497	7215
12498	7216
12499	7216
12500	7217
12501	7218
12502	7219
12503	7220
12504	7221
12505	7222
12506	7222
12507	7223
12508	7224
12509	7225
12510	7226
12511	7226
12512	7227
12513	7228
12514	7229
12515	7230
12516	7230
12517	7231
12518	7230
12519	7231
12520	7232
12521	7233
12522	7233
12523	7234
12524	7235
12525	7236
12526	7237
12527	7238
12528	7239
12529	7240
12530	7241
12531	7241
12532	7241
12533	7242
12534	7243
12535	7244
12536	7245
12537	7246
12538	7247
12539	7248
12540	7249
12541	7250
12542	7251
12543	7252
12544	7253
12545	7254
12546	7254
12547	7255
12548	7256
12549	7256
12550	7257
12551	7258
12552	7259
12553	7260
12554	7261
12555	7262
12556	7263
12557	7264
12558	7265
12559	7266
12560	7266
12561	7266
12562	7267
12563	7268
12564	7269
12565	7269
12566	7270
12567	7271
12568	7272
12569	7273
12570	7273
12571	7274
12572	7274
12573	7274
12574	7274
12575	7275
12576	7276
12577	7277
12578	7278
12579	7279
12580	7279
12581	7279
12582	7280
12583	7281
12584	7281
12585	7282
12586	7283
12587	7284
12588	7285
12589	7284
12590	7284
12591	7284
12592	7284
12593	7284
12594	7285
12595	7286
12596	7285
12597	7286
12598	7287
12599	7288
12600	7289
12601	7290
12602	7291
12603	7292
12604	7292
12605	7293
12606	7294
12607	7294
12608	7294
12609	7295
12610	7296
12611	7297
12612	7297
12613	7298
12614	7298
12615	7298
12616	7298
12617	7297
12618	7297
12619	7298
12620	7299
12621	7300
12622	7301
12623	7302
12624	7303
12625	7304
12626	7305
12627	7306
12628	7307
12629	7308
12630	7308
12631	7309
12632	7310
12633	7311
12634	7312
12635	7313
12636	7313
12637	7313
12638	7314
12639	7314
12640	7315
12641	7316
12642	7316
12643	7317
12644	7318
12645	7319
12646	7320
12647	7320
12648	7321
12649	7322
12650	7322
12651	7324
12652	7324
12653	7324
12654	7326
12655	7326
12656	7328
12657	7328
12658	7330
12659	7330
12660	7330
12661	7330
12662	7330
12663	7329
12664	7329
12665	7329
12666	7331
12667	7331
12668	7331
12669	7330
12670	7330
12671	7330
12672	7329
12673	7328
12674	7327
12675	7327
12676	7327
12677	7327
12678	7327
12679	7327
12680	7327
12681	7326
12682	7326
12683	7326
12684	7328
12685	7327
12686	7327
12687	7327
12688	7327
12689	7329
12690	7329
12691	7331
12692	7331
12693	7333
12694	7335
12695	7335
12696	7337
12697	7337
12698	7339
12699	7339
12700	7339
12701	7341
12702	7341
12703	7341
12704	7341
12705	7340
12706	7339
12707	7339
12708	7339
12709	7341
12710	7341
12711	7340
12712	7340
12713	7340
12714	7340
12715	7340
12716	7339
12717	7340
12718	7340
12719	7340
12720	7340
12721	7340
12722	7340
12723	7340
12724	7340
12725	7340
12726	7340
12727	7339
12728	7339
12729	7341
12730	7341
12731	7343
12732	7343
12733	7343
12734	7343
12735	7343
12736	7344
12737	7344
12738	7344
12739	7346
12740	7346
12741	7346
12742	7346
12743	7346
12744	7346
12745	7346
12746	7348
12747	7348
12748	7348
12749	7348
12750	7349
12751	7349
12752	7349
12753	7349
12754	7348
12755	7348
12756	7348
12757	7348
12758	7350
12759	7350
12760	7352
12761	7351
12762	7352
12763	7354
12764	7354
12765	7354
12766	7354
12767	7354
12768	7354
12769	7354
12770	7354
12771	7354
12772	7354
12773	7355
12774	7355
12775	7356
12776	7356
12777	7357
12778	7357
12779	7358
12780	7358
12781	7358
12782	7358
12783	7358
12784	7358
12785	7358
12786	7358
12787	7358
12788	7358
12789	7359
12790	7359
12791	7361
12792	7361
12793	7361
12794	7361
12795	7361
12796	7361
12797	7361
12798	7363
12799	7363
12800	7363
12801	7363
12802	7363
12803	7363
12804	7363
12805	7363
12806	7365
12807	7365
12808	7366
12809	7367
12810	7367
12811	7369
12812	7369
12813	7370
12814	7370
12815	7372
12816	7372
12817	7374
12818	7374
12819	7374
12820	7373
12821	7373
12822	7373
12823	7373
12824	7373
12825	7373
12826	7375
12827	7375
12828	7375
12829	7375
12830	7375
12831	7375
12832	7375
12833	7377
12834	7377
12835	7377
12836	7377
12837	7377
12838	7377
12839	7377
12840	7379
12841	7379
12842	7379
12843	7379
12844	7379
12845	7379
12846	7379
12847	7380
12848	7380
12849	7381
12850	7380
12851	7381
12852	7381
12853	7380
12854	7382
12855	7382
12856	7382
12857	7381
12858	7381
12859	7381
12860	7381
12861	7383
12862	7383
12863	7383
12864	7383
12865	7383
12866	7382
12867	7382
12868	7382
12869	7382
12870	7382
12871	7382
12872	7382
12873	7382
12874	7382
12875	7384
12876	7384
12877	7384
12878	7384
12879	7384
12880	7384
12881	7386
12882	7386
12883	7388
12884	7388
12885	7388
12886	7387
12887	7387
12888	7387
12889	7387
12890	7387
12891	7387
12892	7388
12893	7388
12894	7389
12895	7389
12896	7390
12897	7390
12898	7390
12899	7390
12900	7390
12901	7390
12902	7390
12903	7390
12904	7390
12905	7392
12906	7392
12907	7394
12908	7394
12909	7395
12910	7395
12911	7395
12912	7395
12913	7395
12914	7395
12915	7395
12916	7394
12917	7395
12918	7395
12919	7395
12920	7395
12921	7396
12922	7398
12923	7398
12924	7398
12925	7398
12926	7398
12927	7398
12928	7398
12929	7398
12930	7399
12931	7399
12932	7400
12933	7400
12934	7400
12935	7400
12936	7402
12937	7404
12938	7404
12939	7404
12940	7404
12941	7403
12942	7403
12943	7403
12944	7403
12945	7403
12946	7403
12947	7405
12948	7405
12949	7407
12950	7407
12951	7408
12952	7408
12953	7410
12954	7410
12955	7410
12956	7410
12957	7410
12958	7409
12959	7409
12960	7409
12961	7411
12962	7411
12963	7410
12964	7410
12965	7410
12966	7410
12967	7410
12968	7412
12969	7412
12970	7412
12971	7411
12972	7411
12973	7411
12974	7411
12975	7411
12976	7410
12977	7410
12978	7410
12979	7410
12980	7411
12981	7411
12982	7411
12983	7411
12984	7411
12985	7411
12986	7413
12987	7413
12988	7413
12989	7413
12990	7413
12991	7413
12992	7413
12993	7415
12994	7415
12995	7417
12996	7417
12997	7417
12998	7417
12999	7417
13000	7417
13001	7417
13002	7419
13003	7419
13004	7420
13005	7420
13006	7421
13007	7421
13008	7423
13009	7424
13010	7424
13011	7426
13012	7426
13013	7426
13014	7426
13015	7426
13016	7426
13017	7426
13018	7426
13019	7426
13020	7428
13021	7428
13022	7430
13023	7430
13024	7431
13025	7431
13026	7431
13027	7433
13028	7433
13029	7433
13030	7433
13031	7433
13032	7432
13033	7431
13034	7431
13035	7433
13036	7433
13037	7434
13038	7434
13039	7434
13040	7434
13041	7434
13042	7434
13043	7434
13044	7436
13045	7436
13046	7436
13047	7437
13048	7437
13049	7437
13050	7439
13051	7439
13052	7438
13053	7438
13054	7439
13055	7439
13056	7438
13057	7440
13058	7440
13059	7440
13060	7440
13061	7440
13062	7440
13063	7439
13064	7438
13065	7438
13066	7438
13067	7440
13068	7440
13069	7440
13070	7439
13071	7438
13072	7438
13073	7437
13074	7439
13075	7439
13076	7438
13077	7438
13078	7438
13079	7437
13080	7437
13081	7437
13082	7437
13083	7437
13084	7437
13085	7437
13086	7439
13087	7439
13088	7439
13089	7439
13090	7439
13091	7439
13092	7439
13093	7439
13094	7441
13095	7441
13096	7442
13097	7442
13098	7443
13099	7445
13100	7445
13101	7446
13102	7446
13103	7446
13104	7447
13105	7447
13106	7449
13107	7449
13108	7449
13109	7449
13110	7449
13111	7449
13112	7449
13113	7449
13114	7448
13115	7448
13116	7450
13117	7452
13118	7452
13119	7454
13120	7454
13121	7453
13122	7452
13123	7452
13124	7452
13125	7452
13126	7452
13127	7452
13128	7452
13129	7454
13130	7454
13131	7456
13132	7456
13133	7458
13134	7458
13135	7458
13136	7458
13137	7458
13138	7458
13139	7458
13140	7460
13141	7460
13142	7460
13143	7459
13144	7459
13145	7461
13146	7461
13147	7461
13148	7461
13149	7461
13150	7460
13151	7460
13152	7460
13153	7460
13154	7460
13155	7459
13156	7459
13157	7459
13158	7459
13159	7461
13160	7461
13161	7461
13162	7461
13163	7461
13164	7461
13165	7461
13166	7461
13167	7463
13168	7463
13169	7463
13170	7464
13171	7464
13172	7465
13173	7466
13174	7466
13175	7467
13176	7467
13177	7467
13178	7467
13179	7467
13180	7467
13181	7467
13182	7467
13183	7469
13184	7469
13185	7469
13186	7469
13187	7469
13188	7469
13189	7469
13190	7469
13191	7471
13192	7470
13193	7469
13194	7469
13195	7469
13196	7471
13197	7472
13198	7472
13199	7474
13200	7474
13201	7474
13202	7475
13203	7475
13204	7477
13205	7478
13206	7478
13207	7478
13208	7477
13209	7477
13210	7477
13211	7476
13212	7476
13213	7476
13214	7476
13215	7477
13216	7477
13217	7479
13218	7479
13219	7481
13220	7481
13221	7483
13222	7483
13223	7483
13224	7483
13225	7482
13226	7482
13227	7482
13228	7482
13229	7482
13230	7484
13231	7484
13232	7486
13233	7488
13234	7488
13235	7488
13236	7490
13237	7490
13238	7492
13239	7492
13240	7492
13241	7492
13242	7492
13243	7492
13244	7491
13245	7491
13246	7491
13247	7492
13248	7492
13249	7492
13250	7492
13251	7491
13252	7490
13253	7492
13254	7491
13255	7491
13256	7491
13257	7491
13258	7491
13259	7493
13260	7493
13261	7492
13262	7492
13263	7492
13264	7491
13265	7491
13266	7491
13267	7490
13268	7490
13269	7490
13270	7490
13271	7489
13272	7489
13273	7489
13274	7489
13275	7491
13276	7491
13277	7491
13278	7491
13279	7491
13280	7491
13281	7491
13282	7491
13283	7493
13284	7493
13285	7495
13286	7494
13287	7493
13288	7494
13289	7496
13290	7496
13291	7496
13292	7496
13293	7496
13294	7498
13295	7500
13296	7500
13297	7502
13298	7502
13299	7504
13300	7504
13301	7503
13302	7503
13303	7503
13304	7503
13305	7503
13306	7503
13307	7503
13308	7505
13309	7505
13310	7507
13311	7507
13312	7508
13313	7507
13314	7509
13315	7509
13316	7511
13317	7511
13318	7512
13319	7512
13320	7511
13321	7511
13322	7511
13323	7511
13324	7511
13325	7511
13326	7511
13327	7511
13328	7511
13329	7511
13330	7513
13331	7513
13332	7513
13333	7512
13334	7511
13335	7511
13336	7513
13337	7513
13338	7513
13339	7513
13340	7512
13341	7511
13342	7510
13343	7510
13344	7509
13345	7509
13346	7509
13347	7509
13348	7511
13349	7511
13350	7511
13351	7510
13352	7510
13353	7510
13354	7510
13355	7512
13356	7512
13357	7514
13358	7514
13359	7516
13360	7518
13361	7518
13362	7518
13363	7520
13364	7520
13365	7522
13366	7522
13367	7524
13368	7523
13369	7523
13370	7523
13371	7522
13372	7521
13373	7520
13374	7520
13375	7522
13376	7522
13377	7522
13378	7521
13379	7521
13380	7521
13381	7521
13382	7520
13383	7521
13384	7521
13385	7520
13386	7520
13387	7520
13388	7520
13389	7520
13390	7520
13391	7520
13392	7519
13393	7519
13394	7519
13395	7521
13396	7521
13397	7523
13398	7523
13399	7525
13400	7527
13401	7527
13402	7529
13403	7529
13404	7529
13405	7529
13406	7531
13407	7531
13408	7531
13409	7531
13410	7530
13411	7530
13412	7530
13413	7530
13414	7532
13415	7532
13416	7531
13417	7531
13418	7531
13419	7531
13420	7530
13421	7529
13422	7529
13423	7528
13424	7528
13425	7528
13426	7528
13427	7528
13428	7528
13429	7528
13430	7527
13431	7527
13432	7529
13433	7529
13434	7528
13435	7528
13436	7528
13437	7530
13438	7530
13439	7530
13440	7530
13441	7530
13442	7530
13443	7530
13444	7530
13445	7532
13446	7532
13447	7532
13448	7532
13449	7532
13450	7532
13451	7532
13452	7533
13453	7533
13454	7535
13455	7535
13456	7535
13457	7535
13458	7535
13459	7535
13460	7535
13461	7535
13462	7537
13463	7537
13464	7538
13465	7538
13466	7539
13467	7541
13468	7541
13469	7542
13470	7542
13471	7544
13472	7544
13473	7543
13474	7543
13475	7543
13476	7543
13477	7543
13478	7543
13479	7545
13480	7545
13481	7545
13482	7545
13483	7545
13484	7545
13485	7545
13486	7545
13487	7547
13488	7547
13489	7547
13490	7547
13491	7549
13492	7549
13493	7549
13494	7549
13495	7549
13496	7549
13497	7549
13498	7551
13499	7551
13500	7550
13501	7550
13502	7550
13503	7550
13504	7550
13505	7551
13506	7551
13507	7552
13508	7551
13509	7552
13510	7552
13511	7551
13512	7552
13513	7552
13514	7552
13515	7552
13516	7551
13517	7551
13518	7551
13519	7551
13520	7551
13521	7553
13522	7553
13523	7554
13524	7554
13525	7556
13526	7556
13527	7556
13528	7555
13529	7555
13530	7555
13531	7554
13532	7553
13533	7555
13534	7555
13535	7557
13536	7556
13537	7557
13538	7559
13539	7559
13540	7559
13541	7559
13542	7559
13543	7559
13544	7559
13545	7559
13546	7559
13547	7559
13548	7560
13549	7560
13550	7561
13551	7561
13552	7562
13553	7562
13554	7563
13555	7563
13556	7563
13557	7565
13558	7565
13559	7565
13560	7565
13561	7565
13562	7565
13563	7565
13564	7567
13565	7566
13566	7566
13567	7566
13568	7565
13569	7565
13570	7565
13571	7565
13572	7567
13573	7567
13574	7567
13575	7567
13576	7567
13577	7567
13578	7566
13579	7568
13580	7568
13581	7568
13582	7568
13583	7568
13584	7568
13585	7570
13586	7570
13587	7570
13588	7569
13589	7569
13590	7569
13591	7570
13592	7569
13593	7570
13594	7570
13595	7569
13596	7569
13597	7569
13598	7569
13599	7569
13600	7569
13601	7569
13602	7568
13603	7569
13604	7569
13605	7570
13606	7570
13607	7570
13608	7572
13609	7572
13610	7572
13611	7572
13612	7572
13613	7572
13614	7572
13615	7572
13616	7572
13617	7572
13618	7572
13619	7574
13620	7574
13621	7576
13622	7576
13623	7577
13624	7576
13625	7577
13626	7577
13627	7577
13628	7577
13629	7577
13630	7577
13631	7579
13632	7581
13633	7581
13634	7580
13635	7579
13636	7579
13637	7579
13638	7579
13639	7579
13640	7579
13641	7579
13642	7579
13643	7581
13644	7582
13645	7582
13646	7584
13647	7584
13648	7586
13649	7586
13650	7586
13651	7586
13652	7585
13653	7585
13654	7585
13655	7585
13656	7587
13657	7587
13658	7586
13659	7586
13660	7586
13661	7586
13662	7586
13663	7586
13664	7588
13665	7588
13666	7588
13667	7587
13668	7587
13669	7587
13670	7587
13671	7587
13672	7587
13673	7587
13674	7587
13675	7587
13676	7589
13677	7589
13678	7591
13679	7591
13680	7591
13681	7591
13682	7591
13683	7591
13684	7591
13685	7593
13686	7593
13687	7593
13688	7593
13689	7593
13690	7593
13691	7592
13692	7594
13693	7594
13694	7595
13695	7595
13696	7596
13697	7595
13698	7597
13699	7598
13700	7598
13701	7600
13702	7600
13703	7600
13704	7600
13705	7600
13706	7600
13707	7600
13708	7600
13709	7600
13710	7602
13711	7602
13712	7604
13713	7604
13714	7604
13715	7604
13716	7605
13717	7605
13718	7605
13719	7605
13720	7605
13721	7605
13722	7605
13723	7607
13724	7607
13725	7608
13726	7608
13727	7608
13728	7608
13729	7610
13730	7610
13731	7610
13732	7610
13733	7609
13734	7608
13735	7608
13736	7608
13737	7608
13738	7610
13739	7610
13740	7611
13741	7611
13742	7610
13743	7609
13744	7610
13745	7610
13746	7612
13747	7612
13748	7612
13749	7612
13750	7612
13751	7614
13752	7614
13753	7614
13754	7614
13755	7613
13756	7613
13757	7613
13758	7613
13759	7615
13760	7615
13761	7615
13762	7614
13763	7614
13764	7614
13765	7614
13766	7614
13767	7613
13768	7613
13769	7613
13770	7615
13771	7615
13772	7615
13773	7615
13774	7615
13775	7615
13776	7615
13777	7615
13778	7617
13779	7617
13780	7617
13781	7618
13782	7618
13783	7619
13784	7620
13785	7620
13786	7621
13787	7621
13788	7623
13789	7623
13790	7622
13791	7622
13792	7621
13793	7621
13794	7621
13795	7620
13796	7619
13797	7619
13798	7619
13799	7619
13800	7619
13801	7619
13802	7619
13803	7619
13804	7619
13805	7621
13806	7621
13807	7621
13808	7621
13809	7621
13810	7621
13811	7621
13812	7620
13813	7622
13814	7621
13815	7621
13816	7621
13817	7621
13818	7620
13819	7620
13820	7622
13821	7621
13822	7622
13823	7622
13824	7623
13825	7625
13826	7625
13827	7626
13828	7626
13829	7626
13830	7626
13831	7626
13832	7625
13833	7625
13834	7625
13835	7627
13836	7627
13837	7627
13838	7628
13839	7630
13840	7630
13841	7630
13842	7630
13843	7632
13844	7632
13845	7634
13846	7634
13847	7633
13848	7632
13849	7632
13850	7632
13851	7632
13852	7632
13853	7632
13854	7634
13855	7634
13856	7636
13857	7636
13858	7636
13859	7638
13860	7638
13861	7638
13862	7638
13863	7638
13864	7638
13865	7638
13866	7638
13867	7638
13868	7638
13869	7638
13870	7638
13871	7638
13872	7638
13873	7640
13874	7639
13875	7639
13876	7638
13877	7638
13878	7640
13879	7641
13880	7641
13881	7643
13882	7643
13883	7643
13884	7643
13885	7643
13886	7643
13887	7643
13888	7643
13889	7645
13890	7645
13891	7646
13892	7646
13893	7648
13894	7648
13895	7649
13896	7649
13897	7651
13898	7651
13899	7653
13900	7653
13901	7653
13902	7653
13903	7653
13904	7652
13905	7652
13906	7652
13907	7652
13908	7652
13909	7653
13910	7653
13911	7652
13912	7652
13913	7652
13914	7652
13915	7651
13916	7651
13917	7651
13918	7653
13919	7653
13920	7655
13921	7657
13922	7657
13923	7659
13924	7659
13925	7661
13926	7661
13927	7661
13928	7661
13929	7661
13930	7661
13931	7660
13932	7660
13933	7660
13934	7660
13935	7661
13936	7661
13937	7661
13938	7661
13939	7660
13940	7659
13941	7661
13942	7661
13943	7661
13944	7660
13945	7659
13946	7659
13947	7661
13948	7660
13949	7660
13950	7660
13951	7660
13952	7660
13953	7660
13954	7660
13955	7660
13956	7659
13957	7659
13958	7659
13959	7658
13960	7658
13961	7658
13962	7660
13963	7660
13964	7660
13965	7660
13966	7660
13967	7660
13968	7660
13969	7660
13970	7662
13971	7662
13972	7664
13973	7663
13974	7664
13975	7663
13976	7665
13977	7665
13978	7665
13979	7665
13980	7667
13981	7667
13982	7669
13983	7669
13984	7671
13985	7671
13986	7673
13987	7673
13988	7673
13989	7672
13990	7672
13991	7672
13992	7672
13993	7672
13994	7671
13995	7673
13996	7673
13997	7675
13998	7677
13999	7677
14000	7679
14001	7679
14002	7679
14003	7680
14004	7679
14005	7680
14006	7679
14007	7679
14008	7679
14009	7679
14010	7679
14011	7679
14012	7681
14013	7681
14014	7680
14015	7680
14016	7680
14017	7679
14018	7679
14019	7679
14020	7679
14021	7679
14022	7679
14023	7681
14024	7681
14025	7681
14026	7681
14027	7680
14028	7679
14029	7678
14030	7678
14031	7678
14032	7677
14033	7677
14034	7677
14035	7679
14036	7679
14037	7679
14038	7679
14039	7678
14040	7678
14041	7678
14042	7680
14043	7680
14044	7680
14045	7680
14046	7682
14047	7681
14048	7681
14049	7681
14050	7680
14051	7680
14052	7680
14053	7679
14054	7678
14055	7678
14056	7678
14057	7678
14058	7678
14059	7678
14060	7678
14061	7679
14062	7679
14063	7679
14064	7679
14065	7679
14066	7679
14067	7681
14068	7681
14069	7681
14070	7681
14071	7680
14072	7680
14073	7680
14074	7680
14075	7682
14076	7682
14077	7683
14078	7683
14079	7684
14080	7686
14081	7686
14082	7687
14083	7687
14084	7688
14085	7688
14086	7688
14087	7689
14088	7688
14089	7688
14090	7687
14091	7687
14092	7687
14093	7687
14094	7687
14095	7687
14096	7687
14097	7687
14098	7689
14099	7688
14100	7688
14101	7689
14102	7689
14103	7691
14104	7691
14105	7691
14106	7693
14107	7695
14108	7695
14109	7697
14110	7697
14111	7696
14112	7696
14113	7696
14114	7696
14115	7696
14116	7696
14117	7696
14118	7696
14119	7698
14120	7698
14121	7700
14122	7700
14123	7702
14124	7702
14125	7702
14126	7702
14127	7701
14128	7701
14129	7701
14130	7701
14131	7703
14132	7703
14133	7702
14134	7702
14135	7702
14136	7704
14137	7704
14138	7704
14139	7704
14140	7704
14141	7703
14142	7703
14143	7703
14144	7703
14145	7703
14146	7703
14147	7703
14148	7703
14149	7703
14150	7703
14151	7703
14152	7704
14153	7704
14154	7704
14155	7704
14156	7704
14157	7704
14158	7704
14159	7705
14160	7705
14161	7705
14162	7705
14163	7705
14164	7705
14165	7705
14166	7705
14167	7706
14168	7706
14169	7707
14170	7707
14171	7707
14172	7708
14173	7708
14174	7708
14175	7709
14176	7709
14177	7708
14178	7709
14179	7709
14180	7710
14181	7710
14182	7710
14183	7710
14184	7710
14185	7710
14186	7710
14187	7710
14188	7711
14189	7711
14190	7712
14191	7712
14192	7714
14193	7714
14194	7715
14195	7715
14196	7717
14197	7717
14198	7717
14199	7716
14200	7715
14201	7715
14202	7715
14203	7715
14204	7717
14205	7717
14206	7719
14207	7719
14208	7721
14209	7721
14210	7720
14211	7720
14212	7720
14213	7720
14214	7720
14215	7720
14216	7720
14217	7720
14218	7722
14219	7722
14220	7724
14221	7724
14222	7726
14223	7726
14224	7728
14225	7728
14226	7728
14227	7727
14228	7727
14229	7727
14230	7727
14231	7727
14232	7729
14233	7729
14234	7731
14235	7732
14236	7732
14237	7734
14238	7734
14239	7734
14240	7735
14241	7734
14242	7734
14243	7734
14244	7734
14245	7734
14246	7733
14247	7733
14248	7734
14249	7734
14250	7733
14251	7732
14252	7732
14253	7731
14254	7733
14255	7732
14256	7732
14257	7732
14258	7732
14259	7732
14260	7733
14261	7733
14262	7733
14263	7733
14264	7732
14265	7732
14266	7731
14267	7730
14268	7730
14269	7729
14270	7729
14271	7729
14272	7731
14273	7731
14274	7731
14275	7731
14276	7730
14277	7730
14278	7730
14279	7732
14280	7732
14281	7732
14282	7732
14283	7732
14284	7732
14285	7732
14286	7734
14287	7734
14288	7734
14289	7734
14290	7734
14291	7733
14292	7732
14293	7732
14294	7734
14295	7733
14296	7732
14297	7733
14298	7733
14299	7735
14300	7736
14301	7736
14302	7738
14303	7738
14304	7738
14305	7740
14306	7740
14307	7741
14308	7741
14309	7743
14310	7742
14311	7743
14312	7743
14313	7742
14314	7741
14315	7741
14316	7741
14317	7742
14318	7742
14319	7742
14320	7741
14321	7741
14322	7741
14323	7741
14324	7741
14325	7742
14326	7742
14327	7744
14328	7744
14329	7746
14330	7746
14331	7748
14332	7748
14333	7747
14334	7747
14335	7746
14336	7746
14337	7746
14338	7746
14339	7746
14340	7748
14341	7747
14342	7749
14343	7749
14344	7749
14345	7749
14346	7751
14347	7751
14348	7751
14349	7751
14350	7750
14351	7750
14352	7750
14353	7751
14354	7751
14355	7751
14356	7751
14357	7751
14358	7753
14359	7752
14360	7752
14361	7752
14362	7752
14363	7752
14364	7752
14365	7751
14366	7751
14367	7751
14368	7750
14369	7749
14370	7749
14371	7749
14372	7749
14373	7751
14374	7751
14375	7753
14376	7753
14377	7755
14378	7755
14379	7756
14380	7756
14381	7758
14382	7758
14383	7760
14384	7759
14385	7759
14386	7759
14387	7759
14388	7758
14389	7758
14390	7758
14391	7758
14392	7758
14393	7760
14394	7762
14395	7762
14396	7762
14397	7764
14398	7764
14399	7766
14400	7766
14401	7765
14402	7765
14403	7765
14404	7765
14405	7765
14406	7765
14407	7765
14408	7767
14409	7767
14410	7769
14411	7769
14412	7770
14413	7770
14414	7772
14415	7772
14416	7774
14417	7774
14418	7775
14419	7774
14420	7774
14421	7773
14422	7773
14423	7773
14424	7773
14425	7773
14426	7773
14427	7773
14428	7773
14429	7773
14430	7773
14431	7773
14432	7772
14433	7771
14434	7771
14435	7773
14436	7773
14437	7773
14438	7773
14439	7773
14440	7772
14441	7771
14442	7771
14443	7770
14444	7770
14445	7770
14446	7770
14447	7772
14448	7772
14449	7772
14450	7771
14451	7771
14452	7771
14453	7771
14454	7773
14455	7772
14456	7772
14457	7772
14458	7771
14459	7771
14460	7771
14461	7771
14462	7772
14463	7772
14464	7774
14465	7774
14466	7776
14467	7776
14468	7776
14469	7776
14470	7776
14471	7776
14472	7776
14473	7776
14474	7776
14475	7776
14476	7778
14477	7778
14478	7780
14479	7780
14480	7780
14481	7780
14482	7782
14483	7782
14484	7783
14485	7783
14486	7784
14487	7784
14488	7786
14489	7786
14490	7786
14491	7788
14492	7788
14493	7788
14494	7787
14495	7786
14496	7786
14497	7786
14498	7786
14499	7786
14500	7788
14501	7788
14502	7789
14503	7789
14504	7790
14505	7790
14506	7792
14507	7792
14508	7792
14509	7792
14510	7792
14511	7791
14512	7791
14513	7790
14514	7790
14515	7792
14516	7792
14517	7792
14518	7792
14519	7792
14520	7791
14521	7791
14522	7791
14523	7790
14524	7792
14525	7792
14526	7792
14527	7792
14528	7791
14529	7790
14530	7790
14531	7790
14532	7790
14533	7791
14534	7792
14535	7792
14536	7794
14537	7794
14538	7794
14539	7793
14540	7792
14541	7792
14542	7793
14543	7793
14544	7793
14545	7793
14546	7793
14547	7793
14548	7795
14549	7795
14550	7795
14551	7794
14552	7793
14553	7793
14554	7793
14555	7793
14556	7792
14557	7791
14558	7790
14559	7790
14560	7790
14561	7790
14562	7792
14563	7792
14564	7792
14565	7791
14566	7791
14567	7791
14568	7791
14569	7793
14570	7793
14571	7794
14572	7794
14573	7796
14574	7796
14575	7796
14576	7798
14577	7797
14578	7798
14579	7798
14580	7798
14581	7798
14582	7798
14583	7797
14584	7797
14585	7797
14586	7799
14587	7799
14588	7799
14589	7798
14590	7798
14591	7798
14592	7800
14593	7800
14594	7800
14595	7800
14596	7800
14597	7800
14598	7800
14599	7799
14600	7799
14601	7799
14602	7799
14603	7799
14604	7799
14605	7799
14606	7801
14607	7801
14608	7802
14609	7802
14610	7801
14611	7803
14612	7803
14613	7803
14614	7802
14615	7802
14616	7802
14617	7802
14618	7802
14619	7802
14620	7802
14621	7802
14622	7801
14623	7800
14624	7801
14625	7801
14626	7801
14627	7801
14628	7800
14629	7800
14630	7800
14631	7800
14632	7800
14633	7801
14634	7802
14635	7802
14636	7804
14637	7803
14638	7803
14639	7804
14640	7803
14641	7804
14642	7804
14643	7805
14644	7805
14645	7805
14646	7805
14647	7805
14648	7805
14649	7805
14650	7805
14651	7807
14652	7807
14653	7807
14654	7807
14655	7806
14656	7806
14657	7806
14658	7807
14659	7809
14660	7809
14661	7808
14662	7808
14663	7807
14664	7807
14665	7807
14666	7807
14667	7809
14668	7809
14669	7809
14670	7809
14671	7808
14672	7808
14673	7808
14674	7809
14675	7809
14676	7809
14677	7809
14678	7809
14679	7809
14680	7809
14681	7809
14682	7811
14683	7811
14684	7812
14685	7812
14686	7813
14687	7814
14688	7814
14689	7816
14690	7816
14691	7815
14692	7815
14693	7815
14694	7815
14695	7815
14696	7815
14697	7814
14698	7814
14699	7814
14700	7814
14701	7814
14702	7814
14703	7816
14704	7816
14705	7816
14706	7816
14707	7816
14708	7816
14709	7815
14710	7815
14711	7817
14712	7817
14713	7818
14714	7818
14715	7819
14716	7819
14717	7821
14718	7822
14719	7822
14720	7824
14721	7824
14722	7824
14723	7824
14724	7824
14725	7826
14726	7825
14727	7825
14728	7824
14729	7824
14730	7824
14731	7824
14732	7823
14733	7822
14734	7822
14735	7822
14736	7822
14737	7822
14738	7822
14739	7824
14740	7824
14741	7824
14742	7824
14743	7824
14744	7824
14745	7824
14746	7825
14747	7825
14748	7825
14749	7824
14750	7824
14751	7824
14752	7824
14753	7824
14754	7825
14755	7825
14756	7826
14757	7826
14758	7828
14759	7829
14760	7829
14761	7831
14762	7831
14763	7831
14764	7831
14765	7831
14766	7831
14767	7831
14768	7831
14769	7831
14770	7833
14771	7833
14772	7835
14773	7834
14774	7834
14775	7834
14776	7835
14777	7835
14778	7835
14779	7835
14780	7834
14781	7835
14782	7834
14783	7834
14784	7834
14785	7836
14786	7836
14787	7838
14788	7838
14789	7840
14790	7840
14791	7839
14792	7839
14793	7839
14794	7839
14795	7839
14796	7839
14797	7839
14798	7841
14799	7843
14800	7843
14801	7845
14802	7845
14803	7845
14804	7845
14805	7844
14806	7844
14807	7844
14808	7844
14809	7846
14810	7846
14811	7845
14812	7845
14813	7845
14814	7847
14815	7847
14816	7847
14817	7846
14818	7846
14819	7846
14820	7846
14821	7846
14822	7846
14823	7846
14824	7846
14825	7847
14826	7847
14827	7847
14828	7847
14829	7847
14830	7847
14831	7847
14832	7847
14833	7847
14834	7847
14835	7847
14836	7847
14837	7848
14838	7848
14839	7848
14840	7848
14841	7848
14842	7848
14843	7848
14844	7848
14845	7849
14846	7849
14847	7850
14848	7851
14849	7850
14850	7850
14851	7850
14852	7850
14853	7851
14854	7850
14855	7850
14856	7850
14857	7850
14858	7851
14859	7851
14860	7851
14861	7851
14862	7850
14863	7850
14864	7850
14865	7850
14866	7849
14867	7850
14868	7850
14869	7851
14870	7851
14871	7853
14872	7853
14873	7855
14874	7855
14875	7854
14876	7854
14877	7854
14878	7853
14879	7853
14880	7853
14881	7853
14882	7853
14883	7855
14884	7857
14885	7857
14886	7857
14887	7859
14888	7859
14889	7861
14890	7860
14891	7860
14892	7860
14893	7860
14894	7860
14895	7860
14896	7862
14897	7862
14898	7864
14899	7864
14900	7866
14901	7866
14902	7866
14903	7865
14904	7864
14905	7864
14906	7864
14907	7864
14908	7864
14909	7866
14910	7866
14911	7868
14912	7870
14913	7870
14914	7871
14915	7871
14916	7872
14917	7871
14918	7871
14919	7871
14920	7870
14921	7870
14922	7870
14923	7870
14924	7869
14925	7870
14926	7870
14927	7869
14928	7869
14929	7869
14930	7869
14931	7868
14932	7867
14933	7867
14934	7869
14935	7868
14936	7868
14937	7868
14938	7868
14939	7868
14940	7868
14941	7868
14942	7868
14943	7868
14944	7867
14945	7867
14946	7869
14947	7869
14948	7868
14949	7868
14950	7868
14951	7870
14952	7870
14953	7872
14954	7872
14955	7874
14956	7874
14957	7876
14958	7876
14959	7877
14960	7877
14961	7879
14962	7878
14963	7878
14964	7877
14965	7876
14966	7876
14967	7876
14968	7876
14969	7876
14970	7876
14971	7878
14972	7878
14973	7880
14974	7880
14975	7882
14976	7882
14977	7884
14978	7884
14979	7884
14980	7884
14981	7883
14982	7883
14983	7883
14984	7883
14985	7883
14986	7885
14987	7885
14988	7887
14989	7888
14990	7888
14991	7888
14992	7890
14993	7890
14994	7892
14995	7892
14996	7893
14997	7892
14998	7892
14999	7892
15000	7892
15001	7891
15002	7891
15003	7891
15004	7893
15005	7893
15006	7893
15007	7892
15008	7891
15009	7891
15010	7891
15011	7890
15012	7890
15013	7890
15014	7890
15015	7890
15016	7890
15017	7889
15018	7888
15019	7888
15020	7887
15021	7887
15022	7887
15023	7887
15024	7886
15025	7886
15026	7886
15027	7888
15028	7887
15029	7887
15030	7887
15031	7887
15032	7889
15033	7889
15034	7889
15035	7889
15036	7889
15037	7889
15038	7889
15039	7891
15040	7891
15041	7891
15042	7891
15043	7891
15044	7890
15045	7889
15046	7889
15047	7891
15048	7891
15049	7893
15050	7892
15051	7891
15052	7892
15053	7894
15054	7894
15055	7895
15056	7895
15057	7896
15058	7896
15059	7896
15060	7895
15061	7895
15062	7895
15063	7895
15064	7897
15065	7897
15066	7898
15067	7898
15068	7899
15069	7899
15070	7901
15071	7900
15072	7900
15073	7900
15074	7899
15075	7898
15076	7898
15077	7898
15078	7899
15079	7901
15080	7901
15081	7901
15082	7903
15083	7903
15084	7905
15085	7905
15086	7904
15087	7904
15088	7903
15089	7903
15090	7903
15091	7903
15092	7903
15093	7905
15094	7904
15095	7904
15096	7906
15097	7906
15098	7908
15099	7907
15100	7907
15101	7907
15102	7906
15103	7906
15104	7906
15105	7906
15106	7908
15107	7907
15108	7907
15109	7907
15110	7907
15111	7907
15112	7907
15113	7907
15114	7906
15115	7905
15116	7905
15117	7906
15118	7906
15119	7906
15120	7906
15121	7906
15122	7905
15123	7905
15124	7905
15125	7905
15126	7907
15127	7906
15128	7906
15129	7905
15130	7905
15131	7905
15132	7905
15133	7904
15134	7905
15135	7905
15136	7905
15137	7907
15138	7907
15139	7909
15140	7909
15141	7909
15142	7909
15143	7909
15144	7909
15145	7909
15146	7909
15147	7909
15148	7911
15149	7911
15150	7911
15151	7911
15152	7911
15153	7913
15154	7914
15155	7914
15156	7916
15157	7916
15158	7916
15159	7918
15160	7918
15161	7919
15162	7919
15163	7921
15164	7921
15165	7922
15166	7922
15167	7922
15168	7921
15169	7921
15170	7921
15171	7920
15172	7920
15173	7921
15174	7921
15175	7921
15176	7923
15177	7923
15178	7925
15179	7925
15180	7924
15181	7924
15182	7924
15183	7923
15184	7923
15185	7923
15186	7925
15187	7925
15188	7924
15189	7923
15190	7923
15191	7923
15192	7923
15193	7923
15194	7923
15195	7923
15196	7923
15197	7923
15198	7923
15199	7922
15200	7921
15201	7923
15202	7923
15203	7924
15204	7923
15205	7923
15206	7922
15207	7921
15208	7920
15209	7921
15210	7920
15211	7920
15212	7920
15213	7920
15214	7920
15215	7922
15216	7922
15217	7921
15218	7921
15219	7921
15220	7920
15221	7920
15222	7920
15223	7920
15224	7919
15225	7919
15226	7919
15227	7921
15228	7920
15229	7920
15230	7920
15231	7919
15232	7921
15233	7921
15234	7923
15235	7923
15236	7924
15237	7923
15238	7923
15239	7925
15240	7925
15241	7925
15242	7925
15243	7925
15244	7924
15245	7924
15246	7924
15247	7925
15248	7925
15249	7925
15250	7925
15251	7925
15252	7924
15253	7924
15254	7924
15255	7924
15256	7923
15257	7922
15258	7922
15259	7922
15260	7922
15261	7923
15262	7925
15263	7924
15264	7925
15265	7925
15266	7926
15267	7925
15268	7925
15269	7926
15270	7926
15271	7925
15272	7925
15273	7926
15274	7926
15275	7926
15276	7926
15277	7926
15278	7926
15279	7926
15280	7926
15281	7926
15282	7926
15283	7925
15284	7925
15285	7926
15286	7926
15287	7926
15288	7928
15289	7928
15290	7929
15291	7929
15292	7929
15293	7931
15294	7931
15295	7933
15296	7932
15297	7933
15298	7932
15299	7931
15300	7930
15301	7930
15302	7930
15303	7930
15304	7930
15305	7932
15306	7932
15307	7932
15308	7932
15309	7932
15310	7931
15311	7931
15312	7933
15313	7933
15314	7933
15315	7933
15316	7933
15317	7933
15318	7935
15319	7935
15320	7935
15321	7935
15322	7934
15323	7934
15324	7934
15325	7934
15326	7933
15327	7933
15328	7933
15329	7933
15330	7933
15331	7933
15332	7935
15333	7934
15334	7934
15335	7934
15336	7934
15337	7933
15338	7933
15339	7932
15340	7934
15341	7934
15342	7936
15343	7936
15344	7937
15345	7937
15346	7938
15347	7940
15348	7940
15349	7941
15350	7941
15351	7943
15352	7943
15353	7942
15354	7942
15355	7941
15356	7941
15357	7941
15358	7941
15359	7943
15360	7943
15361	7943
15362	7943
15363	7943
15364	7942
15365	7942
15366	7943
15367	7943
15368	7943
15369	7943
15370	7943
15371	7943
15372	7943
15373	7943
15374	7945
15375	7945
15376	7946
15377	7946
15378	7947
15379	7948
15380	7948
15381	7950
15382	7950
15383	7950
15384	7950
15385	7949
15386	7949
15387	7949
15388	7949
15389	7951
15390	7951
15391	7951
15392	7950
15393	7950
15394	7950
15395	7950
15396	7950
15397	7950
15398	7950
15399	7950
15400	7951
15401	7951
15402	7951
15403	7951
15404	7951
15405	7951
15406	7951
15407	7951
15408	7951
15409	7952
15410	7952
15411	7952
15412	7952
15413	7952
15414	7952
15415	7952
15416	7952
15417	7953
15418	7953
15419	7954
15420	7954
15421	7954
15422	7955
15423	7955
15424	7957
15425	7956
15426	7956
15427	7955
15428	7955
15429	7955
15430	7955
15431	7955
15432	7955
15433	7955
15434	7955
15435	7955
15436	7955
15437	7955
15438	7955
15439	7955
15440	7956
15441	7956
15442	7956
15443	7956
15444	7956
15445	7956
15446	7958
15447	7957
15448	7956
15449	7956
15450	7956
15451	7956
15452	7956
15453	7956
15454	7955
15455	7955
15456	7957
15457	7957
15458	7958
15459	7958
15460	7959
15461	7961
15462	7961
15463	7962
15464	7962
15465	7962
15466	7962
15467	7963
15468	7963
15469	7962
15470	7962
15471	7962
15472	7962
15473	7962
15474	7962
15475	7962
15476	7962
15477	7964
15478	7964
15479	7965
15480	7964
15481	7964
15482	7966
15483	7966
15484	7966
15485	7968
15486	7970
15487	7970
15488	7972
15489	7972
15490	7972
15491	7971
15492	7971
15493	7971
15494	7971
15495	7971
15496	7971
15497	7973
15498	7973
15499	7975
15500	7975
15501	7975
15502	7977
15503	7977
15504	7977
15505	7977
15506	7977
15507	7976
15508	7976
15509	7976
15510	7976
15511	7976
15512	7975
15513	7975
15514	7975
15515	7975
15516	7977
15517	7976
15518	7975
15519	7975
15520	7977
15521	7978
15522	7978
15523	7980
15524	7980
15525	7980
15526	7980
15527	7980
15528	7980
15529	7979
15530	7979
15531	7981
15532	7981
15533	7981
15534	7982
15535	7982
15536	7983
15537	7983
15538	7985
15539	7985
15540	7986
15541	7986
15542	7986
15543	7985
15544	7985
15545	7984
15546	7984
15547	7984
15548	7984
15549	7984
15550	7986
15551	7987
15552	7986
15553	7986
15554	7987
15555	7986
15556	7988
15557	7988
15558	7990
15559	7990
15560	7991
15561	7991
15562	7990
15563	7990
15564	7990
15565	7990
15566	7989
15567	7989
15568	7991
15569	7991
15570	7992
15571	7992
15572	7994
15573	7994
15574	7994
15575	7993
15576	7993
15577	7993
15578	7993
15579	7993
15580	7993
15581	7992
15582	7991
15583	7991
15584	7993
15585	7992
15586	7992
15587	7992
15588	7992
15589	7992
15590	7992
15591	7991
15592	7991
15593	7991
15594	7993
15595	7993
15596	7995
15597	7995
15598	7996
15599	7998
15600	7998
15601	8000
15602	8000
15603	8000
15604	8001
15605	8000
15606	7999
15607	7999
15608	7999
15609	7999
15610	7999
15611	7999
15612	8001
15613	8001
15614	8001
15615	8000
15616	7999
15617	7999
15618	7998
15619	7998
15620	7998
15621	7997
15622	7997
15623	7997
15624	7999
15625	7999
15626	7999
15627	7999
15628	7998
15629	7998
15630	7998
15631	8000
15632	8000
15633	8000
15634	8000
15635	8000
15636	8000
15637	8000
15638	8000
15639	8001
15640	8001
15641	8000
15642	7999
15643	8000
15644	8000
15645	8002
15646	8002
15647	8002
15648	8001
15649	8000
15650	7999
15651	7999
15652	7999
15653	7999
15654	8001
15655	8001
15656	8003
15657	8003
15658	8004
15659	8004
15660	8006
15661	8006
15662	8008
15663	8008
15664	8008
15665	8008
15666	8007
15667	8007
15668	8007
15669	8007
15670	8008
15671	8010
15672	8010
15673	8010
15674	8011
15675	8011
15676	8013
15677	8013
15678	8012
15679	8012
15680	8012
15681	8011
15682	8011
15683	8011
15684	8011
15685	8013
15686	8013
15687	8015
15688	8015
15689	8016
15690	8015
15691	8016
15692	8016
15693	8018
15694	8018
15695	8018
15696	8018
15697	8018
15698	8018
15699	8017
15700	8017
15701	8019
15702	8018
15703	8018
15704	8018
15705	8018
15706	8018
15707	8019
15708	8019
15709	8018
15710	8017
15711	8016
15712	8016
15713	8017
15714	8017
15715	8017
15716	8017
15717	8017
15718	8016
15719	8015
15720	8014
15721	8013
15722	8013
15723	8013
15724	8013
15725	8015
15726	8015
15727	8015
15728	8014
15729	8014
15730	8014
15731	8014
15732	8016
15733	8016
15734	8016
15735	8016
15736	8016
15737	8016
15738	8016
15739	8016
15740	8018
15741	8018
15742	8020
15743	8020
15744	8020
15745	8020
15746	8022
15747	8022
15748	8023
15749	8023
15750	8023
15751	8022
15752	8022
15753	8022
15754	8022
15755	8021
15756	8021
15757	8021
15758	8023
15759	8023
15760	8025
15761	8025
15762	8025
15763	8025
15764
0.11130979999995816
