0	1
1	4
2	5
3	6
4	7
5	8
6	8
7	8
8	8
9	8
10	8
11	8
12	8
13	8
14	9
15	10
16	11
17	12
18	13
19	14
20	15
21	16
22	16
23	18
24	18
25	20
26	20
27	22
28	22
29	24
30	26
31	26
32	28
33	28
34	30
35	30
36	32
37	32
38	33
39	34
40	35
41	36
42	37
43	38
44	39
45	40
46	41
47	42
48	43
49	44
50	45
51	46
52	47
53	48
54	49
55	49
56	50
57	51
58	52
59	52
60	53
61	54
62	55
63	56
64	56
65	57
66	58
67	59
68	59
69	60
70	62
71	62
72	61
73	61
74	61
75	61
76	61
77	61
78	63
79	63
80	63
81	62
82	62
83	62
84	62
85	62
86	64
87	64
88	64
89	64
90	63
91	63
92	63
93	63
94	65
95	65
96	65
97	65
98	65
99	64
100	64
101	64
102	64
103	64
104	64
105	64
106	64
107	64
108	66
109	66
110	66
111	66
112	66
113	66
114	66
115	68
116	68
117	68
118	68
119	68
120	68
121	68
122	70
123	70
124	70
125	70
126	70
127	70
128	70
129	72
130	73
131	74
132	75
133	76
134	77
135	78
136	79
137	80
138	81
139	82
140	83
141	84
142	85
143	86
144	87
145	88
146	89
147	90
148	91
149	92
150	93
151	94
152	95
153	95
154	96
155	97
156	98
157	99
158	100
159	101
160	102
161	102
162	103
163	104
164	105
165	106
166	107
167	107
168	108
169	109
170	110
171	111
172	112
173	113
174	114
175	115
176	115
177	116
178	117
179	118
180	119
181	120
182	121
183	122
184	122
185	123
186	124
187	124
188	125
189	126
190	127
191	128
192	129
193	129
194	130
195	130
196	131
197	132
198	133
199	134
200	135
201	136
202	136
203	136
204	136
205	136
206	136
207	136
208	136
209	138
210	138
211	140
212	140
213	141
214	141
215	142
216	144
217	144
218	145
219	145
220	145
221	145
222	145
223	145
224	145
225	145
226	145
227	147
228	147
229	149
230	149
231	150
232	150
233	151
234	153
235	153
236	154
237	154
238	154
239	154
240	154
241	154
242	154
243	154
244	154
245	156
246	156
247	157
248	157
249	157
250	159
251	160
252	160
253	162
254	162
255	162
256	162
257	162
258	162
259	162
260	162
261	162
262	164
263	164
264	164
265	165
266	165
267	167
268	168
269	168
270	170
271	170
272	170
273	172
274	172
275	174
276	174
277	176
278	176
279	177
280	177
281	179
282	179
283	179
284	178
285	178
286	178
287	178
288	178
289	178
290	180
291	180
292	182
293	182
294	183
295	183
296	185
297	185
298	187
299	187
300	187
301	187
302	187
303	186
304	186
305	186
306	186
307	186
308	188
309	190
310	190
311	190
312	192
313	192
314	194
315	194
316	193
317	193
318	193
319	193
320	193
321	193
322	193
323	193
324	195
325	195
326	197
327	197
328	199
329	199
330	201
331	201
332	201
333	201
334	200
335	200
336	200
337	200
338	201
339	202
340	203
341	203
342	204
343	205
344	206
345	207
346	208
347	209
348	210
349	211
350	212
351	213
352	214
353	215
354	216
355	217
356	218
357	219
358	220
359	221
360	221
361	222
362	223
363	223
364	224
365	225
366	226
367	227
368	228
369	229
370	229
371	230
372	231
373	232
374	233
375	234
376	235
377	236
378	237
379	238
380	239
381	240
382	241
383	242
384	243
385	244
386	244
387	245
388	246
389	247
390	247
391	248
392	249
393	250
394	250
395	251
396	252
397	253
398	254
399	255
400	256
401	257
402	258
403	259
404	260
405	261
406	262
407	263
408	264
409	265
410	266
411	266
412	267
413	268
414	269
415	269
416	270
417	271
418	272
419	273
420	274
421	274
422	275
423	276
424	277
425	278
426	279
427	280
428	281
429	282
430	283
431	284
432	285
433	286
434	287
435	288
436	288
437	289
438	290
439	290
440	291
441	292
442	293
443	294
444	295
445	296
446	297
447	298
448	298
449	299
450	300
451	301
452	302
453	302
454	303
455	303
456	303
457	304
458	305
459	306
460	307
461	308
462	309
463	310
464	311
465	312
466	313
467	314
468	315
469	316
470	317
471	318
472	319
473	319
474	320
475	321
476	321
477	321
478	322
479	323
480	324
481	324
482	325
483	326
484	327
485	328
486	329
487	330
488	331
489	332
490	333
491	334
492	335
493	336
494	337
495	338
496	339
497	340
498	340
499	341
500	342
501	343
502	344
503	345
504	345
505	346
506	347
507	348
508	349
509	350
510	351
511	352
512	353
513	354
514	355
515	356
516	357
517	358
518	359
519	360
520	361
521	362
522	362
523	363
524	364
525	365
526	366
527	366
528	367
529	368
530	369
531	370
532	371
533	372
534	373
535	374
536	375
537	376
538	376
539	378
540	378
541	380
542	382
543	382
544	382
545	384
546	384
547	386
548	386
549	388
550	388
551	388
552	388
553	388
554	387
555	387
556	387
557	389
558	389
559	389
560	388
561	388
562	388
563	388
564	387
565	389
566	389
567	389
568	389
569	389
570	389
571	391
572	391
573	390
574	390
575	390
576	389
577	389
578	389
579	389
580	388
581	388
582	388
583	390
584	389
585	389
586	389
587	389
588	391
589	391
590	393
591	393
592	395
593	397
594	397
595	399
596	399
597	401
598	401
599	401
600	403
601	403
602	403
603	403
604	402
605	402
606	402
607	402
608	404
609	404
610	403
611	403
612	403
613	403
614	403
615	402
616	404
617	404
618	404
619	403
620	402
621	402
622	404
623	404
624	404
625	404
626	404
627	404
628	404
629	404
630	404
631	404
632	403
633	403
634	405
635	405
636	404
637	404
638	404
639	406
640	406
641	408
642	408
643	410
644	410
645	412
646	412
647	414
648	414
649	416
650	416
651	418
652	418
653	418
654	417
655	417
656	417
657	417
658	417
659	419
660	419
661	419
662	419
663	419
664	419
665	421
666	421
667	423
668	423
669	423
670	423
671	423
672	422
673	421
674	421
675	420
676	420
677	420
678	420
679	422
680	422
681	422
682	421
683	421
684	421
685	421
686	423
687	423
688	425
689	425
690	427
691	429
692	429
693	431
694	431
695	431
696	433
697	433
698	435
699	435
700	434
701	434
702	434
703	434
704	434
705	434
706	436
707	436
708	438
709	438
710	438
711	438
712	438
713	438
714	440
715	440
716	440
717	440
718	439
719	439
720	438
721	438
722	438
723	437
724	437
725	437
726	439
727	439
728	439
729	439
730	438
731	438
732	438
733	440
734	442
735	442
736	442
737	442
738	441
739	441
740	441
741	441
742	443
743	443
744	443
745	443
746	443
747	443
748	443
749	443
750	445
751	445
752	445
753	445
754	445
755	445
756	445
757	447
758	447
759	447
760	447
761	449
762	449
763	449
764	449
765	449
766	449
767	449
768	449
769	451
770	451
771	453
772	453
773	454
774	454
775	455
776	457
777	457
778	458
779	458
780	460
781	460
782	459
783	459
784	459
785	459
786	459
787	459
788	461
789	461
790	461
791	461
792	461
793	461
794	461
795	461
796	463
797	463
798	463
799	463
800	465
801	465
802	465
803	465
804	465
805	465
806	465
807	467
808	467
809	467
810	467
811	467
812	467
813	467
814	467
815	469
816	469
817	470
818	470
819	471
820	471
821	473
822	474
823	474
824	476
825	476
826	478
827	478
828	480
829	480
830	480
831	480
832	480
833	479
834	479
835	479
836	479
837	479
838	479
839	479
840	479
841	479
842	481
843	481
844	483
845	483
846	483
847	483
848	483
849	483
850	483
851	485
852	485
853	485
854	485
855	485
856	485
857	485
858	485
859	487
860	487
861	489
862	489
863	490
864	490
865	491
866	493
867	493
868	494
869	494
870	496
871	496
872	498
873	498
874	498
875	497
876	497
877	497
878	497
879	497
880	497
881	499
882	499
883	499
884	499
885	499
886	499
887	499
888	501
889	501
890	501
891	501
892	501
893	501
894	501
895	503
896	503
897	503
898	503
899	503
900	503
901	503
902	503
903	505
904	505
905	506
906	506
907	507
908	507
909	509
910	510
911	510
912	512
913	512
914	513
915	514
916	515
917	516
918	517
919	518
920	518
921	519
922	520
923	520
924	521
925	522
926	523
927	523
928	524
929	524
930	525
931	526
932	527
933	527
934	528
935	529
936	530
937	531
938	532
939	533
940	534
941	535
942	536
943	537
944	538
945	539
946	540
947	541
948	542
949	543
950	544
951	545
952	546
953	547
954	548
955	549
956	550
957	550
958	551
959	552
960	553
961	554
962	555
963	556
964	557
965	558
966	558
967	559
968	560
969	561
970	562
971	563
972	564
973	565
974	566
975	567
976	568
977	569
978	570
979	571
980	572
981	573
982	573
983	574
984	575
985	576
986	577
987	578
988	578
989	578
990	579
991	580
992	581
993	581
994	582
995	583
996	584
997	585
998	585
999	586
1000	587
1001	588
1002	589
1003	590
1004	591
1005	592
1006	593
1007	594
1008	595
1009	596
1010	597
1011	598
1012	599
1013	600
1014	601
1015	602
1016	603
1017	604
1018	605
1019	606
1020	607
1021	608
1022	609
1023	610
1024	611
1025	612
1026	613
1027	614
1028	614
1029	615
1030	616
1031	617
1032	618
1033	618
1034	619
1035	620
1036	621
1037	622
1038	623
1039	624
1040	625
1041	626
1042	627
1043	628
1044	629
1045	630
1046	631
1047	632
1048	633
1049	634
1050	635
1051	635
1052	636
1053	637
1054	638
1055	639
1056	639
1057	640
1058	641
1059	642
1060	643
1061	643
1062	644
1063	644
1064	645
1065	645
1066	646
1067	647
1068	648
1069	649
1070	650
1071	651
1072	652
1073	653
1074	654
1075	655
1076	656
1077	657
1078	658
1079	659
1080	660
1081	661
1082	662
1083	663
1084	664
1085	665
1086	666
1087	667
1088	668
1089	669
1090	670
1091	671
1092	671
1093	672
1094	673
1095	674
1096	675
1097	676
1098	677
1099	678
1100	679
1101	680
1102	680
1103	681
1104	682
1105	683
1106	684
1107	685
1108	686
1109	687
1110	688
1111	688
1112	689
1113	690
1114	691
1115	692
1116	693
1117	694
1118	695
1119	695
1120	696
1121	697
1122	697
1123	697
1124	698
1125	699
1126	700
1127	701
1128	702
1129	702
1130	703
1131	704
1132	705
1133	706
1134	707
1135	708
1136	709
1137	710
1138	711
1139	712
1140	713
1141	714
1142	715
1143	716
1144	717
1145	718
1146	719
1147	720
1148	721
1149	722
1150	723
1151	724
1152	725
1153	726
1154	727
1155	728
1156	729
1157	729
1158	730
1159	731
1160	732
1161	733
1162	734
1163	735
1164	736
1165	737
1166	738
1167	738
1168	739
1169	740
1170	741
1171	742
1172	743
1173	744
1174	745
1175	746
1176	747
1177	748
1178	749
1179	749
1180	750
1181	751
1182	752
1183	753
1184	754
1185	754
1186	755
1187	756
1188	756
1189	757
1190	758
1191	759
1192	760
1193	761
1194	762
1195	763
1196	763
1197	764
1198	765
1199	765
1200	766
1201	767
1202	768
1203	769
1204	770
1205	771
1206	772
1207	773
1208	774
1209	775
1210	776
1211	777
1212	778
1213	779
1214	780
1215	781
1216	781
1217	782
1218	783
1219	784
1220	785
1221	786
1222	787
1223	788
1224	789
1225	790
1226	791
1227	792
1228	793
1229	794
1230	795
1231	796
1232	796
1233	797
1234	798
1235	799
1236	799
1237	800
1238	801
1239	802
1240	803
1241	804
1242	805
1243	806
1244	806
1245	807
1246	808
1247	809
1248	810
1249	810
1250	811
1251	812
1252	812
1253	813
1254	814
1255	815
1256	816
1257	817
1258	818
1259	819
1260	820
1261	821
1262	822
1263	823
1264	824
1265	825
1266	825
1267	826
1268	826
1269	827
1270	828
1271	829
1272	830
1273	831
1274	832
1275	833
1276	834
1277	835
1278	836
1279	836
1280	837
1281	838
1282	839
1283	840
1284	841
1285	842
1286	843
1287	844
1288	845
1289	846
1290	847
1291	848
1292	849
1293	850
1294	851
1295	852
1296	852
1297	853
1298	854
1299	854
1300	855
1301	856
1302	857
1303	857
1304	858
1305	859
1306	860
1307	861
1308	862
1309	863
1310	863
1311	864
1312	865
1313	866
1314	867
1315	868
1316	868
1317	869
1318	870
1319	871
1320	872
1321	873
1322	874
1323	875
1324	876
1325	877
1326	878
1327	879
1328	879
1329	880
1330	880
1331	881
1332	882
1333	883
1334	884
1335	885
1336	886
1337	887
1338	888
1339	889
1340	889
1341	890
1342	891
1343	892
1344	893
1345	894
1346	895
1347	896
1348	897
1349	898
1350	899
1351	900
1352	901
1353	902
1354	903
1355	904
1356	905
1357	906
1358	907
1359	907
1360	908
1361	909
1362	909
1363	910
1364	911
1365	911
1366	912
1367	913
1368	914
1369	915
1370	916
1371	917
1372	918
1373	918
1374	919
1375	920
1376	921
1377	922
1378	923
1379	924
1380	925
1381	926
1382	926
1383	927
1384	928
1385	929
1386	930
1387	931
1388	932
1389	933
1390	933
1391	934
1392	935
1393	935
1394	936
1395	937
1396	938
1397	939
1398	940
1399	941
1400	942
1401	942
1402	943
1403	944
1404	945
1405	946
1406	947
1407	948
1408	949
1409	950
1410	951
1411	952
1412	953
1413	954
1414	955
1415	956
1416	957
1417	958
1418	959
1419	960
1420	960
1421	961
1422	962
1423	963
1424	963
1425	964
1426	966
1427	966
1428	965
1429	965
1430	965
1431	965
1432	965
1433	965
1434	967
1435	967
1436	967
1437	966
1438	966
1439	966
1440	966
1441	966
1442	966
1443	966
1444	966
1445	966
1446	966
1447	968
1448	968
1449	970
1450	970
1451	970
1452	970
1453	970
1454	970
1455	972
1456	972
1457	972
1458	972
1459	972
1460	972
1461	972
1462	974
1463	974
1464	974
1465	974
1466	974
1467	974
1468	974
1469	974
1470	976
1471	976
1472	977
1473	977
1474	978
1475	978
1476	980
1477	981
1478	981
1479	983
1480	983
1481	983
1482	983
1483	983
1484	983
1485	983
1486	983
1487	983
1488	985
1489	985
1490	987
1491	987
1492	987
1493	987
1494	988
1495	990
1496	990
1497	990
1498	990
1499	990
1500	990
1501	990
1502	990
1503	990
1504	992
1505	992
1506	993
1507	993
1508	993
1509	993
1510	995
1511	995
1512	995
1513	995
1514	995
1515	995
1516	995
1517	995
1518	995
1519	997
1520	997
1521	998
1522	998
1523	1000
1524	1000
1525	1000
1526	1002
1527	1004
1528	1004
1529	1006
1530	1006
1531	1008
1532	1008
1533	1007
1534	1007
1535	1007
1536	1007
1537	1007
1538	1007
1539	1007
1540	1009
1541	1011
1542	1011
1543	1013
1544	1013
1545	1013
1546	1013
1547	1012
1548	1012
1549	1012
1550	1012
1551	1014
1552	1014
1553	1013
1554	1013
1555	1013
1556	1013
1557	1013
1558	1015
1559	1015
1560	1015
1561	1014
1562	1014
1563	1014
1564	1014
1565	1014
1566	1014
1567	1014
1568	1014
1569	1014
1570	1014
1571	1016
1572	1016
1573	1016
1574	1016
1575	1016
1576	1016
1577	1016
1578	1018
1579	1018
1580	1018
1581	1018
1582	1018
1583	1018
1584	1018
1585	1020
1586	1020
1587	1022
1588	1022
1589	1022
1590	1022
1591	1022
1592	1022
1593	1022
1594	1022
1595	1024
1596	1024
1597	1025
1598	1025
1599	1026
1600	1026
1601	1028
1602	1029
1603	1029
1604	1031
1605	1031
1606	1031
1607	1031
1608	1031
1609	1031
1610	1031
1611	1031
1612	1031
1613	1033
1614	1033
1615	1035
1616	1035
1617	1036
1618	1036
1619	1036
1620	1038
1621	1038
1622	1038
1623	1038
1624	1038
1625	1038
1626	1038
1627	1038
1628	1038
1629	1040
1630	1040
1631	1041
1632	1041
1633	1043
1634	1043
1635	1043
1636	1043
1637	1043
1638	1043
1639	1043
1640	1043
1641	1045
1642	1045
1643	1045
1644	1046
1645	1046
1646	1046
1647	1048
1648	1048
1649	1048
1650	1050
1651	1050
1652	1052
1653	1052
1654	1054
1655	1054
1656	1056
1657	1056
1658	1056
1659	1055
1660	1055
1661	1055
1662	1055
1663	1055
1664	1055
1665	1057
1666	1059
1667	1059
1668	1061
1669	1061
1670	1061
1671	1061
1672	1061
1673	1060
1674	1060
1675	1060
1676	1062
1677	1062
1678	1062
1679	1062
1680	1061
1681	1061
1682	1061
1683	1061
1684	1063
1685	1063
1686	1063
1687	1063
1688	1062
1689	1062
1690	1062
1691	1062
1692	1064
1693	1064
1694	1064
1695	1064
1696	1064
1697	1064
1698	1064
1699	1066
1700	1066
1701	1066
1702	1066
1703	1066
1704	1066
1705	1066
1706	1068
1707	1068
1708	1068
1709	1068
1710	1068
1711	1068
1712	1070
1713	1070
1714	1070
1715	1070
1716	1070
1717	1070
1718	1070
1719	1070
1720	1072
1721	1072
1722	1074
1723	1074
1724	1075
1725	1075
1726	1076
1727	1078
1728	1078
1729	1079
1730	1079
1731	1079
1732	1079
1733	1079
1734	1079
1735	1079
1736	1079
1737	1078
1738	1080
1739	1080
1740	1081
1741	1081
1742	1081
1743	1083
1744	1083
1745	1083
1746	1083
1747	1083
1748	1083
1749	1083
1750	1082
1751	1082
1752	1081
1753	1081
1754	1083
1755	1083
1756	1083
1757	1083
1758	1083
1759	1083
1760	1083
1761	1083
1762	1085
1763	1085
1764	1085
1765	1086
1766	1086
1767	1088
1768	1090
1769	1090
1770	1090
1771	1092
1772	1094
1773	1094
1774	1096
1775	1096
1776	1095
1777	1095
1778	1095
1779	1095
1780	1095
1781	1095
1782	1095
1783	1095
1784	1097
1785	1099
1786	1099
1787	1101
1788	1101
1789	1103
1790	1103
1791	1103
1792	1103
1793	1102
1794	1102
1795	1102
1796	1102
1797	1104
1798	1104
1799	1104
1800	1103
1801	1103
1802	1103
1803	1103
1804	1105
1805	1105
1806	1105
1807	1105
1808	1105
1809	1104
1810	1104
1811	1104
1812	1104
1813	1104
1814	1104
1815	1104
1816	1104
1817	1104
1818	1106
1819	1106
1820	1106
1821	1106
1822	1106
1823	1106
1824	1108
1825	1108
1826	1110
1827	1110
1828	1110
1829	1110
1830	1110
1831	1110
1832	1110
1833	1112
1834	1112
1835	1112
1836	1112
1837	1112
1838	1112
1839	1112
1840	1112
1841	1114
1842	1114
1843	1116
1844	1116
1845	1117
1846	1117
1847	1118
1848	1120
1849	1120
1850	1121
1851	1121
1852	1121
1853	1121
1854	1121
1855	1120
1856	1120
1857	1119
1858	1119
1859	1121
1860	1121
1861	1121
1862	1121
1863	1121
1864	1121
1865	1121
1866	1120
1867	1122
1868	1122
1869	1122
1870	1122
1871	1123
1872	1125
1873	1125
1874	1125
1875	1125
1876	1125
1877	1125
1878	1125
1879	1125
1880	1125
1881	1125
1882	1125
1883	1127
1884	1127
1885	1128
1886	1128
1887	1128
1888	1130
1889	1132
1890	1132
1891	1132
1892	1134
1893	1136
1894	1136
1895	1138
1896	1138
1897	1138
1898	1137
1899	1137
1900	1137
1901	1137
1902	1137
1903	1137
1904	1139
1905	1139
1906	1141
1907	1141
1908	1143
1909	1143
1910	1145
1911	1145
1912	1145
1913	1145
1914	1145
1915	1144
1916	1144
1917	1144
1918	1144
1919	1144
1920	1144
1921	1144
1922	1144
1923	1144
1924	1144
1925	1146
1926	1145
1927	1146
1928	1145
1929	1145
1930	1147
1931	1148
1932	1148
1933	1150
1934	1150
1935	1150
1936	1150
1937	1150
1938	1150
1939	1150
1940	1150
1941	1152
1942	1152
1943	1154
1944	1154
1945	1156
1946	1156
1947	1157
1948	1157
1949	1159
1950	1159
1951	1161
1952	1161
1953	1161
1954	1161
1955	1161
1956	1160
1957	1160
1958	1160
1959	1160
1960	1160
1961	1162
1962	1164
1963	1164
1964	1164
1965	1166
1966	1166
1967	1168
1968	1168
1969	1167
1970	1167
1971	1167
1972	1167
1973	1167
1974	1167
1975	1169
1976	1169
1977	1171
1978	1171
1979	1173
1980	1173
1981	1173
1982	1173
1983	1172
1984	1172
1985	1172
1986	1172
1987	1172
1988	1174
1989	1174
1990	1176
1991	1178
1992	1178
1993	1180
1994	1180
1995	1182
1996	1182
1997	1182
1998	1183
1999	1183
2000	1183
2001	1183
2002	1182
2003	1182
2004	1182
2005	1182
2006	1184
2007	1184
2008	1183
2009	1183
2010	1183
2011	1183
2012	1183
2013	1182
2014	1184
2015	1184
2016	1184
2017	1183
2018	1182
2019	1182
2020	1184
2021	1183
2022	1183
2023	1183
2024	1183
2025	1183
2026	1183
2027	1183
2028	1183
2029	1183
2030	1182
2031	1182
2032	1184
2033	1184
2034	1183
2035	1183
2036	1183
2037	1185
2038	1185
2039	1185
2040	1185
2041	1185
2042	1185
2043	1185
2044	1185
2045	1187
2046	1187
2047	1189
2048	1188
2049	1189
2050	1188
2051	1190
2052	1190
2053	1191
2054	1191
2055	1191
2056	1191
2057	1191
2058	1191
2059	1191
2060	1191
2061	1193
2062	1193
2063	1195
2064	1195
2065	1197
2066	1197
2067	1199
2068	1199
2069	1200
2070	1200
2071	1202
2072	1202
2073	1202
2074	1201
2075	1201
2076	1201
2077	1201
2078	1201
2079	1203
2080	1203
2081	1205
2082	1205
2083	1207
2084	1207
2085	1206
2086	1206
2087	1206
2088	1206
2089	1206
2090	1206
2091	1206
2092	1206
2093	1208
2094	1208
2095	1210
2096	1210
2097	1212
2098	1212
2099	1214
2100	1214
2101	1214
2102	1214
2103	1213
2104	1213
2105	1213
2106	1213
2107	1213
2108	1215
2109	1215
2110	1217
2111	1219
2112	1219
2113	1221
2114	1221
2115	1221
2116	1223
2117	1223
2118	1224
2119	1224
2120	1223
2121	1223
2122	1223
2123	1223
2124	1223
2125	1223
2126	1225
2127	1225
2128	1224
2129	1224
2130	1224
2131	1223
2132	1225
2133	1224
2134	1224
2135	1224
2136	1224
2137	1224
2138	1226
2139	1226
2140	1226
2141	1226
2142	1225
2143	1225
2144	1224
2145	1224
2146	1224
2147	1223
2148	1223
2149	1223
2150	1225
2151	1225
2152	1225
2153	1225
2154	1224
2155	1224
2156	1224
2157	1226
2158	1226
2159	1226
2160	1226
2161	1226
2162	1226
2163	1226
2164	1228
2165	1228
2166	1228
2167	1228
2168	1228
2169	1228
2170	1228
2171	1228
2172	1230
2173	1229
2174	1228
2175	1229
2176	1229
2177	1231
2178	1232
2179	1232
2180	1234
2181	1234
2182	1234
2183	1236
2184	1236
2185	1238
2186	1238
2187	1240
2188	1240
2189	1241
2190	1241
2191	1243
2192	1242
2193	1242
2194	1241
2195	1241
2196	1241
2197	1241
2198	1241
2199	1243
2200	1243
2201	1243
2202	1242
2203	1242
2204	1241
2205	1241
2206	1241
2207	1241
2208	1241
2209	1243
2210	1243
2211	1245
2212	1245
2213	1247
2214	1247
2215	1249
2216	1249
2217	1249
2218	1249
2219	1248
2220	1248
2221	1248
2222	1248
2223	1248
2224	1250
2225	1250
2226	1252
2227	1254
2228	1254
2229	1254
2230	1256
2231	1256
2232	1258
2233	1258
2234	1259
2235	1259
2236	1259
2237	1259
2238	1259
2239	1258
2240	1258
2241	1258
2242	1260
2243	1260
2244	1260
2245	1259
2246	1259
2247	1259
2248	1259
2249	1258
2250	1260
2251	1259
2252	1259
2253	1259
2254	1259
2255	1259
2256	1261
2257	1261
2258	1260
2259	1260
2260	1260
2261	1259
2262	1259
2263	1259
2264	1259
2265	1258
2266	1258
2267	1258
2268	1260
2269	1259
2270	1259
2271	1259
2272	1259
2273	1261
2274	1261
2275	1261
2276	1261
2277	1261
2278	1261
2279	1261
2280	1263
2281	1263
2282	1263
2283	1263
2284	1263
2285	1263
2286	1263
2287	1263
2288	1265
2289	1265
2290	1267
2291	1266
2292	1265
2293	1266
2294	1268
2295	1268
2296	1269
2297	1269
2298	1271
2299	1271
2300	1271
2301	1270
2302	1270
2303	1269
2304	1269
2305	1269
2306	1269
2307	1271
2308	1271
2309	1273
2310	1273
2311	1274
2312	1274
2313	1276
2314	1276
2315	1278
2316	1277
2317	1277
2318	1277
2319	1277
2320	1276
2321	1276
2322	1276
2323	1276
2324	1276
2325	1278
2326	1280
2327	1280
2328	1280
2329	1282
2330	1282
2331	1284
2332	1284
2333	1283
2334	1283
2335	1283
2336	1283
2337	1283
2338	1283
2339	1283
2340	1285
2341	1285
2342	1287
2343	1287
2344	1289
2345	1289
2346	1291
2347	1291
2348	1293
2349	1293
2350	1294
2351	1294
2352	1294
2353	1293
2354	1293
2355	1293
2356	1293
2357	1293
2358	1295
2359	1294
2360	1294
2361	1294
2362	1294
2363	1294
2364	1296
2365	1296
2366	1296
2367	1295
2368	1294
2369	1294
2370	1296
2371	1296
2372	1296
2373	1296
2374	1296
2375	1295
2376	1294
2377	1294
2378	1293
2379	1293
2380	1293
2381	1293
2382	1295
2383	1295
2384	1295
2385	1294
2386	1294
2387	1294
2388	1294
2389	1296
2390	1297
2391	1298
2392	1299
2393	1300
2394	1301
2395	1302
2396	1302
2397	1303
2398	1304
2399	1305
2400	1306
2401	1307
2402	1308
2403	1309
2404	1310
2405	1311
2406	1311
2407	1312
2408	1312
2409	1313
2410	1314
2411	1315
2412	1316
2413	1317
2414	1318
2415	1319
2416	1320
2417	1321
2418	1322
2419	1323
2420	1323
2421	1324
2422	1324
2423	1325
2424	1326
2425	1327
2426	1328
2427	1329
2428	1329
2429	1330
2430	1330
2431	1331
2432	1332
2433	1332
2434	1333
2435	1334
2436	1335
2437	1336
2438	1337
2439	1338
2440	1339
2441	1339
2442	1340
2443	1341
2444	1341
2445	1342
2446	1343
2447	1344
2448	1345
2449	1346
2450	1347
2451	1348
2452	1349
2453	1350
2454	1351
2455	1352
2456	1353
2457	1354
2458	1354
2459	1355
2460	1356
2461	1356
2462	1357
2463	1358
2464	1359
2465	1360
2466	1361
2467	1362
2468	1363
2469	1363
2470	1364
2471	1365
2472	1366
2473	1367
2474	1368
2475	1369
2476	1370
2477	1371
2478	1372
2479	1373
2480	1374
2481	1375
2482	1376
2483	1377
2484	1377
2485	1378
2486	1379
2487	1380
2488	1381
2489	1381
2490	1382
2491	1383
2492	1384
2493	1384
2494	1385
2495	1386
2496	1387
2497	1388
2498	1389
2499	1390
2500	1391
2501	1391
2502	1392
2503	1393
2504	1394
2505	1394
2506	1395
2507	1396
2508	1397
2509	1397
2510	1398
2511	1398
2512	1399
2513	1400
2514	1401
2515	1402
2516	1403
2517	1404
2518	1405
2519	1406
2520	1407
2521	1408
2522	1408
2523	1409
2524	1410
2525	1411
2526	1412
2527	1413
2528	1414
2529	1415
2530	1415
2531	1416
2532	1416
2533	1417
2534	1418
2535	1418
2536	1419
2537	1420
2538	1421
2539	1422
2540	1423
2541	1424
2542	1425
2543	1426
2544	1427
2545	1428
2546	1429
2547	1430
2548	1431
2549	1432
2550	1433
2551	1434
2552	1434
2553	1435
2554	1436
2555	1437
2556	1438
2557	1439
2558	1440
2559	1441
2560	1442
2561	1443
2562	1444
2563	1445
2564	1446
2565	1447
2566	1448
2567	1449
2568	1450
2569	1451
2570	1451
2571	1452
2572	1453
2573	1454
2574	1455
2575	1456
2576	1456
2577	1457
2578	1458
2579	1459
2580	1459
2581	1460
2582	1461
2583	1461
2584	1462
2585	1463
2586	1464
2587	1465
2588	1466
2589	1466
2590	1467
2591	1468
2592	1469
2593	1469
2594	1470
2595	1471
2596	1472
2597	1472
2598	1472
2599	1473
2600	1473
2601	1474
2602	1475
2603	1476
2604	1476
2605	1477
2606	1478
2607	1479
2608	1480
2609	1481
2610	1482
2611	1483
2612	1483
2613	1482
2614	1483
2615	1484
2616	1485
2617	1485
2618	1486
2619	1487
2620	1488
2621	1489
2622	1490
2623	1491
2624	1492
2625	1493
2626	1493
2627	1494
2628	1495
2629	1495
2630	1496
2631	1496
2632	1497
2633	1498
2634	1499
2635	1499
2636	1500
2637	1501
2638	1502
2639	1503
2640	1503
2641	1503
2642	1504
2643	1505
2644	1506
2645	1507
2646	1508
2647	1509
2648	1510
2649	1511
2650	1512
2651	1513
2652	1514
2653	1515
2654	1516
2655	1517
2656	1518
2657	1518
2658	1518
2659	1519
2660	1520
2661	1521
2662	1521
2663	1522
2664	1522
2665	1523
2666	1524
2667	1525
2668	1526
2669	1527
2670	1528
2671	1529
2672	1530
2673	1531
2674	1532
2675	1532
2676	1533
2677	1534
2678	1535
2679	1536
2680	1537
2681	1537
2682	1538
2683	1538
2684	1539
2685	1540
2686	1541
2687	1542
2688	1543
2689	1544
2690	1545
2691	1545
2692	1546
2693	1547
2694	1547
2695	1548
2696	1549
2697	1550
2698	1551
2699	1552
2700	1553
2701	1554
2702	1555
2703	1555
2704	1556
2705	1557
2706	1558
2707	1559
2708	1559
2709	1559
2710	1560
2711	1561
2712	1562
2713	1563
2714	1564
2715	1565
2716	1566
2717	1567
2718	1568
2719	1569
2720	1570
2721	1571
2722	1572
2723	1573
2724	1573
2725	1574
2726	1575
2727	1576
2728	1577
2729	1578
2730	1579
2731	1580
2732	1581
2733	1582
2734	1583
2735	1584
2736	1585
2737	1586
2738	1587
2739	1588
2740	1589
2741	1589
2742	1590
2743	1591
2744	1592
2745	1593
2746	1594
2747	1595
2748	1596
2749	1597
2750	1598
2751	1598
2752	1599
2753	1600
2754	1601
2755	1602
2756	1603
2757	1604
2758	1604
2759	1604
2760	1605
2761	1606
2762	1607
2763	1608
2764	1609
2765	1610
2766	1610
2767	1611
2768	1612
2769	1612
2770	1613
2771	1613
2772	1614
2773	1615
2774	1616
2775	1616
2776	1616
2777	1617
2778	1618
2779	1619
2780	1620
2781	1621
2782	1622
2783	1623
2784	1624
2785	1625
2786	1626
2787	1627
2788	1627
2789	1628
2790	1629
2791	1629
2792	1630
2793	1631
2794	1632
2795	1633
2796	1634
2797	1635
2798	1636
2799	1637
2800	1638
2801	1639
2802	1640
2803	1641
2804	1641
2805	1642
2806	1643
2807	1644
2808	1644
2809	1645
2810	1646
2811	1647
2812	1648
2813	1648
2814	1649
2815	1650
2816	1651
2817	1652
2818	1653
2819	1653
2820	1654
2821	1655
2822	1656
2823	1657
2824	1658
2825	1659
2826	1659
2827	1660
2828	1660
2829	1661
2830	1662
2831	1663
2832	1663
2833	1664
2834	1665
2835	1666
2836	1667
2837	1668
2838	1669
2839	1670
2840	1671
2841	1672
2842	1672
2843	1673
2844	1674
2845	1675
2846	1676
2847	1677
2848	1678
2849	1679
2850	1680
2851	1681
2852	1682
2853	1683
2854	1684
2855	1685
2856	1686
2857	1686
2858	1687
2859	1688
2860	1689
2861	1690
2862	1691
2863	1692
2864	1693
2865	1694
2866	1694
2867	1695
2868	1696
2869	1697
2870	1698
2871	1699
2872	1700
2873	1701
2874	1702
2875	1703
2876	1704
2877	1705
2878	1706
2879	1707
2880	1708
2881	1709
2882	1710
2883	1710
2884	1711
2885	1711
2886	1712
2887	1713
2888	1713
2889	1714
2890	1715
2891	1716
2892	1717
2893	1718
2894	1719
2895	1720
2896	1721
2897	1722
2898	1723
2899	1724
2900	1725
2901	1726
2902	1727
2903	1728
2904	1729
2905	1729
2906	1730
2907	1731
2908	1732
2909	1733
2910	1734
2911	1734
2912	1735
2913	1736
2914	1737
2915	1738
2916	1739
2917	1739
2918	1740
2919	1741
2920	1742
2921	1742
2922	1743
2923	1744
2924	1745
2925	1745
2926	1746
2927	1746
2928	1747
2929	1748
2930	1749
2931	1750
2932	1751
2933	1752
2934	1753
2935	1754
2936	1755
2937	1755
2938	1755
2939	1755
2940	1756
2941	1756
2942	1757
2943	1757
2944	1758
2945	1759
2946	1760
2947	1761
2948	1760
2949	1760
2950	1761
2951	1762
2952	1763
2953	1764
2954	1764
2955	1765
2956	1765
2957	1766
2958	1767
2959	1767
2960	1768
2961	1769
2962	1770
2963	1771
2964	1772
2965	1773
2966	1774
2967	1775
2968	1775
2969	1776
2970	1777
2971	1777
2972	1778
2973	1779
2974	1780
2975	1781
2976	1781
2977	1782
2978	1783
2979	1784
2980	1785
2981	1786
2982	1787
2983	1788
2984	1789
2985	1790
2986	1790
2987	1791
2988	1792
2989	1793
2990	1794
2991	1795
2992	1795
2993	1796
2994	1797
2995	1798
2996	1798
2997	1799
2998	1800
2999	1800
3000	1801
3001	1802
3002	1803
3003	1803
3004	1804
3005	1805
3006	1805
3007	1806
3008	1807
3009	1808
3010	1809
3011	1810
3012	1811
3013	1812
3014	1813
3015	1814
3016	1815
3017	1816
3018	1817
3019	1818
3020	1818
3021	1818
3022	1819
3023	1820
3024	1821
3025	1822
3026	1823
3027	1824
3028	1824
3029	1825
3030	1826
3031	1827
3032	1828
3033	1829
3034	1830
3035	1831
3036	1832
3037	1833
3038	1834
3039	1835
3040	1836
3041	1837
3042	1838
3043	1839
3044	1840
3045	1841
3046	1841
3047	1842
3048	1843
3049	1844
3050	1845
3051	1845
3052	1845
3053	1846
3054	1847
3055	1848
3056	1849
3057	1850
3058	1851
3059	1852
3060	1853
3061	1854
3062	1855
3063	1856
3064	1856
3065	1856
3066	1857
3067	1858
3068	1859
3069	1860
3070	1861
3071	1862
3072	1863
3073	1864
3074	1865
3075	1866
3076	1867
3077	1868
3078	1869
3079	1869
3080	1870
3081	1871
3082	1872
3083	1872
3084	1873
3085	1874
3086	1875
3087	1876
3088	1877
3089	1878
3090	1879
3091	1880
3092	1881
3093	1882
3094	1882
3095	1883
3096	1884
3097	1885
3098	1886
3099	1887
3100	1887
3101	1888
3102	1889
3103	1889
3104	1889
3105	1890
3106	1891
3107	1892
3108	1892
3109	1893
3110	1894
3111	1895
3112	1896
3113	1897
3114	1898
3115	1899
3116	1900
3117	1901
3118	1902
3119	1903
3120	1904
3121	1905
3122	1906
3123	1907
3124	1908
3125	1908
3126	1909
3127	1910
3128	1911
3129	1912
3130	1913
3131	1913
3132	1914
3133	1915
3134	1916
3135	1917
3136	1917
3137	1918
3138	1919
3139	1920
3140	1920
3141	1921
3142	1922
3143	1922
3144	1923
3145	1924
3146	1925
3147	1926
3148	1926
3149	1927
3150	1928
3151	1929
3152	1930
3153	1931
3154	1931
3155	1932
3156	1933
3157	1934
3158	1935
3159	1936
3160	1937
3161	1937
3162	1938
3163	1939
3164	1940
3165	1941
3166	1942
3167	1942
3168	1942
3169	1943
3170	1944
3171	1945
3172	1945
3173	1946
3174	1947
3175	1948
3176	1949
3177	1949
3178	1950
3179	1951
3180	1952
3181	1953
3182	1954
3183	1955
3184	1956
3185	1957
3186	1958
3187	1959
3188	1960
3189	1961
3190	1962
3191	1963
3192	1964
3193	1965
3194	1966
3195	1967
3196	1968
3197	1969
3198	1970
3199	1971
3200	1972
3201	1973
3202	1974
3203	1975
3204	1976
3205	1976
3206	1977
3207	1978
3208	1979
3209	1980
3210	1980
3211	1981
3212	1981
3213	1982
3214	1983
3215	1984
3216	1985
3217	1986
3218	1987
3219	1988
3220	1989
3221	1990
3222	1991
3223	1992
3224	1993
3225	1993
3226	1993
3227	1994
3228	1995
3229	1996
3230	1997
3231	1998
3232	1999
3233	2000
3234	2001
3235	2002
3236	2003
3237	2004
3238	2005
3239	2006
3240	2007
3241	2007
3242	2008
3243	2009
3244	2009
3245	2010
3246	2011
3247	2012
3248	2013
3249	2014
3250	2015
3251	2016
3252	2017
3253	2018
3254	2019
3255	2019
3256	2019
3257	2020
3258	2021
3259	2022
3260	2023
3261	2023
3262	2024
3263	2025
3264	2026
3265	2027
3266	2027
3267	2028
3268	2028
3269	2028
3270	2029
3271	2030
3272	2031
3273	2032
3274	2033
3275	2034
3276	2034
3277	2035
3278	2036
3279	2037
3280	2038
3281	2038
3282	2039
3283	2040
3284	2041
3285	2042
3286	2042
3287	2043
3288	2044
3289	2045
3290	2046
3291	2047
3292	2048
3293	2048
3294	2049
3295	2050
3296	2051
3297	2052
3298	2053
3299	2054
3300	2055
3301	2056
3302	2057
3303	2058
3304	2058
3305	2059
3306	2060
3307	2061
3308	2062
3309	2062
3310	2063
3311	2064
3312	2065
3313	2066
3314	2066
3315	2067
3316	2068
3317	2069
3318	2070
3319	2070
3320	2071
3321	2071
3322	2072
3323	2073
3324	2074
3325	2075
3326	2076
3327	2077
3328	2078
3329	2078
3330	2079
3331	2080
3332	2080
3333	2080
3334	2081
3335	2082
3336	2083
3337	2083
3338	2084
3339	2084
3340	2084
3341	2085
3342	2086
3343	2087
3344	2086
3345	2087
3346	2088
3347	2089
3348	2090
3349	2091
3350	2092
3351	2093
3352	2094
3353	2095
3354	2096
3355	2097
3356	2098
3357	2099
3358	2100
3359	2101
3360	2102
3361	2103
3362	2104
3363	2105
3364	2105
3365	2106
3366	2107
3367	2107
3368	2108
3369	2108
3370	2109
3371	2110
3372	2111
3373	2112
3374	2113
3375	2114
3376	2115
3377	2115
3378	2116
3379	2116
3380	2117
3381	2118
3382	2119
3383	2120
3384	2121
3385	2122
3386	2123
3387	2124
3388	2125
3389	2126
3390	2127
3391	2128
3392	2129
3393	2130
3394	2131
3395	2132
3396	2133
3397	2133
3398	2133
3399	2134
3400	2135
3401	2136
3402	2137
3403	2138
3404	2139
3405	2140
3406	2141
3407	2142
3408	2143
3409	2144
3410	2144
3411	2145
3412	2146
3413	2146
3414	2147
3415	2148
3416	2149
3417	2150
3418	2151
3419	2152
3420	2153
3421	2154
3422	2154
3423	2155
3424	2156
3425	2157
3426	2158
3427	2158
3428	2158
3429	2158
3430	2158
3431	2159
3432	2160
3433	2161
3434	2162
3435	2163
3436	2164
3437	2165
3438	2165
3439	2166
3440	2167
3441	2168
3442	2169
3443	2170
3444	2170
3445	2171
3446	2172
3447	2173
3448	2174
3449	2174
3450	2175
3451	2176
3452	2177
3453	2178
3454	2179
3455	2179
3456	2180
3457	2181
3458	2182
3459	2183
3460	2183
3461	2184
3462	2185
3463	2186
3464	2187
3465	2188
3466	2189
3467	2190
3468	2191
3469	2192
3470	2193
3471	2194
3472	2195
3473	2196
3474	2197
3475	2198
3476	2199
3477	2199
3478	2200
3479	2201
3480	2201
3481	2202
3482	2203
3483	2204
3484	2204
3485	2205
3486	2205
3487	2206
3488	2207
3489	2208
3490	2208
3491	2209
3492	2210
3493	2211
3494	2212
3495	2213
3496	2214
3497	2215
3498	2216
3499	2217
3500	2218
3501	2219
3502	2220
3503	2221
3504	2221
3505	2222
3506	2223
3507	2224
3508	2225
3509	2226
3510	2227
3511	2228
3512	2228
3513	2229
3514	2230
3515	2231
3516	2232
3517	2233
3518	2234
3519	2235
3520	2236
3521	2236
3522	2237
3523	2237
3524	2238
3525	2239
3526	2240
3527	2241
3528	2242
3529	2243
3530	2244
3531	2245
3532	2246
3533	2247
3534	2248
3535	2249
3536	2250
3537	2251
3538	2252
3539	2253
3540	2254
3541	2255
3542	2256
3543	2257
3544	2258
3545	2259
3546	2260
3547	2261
3548	2261
3549	2261
3550	2262
3551	2263
3552	2264
3553	2265
3554	2266
3555	2267
3556	2268
3557	2269
3558	2270
3559	2271
3560	2272
3561	2272
3562	2273
3563	2274
3564	2275
3565	2275
3566	2276
3567	2277
3568	2278
3569	2279
3570	2280
3571	2281
3572	2281
3573	2282
3574	2283
3575	2284
3576	2285
3577	2286
3578	2287
3579	2288
3580	2289
3581	2289
3582	2290
3583	2291
3584	2291
3585	2291
3586	2292
3587	2293
3588	2294
3589	2294
3590	2294
3591	2295
3592	2296
3593	2297
3594	2298
3595	2299
3596	2300
3597	2301
3598	2301
3599	2302
3600	2302
3601	2302
3602	2303
3603	2304
3604	2305
3605	2305
3606	2306
3607	2307
3608	2308
3609	2309
3610	2310
3611	2310
3612	2311
3613	2312
3614	2313
3615	2314
3616	2315
3617	2316
3618	2317
3619	2317
3620	2318
3621	2319
3622	2320
3623	2321
3624	2322
3625	2323
3626	2324
3627	2324
3628	2325
3629	2326
3630	2327
3631	2327
3632	2327
3633	2328
3634	2328
3635	2329
3636	2330
3637	2330
3638	2331
3639	2331
3640	2332
3641	2332
3642	2333
3643	2334
3644	2335
3645	2336
3646	2335
3647	2336
3648	2337
3649	2338
3650	2339
3651	2340
3652	2341
3653	2342
3654	2343
3655	2344
3656	2345
3657	2346
3658	2347
3659	2348
3660	2349
3661	2350
3662	2351
3663	2352
3664	2353
3665	2353
3666	2354
3667	2355
3668	2355
3669	2356
3670	2356
3671	2356
3672	2357
3673	2358
3674	2359
3675	2360
3676	2361
3677	2362
3678	2362
3679	2363
3680	2363
3681	2364
3682	2365
3683	2366
3684	2367
3685	2368
3686	2368
3687	2368
3688	2368
3689	2368
3690	2368
3691	2368
3692	2368
3693	2370
3694	2370
3695	2372
3696	2372
3697	2372
3698	2372
3699	2374
3700	2374
3701	2375
3702	2375
3703	2375
3704	2375
3705	2375
3706	2375
3707	2375
3708	2375
3709	2375
3710	2377
3711	2377
3712	2379
3713	2379
3714	2380
3715	2382
3716	2382
3717	2382
3718	2382
3719	2383
3720	2383
3721	2384
3722	2384
3723	2386
3724	2386
3725	2387
3726	2387
3727	2389
3728	2389
3729	2389
3730	2388
3731	2387
3732	2387
3733	2387
3734	2387
3735	2389
3736	2389
3737	2389
3738	2389
3739	2389
3740	2388
3741	2388
3742	2388
3743	2388
3744	2390
3745	2390
3746	2390
3747	2392
3748	2392
3749	2394
3750	2394
3751	2393
3752	2393
3753	2393
3754	2393
3755	2393
3756	2393
3757	2393
3758	2393
3759	2395
3760	2395
3761	2397
3762	2397
3763	2399
3764	2399
3765	2401
3766	2401
3767	2401
3768	2400
3769	2400
3770	2400
3771	2400
3772	2400
3773	2402
3774	2402
3775	2404
3776	2406
3777	2406
3778	2408
3779	2408
3780	2408
3781	2409
3782	2408
3783	2410
3784	2410
3785	2409
3786	2409
3787	2409
3788	2409
3789	2409
3790	2411
3791	2411
3792	2410
3793	2410
3794	2410
3795	2409
3796	2411
3797	2411
3798	2411
3799	2411
3800	2411
3801	2411
3802	2412
3803	2412
3804	2412
3805	2412
3806	2411
3807	2411
3808	2410
3809	2409
3810	2409
3811	2408
3812	2408
3813	2408
3814	2410
3815	2410
3816	2410
3817	2410
3818	2409
3819	2409
3820	2409
3821	2411
3822	2411
3823	2413
3824	2413
3825	2415
3826	2416
3827	2416
3828	2418
3829	2418
3830	2420
3831	2420
3832	2420
3833	2422
3834	2422
3835	2422
3836	2422
3837	2421
3838	2421
3839	2421
3840	2421
3841	2423
3842	2423
3843	2422
3844	2422
3845	2422
3846	2422
3847	2422
3848	2421
3849	2423
3850	2423
3851	2423
3852	2422
3853	2424
3854	2424
3855	2424
3856	2424
3857	2424
3858	2424
3859	2424
3860	2424
3861	2424
3862	2424
3863	2423
3864	2423
3865	2424
3866	2424
3867	2425
3868	2425
3869	2426
3870	2426
3871	2428
3872	2428
3873	2430
3874	2430
3875	2432
3876	2432
3877	2434
3878	2434
3879	2433
3880	2433
3881	2433
3882	2433
3883	2433
3884	2434
3885	2434
3886	2434
3887	2434
3888	2434
3889	2434
3890	2436
3891	2436
3892	2436
3893	2436
3894	2438
3895	2438
3896	2438
3897	2437
3898	2437
3899	2437
3900	2437
3901	2439
3902	2439
3903	2441
3904	2441
3905	2443
3906	2445
3907	2446
3908	2446
3909	2446
3910	2448
3911	2448
3912	2450
3913	2450
3914	2449
3915	2449
3916	2449
3917	2449
3918	2449
3919	2449
3920	2451
3921	2451
3922	2451
3923	2451
3924	2451
3925	2451
3926	2453
3927	2453
3928	2453
3929	2453
3930	2453
3931	2452
3932	2452
3933	2454
3934	2454
3935	2456
3936	2456
3937	2456
3938	2456
3939	2456
3940	2455
3941	2455
3942	2455
3943	2455
3944	2455
3945	2455
3946	2455
3947	2455
3948	2457
3949	2457
3950	2457
3951	2457
3952	2457
3953	2457
3954	2457
3955	2459
3956	2459
3957	2459
3958	2459
3959	2459
3960	2459
3961	2459
3962	2459
3963	2461
3964	2461
3965	2462
3966	2462
3967	2463
3968	2463
3969	2464
3970	2466
3971	2466
3972	2467
3973	2467
3974	2469
3975	2469
3976	2469
3977	2468
3978	2468
3979	2468
3980	2468
3981	2468
3982	2468
3983	2468
3984	2468
3985	2468
3986	2468
3987	2468
3988	2470
3989	2470
3990	2470
3991	2470
3992	2470
3993	2470
3994	2470
3995	2470
3996	2472
3997	2472
3998	2473
3999	2473
4000	2474
4001	2474
4002	2476
4003	2477
4004	2477
4005	2479
4006	2479
4007	2479
4008	2479
4009	2479
4010	2479
4011	2479
4012	2479
4013	2479
4014	2481
4015	2481
4016	2483
4017	2483
4018	2484
4019	2486
4020	2486
4021	2486
4022	2486
4023	2486
4024	2486
4025	2486
4026	2486
4027	2486
4028	2486
4029	2488
4030	2488
4031	2490
4032	2490
4033	2490
4034	2490
4035	2492
4036	2492
4037	2493
4038	2493
4039	2493
4040	2495
4041	2495
4042	2497
4043	2497
4044	2497
4045	2499
4046	2499
4047	2499
4048	2498
4049	2498
4050	2498
4051	2498
4052	2498
4053	2498
4054	2500
4055	2500
4056	2502
4057	2502
4058	2503
4059	2503
4060	2505
4061	2505
4062	2507
4063	2507
4064	2507
4065	2507
4066	2506
4067	2506
4068	2506
4069	2506
4070	2506
4071	2508
4072	2508
4073	2508
4074	2509
4075	2509
4076	2511
4077	2511
4078	2510
4079	2510
4080	2510
4081	2510
4082	2510
4083	2512
4084	2512
4085	2512
4086	2512
4087	2511
4088	2511
4089	2511
4090	2511
4091	2511
4092	2513
4093	2513
4094	2515
4095	2515
4096	2517
4097	2517
4098	2519
4099	2519
4100	2521
4101	2521
4102	2520
4103	2520
4104	2520
4105	2520
4106	2520
4107	2522
4108	2522
4109	2522
4110	2522
4111	2522
4112	2522
4113	2524
4114	2524
4115	2524
4116	2523
4117	2522
4118	2522
4119	2522
4120	2522
4121	2522
4122	2522
4123	2521
4124	2520
4125	2519
4126	2519
4127	2519
4128	2519
4129	2521
4130	2521
4131	2521
4132	2520
4133	2520
4134	2520
4135	2520
4136	2522
4137	2522
4138	2524
4139	2524
4140	2526
4141	2528
4142	2528
4143	2528
4144	2528
4145	2530
4146	2530
4147	2532
4148	2532
4149	2532
4150	2532
4151	2532
4152	2531
4153	2531
4154	2531
4155	2533
4156	2533
4157	2533
4158	2532
4159	2532
4160	2532
4161	2531
4162	2530
4163	2532
4164	2532
4165	2532
4166	2532
4167	2532
4168	2532
4169	2534
4170	2534
4171	2533
4172	2533
4173	2533
4174	2533
4175	2533
4176	2533
4177	2533
4178	2534
4179	2534
4180	2536
4181	2536
4182	2538
4183	2538
4184	2540
4185	2540
4186	2542
4187	2543
4188	2543
4189	2545
4190	2545
4191	2545
4192	2544
4193	2544
4194	2544
4195	2544
4196	2544
4197	2546
4198	2546
4199	2546
4200	2546
4201	2546
4202	2546
4203	2548
4204	2548
4205	2548
4206	2548
4207	2548
4208	2547
4209	2547
4210	2547
4211	2548
4212	2548
4213	2549
4214	2551
4215	2551
4216	2553
4217	2553
4218	2553
4219	2555
4220	2555
4221	2557
4222	2556
4223	2556
4224	2556
4225	2556
4226	2556
4227	2556
4228	2558
4229	2558
4230	2559
4231	2559
4232	2559
4233	2559
4234	2559
4235	2559
4236	2559
4237	2559
4238	2561
4239	2561
4240	2561
4241	2561
4242	2560
4243	2560
4244	2560
4245	2562
4246	2564
4247	2564
4248	2564
4249	2564
4250	2563
4251	2563
4252	2563
4253	2563
4254	2565
4255	2565
4256	2565
4257	2565
4258	2565
4259	2565
4260	2565
4261	2565
4262	2567
4263	2567
4264	2567
4265	2566
4266	2566
4267	2566
4268	2568
4269	2568
4270	2568
4271	2568
4272	2568
4273	2568
4274	2568
4275	2568
4276	2570
4277	2570
4278	2571
4279	2571
4280	2572
4281	2572
4282	2573
4283	2575
4284	2575
4285	2576
4286	2576
4287	2578
4288	2578
4289	2577
4290	2577
4291	2577
4292	2577
4293	2577
4294	2577
4295	2577
4296	2577
4297	2577
4298	2577
4299	2577
4300	2577
4301	2579
4302	2579
4303	2579
4304	2579
4305	2579
4306	2579
4307	2579
4308	2579
4309	2581
4310	2581
4311	2582
4312	2582
4313	2583
4314	2583
4315	2585
4316	2586
4317	2586
4318	2588
4319	2588
4320	2587
4321	2587
4322	2587
4323	2587
4324	2587
4325	2587
4326	2587
4327	2589
4328	2589
4329	2589
4330	2589
4331	2589
4332	2591
4333	2592
4334	2592
4335	2594
4336	2594
4337	2594
4338	2594
4339	2594
4340	2594
4341	2594
4342	2594
4343	2594
4344	2596
4345	2596
4346	2597
4347	2597
4348	2599
4349	2599
4350	2601
4351	2601
4352	2603
4353	2603
4354	2603
4355	2602
4356	2602
4357	2602
4358	2602
4359	2602
4360	2602
4361	2603
4362	2603
4363	2603
4364	2604
4365	2604
4366	2606
4367	2606
4368	2608
4369	2608
4370	2607
4371	2607
4372	2607
4373	2606
4374	2606
4375	2606
4376	2606
4377	2606
4378	2608
4379	2610
4380	2610
4381	2610
4382	2612
4383	2612
4384	2614
4385	2613
4386	2613
4387	2613
4388	2613
4389	2613
4390	2613
4391	2613
4392	2613
4393	2615
4394	2615
4395	2617
4396	2617
4397	2619
4398	2619
4399	2619
4400	2619
4401	2618
4402	2618
4403	2618
4404	2618
4405	2618
4406	2620
4407	2620
4408	2622
4409	2624
4410	2624
4411	2626
4412	2626
4413	2627
4414	2626
4415	2626
4416	2627
4417	2627
4418	2627
4419	2627
4420	2626
4421	2626
4422	2626
4423	2627
4424	2627
4425	2626
4426	2626
4427	2626
4428	2626
4429	2625
4430	2624
4431	2626
4432	2626
4433	2626
4434	2625
4435	2624
4436	2624
4437	2626
4438	2626
4439	2626
4440	2626
4441	2626
4442	2626
4443	2626
4444	2626
4445	2626
4446	2626
4447	2625
4448	2625
4449	2627
4450	2627
4451	2626
4452	2626
4453	2626
4454	2628
4455	2628
4456	2629
4457	2629
4458	2630
4459	2632
4460	2632
4461	2632
4462	2634
4463	2634
4464	2636
4465	2636
4466	2636
4467	2636
4468	2636
4469	2635
4470	2635
4471	2635
4472	2635
4473	2635
4474	2635
4475	2635
4476	2635
4477	2637
4478	2637
4479	2637
4480	2636
4481	2636
4482	2636
4483	2636
4484	2635
4485	2635
4486	2635
4487	2637
4488	2637
4489	2637
4490	2639
4491	2639
4492	2640
4493	2640
4494	2642
4495	2641
4496	2643
4497	2643
4498	2645
4499	2645
4500	2645
4501	2645
4502	2644
4503	2644
4504	2644
4505	2644
4506	2644
4507	2646
4508	2646
4509	2648
4510	2650
4511	2650
4512	2651
4513	2651
4514	2651
4515	2653
4516	2653
4517	2655
4518	2655
4519	2654
4520	2654
4521	2654
4522	2654
4523	2654
4524	2654
4525	2656
4526	2656
4527	2658
4528	2658
4529	2658
4530	2658
4531	2658
4532	2658
4533	2660
4534	2660
4535	2660
4536	2660
4537	2659
4538	2659
4539	2658
4540	2658
4541	2658
4542	2658
4543	2658
4544	2657
4545	2657
4546	2657
4547	2658
4548	2660
4549	2660
4550	2660
4551	2660
4552	2660
4553	2659
4554	2659
4555	2659
4556	2659
4557	2659
4558	2659
4559	2659
4560	2659
4561	2659
4562	2661
4563	2661
4564	2661
4565	2661
4566	2661
4567	2661
4568	2661
4569	2661
4570	2663
4571	2663
4572	2665
4573	2665
4574	2666
4575	2666
4576	2667
4577	2669
4578	2669
4579	2670
4580	2670
4581	2672
4582	2672
4583	2674
4584	2674
4585	2674
4586	2673
4587	2673
4588	2673
4589	2673
4590	2673
4591	2673
4592	2673
4593	2673
4594	2673
4595	2673
4596	2675
4597	2675
4598	2675
4599	2675
4600	2675
4601	2675
4602	2675
4603	2677
4604	2677
4605	2677
4606	2677
4607	2677
4608	2677
4609	2677
4610	2677
4611	2679
4612	2679
4613	2680
4614	2680
4615	2681
4616	2681
4617	2682
4618	2683
4619	2683
4620	2685
4621	2685
4622	2685
4623	2685
4624	2685
4625	2685
4626	2685
4627	2685
4628	2685
4629	2687
4630	2687
4631	2688
4632	2688
4633	2690
4634	2690
4635	2692
4636	2692
4637	2692
4638	2691
4639	2691
4640	2691
4641	2691
4642	2691
4643	2691
4644	2693
4645	2693
4646	2693
4647	2693
4648	2693
4649	2695
4650	2696
4651	2696
4652	2698
4653	2698
4654	2698
4655	2700
4656	2700
4657	2702
4658	2702
4659	2704
4660	2704
4661	2705
4662	2705
4663	2707
4664	2707
4665	2706
4666	2706
4667	2706
4668	2706
4669	2706
4670	2706
4671	2708
4672	2708
4673	2708
4674	2710
4675	2710
4676	2712
4677	2712
4678	2712
4679	2712
4680	2712
4681	2711
4682	2711
4683	2711
4684	2713
4685	2713
4686	2712
4687	2712
4688	2712
4689	2712
4690	2712
4691	2712
4692	2712
4693	2712
4694	2712
4695	2714
4696	2714
4697	2714
4698	2716
4699	2716
4700	2716
4701	2715
4702	2715
4703	2715
4704	2715
4705	2715
4706	2717
4707	2717
4708	2719
4709	2719
4710	2721
4711	2721
4712	2723
4713	2723
4714	2724
4715	2724
4716	2724
4717	2724
4718	2723
4719	2723
4720	2723
4721	2723
4722	2723
4723	2722
4724	2722
4725	2722
4726	2721
4727	2723
4728	2723
4729	2723
4730	2723
4731	2723
4732	2723
4733	2725
4734	2725
4735	2724
4736	2724
4737	2724
4738	2723
4739	2723
4740	2723
4741	2723
4742	2722
4743	2722
4744	2722
4745	2724
4746	2723
4747	2723
4748	2723
4749	2723
4750	2725
4751	2725
4752	2727
4753	2727
4754	2728
4755	2730
4756	2730
4757	2729
4758	2731
4759	2731
4760	2731
4761	2731
4762	2731
4763	2730
4764	2730
4765	2730
4766	2730
4767	2731
4768	2731
4769	2732
4770	2734
4771	2734
4772	2736
4773	2736
4774	2738
4775	2738
4776	2738
4777	2738
4778	2738
4779	2737
4780	2737
4781	2737
4782	2737
4783	2739
4784	2739
4785	2738
4786	2738
4787	2738
4788	2738
4789	2738
4790	2738
4791	2738
4792	2738
4793	2738
4794	2738
4795	2738
4796	2737
4797	2737
4798	2739
4799	2739
4800	2739
4801	2741
4802	2741
4803	2743
4804	2743
4805	2745
4806	2745
4807	2747
4808	2747
4809	2749
4810	2749
4811	2749
4812	2751
4813	2751
4814	2751
4815	2750
4816	2750
4817	2750
4818	2750
4819	2750
4820	2752
4821	2752
4822	2752
4823	2752
4824	2752
4825	2752
4826	2754
4827	2754
4828	2756
4829	2756
4830	2756
4831	2756
4832	2756
4833	2755
4834	2754
4835	2753
4836	2753
4837	2753
4838	2753
4839	2753
4840	2753
4841	2754
4842	2756
4843	2756
4844	2756
4845	2756
4846	2755
4847	2755
4848	2755
4849	2755
4850	2755
4851	2755
4852	2755
4853	2755
4854	2755
4855	2755
4856	2757
4857	2757
4858	2757
4859	2757
4860	2757
4861	2757
4862	2757
4863	2757
4864	2759
4865	2759
4866	2761
4867	2761
4868	2762
4869	2762
4870	2763
4871	2765
4872	2765
4873	2766
4874	2766
4875	2768
4876	2768
4877	2767
4878	2767
4879	2767
4880	2767
4881	2767
4882	2767
4883	2769
4884	2769
4885	2769
4886	2769
4887	2769
4888	2769
4889	2769
4890	2769
4891	2771
4892	2771
4893	2771
4894	2771
4895	2770
4896	2770
4897	2772
4898	2772
4899	2772
4900	2772
4901	2772
4902	2772
4903	2772
4904	2772
4905	2774
4906	2774
4907	2775
4908	2775
4909	2776
4910	2776
4911	2777
4912	2778
4913	2778
4914	2780
4915	2780
4916	2780
4917	2780
4918	2780
4919	2782
4920	2782
4921	2782
4922	2784
4923	2784
4924	2786
4925	2786
4926	2788
4927	2787
4928	2787
4929	2786
4930	2786
4931	2786
4932	2786
4933	2786
4934	2786
4935	2786
4936	2786
4937	2786
4938	2788
4939	2788
4940	2788
4941	2788
4942	2788
4943	2787
4944	2786
4945	2786
4946	2785
4947	2785
4948	2785
4949	2785
4950	2787
4951	2787
4952	2787
4953	2786
4954	2786
4955	2786
4956	2786
4957	2788
4958	2788
4959	2789
4960	2789
4961	2791
4962	2793
4963	2792
4964	2793
4965	2793
4966	2795
4967	2795
4968	2797
4969	2796
4970	2795
4971	2795
4972	2795
4973	2795
4974	2795
4975	2795
4976	2795
4977	2794
4978	2794
4979	2794
4980	2793
4981	2793
4982	2793
4983	2795
4984	2795
4985	2795
4986	2795
4987	2795
4988	2795
4989	2795
4990	2795
4991	2797
4992	2797
4993	2797
4994	2797
4995	2799
4996	2799
4997	2799
4998	2799
4999	2799
5000	2799
5001	2799
5002	2801
5003	2801
5004	2801
5005	2801
5006	2801
5007	2801
5008	2801
5009	2801
5010	2802
5011	2802
5012	2803
5013	2803
5014	2804
5015	2804
5016	2806
5017	2807
5018	2807
5019	2809
5020	2809
5021	2811
5022	2811
5023	2813
5024	2813
5025	2813
5026	2813
5027	2813
5028	2812
5029	2812
5030	2812
5031	2812
5032	2812
5033	2812
5034	2812
5035	2812
5036	2811
5037	2812
5038	2812
5039	2813
5040	2813
5041	2813
5042	2813
5043	2813
5044	2813
5045	2813
5046	2815
5047	2815
5048	2815
5049	2815
5050	2815
5051	2815
5052	2815
5053	2817
5054	2817
5055	2819
5056	2819
5057	2820
5058	2820
5059	2821
5060	2820
5061	2821
5062	2821
5063	2821
5064	2821
5065	2821
5066	2821
5067	2821
5068	2821
5069	2823
5070	2823
5071	2823
5072	2823
5073	2823
5074	2823
5075	2823
5076	2825
5077	2825
5078	2825
5079	2825
5080	2825
5081	2825
5082	2825
5083	2825
5084	2827
5085	2828
5086	2828
5087	2829
5088	2829
5089	2831
5090	2832
5091	2832
5092	2834
5093	2834
5094	2836
5095	2836
5096	2835
5097	2835
5098	2835
5099	2835
5100	2835
5101	2837
5102	2837
5103	2837
5104	2836
5105	2836
5106	2836
5107	2836
5108	2836
5109	2835
5110	2835
5111	2835
5112	2835
5113	2835
5114	2837
5115	2837
5116	2837
5117	2837
5118	2837
5119	2837
5120	2837
5121	2839
5122	2839
5123	2838
5124	2838
5125	2838
5126	2838
5127	2838
5128	2839
5129	2839
5130	2841
5131	2840
5132	2840
5133	2840
5134	2840
5135	2840
5136	2841
5137	2841
5138	2842
5139	2842
5140	2843
5141	2842
5142	2843
5143	2844
5144	2844
5145	2846
5146	2846
5147	2846
5148	2846
5149	2846
5150	2846
5151	2845
5152	2845
5153	2845
5154	2847
5155	2847
5156	2848
5157	2848
5158	2849
5159	2849
5160	2849
5161	2850
5162	2850
5163	2850
5164	2850
5165	2850
5166	2850
5167	2849
5168	2848
5169	2848
5170	2850
5171	2850
5172	2851
5173	2851
5174	2852
5175	2852
5176	2852
5177	2852
5178	2852
5179	2852
5180	2852
5181	2852
5182	2852
5183	2853
5184	2853
5185	2853
5186	2855
5187	2855
5188	2855
5189	2857
5190	2857
5191	2859
5192	2859
5193	2859
5194	2861
5195	2861
5196	2860
5197	2859
5198	2859
5199	2859
5200	2859
5201	2859
5202	2859
5203	2861
5204	2863
5205	2863
5206	2865
5207	2865
5208	2865
5209	2865
5210	2865
5211	2864
5212	2864
5213	2864
5214	2864
5215	2864
5216	2864
5217	2866
5218	2866
5219	2866
5220	2868
5221	2868
5222	2870
5223	2870
5224	2872
5225	2871
5226	2871
5227	2871
5228	2871
5229	2870
5230	2870
5231	2870
5232	2872
5233	2872
5234	2872
5235	2871
5236	2871
5237	2871
5238	2871
5239	2870
5240	2869
5241	2869
5242	2869
5243	2869
5244	2869
5245	2869
5246	2869
5247	2868
5248	2868
5249	2868
5250	2870
5251	2869
5252	2869
5253	2869
5254	2869
5255	2871
5256	2871
5257	2872
5258	2872
5259	2874
5260	2875
5261	2875
5262	2877
5263	2876
5264	2878
5265	2878
5266	2880
5267	2879
5268	2879
5269	2879
5270	2878
5271	2878
5272	2878
5273	2878
5274	2878
5275	2878
5276	2877
5277	2877
5278	2877
5279	2877
5280	2879
5281	2879
5282	2878
5283	2878
5284	2878
5285	2878
5286	2878
5287	2878
5288	2880
5289	2880
5290	2880
5291	2880
5292	2880
5293	2880
5294	2880
5295	2882
5296	2882
5297	2882
5298	2882
5299	2884
5300	2884
5301	2884
5302	2884
5303	2884
5304	2884
5305	2884
5306	2884
5307	2885
5308	2885
5309	2887
5310	2887
5311	2887
5312	2888
5313	2890
5314	2890
5315	2891
5316	2891
5317	2891
5318	2891
5319	2891
5320	2891
5321	2891
5322	2891
5323	2893
5324	2893
5325	2893
5326	2893
5327	2893
5328	2893
5329	2893
5330	2895
5331	2895
5332	2895
5333	2895
5334	2895
5335	2895
5336	2895
5337	2895
5338	2897
5339	2897
5340	2899
5341	2900
5342	2900
5343	2901
5344	2903
5345	2903
5346	2904
5347	2904
5348	2906
5349	2906
5350	2908
5351	2908
5352	2908
5353	2907
5354	2907
5355	2907
5356	2907
5357	2907
5358	2907
5359	2908
5360	2908
5361	2908
5362	2908
5363	2908
5364	2908
5365	2907
5366	2908
5367	2908
5368	2908
5369	2908
5370	2908
5371	2908
5372	2908
5373	2910
5374	2910
5375	2910
5376	2910
5377	2910
5378	2910
5379	2910
5380	2912
5381	2912
5382	2913
5383	2913
5384	2914
5385	2914
5386	2916
5387	2917
5388	2917
5389	2916
5390	2918
5391	2918
5392	2918
5393	2917
5394	2917
5395	2917
5396	2917
5397	2919
5398	2919
5399	2919
5400	2919
5401	2919
5402	2918
5403	2918
5404	2918
5405	2918
5406	2918
5407	2918
5408	2918
5409	2918
5410	2918
5411	2920
5412	2919
5413	2919
5414	2919
5415	2919
5416	2919
5417	2921
5418	2921
5419	2923
5420	2923
5421	2923
5422	2923
5423	2923
5424	2923
5425	2922
5426	2922
5427	2922
5428	2922
5429	2922
5430	2923
5431	2923
5432	2924
5433	2924
5434	2925
5435	2927
5436	2927
5437	2928
5438	2928
5439	2928
5440	2928
5441	2928
5442	2928
5443	2927
5444	2926
5445	2926
5446	2928
5447	2928
5448	2929
5449	2929
5450	2930
5451	2930
5452	2930
5453	2930
5454	2930
5455	2930
5456	2930
5457	2930
5458	2930
5459	2930
5460	2931
5461	2933
5462	2933
5463	2933
5464	2933
5465	2933
5466	2933
5467	2933
5468	2933
5469	2933
5470	2933
5471	2935
5472	2935
5473	2936
5474	2936
5475	2936
5476	2937
5477	2937
5478	2937
5479	2939
5480	2941
5481	2941
5482	2943
5483	2943
5484	2943
5485	2942
5486	2942
5487	2942
5488	2942
5489	2942
5490	2942
5491	2944
5492	2944
5493	2946
5494	2946
5495	2946
5496	2948
5497	2948
5498	2948
5499	2948
5500	2947
5501	2946
5502	2946
5503	2946
5504	2946
5505	2948
5506	2948
5507	2949
5508	2951
5509	2951
5510	2953
5511	2952
5512	2953
5513	2953
5514	2955
5515	2954
5516	2954
5517	2953
5518	2953
5519	2953
5520	2953
5521	2953
5522	2953
5523	2955
5524	2955
5525	2955
5526	2957
5527	2957
5528	2959
5529	2959
5530	2959
5531	2959
5532	2961
5533	2960
5534	2959
5535	2959
5536	2959
5537	2959
5538	2959
5539	2959
5540	2959
5541	2959
5542	2959
5543	2959
5544	2961
5545	2961
5546	2961
5547	2961
5548	2960
5549	2960
5550	2959
5551	2959
5552	2959
5553	2958
5554	2958
5555	2958
5556	2960
5557	2960
5558	2960
5559	2960
5560	2959
5561	2959
5562	2959
5563	2961
5564	2963
5565	2963
5566	2963
5567	2963
5568	2962
5569	2962
5570	2962
5571	2962
5572	2964
5573	2964
5574	2964
5575	2964
5576	2964
5577	2964
5578	2964
5579	2964
5580	2966
5581	2966
5582	2966
5583	2966
5584	2966
5585	2966
5586	2965
5587	2965
5588	2965
5589	2965
5590	2966
5591	2966
5592	2966
5593	2966
5594	2966
5595	2966
5596	2966
5597	2966
5598	2968
5599	2968
5600	2969
5601	2969
5602	2970
5603	2969
5604	2970
5605	2970
5606	2970
5607	2970
5608	2970
5609	2970
5610	2969
5611	2969
5612	2969
5613	2971
5614	2970
5615	2970
5616	2972
5617	2973
5618	2973
5619	2975
5620	2975
5621	2977
5622	2977
5623	2977
5624	2977
5625	2976
5626	2975
5627	2975
5628	2975
5629	2975
5630	2975
5631	2977
5632	2977
5633	2977
5634	2977
5635	2977
5636	2977
5637	2977
5638	2979
5639	2979
5640	2979
5641	2979
5642	2979
5643	2979
5644	2979
5645	2981
5646	2981
5647	2981
5648	2981
5649	2981
5650	2981
5651	2981
5652	2981
5653	2982
5654	2982
5655	2983
5656	2983
5657	2984
5658	2984
5659	2986
5660	2987
5661	2987
5662	2989
5663	2989
5664	2991
5665	2991
5666	2990
5667	2990
5668	2990
5669	2990
5670	2990
5671	2990
5672	2992
5673	2992
5674	2992
5675	2991
5676	2991
5677	2991
5678	2991
5679	2990
5680	2990
5681	2990
5682	2990
5683	2990
5684	2990
5685	2991
5686	2991
5687	2993
5688	2992
5689	2992
5690	2992
5691	2992
5692	2992
5693	2994
5694	2994
5695	2994
5696	2994
5697	2994
5698	2994
5699	2994
5700	2996
5701	2996
5702	2995
5703	2995
5704	2995
5705	2995
5706	2995
5707	2995
5708	2996
5709	2996
5710	2997
5711	2996
5712	2997
5713	2998
5714	2998
5715	3000
5716	3000
5717	3000
5718	3000
5719	2999
5720	2999
5721	2999
5722	2999
5723	2999
5724	3001
5725	3001
5726	3001
5727	3001
5728	3001
5729	3002
5730	3003
5731	3003
5732	3003
5733	3003
5734	3003
5735	3003
5736	3003
5737	3003
5738	3003
5739	3004
5740	3004
5741	3004
5742	3004
5743	3006
5744	3006
5745	3006
5746	3006
5747	3005
5748	3004
5749	3004
5750	3004
5751	3004
5752	3006
5753	3006
5754	3007
5755	3007
5756	3008
5757	3008
5758	3008
5759	3010
5760	3010
5761	3012
5762	3012
5763	3014
5764	3014
5765	3013
5766	3012
5767	3012
5768	3012
5769	3011
5770	3011
5771	3011
5772	3013
5773	3015
5774	3015
5775	3017
5776	3017
5777	3017
5778	3017
5779	3016
5780	3016
5781	3016
5782	3016
5783	3016
5784	3018
5785	3018
5786	3019
5787	3021
5788	3021
5789	3022
5790	3022
5791	3024
5792	3023
5793	3025
5794	3024
5795	3024
5796	3024
5797	3024
5798	3023
5799	3023
5800	3023
5801	3023
5802	3025
5803	3025
5804	3025
5805	3027
5806	3027
5807	3029
5808	3029
5809	3029
5810	3029
5811	3031
5812	3030
5813	3030
5814	3030
5815	3029
5816	3029
5817	3029
5818	3029
5819	3031
5820	3031
5821	3030
5822	3030
5823	3030
5824	3030
5825	3030
5826	3029
5827	3029
5828	3028
5829	3028
5830	3028
5831	3028
5832	3028
5833	3028
5834	3028
5835	3027
5836	3027
5837	3029
5838	3029
5839	3028
5840	3028
5841	3028
5842	3030
5843	3030
5844	3030
5845	3030
5846	3030
5847	3030
5848	3029
5849	3029
5850	3031
5851	3031
5852	3033
5853	3032
5854	3034
5855	3034
5856	3035
5857	3035
5858	3037
5859	3037
5860	3036
5861	3036
5862	3036
5863	3036
5864	3036
5865	3036
5866	3038
5867	3038
5868	3038
5869	3038
5870	3038
5871	3038
5872	3038
5873	3038
5874	3040
5875	3040
5876	3040
5877	3040
5878	3041
5879	3041
5880	3041
5881	3041
5882	3041
5883	3041
5884	3040
5885	3040
5886	3040
5887	3040
5888	3040
5889	3040
5890	3040
5891	3040
5892	3041
5893	3041
5894	3042
5895	3042
5896	3044
5897	3045
5898	3045
5899	3044
5900	3046
5901	3046
5902	3046
5903	3046
5904	3046
5905	3045
5906	3045
5907	3045
5908	3045
5909	3045
5910	3045
5911	3045
5912	3045
5913	3045
5914	3047
5915	3047
5916	3049
5917	3049
5918	3048
5919	3048
5920	3048
5921	3048
5922	3048
5923	3050
5924	3050
5925	3050
5926	3050
5927	3050
5928	3050
5929	3050
5930	3050
5931	3051
5932	3051
5933	3053
5934	3053
5935	3054
5936	3054
5937	3056
5938	3056
5939	3057
5940	3057
5941	3059
5942	3059
5943	3059
5944	3059
5945	3058
5946	3058
5947	3058
5948	3058
5949	3060
5950	3060
5951	3060
5952	3060
5953	3059
5954	3059
5955	3059
5956	3059
5957	3061
5958	3061
5959	3061
5960	3061
5961	3061
5962	3061
5963	3061
5964	3061
5965	3061
5966	3061
5967	3061
5968	3061
5969	3063
5970	3062
5971	3062
5972	3062
5973	3062
5974	3062
5975	3064
5976	3064
5977	3063
5978	3063
5979	3063
5980	3063
5981	3063
5982	3063
5983	3064
5984	3064
5985	3065
5986	3067
5987	3067
5988	3068
5989	3068
5990	3068
5991	3068
5992	3068
5993	3068
5994	3068
5995	3068
5996	3068
5997	3069
5998	3069
5999	3069
6000	3071
6001	3071
6002	3071
6003	3071
6004	3071
6005	3071
6006	3070
6007	3069
6008	3069
6009	3069
6010	3069
6011	3071
6012	3071
6013	3072
6014	3072
6015	3073
6016	3073
6017	3073
6018	3073
6019	3073
6020	3073
6021	3073
6022	3075
6023	3075
6024	3075
6025	3076
6026	3076
6027	3076
6028	3076
6029	3078
6030	3080
6031	3080
6032	3082
6033	3082
6034	3081
6035	3081
6036	3081
6037	3081
6038	3081
6039	3081
6040	3081
6041	3081
6042	3083
6043	3083
6044	3085
6045	3085
6046	3087
6047	3087
6048	3087
6049	3087
6050	3086
6051	3085
6052	3085
6053	3084
6054	3084
6055	3085
6056	3085
6057	3085
6058	3086
6059	3087
6060	3088
6061	3089
6062	3090
6063	3091
6064	3092
6065	3093
6066	3094
6067	3095
6068	3096
6069	3097
6070	3097
6071	3098
6072	3099
6073	3099
6074	3100
6075	3101
6076	3101
6077	3102
6078	3103
6079	3104
6080	3105
6081	3106
6082	3107
6083	3107
6084	3108
6085	3109
6086	3110
6087	3111
6088	3112
6089	3113
6090	3114
6091	3115
6092	3116
6093	3117
6094	3118
6095	3119
6096	3119
6097	3120
6098	3121
6099	3122
6100	3123
6101	3124
6102	3125
6103	3126
6104	3126
6105	3127
6106	3128
6107	3129
6108	3130
6109	3130
6110	3131
6111	3131
6112	3131
6113	3132
6114	3133
6115	3134
6116	3135
6117	3136
6118	3137
6119	3138
6120	3139
6121	3140
6122	3141
6123	3142
6124	3143
6125	3144
6126	3145
6127	3146
6128	3147
6129	3147
6130	3148
6131	3148
6132	3149
6133	3149
6134	3150
6135	3151
6136	3152
6137	3153
6138	3154
6139	3154
6140	3155
6141	3156
6142	3157
6143	3158
6144	3159
6145	3160
6146	3160
6147	3160
6148	3161
6149	3162
6150	3163
6151	3164
6152	3165
6153	3166
6154	3167
6155	3168
6156	3169
6157	3169
6158	3170
6159	3171
6160	3172
6161	3173
6162	3173
6163	3174
6164	3175
6165	3176
6166	3177
6167	3178
6168	3179
6169	3180
6170	3181
6171	3182
6172	3183
6173	3183
6174	3184
6175	3185
6176	3186
6177	3187
6178	3188
6179	3189
6180	3190
6181	3190
6182	3191
6183	3192
6184	3192
6185	3192
6186	3193
6187	3194
6188	3195
6189	3196
6190	3196
6191	3196
6192	3196
6193	3197
6194	3198
6195	3199
6196	3200
6197	3200
6198	3201
6199	3202
6200	3203
6201	3204
6202	3205
6203	3206
6204	3207
6205	3208
6206	3209
6207	3210
6208	3211
6209	3212
6210	3213
6211	3214
6212	3215
6213	3216
6214	3217
6215	3218
6216	3219
6217	3219
6218	3220
6219	3221
6220	3222
6221	3223
6222	3224
6223	3225
6224	3226
6225	3227
6226	3227
6227	3228
6228	3229
6229	3230
6230	3231
6231	3232
6232	3233
6233	3234
6234	3235
6235	3235
6236	3236
6237	3237
6238	3238
6239	3239
6240	3240
6241	3240
6242	3241
6243	3242
6244	3243
6245	3243
6246	3244
6247	3244
6248	3245
6249	3246
6250	3246
6251	3247
6252	3248
6253	3249
6254	3249
6255	3250
6256	3251
6257	3252
6258	3253
6259	3254
6260	3255
6261	3256
6262	3257
6263	3258
6264	3259
6265	3260
6266	3261
6267	3262
6268	3263
6269	3263
6270	3264
6271	3265
6272	3266
6273	3267
6274	3268
6275	3269
6276	3270
6277	3271
6278	3272
6279	3272
6280	3273
6281	3274
6282	3275
6283	3276
6284	3276
6285	3277
6286	3277
6287	3278
6288	3279
6289	3279
6290	3279
6291	3280
6292	3281
6293	3282
6294	3283
6295	3284
6296	3285
6297	3286
6298	3286
6299	3287
6300	3288
6301	3289
6302	3290
6303	3290
6304	3291
6305	3291
6306	3292
6307	3292
6308	3293
6309	3294
6310	3294
6311	3295
6312	3296
6313	3297
6314	3298
6315	3299
6316	3300
6317	3301
6318	3302
6319	3302
6320	3303
6321	3303
6322	3304
6323	3305
6324	3306
6325	3306
6326	3307
6327	3308
6328	3309
6329	3310
6330	3311
6331	3312
6332	3313
6333	3313
6334	3314
6335	3315
6336	3316
6337	3317
6338	3318
6339	3319
6340	3320
6341	3321
6342	3321
6343	3322
6344	3323
6345	3324
6346	3325
6347	3326
6348	3327
6349	3328
6350	3328
6351	3329
6352	3329
6353	3330
6354	3330
6355	3331
6356	3332
6357	3333
6358	3333
6359	3334
6360	3335
6361	3336
6362	3337
6363	3338
6364	3339
6365	3340
6366	3341
6367	3342
6368	3343
6369	3344
6370	3345
6371	3346
6372	3347
6373	3348
6374	3349
6375	3350
6376	3350
6377	3351
6378	3352
6379	3353
6380	3354
6381	3355
6382	3355
6383	3356
6384	3357
6385	3358
6386	3358
6387	3359
6388	3360
6389	3361
6390	3362
6391	3363
6392	3364
6393	3364
6394	3365
6395	3366
6396	3367
6397	3368
6398	3369
6399	3369
6400	3370
6401	3370
6402	3371
6403	3372
6404	3373
6405	3374
6406	3374
6407	3375
6408	3375
6409	3376
6410	3377
6411	3378
6412	3379
6413	3380
6414	3381
6415	3382
6416	3383
6417	3384
6418	3384
6419	3385
6420	3386
6421	3386
6422	3387
6423	3388
6424	3389
6425	3390
6426	3391
6427	3392
6428	3393
6429	3394
6430	3395
6431	3396
6432	3397
6433	3398
6434	3399
6435	3399
6436	3399
6437	3400
6438	3401
6439	3401
6440	3402
6441	3403
6442	3404
6443	3405
6444	3406
6445	3407
6446	3407
6447	3408
6448	3409
6449	3409
6450	3409
6451	3410
6452	3411
6453	3411
6454	3412
6455	3413
6456	3414
6457	3415
6458	3416
6459	3417
6460	3418
6461	3418
6462	3419
6463	3420
6464	3421
6465	3421
6466	3422
6467	3423
6468	3424
6469	3424
6470	3425
6471	3426
6472	3427
6473	3428
6474	3429
6475	3430
6476	3431
6477	3432
6478	3433
6479	3434
6480	3434
6481	3435
6482	3436
6483	3437
6484	3437
6485	3438
6486	3439
6487	3440
6488	3441
6489	3441
6490	3442
6491	3443
6492	3444
6493	3445
6494	3446
6495	3447
6496	3448
6497	3449
6498	3450
6499	3451
6500	3452
6501	3453
6502	3454
6503	3455
6504	3456
6505	3456
6506	3457
6507	3458
6508	3459
6509	3459
6510	3460
6511	3461
6512	3461
6513	3461
6514	3462
6515	3463
6516	3464
6517	3465
6518	3466
6519	3467
6520	3468
6521	3469
6522	3469
6523	3470
6524	3471
6525	3472
6526	3472
6527	3473
6528	3474
6529	3475
6530	3475
6531	3476
6532	3476
6533	3477
6534	3477
6535	3478
6536	3479
6537	3480
6538	3481
6539	3481
6540	3482
6541	3483
6542	3484
6543	3485
6544	3486
6545	3487
6546	3488
6547	3488
6548	3488
6549	3489
6550	3490
6551	3491
6552	3492
6553	3493
6554	3494
6555	3495
6556	3496
6557	3496
6558	3497
6559	3498
6560	3498
6561	3498
6562	3499
6563	3500
6564	3501
6565	3501
6566	3502
6567	3503
6568	3504
6569	3505
6570	3506
6571	3507
6572	3508
6573	3509
6574	3510
6575	3511
6576	3512
6577	3513
6578	3513
6579	3514
6580	3515
6581	3516
6582	3517
6583	3517
6584	3518
6585	3519
6586	3520
6587	3521
6588	3522
6589	3523
6590	3524
6591	3525
6592	3525
6593	3526
6594	3527
6595	3528
6596	3529
6597	3530
6598	3531
6599	3532
6600	3532
6601	3533
6602	3534
6603	3535
6604	3535
6605	3536
6606	3537
6607	3537
6608	3538
6609	3539
6610	3540
6611	3541
6612	3542
6613	3542
6614	3543
6615	3543
6616	3544
6617	3544
6618	3545
6619	3545
6620	3546
6621	3546
6622	3547
6623	3548
6624	3549
6625	3549
6626	3549
6627	3550
6628	3551
6629	3552
6630	3553
6631	3554
6632	3555
6633	3556
6634	3557
6635	3558
6636	3559
6637	3560
6638	3561
6639	3562
6640	3563
6641	3564
6642	3564
6643	3565
6644	3565
6645	3566
6646	3567
6647	3568
6648	3569
6649	3570
6650	3571
6651	3571
6652	3572
6653	3573
6654	3574
6655	3575
6656	3576
6657	3577
6658	3578
6659	3579
6660	3580
6661	3581
6662	3582
6663	3583
6664	3583
6665	3583
6666	3584
6667	3585
6668	3585
6669	3586
6670	3587
6671	3588
6672	3588
6673	3589
6674	3590
6675	3590
6676	3590
6677	3591
6678	3592
6679	3592
6680	3593
6681	3594
6682	3595
6683	3596
6684	3597
6685	3598
6686	3599
6687	3600
6688	3601
6689	3602
6690	3603
6691	3604
6692	3605
6693	3606
6694	3607
6695	3608
6696	3609
6697	3610
6698	3610
6699	3611
6700	3612
6701	3613
6702	3614
6703	3615
6704	3616
6705	3617
6706	3617
6707	3618
6708	3618
6709	3619
6710	3620
6711	3621
6712	3621
6713	3622
6714	3623
6715	3624
6716	3625
6717	3626
6718	3626
6719	3627
6720	3628
6721	3629
6722	3630
6723	3630
6724	3631
6725	3632
6726	3633
6727	3634
6728	3634
6729	3635
6730	3635
6731	3635
6732	3636
6733	3637
6734	3638
6735	3639
6736	3640
6737	3641
6738	3642
6739	3643
6740	3644
6741	3645
6742	3646
6743	3647
6744	3648
6745	3649
6746	3650
6747	3651
6748	3651
6749	3652
6750	3653
6751	3654
6752	3655
6753	3655
6754	3656
6755	3657
6756	3658
6757	3659
6758	3660
6759	3661
6760	3661
6761	3662
6762	3663
6763	3664
6764	3664
6765	3665
6766	3666
6767	3666
6768	3666
6769	3667
6770	3668
6771	3669
6772	3670
6773	3671
6774	3671
6775	3672
6776	3673
6777	3674
6778	3674
6779	3675
6780	3676
6781	3677
6782	3678
6783	3679
6784	3680
6785	3681
6786	3681
6787	3682
6788	3683
6789	3684
6790	3684
6791	3684
6792	3685
6793	3686
6794	3687
6795	3688
6796	3689
6797	3690
6798	3691
6799	3692
6800	3693
6801	3693
6802	3694
6803	3695
6804	3696
6805	3697
6806	3698
6807	3699
6808	3700
6809	3701
6810	3702
6811	3703
6812	3704
6813	3704
6814	3705
6815	3706
6816	3707
6817	3708
6818	3709
6819	3709
6820	3710
6821	3711
6822	3711
6823	3712
6824	3713
6825	3714
6826	3715
6827	3716
6828	3717
6829	3718
6830	3718
6831	3719
6832	3719
6833	3720
6834	3721
6835	3722
6836	3723
6837	3724
6838	3725
6839	3726
6840	3727
6841	3728
6842	3728
6843	3728
6844	3729
6845	3730
6846	3731
6847	3732
6848	3733
6849	3734
6850	3735
6851	3736
6852	3737
6853	3738
6854	3739
6855	3740
6856	3741
6857	3741
6858	3741
6859	3741
6860	3742
6861	3742
6862	3743
6863	3744
6864	3745
6865	3746
6866	3747
6867	3748
6868	3749
6869	3749
6870	3750
6871	3750
6872	3751
6873	3751
6874	3752
6875	3753
6876	3753
6877	3754
6878	3755
6879	3756
6880	3757
6881	3758
6882	3759
6883	3760
6884	3761
6885	3761
6886	3762
6887	3762
6888	3763
6889	3764
6890	3765
6891	3766
6892	3767
6893	3768
6894	3768
6895	3769
6896	3770
6897	3771
6898	3772
6899	3773
6900	3774
6901	3775
6902	3775
6903	3776
6904	3777
6905	3777
6906	3778
6907	3779
6908	3780
6909	3780
6910	3780
6911	3781
6912	3782
6913	3783
6914	3784
6915	3785
6916	3786
6917	3786
6918	3787
6919	3787
6920	3788
6921	3789
6922	3790
6923	3791
6924	3792
6925	3792
6926	3793
6927	3794
6928	3795
6929	3795
6930	3796
6931	3797
6932	3798
6933	3799
6934	3800
6935	3800
6936	3801
6937	3802
6938	3803
6939	3804
6940	3805
6941	3806
6942	3807
6943	3808
6944	3809
6945	3810
6946	3811
6947	3812
6948	3813
6949	3814
6950	3814
6951	3815
6952	3816
6953	3817
6954	3818
6955	3819
6956	3820
6957	3821
6958	3822
6959	3823
6960	3823
6961	3823
6962	3823
6963	3823
6964	3824
6965	3825
6966	3826
6967	3826
6968	3826
6969	3827
6970	3828
6971	3829
6972	3829
6973	3830
6974	3831
6975	3832
6976	3833
6977	3834
6978	3835
6979	3836
6980	3836
6981	3837
6982	3838
6983	3839
6984	3840
6985	3841
6986	3842
6987	3843
6988	3843
6989	3844
6990	3845
6991	3846
6992	3847
6993	3848
6994	3848
6995	3849
6996	3849
6997	3850
6998	3851
6999	3851
7000	3852
7001	3853
7002	3853
7003	3854
7004	3854
7005	3855
7006	3856
7007	3856
7008	3857
7009	3858
7010	3859
7011	3860
7012	3860
7013	3861
7014	3862
7015	3863
7016	3864
7017	3865
7018	3865
7019	3865
7020	3866
7021	3867
7022	3868
7023	3869
7024	3870
7025	3870
7026	3871
7027	3872
7028	3873
7029	3874
7030	3875
7031	3875
7032	3875
7033	3876
7034	3877
7035	3878
7036	3878
7037	3879
7038	3880
7039	3881
7040	3881
7041	3882
7042	3882
7043	3883
7044	3883
7045	3884
7046	3885
7047	3886
7048	3886
7049	3886
7050	3887
7051	3888
7052	3888
7053	3889
7054	3890
7055	3891
7056	3892
7057	3893
7058	3894
7059	3895
7060	3896
7061	3897
7062	3898
7063	3899
7064	3900
7065	3900
7066	3901
7067	3902
7068	3903
7069	3904
7070	3904
7071	3905
7072	3906
7073	3907
7074	3908
7075	3909
7076	3910
7077	3911
7078	3912
7079	3912
7080	3913
7081	3914
7082	3915
7083	3915
7084	3916
7085	3917
7086	3918
7087	3919
7088	3920
7089	3921
7090	3920
7091	3921
7092	3921
7093	3922
7094	3922
7095	3923
7096	3923
7097	3924
7098	3925
7099	3926
7100	3926
7101	3927
7102	3928
7103	3929
7104	3930
7105	3931
7106	3932
7107	3931
7108	3932
7109	3932
7110	3933
7111	3934
7112	3935
7113	3935
7114	3936
7115	3937
7116	3938
7117	3938
7118	3939
7119	3939
7120	3940
7121	3941
7122	3941
7123	3942
7124	3943
7125	3944
7126	3945
7127	3946
7128	3947
7129	3948
7130	3949
7131	3949
7132	3950
7133	3951
7134	3952
7135	3953
7136	3954
7137	3955
7138	3956
7139	3956
7140	3957
7141	3958
7142	3959
7143	3960
7144	3961
7145	3962
7146	3963
7147	3963
7148	3964
7149	3965
7150	3966
7151	3966
7152	3967
7153	3968
7154	3969
7155	3970
7156	3971
7157	3972
7158	3973
7159	3973
7160	3974
7161	3974
7162	3974
7163	3975
7164	3976
7165	3977
7166	3978
7167	3979
7168	3979
7169	3980
7170	3981
7171	3981
7172	3982
7173	3983
7174	3984
7175	3985
7176	3986
7177	3987
7178	3988
7179	3989
7180	3990
7181	3991
7182	3992
7183	3993
7184	3994
7185	3995
7186	3995
7187	3996
7188	3997
7189	3998
7190	3999
7191	4000
7192	4001
7193	4002
7194	4003
7195	4004
7196	4004
7197	4005
7198	4005
7199	4005
7200	4005
7201	4006
7202	4006
7203	4007
7204	4008
7205	4008
7206	4009
7207	4010
7208	4011
7209	4012
7210	4012
7211	4013
7212	4014
7213	4014
7214	4015
7215	4015
7216	4016
7217	4016
7218	4016
7219	4017
7220	4018
7221	4019
7222	4020
7223	4021
7224	4022
7225	4023
7226	4024
7227	4024
7228	4025
7229	4026
7230	4026
7231	4027
7232	4028
7233	4029
7234	4030
7235	4031
7236	4032
7237	4033
7238	4033
7239	4034
7240	4035
7241	4036
7242	4037
7243	4038
7244	4039
7245	4040
7246	4040
7247	4041
7248	4042
7249	4042
7250	4043
7251	4044
7252	4044
7253	4045
7254	4046
7255	4047
7256	4048
7257	4049
7258	4050
7259	4051
7260	4051
7261	4052
7262	4053
7263	4054
7264	4053
7265	4053
7266	4054
7267	4055
7268	4055
7269	4056
7270	4057
7271	4058
7272	4058
7273	4059
7274	4060
7275	4060
7276	4061
7277	4062
7278	4063
7279	4064
7280	4065
7281	4066
7282	4067
7283	4067
7284	4068
7285	4069
7286	4070
7287	4070
7288	4071
7289	4072
7290	4073
7291	4074
7292	4075
7293	4076
7294	4077
7295	4078
7296	4079
7297	4080
7298	4081
7299	4082
7300	4083
7301	4083
7302	4084
7303	4085
7304	4085
7305	4085
7306	4086
7307	4087
7308	4088
7309	4088
7310	4089
7311	4090
7312	4091
7313	4092
7314	4093
7315	4094
7316	4095
7317	4096
7318	4097
7319	4098
7320	4099
7321	4100
7322	4101
7323	4102
7324	4103
7325	4104
7326	4105
7327	4105
7328	4106
7329	4107
7330	4108
7331	4109
7332	4109
7333	4109
7334	4110
7335	4111
7336	4112
7337	4113
7338	4113
7339	4113
7340	4114
7341	4115
7342	4116
7343	4117
7344	4118
7345	4119
7346	4119
7347	4120
7348	4121
7349	4121
7350	4122
7351	4123
7352	4124
7353	4125
7354	4126
7355	4127
7356	4128
7357	4129
7358	4129
7359	4130
7360	4131
7361	4132
7362	4133
7363	4133
7364	4134
7365	4134
7366	4134
7367	4135
7368	4135
7369	4136
7370	4137
7371	4137
7372	4138
7373	4139
7374	4139
7375	4140
7376	4140
7377	4141
7378	4141
7379	4142
7380	4143
7381	4144
7382	4145
7383	4146
7384	4146
7385	4147
7386	4148
7387	4149
7388	4150
7389	4151
7390	4151
7391	4151
7392	4152
7393	4153
7394	4154
7395	4155
7396	4156
7397	4157
7398	4158
7399	4159
7400	4160
7401	4161
7402	4161
7403	4161
7404	4162
7405	4162
7406	4163
7407	4164
7408	4164
7409	4165
7410	4166
7411	4167
7412	4168
7413	4169
7414	4170
7415	4171
7416	4172
7417	4173
7418	4173
7419	4174
7420	4175
7421	4175
7422	4176
7423	4177
7424	4178
7425	4179
7426	4179
7427	4180
7428	4181
7429	4181
7430	4182
7431	4182
7432	4183
7433	4184
7434	4185
7435	4185
7436	4186
7437	4186
7438	4187
7439	4187
7440	4188
7441	4189
7442	4189
7443	4189
7444	4190
7445	4190
7446	4191
7447	4192
7448	4193
7449	4194
7450	4195
7451	4196
7452	4197
7453	4197
7454	4198
7455	4199
7456	4200
7457	4201
7458	4202
7459	4203
7460	4204
7461	4205
7462	4205
7463	4206
7464	4207
7465	4208
7466	4209
7467	4210
7468	4211
7469	4212
7470	4213
7471	4214
7472	4214
7473	4215
7474	4216
7475	4217
7476	4218
7477	4219
7478	4220
7479	4221
7480	4222
7481	4222
7482	4223
7483	4224
7484	4224
7485	4225
7486	4226
7487	4227
7488	4228
7489	4229
7490	4230
7491	4231
7492	4232
7493	4232
7494	4233
7495	4234
7496	4235
7497	4236
7498	4237
7499	4237
7500	4238
7501	4239
7502	4239
7503	4239
7504	4240
7505	4241
7506	4242
7507	4242
7508	4243
7509	4244
7510	4245
7511	4246
7512	4245
7513	4245
7514	4246
7515	4247
7516	4248
7517	4249
7518	4250
7519	4251
7520	4252
7521	4253
7522	4253
7523	4254
7524	4255
7525	4254
7526	4254
7527	4255
7528	4256
7529	4257
7530	4258
7531	4258
7532	4259
7533	4259
7534	4260
7535	4260
7536	4261
7537	4262
7538	4263
7539	4264
7540	4265
7541	4266
7542	4267
7543	4268
7544	4269
7545	4270
7546	4271
7547	4272
7548	4272
7549	4272
7550	4273
7551	4274
7552	4275
7553	4275
7554	4276
7555	4277
7556	4278
7557	4279
7558	4279
7559	4279
7560	4279
7561	4280
7562	4281
7563	4281
7564	4282
7565	4283
7566	4284
7567	4285
7568	4286
7569	4287
7570	4288
7571	4289
7572	4290
7573	4290
7574	4291
7575	4292
7576	4293
7577	4294
7578	4295
7579	4296
7580	4297
7581	4298
7582	4299
7583	4300
7584	4301
7585	4302
7586	4302
7587	4303
7588	4304
7589	4304
7590	4304
7591	4304
7592	4305
7593	4306
7594	4307
7595	4307
7596	4308
7597	4309
7598	4310
7599	4311
7600	4312
7601	4312
7602	4313
7603	4313
7604	4314
7605	4315
7606	4315
7607	4316
7608	4316
7609	4316
7610	4317
7611	4318
7612	4319
7613	4320
7614	4321
7615	4322
7616	4323
7617	4324
7618	4325
7619	4325
7620	4325
7621	4326
7622	4327
7623	4328
7624	4329
7625	4330
7626	4331
7627	4332
7628	4333
7629	4334
7630	4335
7631	4335
7632	4336
7633	4337
7634	4338
7635	4338
7636	4339
7637	4340
7638	4341
7639	4341
7640	4342
7641	4343
7642	4344
7643	4345
7644	4346
7645	4347
7646	4348
7647	4348
7648	4349
7649	4350
7650	4351
7651	4352
7652	4352
7653	4353
7654	4354
7655	4354
7656	4355
7657	4356
7658	4357
7659	4358
7660	4359
7661	4360
7662	4361
7663	4361
7664	4360
7665	4360
7666	4361
7667	4362
7668	4363
7669	4364
7670	4365
7671	4366
7672	4367
7673	4368
7674	4368
7675	4369
7676	4369
7677	4370
7678	4371
7679	4372
7680	4373
7681	4374
7682	4375
7683	4376
7684	4377
7685	4378
7686	4379
7687	4380
7688	4381
7689	4382
7690	4382
7691	4383
7692	4384
7693	4384
7694	4384
7695	4384
7696	4384
7697	4385
7698	4386
7699	4386
7700	4387
7701	4388
7702	4388
7703	4388
7704	4389
7705	4390
7706	4390
7707	4391
7708	4391
7709	4392
7710	4392
7711	4393
7712	4394
7713	4395
7714	4396
7715	4397
7716	4398
7717	4399
7718	4400
7719	4401
7720	4401
7721	4402
7722	4403
7723	4404
7724	4405
7725	4406
7726	4407
7727	4408
7728	4408
7729	4409
7730	4410
7731	4410
7732	4411
7733	4412
7734	4413
7735	4414
7736	4415
7737	4416
7738	4416
7739	4417
7740	4417
7741	4418
7742	4419
7743	4420
7744	4421
7745	4422
7746	4423
7747	4424
7748	4424
7749	4425
7750	4426
7751	4427
7752	4428
7753	4429
7754	4429
7755	4430
7756	4430
7757	4430
7758	4431
7759	4432
7760	4433
7761	4433
7762	4434
7763	4435
7764	4436
7765	4437
7766	4436
7767	4437
7768	4438
7769	4439
7770	4440
7771	4441
7772	4441
7773	4441
7774	4442
7775	4443
7776	4444
7777	4445
7778	4445
7779	4445
7780	4445
7781	4445
7782	4446
7783	4447
7784	4448
7785	4449
7786	4450
7787	4451
7788	4452
7789	4453
7790	4454
7791	4455
7792	4456
7793	4457
7794	4458
7795	4458
7796	4459
7797	4459
7798	4460
7799	4461
7800	4461
7801	4462
7802	4463
7803	4464
7804	4465
7805	4466
7806	4467
7807	4468
7808	4468
7809	4469
7810	4470
7811	4471
7812	4472
7813	4473
7814	4474
7815	4475
7816	4476
7817	4477
7818	4478
7819	4479
7820	4480
7821	4481
7822	4482
7823	4483
7824	4483
7825	4484
7826	4485
7827	4485
7828	4486
7829	4487
7830	4488
7831	4488
7832	4489
7833	4490
7834	4491
7835	4492
7836	4493
7837	4494
7838	4494
7839	4495
7840	4496
7841	4497
7842	4498
7843	4499
7844	4499
7845	4500
7846	4501
7847	4502
7848	4503
7849	4504
7850	4505
7851	4506
7852	4507
7853	4507
7854	4508
7855	4508
7856	4509
7857	4510
7858	4511
7859	4512
7860	4513
7861	4514
7862	4515
7863	4515
7864	4516
7865	4516
7866	4516
7867	4517
7868	4517
7869	4518
7870	4519
7871	4520
7872	4519
7873	4520
7874	4520
7875	4521
7876	4522
7877	4523
7878	4523
7879	4524
7880	4525
7881	4526
7882	4526
7883	4527
7884	4528
7885	4528
7886	4529
7887	4530
7888	4531
7889	4532
7890	4533
7891	4534
7892	4535
7893	4535
7894	4536
7895	4537
7896	4537
7897	4538
7898	4539
7899	4540
7900	4541
7901	4542
7902	4543
7903	4544
7904	4544
7905	4545
7906	4546
7907	4547
7908	4548
7909	4549
7910	4550
7911	4551
7912	4552
7913	4553
7914	4553
7915	4554
7916	4555
7917	4556
7918	4557
7919	4558
7920	4559
7921	4560
7922	4560
7923	4561
7924	4562
7925	4563
7926	4563
7927	4564
7928	4565
7929	4566
7930	4567
7931	4568
7932	4569
7933	4569
7934	4570
7935	4570
7936	4571
7937	4572
7938	4573
7939	4574
7940	4575
7941	4575
7942	4576
7943	4577
7944	4578
7945	4579
7946	4580
7947	4580
7948	4581
7949	4582
7950	4583
7951	4584
7952	4585
7953	4585
7954	4586
7955	4587
7956	4588
7957	4587
7958	4588
7959	4589
7960	4590
7961	4590
7962	4591
7963	4591
7964	4591
7965	4591
7966	4592
7967	4593
7968	4594
7969	4595
7970	4596
7971	4597
7972	4598
7973	4599
7974	4600
7975	4600
7976	4600
7977	4601
7978	4602
7979	4603
7980	4604
7981	4605
7982	4606
7983	4607
7984	4608
7985	4609
7986	4610
7987	4610
7988	4611
7989	4612
7990	4613
7991	4613
7992	4614
7993	4615
7994	4615
7995	4616
7996	4616
7997	4617
7998	4618
7999	4619
8000	4620
8001	4621
8002	4622
8003	4623
8004	4624
8005	4625
8006	4626
8007	4627
8008	4627
8009	4628
8010	4629
8011	4629
8012	4629
8013	4630
8014	4631
8015	4631
8016	4631
8017	4632
8018	4633
8019	4634
8020	4635
8021	4635
8022	4636
8023	4637
8024	4638
8025	4639
8026	4640
8027	4641
8028	4642
8029	4643
8030	4644
8031	4644
8032	4645
8033	4646
8034	4647
8035	4648
8036	4649
8037	4649
8038	4650
8039	4651
8040	4651
8041	4652
8042	4653
8043	4654
8044	4655
8045	4656
8046	4657
8047	4658
8048	4658
8049	4658
8050	4659
8051	4660
8052	4659
8053	4660
8054	4661
8055	4662
8056	4663
8057	4664
8058	4665
8059	4664
8060	4665
8061	4666
8062	4667
8063	4668
8064	4669
8065	4670
8066	4670
8067	4671
8068	4672
8069	4673
8070	4674
8071	4675
8072	4676
8073	4677
8074	4678
8075	4679
8076	4680
8077	4681
8078	4681
8079	4682
8080	4683
8081	4684
8082	4684
8083	4685
8084	4685
8085	4685
8086	4685
8087	4686
8088	4686
8089	4687
8090	4688
8091	4689
8092	4689
8093	4690
8094	4691
8095	4692
8096	4693
8097	4694
8098	4695
8099	4696
8100	4697
8101	4698
8102	4699
8103	4700
8104	4701
8105	4702
8106	4703
8107	4704
8108	4705
8109	4705
8110	4705
8111	4706
8112	4707
8113	4707
8114	4708
8115	4708
8116	4709
8117	4710
8118	4711
8119	4712
8120	4713
8121	4714
8122	4715
8123	4716
8124	4717
8125	4718
8126	4719
8127	4720
8128	4721
8129	4721
8130	4722
8131	4723
8132	4724
8133	4725
8134	4725
8135	4725
8136	4726
8137	4727
8138	4727
8139	4728
8140	4729
8141	4730
8142	4730
8143	4731
8144	4732
8145	4733
8146	4734
8147	4735
8148	4736
8149	4735
8150	4736
8151	4737
8152	4738
8153	4738
8154	4738
8155	4739
8156	4740
8157	4741
8158	4742
8159	4742
8160	4742
8161	4742
8162	4743
8163	4744
8164	4745
8165	4746
8166	4747
8167	4748
8168	4749
8169	4749
8170	4750
8171	4751
8172	4751
8173	4752
8174	4752
8175	4753
8176	4754
8177	4755
8178	4756
8179	4757
8180	4758
8181	4759
8182	4760
8183	4761
8184	4762
8185	4763
8186	4764
8187	4765
8188	4766
8189	4766
8190	4767
8191	4768
8192	4769
8193	4770
8194	4771
8195	4772
8196	4773
8197	4773
8198	4774
8199	4775
8200	4776
8201	4777
8202	4777
8203	4778
8204	4779
8205	4780
8206	4780
8207	4781
8208	4782
8209	4782
8210	4783
8211	4784
8212	4785
8213	4786
8214	4787
8215	4788
8216	4789
8217	4789
8218	4790
8219	4790
8220	4791
8221	4792
8222	4793
8223	4794
8224	4795
8225	4796
8226	4797
8227	4798
8228	4799
8229	4799
8230	4800
8231	4801
8232	4802
8233	4803
8234	4804
8235	4805
8236	4806
8237	4807
8238	4808
8239	4809
8240	4810
8241	4811
8242	4811
8243	4812
8244	4813
8245	4814
8246	4815
8247	4815
8248	4816
8249	4817
8250	4817
8251	4818
8252	4819
8253	4819
8254	4820
8255	4821
8256	4822
8257	4823
8258	4824
8259	4825
8260	4826
8261	4826
8262	4827
8263	4828
8264	4829
8265	4830
8266	4831
8267	4832
8268	4833
8269	4833
8270	4834
8271	4835
8272	4836
8273	4837
8274	4838
8275	4838
8276	4839
8277	4840
8278	4840
8279	4841
8280	4842
8281	4843
8282	4844
8283	4845
8284	4846
8285	4846
8286	4846
8287	4847
8288	4848
8289	4848
8290	4849
8291	4849
8292	4850
8293	4851
8294	4852
8295	4853
8296	4853
8297	4854
8298	4855
8299	4856
8300	4857
8301	4856
8302	4856
8303	4857
8304	4857
8305	4858
8306	4859
8307	4860
8308	4861
8309	4862
8310	4862
8311	4863
8312	4863
8313	4864
8314	4865
8315	4866
8316	4867
8317	4868
8318	4868
8319	4869
8320	4870
8321	4871
8322	4872
8323	4873
8324	4873
8325	4874
8326	4875
8327	4876
8328	4875
8329	4876
8330	4877
8331	4878
8332	4879
8333	4879
8334	4880
8335	4881
8336	4882
8337	4883
8338	4884
8339	4885
8340	4886
8341	4887
8342	4888
8343	4888
8344	4888
8345	4889
8346	4889
8347	4889
8348	4889
8349	4890
8350	4891
8351	4891
8352	4892
8353	4892
8354	4893
8355	4894
8356	4895
8357	4896
8358	4897
8359	4898
8360	4899
8361	4900
8362	4900
8363	4901
8364	4902
8365	4902
8366	4903
8367	4904
8368	4905
8369	4905
8370	4905
8371	4906
8372	4907
8373	4908
8374	4909
8375	4910
8376	4911
8377	4912
8378	4912
8379	4913
8380	4914
8381	4915
8382	4916
8383	4917
8384	4918
8385	4919
8386	4919
8387	4920
8388	4921
8389	4922
8390	4923
8391	4924
8392	4925
8393	4925
8394	4926
8395	4927
8396	4927
8397	4928
8398	4929
8399	4929
8400	4929
8401	4930
8402	4931
8403	4932
8404	4933
8405	4934
8406	4935
8407	4936
8408	4937
8409	4938
8410	4938
8411	4939
8412	4940
8413	4940
8414	4940
8415	4941
8416	4942
8417	4943
8418	4944
8419	4945
8420	4945
8421	4946
8422	4947
8423	4948
8424	4949
8425	4950
8426	4951
8427	4952
8428	4953
8429	4954
8430	4955
8431	4956
8432	4957
8433	4958
8434	4959
8435	4960
8436	4961
8437	4961
8438	4961
8439	4962
8440	4963
8441	4962
8442	4963
8443	4964
8444	4965
8445	4966
8446	4967
8447	4968
8448	4969
8449	4968
8450	4969
8451	4970
8452	4971
8453	4972
8454	4973
8455	4974
8456	4974
8457	4975
8458	4975
8459	4976
8460	4977
8461	4978
8462	4979
8463	4979
8464	4979
8465	4979
8466	4980
8467	4981
8468	4982
8469	4983
8470	4982
8471	4983
8472	4984
8473	4985
8474	4986
8475	4987
8476	4987
8477	4988
8478	4989
8479	4989
8480	4990
8481	4991
8482	4991
8483	4992
8484	4993
8485	4993
8486	4993
8487	4994
8488	4995
8489	4995
8490	4995
8491	4996
8492	4997
8493	4998
8494	4999
8495	5000
8496	5001
8497	5002
8498	5003
8499	5004
8500	5004
8501	5003
8502	5004
8503	5005
8504	5006
8505	5007
8506	5008
8507	5009
8508	5009
8509	5010
8510	5010
8511	5011
8512	5012
8513	5013
8514	5014
8515	5015
8516	5016
8517	5017
8518	5017
8519	5018
8520	5018
8521	5019
8522	5020
8523	5021
8524	5022
8525	5023
8526	5023
8527	5024
8528	5025
8529	5025
8530	5025
8531	5026
8532	5027
8533	5028
8534	5029
8535	5030
8536	5030
8537	5031
8538	5031
8539	5031
8540	5032
8541	5033
8542	5034
8543	5035
8544	5036
8545	5037
8546	5038
8547	5038
8548	5039
8549	5040
8550	5040
8551	5041
8552	5042
8553	5043
8554	5044
8555	5045
8556	5046
8557	5046
8558	5047
8559	5047
8560	5048
8561	5049
8562	5049
8563	5049
8564	5048
8565	5049
8566	5049
8567	5049
8568	5050
8569	5051
8570	5052
8571	5053
8572	5054
8573	5055
8574	5055
8575	5056
8576	5057
8577	5058
8578	5059
8579	5060
8580	5060
8581	5061
8582	5062
8583	5063
8584	5064
8585	5065
8586	5066
8587	5067
8588	5068
8589	5069
8590	5069
8591	5070
8592	5071
8593	5071
8594	5072
8595	5073
8596	5074
8597	5074
8598	5075
8599	5075
8600	5076
8601	5076
8602	5076
8603	5076
8604	5077
8605	5078
8606	5079
8607	5080
8608	5081
8609	5082
8610	5082
8611	5083
8612	5084
8613	5085
8614	5085
8615	5086
8616	5087
8617	5088
8618	5088
8619	5088
8620	5089
8621	5089
8622	5090
8623	5091
8624	5092
8625	5093
8626	5094
8627	5095
8628	5096
8629	5096
8630	5097
8631	5098
8632	5099
8633	5100
8634	5101
8635	5102
8636	5103
8637	5104
8638	5105
8639	5106
8640	5107
8641	5108
8642	5109
8643	5110
8644	5111
8645	5112
8646	5113
8647	5113
8648	5114
8649	5115
8650	5116
8651	5116
8652	5117
8653	5118
8654	5119
8655	5120
8656	5121
8657	5122
8658	5123
8659	5123
8660	5124
8661	5125
8662	5126
8663	5127
8664	5128
8665	5128
8666	5129
8667	5129
8668	5130
8669	5130
8670	5130
8671	5130
8672	5131
8673	5132
8674	5132
8675	5133
8676	5133
8677	5134
8678	5135
8679	5136
8680	5137
8681	5138
8682	5138
8683	5139
8684	5140
8685	5141
8686	5142
8687	5143
8688	5143
8689	5144
8690	5144
8691	5145
8692	5146
8693	5145
8694	5146
8695	5147
8696	5148
8697	5149
8698	5150
8699	5151
8700	5151
8701	5152
8702	5153
8703	5154
8704	5155
8705	5156
8706	5157
8707	5158
8708	5159
8709	5160
8710	5161
8711	5161
8712	5162
8713	5163
8714	5163
8715	5164
8716	5165
8717	5165
8718	5166
8719	5167
8720	5168
8721	5168
8722	5169
8723	5170
8724	5171
8725	5172
8726	5173
8727	5173
8728	5174
8729	5175
8730	5176
8731	5177
8732	5178
8733	5178
8734	5178
8735	5178
8736	5179
8737	5179
8738	5179
8739	5180
8740	5181
8741	5182
8742	5183
8743	5184
8744	5185
8745	5185
8746	5186
8747	5187
8748	5188
8749	5188
8750	5189
8751	5190
8752	5191
8753	5191
8754	5191
8755	5192
8756	5193
8757	5194
8758	5195
8759	5195
8760	5196
8761	5197
8762	5198
8763	5199
8764	5200
8765	5201
8766	5202
8767	5203
8768	5204
8769	5205
8770	5204
8771	5204
8772	5205
8773	5205
8774	5206
8775	5207
8776	5208
8777	5209
8778	5210
8779	5211
8780	5212
8781	5213
8782	5214
8783	5215
8784	5216
8785	5217
8786	5218
8787	5219
8788	5219
8789	5220
8790	5221
8791	5222
8792	5223
8793	5224
8794	5225
8795	5226
8796	5227
8797	5228
8798	5229
8799	5230
8800	5231
8801	5232
8802	5233
8803	5234
8804	5235
8805	5235
8806	5236
8807	5236
8808	5237
8809	5238
8810	5238
8811	5238
8812	5239
8813	5240
8814	5241
8815	5241
8816	5242
8817	5243
8818	5244
8819	5245
8820	5246
8821	5245
8822	5246
8823	5247
8824	5248
8825	5249
8826	5249
8827	5250
8828	5250
8829	5251
8830	5251
8831	5251
8832	5252
8833	5253
8834	5254
8835	5254
8836	5255
8837	5256
8838	5256
8839	5256
8840	5257
8841	5258
8842	5259
8843	5260
8844	5261
8845	5262
8846	5263
8847	5264
8848	5265
8849	5266
8850	5267
8851	5268
8852	5269
8853	5270
8854	5271
8855	5271
8856	5271
8857	5272
8858	5271
8859	5272
8860	5272
8861	5273
8862	5273
8863	5274
8864	5275
8865	5276
8866	5277
8867	5278
8868	5279
8869	5280
8870	5281
8871	5282
8872	5283
8873	5284
8874	5285
8875	5286
8876	5287
8877	5287
8878	5288
8879	5289
8880	5290
8881	5291
8882	5292
8883	5293
8884	5294
8885	5295
8886	5296
8887	5296
8888	5297
8889	5298
8890	5299
8891	5299
8892	5300
8893	5301
8894	5301
8895	5302
8896	5303
8897	5304
8898	5304
8899	5304
8900	5305
8901	5306
8902	5307
8903	5308
8904	5308
8905	5309
8906	5309
8907	5309
8908	5310
8909	5311
8910	5312
8911	5313
8912	5314
8913	5315
8914	5316
8915	5317
8916	5318
8917	5319
8918	5320
8919	5321
8920	5321
8921	5322
8922	5322
8923	5323
8924	5324
8925	5324
8926	5325
8927	5326
8928	5326
8929	5326
8930	5327
8931	5327
8932	5328
8933	5329
8934	5330
8935	5331
8936	5332
8937	5332
8938	5333
8939	5332
8940	5332
8941	5333
8942	5333
8943	5334
8944	5335
8945	5335
8946	5336
8947	5336
8948	5337
8949	5337
8950	5337
8951	5338
8952	5338
8953	5339
8954	5339
8955	5340
8956	5341
8957	5342
8958	5342
8959	5343
8960	5344
8961	5345
8962	5346
8963	5347
8964	5348
8965	5349
8966	5349
8967	5349
8968	5350
8969	5351
8970	5352
8971	5353
8972	5354
8973	5355
8974	5356
8975	5357
8976	5358
8977	5358
8978	5359
8979	5360
8980	5361
8981	5362
8982	5363
8983	5364
8984	5365
8985	5366
8986	5367
8987	5368
8988	5369
8989	5370
8990	5370
8991	5371
8992	5372
8993	5372
8994	5373
8995	5374
8996	5374
8997	5375
8998	5376
8999	5377
9000	5378
9001	5379
9002	5380
9003	5380
9004	5381
9005	5382
9006	5383
9007	5384
9008	5385
9009	5386
9010	5386
9011	5386
9012	5387
9013	5387
9014	5388
9015	5389
9016	5390
9017	5391
9018	5392
9019	5392
9020	5392
9021	5393
9022	5394
9023	5394
9024	5394
9025	5395
9026	5396
9027	5396
9028	5397
9029	5396
9030	5397
9031	5398
9032	5399
9033	5399
9034	5400
9035	5401
9036	5402
9037	5403
9038	5404
9039	5405
9040	5405
9041	5406
9042	5407
9043	5407
9044	5408
9045	5409
9046	5410
9047	5411
9048	5412
9049	5413
9050	5414
9051	5415
9052	5415
9053	5416
9054	5417
9055	5418
9056	5418
9057	5419
9058	5419
9059	5420
9060	5420
9061	5420
9062	5421
9063	5422
9064	5423
9065	5424
9066	5425
9067	5426
9068	5427
9069	5428
9070	5429
9071	5429
9072	5430
9073	5430
9074	5431
9075	5432
9076	5433
9077	5433
9078	5433
9079	5434
9080	5435
9081	5436
9082	5437
9083	5438
9084	5439
9085	5440
9086	5440
9087	5441
9088	5442
9089	5442
9090	5443
9091	5444
9092	5444
9093	5445
9094	5446
9095	5447
9096	5448
9097	5449
9098	5449
9099	5450
9100	5451
9101	5452
9102	5453
9103	5453
9104	5454
9105	5455
9106	5456
9107	5457
9108	5458
9109	5459
9110	5459
9111	5460
9112	5461
9113	5462
9114	5463
9115	5464
9116	5465
9117	5466
9118	5467
9119	5468
9120	5469
9121	5470
9122	5471
9123	5472
9124	5473
9125	5474
9126	5473
9127	5473
9128	5474
9129	5474
9130	5475
9131	5476
9132	5477
9133	5478
9134	5479
9135	5480
9136	5481
9137	5482
9138	5482
9139	5482
9140	5484
9141	5484
9142	5484
9143	5486
9144	5486
9145	5488
9146	5488
9147	5490
9148	5490
9149	5490
9150	5490
9151	5490
9152	5489
9153	5489
9154	5489
9155	5491
9156	5491
9157	5491
9158	5490
9159	5490
9160	5490
9161	5489
9162	5488
9163	5488
9164	5487
9165	5487
9166	5487
9167	5487
9168	5487
9169	5487
9170	5487
9171	5486
9172	5486
9173	5486
9174	5488
9175	5487
9176	5487
9177	5487
9178	5487
9179	5489
9180	5489
9181	5491
9182	5491
9183	5493
9184	5495
9185	5495
9186	5497
9187	5497
9188	5499
9189	5499
9190	5499
9191	5501
9192	5501
9193	5501
9194	5501
9195	5500
9196	5500
9197	5500
9198	5500
9199	5502
9200	5502
9201	5501
9202	5501
9203	5501
9204	5501
9205	5501
9206	5500
9207	5501
9208	5501
9209	5501
9210	5501
9211	5501
9212	5501
9213	5501
9214	5501
9215	5501
9216	5501
9217	5500
9218	5500
9219	5502
9220	5502
9221	5504
9222	5504
9223	5504
9224	5503
9225	5503
9226	5503
9227	5503
9228	5504
9229	5504
9230	5504
9231	5504
9232	5504
9233	5504
9234	5506
9235	5506
9236	5506
9237	5506
9238	5506
9239	5506
9240	5506
9241	5508
9242	5508
9243	5508
9244	5508
9245	5509
9246	5509
9247	5509
9248	5509
9249	5509
9250	5509
9251	5509
9252	5509
9253	5511
9254	5511
9255	5513
9256	5513
9257	5514
9258	5516
9259	5516
9260	5516
9261	5516
9262	5516
9263	5516
9264	5516
9265	5516
9266	5516
9267	5516
9268	5516
9269	5518
9270	5518
9271	5519
9272	5519
9273	5520
9274	5520
9275	5522
9276	5522
9277	5523
9278	5523
9279	5523
9280	5523
9281	5523
9282	5523
9283	5523
9284	5523
9285	5523
9286	5524
9287	5524
9288	5526
9289	5526
9290	5526
9291	5526
9292	5526
9293	5526
9294	5526
9295	5528
9296	5528
9297	5528
9298	5528
9299	5528
9300	5528
9301	5528
9302	5528
9303	5530
9304	5530
9305	5531
9306	5532
9307	5532
9308	5534
9309	5534
9310	5535
9311	5535
9312	5537
9313	5537
9314	5539
9315	5539
9316	5539
9317	5538
9318	5538
9319	5538
9320	5538
9321	5538
9322	5538
9323	5540
9324	5540
9325	5540
9326	5540
9327	5540
9328	5540
9329	5540
9330	5542
9331	5542
9332	5542
9333	5542
9334	5542
9335	5542
9336	5542
9337	5544
9338	5544
9339	5543
9340	5543
9341	5543
9342	5543
9343	5543
9344	5543
9345	5544
9346	5544
9347	5545
9348	5545
9349	5546
9350	5547
9351	5547
9352	5548
9353	5548
9354	5550
9355	5550
9356	5550
9357	5549
9358	5549
9359	5549
9360	5549
9361	5551
9362	5551
9363	5551
9364	5551
9365	5551
9366	5550
9367	5550
9368	5550
9369	5550
9370	5550
9371	5550
9372	5550
9373	5550
9374	5550
9375	5552
9376	5552
9377	5552
9378	5552
9379	5552
9380	5552
9381	5554
9382	5554
9383	5556
9384	5556
9385	5556
9386	5555
9387	5555
9388	5555
9389	5555
9390	5555
9391	5555
9392	5554
9393	5554
9394	5555
9395	5555
9396	5556
9397	5556
9398	5557
9399	5557
9400	5557
9401	5557
9402	5557
9403	5557
9404	5557
9405	5557
9406	5557
9407	5559
9408	5559
9409	5561
9410	5561
9411	5562
9412	5562
9413	5562
9414	5562
9415	5562
9416	5562
9417	5562
9418	5561
9419	5562
9420	5562
9421	5562
9422	5562
9423	5563
9424	5565
9425	5565
9426	5565
9427	5565
9428	5565
9429	5564
9430	5564
9431	5564
9432	5564
9433	5565
9434	5565
9435	5566
9436	5566
9437	5566
9438	5566
9439	5566
9440	5568
9441	5570
9442	5570
9443	5571
9444	5571
9445	5571
9446	5570
9447	5570
9448	5570
9449	5570
9450	5570
9451	5570
9452	5572
9453	5572
9454	5574
9455	5574
9456	5576
9457	5576
9458	5578
9459	5578
9460	5578
9461	5578
9462	5578
9463	5577
9464	5577
9465	5577
9466	5579
9467	5579
9468	5578
9469	5578
9470	5578
9471	5578
9472	5578
9473	5580
9474	5580
9475	5580
9476	5579
9477	5579
9478	5579
9479	5579
9480	5579
9481	5578
9482	5578
9483	5578
9484	5578
9485	5579
9486	5579
9487	5579
9488	5579
9489	5579
9490	5579
9491	5581
9492	5581
9493	5581
9494	5581
9495	5581
9496	5581
9497	5581
9498	5583
9499	5583
9500	5585
9501	5585
9502	5585
9503	5585
9504	5585
9505	5585
9506	5585
9507	5587
9508	5587
9509	5588
9510	5588
9511	5589
9512	5589
9513	5591
9514	5592
9515	5592
9516	5594
9517	5594
9518	5594
9519	5594
9520	5594
9521	5594
9522	5594
9523	5594
9524	5594
9525	5596
9526	5596
9527	5598
9528	5598
9529	5599
9530	5599
9531	5599
9532	5601
9533	5601
9534	5601
9535	5601
9536	5601
9537	5601
9538	5601
9539	5601
9540	5603
9541	5603
9542	5604
9543	5604
9544	5604
9545	5604
9546	5604
9547	5604
9548	5604
9549	5603
9550	5605
9551	5605
9552	5605
9553	5606
9554	5606
9555	5606
9556	5608
9557	5608
9558	5608
9559	5609
9560	5609
9561	5610
9562	5610
9563	5610
9564	5612
9565	5612
9566	5612
9567	5612
9568	5612
9569	5612
9570	5611
9571	5611
9572	5611
9573	5611
9574	5613
9575	5613
9576	5613
9577	5612
9578	5611
9579	5611
9580	5611
9581	5613
9582	5613
9583	5612
9584	5611
9585	5611
9586	5611
9587	5611
9588	5612
9589	5612
9590	5612
9591	5612
9592	5612
9593	5612
9594	5612
9595	5614
9596	5614
9597	5614
9598	5614
9599	5614
9600	5614
9601	5615
9602	5615
9603	5615
9604	5615
9605	5615
9606	5615
9607	5615
9608	5617
9609	5617
9610	5618
9611	5618
9612	5619
9613	5621
9614	5621
9615	5622
9616	5622
9617	5621
9618	5621
9619	5621
9620	5621
9621	5621
9622	5621
9623	5622
9624	5622
9625	5624
9626	5624
9627	5624
9628	5624
9629	5624
9630	5624
9631	5624
9632	5624
9633	5623
9634	5623
9635	5625
9636	5627
9637	5627
9638	5629
9639	5629
9640	5628
9641	5628
9642	5628
9643	5628
9644	5628
9645	5628
9646	5628
9647	5628
9648	5630
9649	5631
9650	5631
9651	5633
9652	5633
9653	5635
9654	5635
9655	5635
9656	5635
9657	5634
9658	5634
9659	5634
9660	5634
9661	5636
9662	5636
9663	5636
9664	5635
9665	5635
9666	5635
9667	5635
9668	5637
9669	5637
9670	5637
9671	5637
9672	5637
9673	5636
9674	5636
9675	5636
9676	5636
9677	5636
9678	5636
9679	5636
9680	5636
9681	5636
9682	5635
9683	5635
9684	5635
9685	5635
9686	5637
9687	5637
9688	5637
9689	5637
9690	5637
9691	5637
9692	5637
9693	5639
9694	5639
9695	5639
9696	5639
9697	5639
9698	5639
9699	5639
9700	5639
9701	5641
9702	5641
9703	5642
9704	5642
9705	5643
9706	5643
9707	5644
9708	5646
9709	5646
9710	5647
9711	5647
9712	5647
9713	5647
9714	5647
9715	5647
9716	5647
9717	5647
9718	5646
9719	5648
9720	5648
9721	5648
9722	5648
9723	5649
9724	5651
9725	5651
9726	5651
9727	5651
9728	5651
9729	5651
9730	5651
9731	5651
9732	5651
9733	5651
9734	5653
9735	5653
9736	5654
9737	5654
9738	5654
9739	5656
9740	5658
9741	5657
9742	5657
9743	5657
9744	5657
9745	5657
9746	5657
9747	5657
9748	5659
9749	5659
9750	5659
9751	5659
9752	5659
9753	5659
9754	5659
9755	5659
9756	5661
9757	5660
9758	5659
9759	5659
9760	5659
9761	5661
9762	5662
9763	5662
9764	5664
9765	5664
9766	5663
9767	5664
9768	5664
9769	5665
9770	5665
9771	5667
9772	5668
9773	5668
9774	5668
9775	5667
9776	5667
9777	5667
9778	5666
9779	5666
9780	5666
9781	5666
9782	5667
9783	5667
9784	5669
9785	5669
9786	5671
9787	5671
9788	5673
9789	5673
9790	5673
9791	5673
9792	5672
9793	5672
9794	5672
9795	5672
9796	5672
9797	5674
9798	5674
9799	5676
9800	5678
9801	5678
9802	5678
9803	5680
9804	5680
9805	5682
9806	5682
9807	5682
9808	5682
9809	5682
9810	5682
9811	5681
9812	5681
9813	5681
9814	5682
9815	5682
9816	5682
9817	5682
9818	5681
9819	5680
9820	5682
9821	5681
9822	5681
9823	5681
9824	5681
9825	5681
9826	5683
9827	5683
9828	5682
9829	5682
9830	5682
9831	5681
9832	5681
9833	5681
9834	5680
9835	5680
9836	5680
9837	5680
9838	5679
9839	5679
9840	5679
9841	5679
9842	5681
9843	5681
9844	5681
9845	5681
9846	5681
9847	5681
9848	5681
9849	5681
9850	5683
9851	5683
9852	5685
9853	5684
9854	5683
9855	5684
9856	5686
9857	5686
9858	5686
9859	5686
9860	5686
9861	5688
9862	5690
9863	5689
9864	5689
9865	5691
9866	5691
9867	5693
9868	5693
9869	5692
9870	5692
9871	5692
9872	5692
9873	5692
9874	5692
9875	5692
9876	5694
9877	5694
9878	5696
9879	5696
9880	5697
9881	5696
9882	5698
9883	5698
9884	5700
9885	5700
9886	5701
9887	5701
9888	5700
9889	5700
9890	5700
9891	5700
9892	5700
9893	5700
9894	5700
9895	5700
9896	5700
9897	5700
9898	5702
9899	5702
9900	5702
9901	5701
9902	5700
9903	5700
9904	5702
9905	5702
9906	5702
9907	5702
9908	5701
9909	5700
9910	5699
9911	5699
9912	5698
9913	5698
9914	5698
9915	5698
9916	5700
9917	5700
9918	5700
9919	5699
9920	5699
9921	5699
9922	5699
9923	5701
9924	5701
9925	5703
9926	5703
9927	5705
9928	5707
9929	5707
9930	5707
9931	5709
9932	5709
9933	5711
9934	5711
9935	5713
9936	5712
9937	5712
9938	5712
9939	5712
9940	5711
9941	5710
9942	5710
9943	5712
9944	5712
9945	5712
9946	5711
9947	5711
9948	5711
9949	5711
9950	5710
9951	5711
9952	5711
9953	5710
9954	5710
9955	5710
9956	5710
9957	5710
9958	5710
9959	5710
9960	5709
9961	5709
9962	5709
9963	5711
9964	5711
9965	5713
9966	5713
9967	5715
9968	5715
9969	5717
9970	5717
9971	5719
9972	5719
9973	5719
9974	5719
9975	5721
9976	5721
9977	5721
9978	5721
9979	5720
9980	5720
9981	5720
9982	5720
9983	5722
9984	5722
9985	5721
9986	5721
9987	5721
9988	5721
9989	5720
9990	5719
9991	5719
9992	5719
9993	5718
9994	5718
9995	5718
9996	5718
9997	5718
9998	5718
9999	5718
10000	5717
10001	5717
10002	5719
10003	5719
10004	5718
10005	5718
10006	5718
10007	5720
10008	5720
10009	5720
10010	5720
10011	5720
10012	5720
10013	5720
10014	5720
10015	5722
10016	5722
10017	5722
10018	5722
10019	5722
10020	5722
10021	5722
10022	5723
10023	5723
10024	5725
10025	5725
10026	5725
10027	5725
10028	5725
10029	5725
10030	5725
10031	5725
10032	5727
10033	5727
10034	5728
10035	5728
10036	5729
10037	5731
10038	5731
10039	5732
10040	5732
10041	5734
10042	5734
10043	5733
10044	5733
10045	5733
10046	5733
10047	5733
10048	5733
10049	5735
10050	5735
10051	5735
10052	5735
10053	5735
10054	5735
10055	5735
10056	5735
10057	5737
10058	5737
10059	5737
10060	5737
10061	5739
10062	5739
10063	5739
10064	5739
10065	5739
10066	5739
10067	5739
10068	5741
10069	5740
10070	5740
10071	5739
10072	5739
10073	5739
10074	5739
10075	5739
10076	5740
10077	5740
10078	5741
10079	5741
10080	5742
10081	5743
10082	5743
10083	5744
10084	5744
10085	5745
10086	5745
10087	5745
10088	5745
10089	5745
10090	5744
10091	5744
10092	5744
10093	5744
10094	5744
10095	5746
10096	5746
10097	5747
10098	5747
10099	5747
10100	5747
10101	5747
10102	5749
10103	5749
10104	5749
10105	5748
10106	5748
10107	5748
10108	5748
10109	5747
10110	5749
10111	5749
10112	5751
10113	5751
10114	5752
10115	5754
10116	5754
10117	5754
10118	5754
10119	5754
10120	5754
10121	5754
10122	5754
10123	5754
10124	5754
10125	5756
10126	5756
10127	5757
10128	5757
10129	5758
10130	5758
10131	5760
10132	5760
10133	5761
10134	5761
10135	5763
10136	5763
10137	5763
10138	5763
10139	5763
10140	5763
10141	5763
10142	5765
10143	5764
10144	5764
10145	5764
10146	5763
10147	5763
10148	5763
10149	5763
10150	5765
10151	5765
10152	5765
10153	5765
10154	5765
10155	5765
10156	5764
10157	5766
10158	5766
10159	5766
10160	5766
10161	5766
10162	5766
10163	5768
10164	5768
10165	5768
10166	5767
10167	5767
10168	5767
10169	5766
10170	5766
10171	5767
10172	5766
10173	5767
10174	5767
10175	5766
10176	5766
10177	5766
10178	5766
10179	5766
10180	5766
10181	5766
10182	5765
10183	5766
10184	5766
10185	5767
10186	5767
10187	5767
10188	5769
10189	5769
10190	5769
10191	5769
10192	5769
10193	5769
10194	5769
10195	5769
10196	5769
10197	5769
10198	5769
10199	5771
10200	5771
10201	5773
10202	5773
10203	5774
10204	5773
10205	5774
10206	5774
10207	5774
10208	5774
10209	5774
10210	5774
10211	5776
10212	5778
10213	5778
10214	5779
10215	5778
10216	5777
10217	5777
10218	5777
10219	5777
10220	5777
10221	5777
10222	5777
10223	5777
10224	5779
10225	5781
10226	5781
10227	5783
10228	5783
10229	5785
10230	5785
10231	5785
10232	5785
10233	5784
10234	5784
10235	5784
10236	5784
10237	5786
10238	5786
10239	5785
10240	5785
10241	5785
10242	5785
10243	5785
10244	5785
10245	5787
10246	5787
10247	5787
10248	5786
10249	5786
10250	5786
10251	5786
10252	5786
10253	5786
10254	5786
10255	5786
10256	5786
10257	5788
10258	5788
10259	5790
10260	5790
10261	5790
10262	5790
10263	5790
10264	5790
10265	5790
10266	5792
10267	5792
10268	5792
10269	5792
10270	5792
10271	5792
10272	5791
10273	5793
10274	5793
10275	5794
10276	5794
10277	5795
10278	5794
10279	5796
10280	5797
10281	5797
10282	5799
10283	5799
10284	5799
10285	5799
10286	5799
10287	5799
10288	5799
10289	5799
10290	5799
10291	5801
10292	5801
10293	5803
10294	5803
10295	5803
10296	5803
10297	5804
10298	5804
10299	5804
10300	5804
10301	5804
10302	5804
10303	5804
10304	5803
10305	5805
10306	5805
10307	5806
10308	5806
10309	5806
10310	5806
10311	5808
10312	5808
10313	5808
10314	5808
10315	5808
10316	5807
10317	5807
10318	5807
10319	5807
10320	5809
10321	5809
10322	5810
10323	5810
10324	5810
10325	5811
10326	5811
10327	5812
10328	5812
10329	5814
10330	5814
10331	5814
10332	5814
10333	5814
10334	5816
10335	5816
10336	5816
10337	5816
10338	5815
10339	5815
10340	5815
10341	5815
10342	5817
10343	5817
10344	5817
10345	5817
10346	5816
10347	5816
10348	5816
10349	5816
10350	5818
10351	5818
10352	5818
10353	5818
10354	5817
10355	5817
10356	5817
10357	5819
10358	5819
10359	5819
10360	5819
10361	5819
10362	5819
10363	5818
10364	5817
10365	5817
10366	5817
10367	5817
10368	5817
10369	5817
10370	5817
10371	5817
10372	5817
10373	5817
10374	5819
10375	5819
10376	5820
10377	5820
10378	5821
10379	5821
10380	5822
10381	5824
10382	5824
10383	5825
10384	5825
10385	5825
10386	5825
10387	5825
10388	5825
10389	5824
10390	5824
10391	5823
10392	5825
10393	5825
10394	5826
10395	5826
10396	5826
10397	5828
10398	5828
10399	5828
10400	5828
10401	5828
10402	5828
10403	5828
10404	5828
10405	5828
10406	5828
10407	5830
10408	5830
10409	5830
10410	5831
10411	5831
10412	5833
10413	5835
10414	5834
10415	5836
10416	5836
10417	5835
10418	5835
10419	5834
10420	5834
10421	5834
10422	5834
10423	5833
10424	5833
10425	5833
10426	5833
10427	5833
10428	5833
10429	5833
10430	5833
10431	5833
10432	5835
10433	5835
10434	5835
10435	5835
10436	5835
10437	5835
10438	5836
10439	5836
10440	5838
10441	5837
10442	5837
10443	5837
10444	5837
10445	5836
10446	5836
10447	5837
10448	5837
10449	5837
10450	5837
10451	5837
10452	5837
10453	5837
10454	5839
10455	5838
10456	5839
10457	5839
10458	5840
10459	5842
10460	5842
10461	5843
10462	5843
10463	5843
10464	5843
10465	5843
10466	5842
10467	5842
10468	5842
10469	5844
10470	5844
10471	5844
10472	5843
10473	5843
10474	5843
10475	5843
10476	5843
10477	5844
10478	5846
10479	5846
10480	5846
10481	5846
10482	5848
10483	5848
10484	5850
10485	5850
10486	5850
10487	5849
10488	5849
10489	5849
10490	5849
10491	5849
10492	5849
10493	5851
10494	5851
10495	5853
10496	5853
10497	5854
10498	5854
10499	5856
10500	5856
10501	5856
10502	5856
10503	5856
10504	5855
10505	5855
10506	5855
10507	5855
10508	5855
10509	5855
10510	5855
10511	5855
10512	5855
10513	5855
10514	5857
10515	5856
10516	5856
10517	5855
10518	5855
10519	5857
10520	5858
10521	5858
10522	5860
10523	5860
10524	5860
10525	5860
10526	5860
10527	5860
10528	5860
10529	5860
10530	5862
10531	5862
10532	5863
10533	5863
10534	5865
10535	5865
10536	5866
10537	5866
10538	5868
10539	5868
10540	5870
10541	5870
10542	5870
10543	5870
10544	5870
10545	5869
10546	5869
10547	5869
10548	5869
10549	5868
10550	5869
10551	5869
10552	5870
10553	5870
10554	5869
10555	5869
10556	5869
10557	5869
10558	5868
10559	5868
10560	5868
10561	5870
10562	5870
10563	5872
10564	5874
10565	5874
10566	5876
10567	5876
10568	5878
10569	5878
10570	5878
10571	5878
10572	5878
10573	5878
10574	5877
10575	5877
10576	5877
10577	5877
10578	5878
10579	5878
10580	5878
10581	5878
10582	5877
10583	5876
10584	5878
10585	5878
10586	5878
10587	5877
10588	5876
10589	5876
10590	5878
10591	5877
10592	5877
10593	5877
10594	5877
10595	5877
10596	5877
10597	5877
10598	5877
10599	5876
10600	5876
10601	5876
10602	5875
10603	5875
10604	5875
10605	5877
10606	5877
10607	5877
10608	5877
10609	5877
10610	5877
10611	5877
10612	5877
10613	5879
10614	5879
10615	5881
10616	5880
10617	5881
10618	5880
10619	5882
10620	5882
10621	5882
10622	5882
10623	5884
10624	5884
10625	5886
10626	5886
10627	5888
10628	5887
10629	5887
10630	5889
10631	5889
10632	5889
10633	5888
10634	5888
10635	5888
10636	5888
10637	5888
10638	5887
10639	5889
10640	5889
10641	5891
10642	5893
10643	5893
10644	5895
10645	5895
10646	5895
10647	5896
10648	5895
10649	5896
10650	5895
10651	5895
10652	5895
10653	5895
10654	5895
10655	5895
10656	5897
10657	5897
10658	5896
10659	5896
10660	5896
10661	5895
10662	5895
10663	5895
10664	5895
10665	5895
10666	5895
10667	5897
10668	5897
10669	5897
10670	5897
10671	5896
10672	5895
10673	5894
10674	5894
10675	5894
10676	5893
10677	5893
10678	5893
10679	5895
10680	5895
10681	5895
10682	5895
10683	5894
10684	5894
10685	5894
10686	5896
10687	5896
10688	5898
10689	5898
10690	5898
10691	5900
10692	5900
10693	5902
10694	5902
10695	5904
10696	5904
10697	5904
10698	5903
10699	5903
10700	5903
10701	5903
10702	5903
10703	5902
10704	5902
10705	5902
10706	5902
10707	5904
10708	5904
10709	5904
10710	5904
10711	5904
10712	5903
10713	5902
10714	5901
10715	5900
10716	5900
10717	5900
10718	5900
10719	5902
10720	5902
10721	5902
10722	5901
10723	5901
10724	5901
10725	5901
10726	5903
10727	5903
10728	5905
10729	5905
10730	5907
10731	5909
10732	5909
10733	5911
10734	5911
10735	5911
10736	5913
10737	5913
10738	5915
10739	5915
10740	5914
10741	5913
10742	5913
10743	5913
10744	5913
10745	5913
10746	5914
10747	5914
10748	5914
10749	5914
10750	5914
10751	5914
10752	5916
10753	5916
10754	5916
10755	5916
10756	5915
10757	5915
10758	5914
10759	5914
10760	5914
10761	5916
10762	5916
10763	5916
10764	5916
10765	5915
10766	5915
10767	5915
10768	5917
10769	5917
10770	5917
10771	5917
10772	5917
10773	5917
10774	5917
10775	5917
10776	5918
10777	5918
10778	5919
10779	5919
10780	5920
10781	5920
10782	5921
10783	5921
10784	5921
10785	5921
10786	5921
10787	5921
10788	5921
10789	5922
10790	5922
10791	5922
10792	5924
10793	5924
10794	5924
10795	5924
10796	5925
10797	5925
10798	5925
10799	5925
10800	5925
10801	5925
10802	5925
10803	5927
10804	5927
10805	5927
10806	5926
10807	5926
10808	5926
10809	5926
10810	5926
10811	5928
10812	5927
10813	5928
10814	5928
10815	5930
10816	5930
10817	5932
10818	5932
10819	5934
10820	5934
10821	5936
10822	5936
10823	5936
10824	5936
10825	5936
10826	5935
10827	5935
10828	5935
10829	5935
10830	5935
10831	5935
10832	5935
10833	5935
10834	5935
10835	5937
10836	5937
10837	5939
10838	5939
10839	5939
10840	5939
10841	5939
10842	5939
10843	5939
10844	5941
10845	5941
10846	5941
10847	5941
10848	5941
10849	5941
10850	5940
10851	5940
10852	5941
10853	5941
10854	5942
10855	5941
10856	5942
10857	5942
10858	5942
10859	5942
10860	5944
10861	5944
10862	5944
10863	5944
10864	5944
10865	5944
10866	5944
10867	5945
10868	5945
10869	5945
10870	5945
10871	5945
10872	5945
10873	5945
10874	5947
10875	5947
10876	5947
10877	5947
10878	5947
10879	5947
10880	5947
10881	5947
10882	5949
10883	5950
10884	5950
10885	5950
10886	5951
10887	5952
10888	5952
10889	5954
10890	5954
10891	5956
10892	5956
10893	5955
10894	5955
10895	5955
10896	5955
10897	5955
10898	5957
10899	5957
10900	5957
10901	5956
10902	5956
10903	5956
10904	5956
10905	5956
10906	5956
10907	5956
10908	5956
10909	5956
10910	5956
10911	5958
10912	5958
10913	5958
10914	5958
10915	5958
10916	5958
10917	5958
10918	5960
10919	5960
10920	5960
10921	5959
10922	5959
10923	5961
10924	5961
10925	5961
10926	5961
10927	5961
10928	5961
10929	5962
10930	5962
10931	5963
10932	5964
10933	5964
10934	5964
10935	5964
10936	5964
10937	5964
10938	5964
10939	5965
10940	5965
10941	5965
10942	5966
10943	5966
10944	5966
10945	5966
10946	5966
10947	5966
10948	5966
10949	5966
10950	5966
10951	5966
10952	5968
10953	5968
10954	5969
10955	5969
10956	5971
10957	5971
10958	5971
10959	5971
10960	5971
10961	5971
10962	5971
10963	5970
10964	5971
10965	5971
10966	5971
10967	5972
10968	5972
10969	5972
10970	5974
10971	5974
10972	5974
10973	5976
10974	5976
10975	5978
10976	5978
10977	5979
10978	5979
10979	5981
10980	5981
10981	5981
10982	5980
10983	5980
10984	5980
10985	5980
10986	5980
10987	5980
10988	5982
10989	5984
10990	5984
10991	5984
10992	5984
10993	5984
10994	5984
10995	5983
10996	5983
10997	5983
10998	5983
10999	5982
11000	5981
11001	5981
11002	5981
11003	5983
11004	5983
11005	5983
11006	5982
11007	5982
11008	5981
11009	5981
11010	5980
11011	5980
11012	5980
11013	5979
11014	5978
11015	5980
11016	5980
11017	5980
11018	5980
11019	5980
11020	5980
11021	5980
11022	5980
11023	5980
11024	5980
11025	5980
11026	5980
11027	5980
11028	5982
11029	5982
11030	5983
11031	5983
11032	5984
11033	5984
11034	5986
11035	5987
11036	5987
11037	5989
11038	5989
11039	5989
11040	5990
11041	5990
11042	5990
11043	5990
11044	5992
11045	5992
11046	5992
11047	5992
11048	5992
11049	5991
11050	5991
11051	5991
11052	5993
11053	5993
11054	5995
11055	5995
11056	5995
11057	5997
11058	5997
11059	5999
11060	5999
11061	6001
11062	6001
11063	6001
11064	6001
11065	6001
11066	6001
11067	6001
11068	6003
11069	6003
11070	6005
11071	6005
11072	6005
11073	6005
11074	6004
11075	6003
11076	6003
11077	6003
11078	6005
11079	6005
11080	6005
11081	6005
11082	6004
11083	6006
11084	6006
11085	6006
11086	6005
11087	6005
11088	6005
11089	6005
11090	6005
11091	6005
11092	6005
11093	6005
11094	6004
11095	6004
11096	6004
11097	6006
11098	6006
11099	6006
11100	6006
11101	6006
11102	6006
11103	6006
11104	6006
11105	6008
11106	6008
11107	6009
11108	6009
11109	6010
11110	6010
11111	6011
11112	6011
11113	6012
11114	6012
11115	6014
11116	6014
11117	6014
11118	6013
11119	6013
11120	6013
11121	6013
11122	6015
11123	6015
11124	6015
11125	6015
11126	6015
11127	6014
11128	6014
11129	6014
11130	6014
11131	6014
11132	6014
11133	6014
11134	6014
11135	6016
11136	6015
11137	6015
11138	6015
11139	6015
11140	6016
11141	6016
11142	6018
11143	6018
11144	6018
11145	6018
11146	6018
11147	6018
11148	6018
11149	6020
11150	6020
11151	6020
11152	6020
11153	6020
11154	6020
11155	6020
11156	6022
11157	6022
11158	6024
11159	6024
11160	6025
11161	6025
11162	6026
11163	6028
11164	6028
11165	6029
11166	6029
11167	6029
11168	6029
11169	6029
11170	6028
11171	6027
11172	6026
11173	6026
11174	6028
11175	6028
11176	6028
11177	6028
11178	6028
11179	6028
11180	6028
11181	6030
11182	6030
11183	6030
11184	6030
11185	6031
11186	6033
11187	6033
11188	6033
11189	6033
11190	6033
11191	6033
11192	6033
11193	6033
11194	6033
11195	6033
11196	6033
11197	6035
11198	6035
11199	6036
11200	6036
11201	6036
11202	6038
11203	6040
11204	6039
11205	6039
11206	6040
11207	6040
11208	6039
11209	6041
11210	6041
11211	6041
11212	6041
11213	6041
11214	6041
11215	6041
11216	6041
11217	6041
11218	6041
11219	6041
11220	6041
11221	6043
11222	6042
11223	6041
11224	6042
11225	6042
11226	6044
11227	6044
11228	6046
11229	6046
11230	6046
11231	6046
11232	6048
11233	6048
11234	6050
11235	6052
11236	6052
11237	6054
11238	6054
11239	6054
11240	6054
11241	6053
11242	6053
11243	6053
11244	6053
11245	6053
11246	6055
11247	6055
11248	6057
11249	6058
11250	6057
11251	6057
11252	6059
11253	6059
11254	6061
11255	6061
11256	6062
11257	6062
11258	6062
11259	6062
11260	6061
11261	6061
11262	6061
11263	6063
11264	6063
11265	6062
11266	6061
11267	6061
11268	6061
11269	6061
11270	6060
11271	6060
11272	6060
11273	6060
11274	6060
11275	6060
11276	6062
11277	6062
11278	6061
11279	6061
11280	6061
11281	6060
11282	6060
11283	6060
11284	6060
11285	6059
11286	6059
11287	6059
11288	6061
11289	6060
11290	6060
11291	6060
11292	6060
11293	6062
11294	6062
11295	6062
11296	6062
11297	6062
11298	6062
11299	6062
11300	6064
11301	6064
11302	6064
11303	6064
11304	6064
11305	6064
11306	6064
11307	6064
11308	6066
11309	6066
11310	6068
11311	6067
11312	6066
11313	6066
11314	6068
11315	6068
11316	6069
11317	6069
11318	6069
11319	6070
11320	6070
11321	6071
11322	6071
11323	6073
11324	6073
11325	6073
11326	6073
11327	6072
11328	6072
11329	6071
11330	6071
11331	6071
11332	6072
11333	6074
11334	6074
11335	6074
11336	6076
11337	6076
11338	6078
11339	6078
11340	6077
11341	6077
11342	6077
11343	6077
11344	6077
11345	6077
11346	6077
11347	6079
11348	6079
11349	6081
11350	6081
11351	6083
11352	6083
11353	6085
11354	6085
11355	6087
11356	6087
11357	6087
11358	6087
11359	6086
11360	6086
11361	6086
11362	6086
11363	6086
11364	6088
11365	6087
11366	6087
11367	6087
11368	6087
11369	6087
11370	6089
11371	6089
11372	6089
11373	6088
11374	6087
11375	6087
11376	6088
11377	6088
11378	6088
11379	6088
11380	6087
11381	6086
11382	6085
11383	6085
11384	6085
11385	6085
11386	6087
11387	6087
11388	6087
11389	6086
11390	6086
11391	6086
11392	6086
11393	6086
11394	6088
11395	6088
11396	6090
11397	6090
11398	6092
11399	6092
11400	6094
11401	6094
11402	6096
11403	6096
11404	6098
11405	6097
11406	6096
11407	6095
11408	6095
11409	6095
11410	6095
11411	6094
11412	6095
11413	6095
11414	6094
11415	6094
11416	6094
11417	6094
11418	6096
11419	6096
11420	6096
11421	6096
11422	6096
11423	6095
11424	6094
11425	6094
11426	6094
11427	6096
11428	6096
11429	6096
11430	6095
11431	6095
11432	6095
11433	6095
11434	6097
11435	6097
11436	6099
11437	6101
11438	6101
11439	6103
11440	6103
11441	6103
11442	6103
11443	6105
11444	6105
11445	6104
11446	6104
11447	6104
11448	6104
11449	6104
11450	6104
11451	6104
11452	6103
11453	6103
11454	6103
11455	6105
11456	6105
11457	6105
11458	6105
11459	6104
11460	6104
11461	6103
11462	6102
11463	6102
11464	6101
11465	6101
11466	6101
11467	6103
11468	6103
11469	6103
11470	6103
11471	6102
11472	6102
11473	6102
11474	6104
11475	6106
11476	6106
11477	6106
11478	6106
11479	6105
11480	6105
11481	6105
11482	6105
11483	6107
11484	6107
11485	6107
11486	6107
11487	6107
11488	6107
11489	6107
11490	6107
11491	6109
11492	6109
11493	6109
11494	6109
11495	6109
11496	6109
11497	6109
11498	6111
11499	6111
11500	6111
11501	6111
11502	6113
11503	6113
11504	6113
11505	6112
11506	6112
11507	6112
11508	6111
11509	6111
11510	6112
11511	6112
11512	6113
11513	6112
11514	6113
11515	6113
11516	6113
11517	6113
11518	6113
11519	6113
11520	6113
11521	6113
11522	6113
11523	6115
11524	6115
11525	6117
11526	6117
11527	6117
11528	6117
11529	6117
11530	6117
11531	6117
11532	6118
11533	6118
11534	6118
11535	6118
11536	6118
11537	6118
11538	6118
11539	6118
11540	6120
11541	6120
11542	6121
11543	6121
11544	6122
11545	6123
11546	6123
11547	6125
11548	6125
11549	6125
11550	6125
11551	6125
11552	6125
11553	6125
11554	6125
11555	6125
11556	6126
11557	6126
11558	6127
11559	6127
11560	6128
11561	6128
11562	6129
11563	6129
11564	6129
11565	6130
11566	6130
11567	6130
11568	6130
11569	6131
11570	6131
11571	6130
11572	6130
11573	6130
11574	6130
11575	6130
11576	6132
11577	6132
11578	6134
11579	6134
11580	6134
11581	6134
11582	6133
11583	6132
11584	6132
11585	6131
11586	6133
11587	6132
11588	6133
11589	6133
11590	6135
11591	6135
11592	6137
11593	6137
11594	6139
11595	6139
11596	6139
11597	6139
11598	6139
11599	6139
11600	6139
11601	6141
11602	6140
11603	6140
11604	6139
11605	6139
11606	6139
11607	6139
11608	6139
11609	6141
11610	6141
11611	6141
11612	6141
11613	6141
11614	6141
11615	6143
11616	6143
11617	6143
11618	6143
11619	6143
11620	6143
11621	6142
11622	6144
11623	6144
11624	6143
11625	6143
11626	6143
11627	6143
11628	6144
11629	6143
11630	6144
11631	6143
11632	6143
11633	6142
11634	6143
11635	6143
11636	6143
11637	6143
11638	6143
11639	6143
11640	6143
11641	6143
11642	6143
11643	6143
11644	6143
11645	6143
11646	6142
11647	6143
11648	6143
11649	6144
11650	6144
11651	6144
11652	6144
11653	6146
11654	6146
11655	6146
11656	6146
11657	6146
11658	6146
11659	6146
11660	6146
11661	6146
11662	6148
11663	6148
11664	6149
11665	6149
11666	6151
11667	6151
11668	6151
11669	6153
11670	6154
11671	6154
11672	6156
11673	6156
11674	6158
11675	6158
11676	6157
11677	6157
11678	6157
11679	6157
11680	6157
11681	6157
11682	6157
11683	6159
11684	6161
11685	6161
11686	6160
11687	6160
11688	6160
11689	6159
11690	6159
11691	6159
11692	6159
11693	6161
11694	6161
11695	6160
11696	6160
11697	6160
11698	6160
11699	6160
11700	6160
11701	6162
11702	6162
11703	6162
11704	6162
11705	6161
11706	6161
11707	6161
11708	6161
11709	6161
11710	6160
11711	6160
11712	6162
11713	6162
11714	6162
11715	6162
11716	6162
11717	6162
11718	6162
11719	6162
11720	6164
11721	6164
11722	6165
11723	6165
11724	6166
11725	6166
11726	6167
11727	6167
11728	6168
11729	6168
11730	6170
11731	6170
11732	6169
11733	6169
11734	6169
11735	6168
11736	6168
11737	6167
11738	6166
11739	6166
11740	6166
11741	6166
11742	6166
11743	6166
11744	6166
11745	6166
11746	6166
11747	6166
11748	6166
11749	6166
11750	6166
11751	6166
11752	6166
11753	6168
11754	6167
11755	6167
11756	6167
11757	6167
11758	6166
11759	6165
11760	6167
11761	6166
11762	6167
11763	6167
11764	6168
11765	6168
11766	6170
11767	6171
11768	6171
11769	6173
11770	6173
11771	6173
11772	6173
11773	6172
11774	6172
11775	6172
11776	6172
11777	6174
11778	6174
11779	6176
11780	6176
11781	6176
11782	6177
11783	6177
11784	6177
11785	6179
11786	6179
11787	6179
11788	6181
11789	6181
11790	6183
11791	6183
11792	6183
11793	6185
11794	6185
11795	6185
11796	6185
11797	6185
11798	6185
11799	6185
11800	6187
11801	6187
11802	6189
11803	6189
11804	6189
11805	6189
11806	6188
11807	6187
11808	6187
11809	6187
11810	6189
11811	6189
11812	6189
11813	6189
11814	6188
11815	6188
11816	6188
11817	6188
11818	6190
11819	6190
11820	6189
11821	6189
11822	6189
11823	6189
11824	6189
11825	6191
11826	6191
11827	6191
11828	6191
11829	6191
11830	6191
11831	6191
11832	6193
11833	6193
11834	6193
11835	6193
11836	6193
11837	6193
11838	6195
11839	6195
11840	6195
11841	6195
11842	6195
11843	6195
11844	6195
11845	6194
11846	6196
11847	6195
11848	6197
11849	6197
11850	6198
11851	6198
11852	6199
11853	6201
11854	6201
11855	6202
11856	6202
11857	6202
11858	6202
11859	6202
11860	6202
11861	6202
11862	6202
11863	6204
11864	6204
11865	6205
11866	6205
11867	6205
11868	6207
11869	6207
11870	6207
11871	6207
11872	6207
11873	6207
11874	6206
11875	6205
11876	6205
11877	6204
11878	6204
11879	6206
11880	6206
11881	6206
11882	6206
11883	6206
11884	6206
11885	6206
11886	6206
11887	6208
11888	6208
11889	6208
11890	6209
11891	6209
11892	6211
11893	6211
11894	6210
11895	6209
11896	6210
11897	6210
11898	6212
11899	6212
11900	6212
11901	6212
11902	6212
11903	6212
11904	6212
11905	6212
11906	6212
11907	6212
11908	6212
11909	6212
11910	6214
11911	6213
11912	6214
11913	6213
11914	6213
11915	6215
11916	6215
11917	6217
11918	6217
11919	6217
11920	6219
11921	6219
11922	6221
11923	6221
11924	6221
11925	6223
11926	6225
11927	6225
11928	6225
11929	6225
11930	6225
11931	6224
11932	6224
11933	6224
11934	6223
11935	6225
11936	6225
11937	6227
11938	6229
11939	6229
11940	6231
11941	6231
11942	6232
11943	6231
11944	6231
11945	6232
11946	6232
11947	6232
11948	6231
11949	6231
11950	6231
11951	6231
11952	6233
11953	6233
11954	6232
11955	6231
11956	6231
11957	6231
11958	6231
11959	6230
11960	6232
11961	6232
11962	6232
11963	6231
11964	6230
11965	6230
11966	6230
11967	6230
11968	6230
11969	6230
11970	6230
11971	6230
11972	6230
11973	6230
11974	6230
11975	6229
11976	6229
11977	6231
11978	6231
11979	6230
11980	6230
11981	6230
11982	6232
11983	6232
11984	6232
11985	6232
11986	6232
11987	6232
11988	6232
11989	6232
11990	6234
11991	6234
11992	6236
11993	6235
11994	6235
11995	6234
11996	6236
11997	6236
11998	6237
11999	6237
12000	6237
12001	6237
12002	6237
12003	6237
12004	6237
12005	6237
12006	6239
12007	6239
12008	6240
12009	6240
12010	6242
12011	6242
12012	6244
12013	6244
12014	6245
12015	6245
12016	6247
12017	6247
12018	6247
12019	6246
12020	6246
12021	6246
12022	6246
12023	6246
12024	6246
12025	6246
12026	6247
12027	6247
12028	6247
12029	6247
12030	6246
12031	6246
12032	6246
12033	6245
12034	6245
12035	6247
12036	6247
12037	6249
12038	6251
12039	6251
12040	6253
12041	6253
12042	6253
12043	6255
12044	6255
12045	6255
12046	6254
12047	6254
12048	6254
12049	6254
12050	6254
12051	6254
12052	6256
12053	6256
12054	6255
12055	6255
12056	6255
12057	6254
12058	6256
12059	6255
12060	6255
12061	6255
12062	6255
12063	6255
12064	6256
12065	6256
12066	6256
12067	6256
12068	6255
12069	6254
12070	6254
12071	6253
12072	6253
12073	6253
12074	6255
12075	6255
12076	6255
12077	6255
12078	6254
12079	6254
12080	6254
12081	6254
12082	6254
12083	6256
12084	6255
12085	6255
12086	6255
12087	6254
12088	6254
12089	6254
12090	6253
12091	6252
12092	6252
12093	6252
12094	6252
12095	6252
12096	6252
12097	6252
12098	6253
12099	6253
12100	6253
12101	6253
12102	6253
12103	6253
12104	6255
12105	6255
12106	6255
12107	6255
12108	6254
12109	6254
12110	6254
12111	6254
12112	6256
12113	6256
12114	6257
12115	6257
12116	6258
12117	6260
12118	6260
12119	6261
12120	6261
12121	6262
12122	6262
12123	6262
12124	6263
12125	6262
12126	6262
12127	6261
12128	6261
12129	6261
12130	6261
12131	6261
12132	6261
12133	6261
12134	6261
12135	6263
12136	6262
12137	6262
12138	6263
12139	6263
12140	6265
12141	6265
12142	6265
12143	6267
12144	6269
12145	6269
12146	6271
12147	6271
12148	6270
12149	6270
12150	6270
12151	6270
12152	6270
12153	6270
12154	6270
12155	6270
12156	6272
12157	6272
12158	6274
12159	6274
12160	6276
12161	6276
12162	6276
12163	6276
12164	6275
12165	6275
12166	6275
12167	6275
12168	6277
12169	6277
12170	6276
12171	6276
12172	6276
12173	6278
12174	6278
12175	6278
12176	6278
12177	6278
12178	6277
12179	6277
12180	6277
12181	6277
12182	6277
12183	6277
12184	6277
12185	6277
12186	6277
12187	6277
12188	6277
12189	6278
12190	6278
12191	6278
12192	6278
12193	6278
12194	6278
12195	6278
12196	6279
12197	6279
12198	6279
12199	6279
12200	6279
12201	6279
12202	6279
12203	6279
12204	6280
12205	6280
12206	6281
12207	6281
12208	6281
12209	6282
12210	6282
12211	6282
12212	6283
12213	6283
12214	6282
12215	6283
12216	6283
12217	6284
12218	6284
12219	6284
12220	6284
12221	6284
12222	6284
12223	6284
12224	6284
12225	6285
12226	6285
12227	6286
12228	6286
12229	6288
12230	6288
12231	6289
12232	6289
12233	6291
12234	6291
12235	6291
12236	6290
12237	6289
12238	6289
12239	6289
12240	6289
12241	6291
12242	6291
12243	6293
12244	6293
12245	6295
12246	6295
12247	6294
12248	6294
12249	6294
12250	6294
12251	6294
12252	6294
12253	6294
12254	6294
12255	6296
12256	6296
12257	6298
12258	6298
12259	6300
12260	6300
12261	6302
12262	6302
12263	6302
12264	6301
12265	6301
12266	6301
12267	6301
12268	6301
12269	6303
12270	6303
12271	6305
12272	6306
12273	6306
12274	6308
12275	6308
12276	6308
12277	6309
12278	6308
12279	6308
12280	6308
12281	6308
12282	6308
12283	6307
12284	6307
12285	6308
12286	6308
12287	6307
12288	6306
12289	6306
12290	6305
12291	6307
12292	6306
12293	6306
12294	6306
12295	6306
12296	6306
12297	6307
12298	6307
12299	6307
12300	6307
12301	6306
12302	6306
12303	6305
12304	6304
12305	6304
12306	6303
12307	6303
12308	6303
12309	6305
12310	6305
12311	6305
12312	6305
12313	6304
12314	6304
12315	6304
12316	6306
12317	6306
12318	6306
12319	6306
12320	6306
12321	6306
12322	6306
12323	6308
12324	6308
12325	6308
12326	6308
12327	6308
12328	6307
12329	6306
12330	6306
12331	6308
12332	6307
12333	6306
12334	6307
12335	6307
12336	6309
12337	6310
12338	6310
12339	6312
12340	6312
12341	6312
12342	6314
12343	6314
12344	6315
12345	6315
12346	6317
12347	6316
12348	6317
12349	6317
12350	6316
12351	6315
12352	6315
12353	6315
12354	6316
12355	6316
12356	6316
12357	6315
12358	6315
12359	6315
12360	6315
12361	6315
12362	6316
12363	6316
12364	6318
12365	6318
12366	6320
12367	6320
12368	6322
12369	6322
12370	6321
12371	6321
12372	6320
12373	6320
12374	6320
12375	6320
12376	6320
12377	6322
12378	6321
12379	6323
12380	6323
12381	6323
12382	6323
12383	6325
12384	6325
12385	6325
12386	6325
12387	6324
12388	6324
12389	6324
12390	6325
12391	6325
12392	6325
12393	6325
12394	6325
12395	6327
12396	6326
12397	6326
12398	6326
12399	6326
12400	6326
12401	6326
12402	6325
12403	6325
12404	6325
12405	6324
12406	6323
12407	6323
12408	6323
12409	6323
12410	6325
12411	6325
12412	6327
12413	6327
12414	6329
12415	6329
12416	6330
12417	6330
12418	6332
12419	6332
12420	6334
12421	6333
12422	6333
12423	6333
12424	6333
12425	6332
12426	6332
12427	6332
12428	6332
12429	6332
12430	6334
12431	6336
12432	6336
12433	6336
12434	6338
12435	6338
12436	6340
12437	6340
12438	6339
12439	6339
12440	6339
12441	6339
12442	6339
12443	6339
12444	6339
12445	6341
12446	6341
12447	6343
12448	6343
12449	6344
12450	6344
12451	6346
12452	6346
12453	6348
12454	6348
12455	6349
12456	6348
12457	6348
12458	6347
12459	6347
12460	6347
12461	6347
12462	6347
12463	6347
12464	6347
12465	6347
12466	6347
12467	6347
12468	6347
12469	6346
12470	6345
12471	6345
12472	6347
12473	6347
12474	6347
12475	6347
12476	6347
12477	6346
12478	6345
12479	6345
12480	6344
12481	6344
12482	6344
12483	6344
12484	6346
12485	6346
12486	6346
12487	6345
12488	6345
12489	6345
12490	6345
12491	6347
12492	6346
12493	6346
12494	6346
12495	6345
12496	6345
12497	6345
12498	6345
12499	6346
12500	6346
12501	6348
12502	6348
12503	6350
12504	6350
12505	6350
12506	6350
12507	6350
12508	6350
12509	6350
12510	6350
12511	6350
12512	6350
12513	6352
12514	6352
12515	6354
12516	6354
12517	6354
12518	6354
12519	6356
12520	6356
12521	6357
12522	6357
12523	6358
12524	6358
12525	6360
12526	6360
12527	6360
12528	6362
12529	6362
12530	6362
12531	6361
12532	6360
12533	6360
12534	6360
12535	6360
12536	6360
12537	6362
12538	6362
12539	6363
12540	6363
12541	6364
12542	6364
12543	6366
12544	6366
12545	6366
12546	6366
12547	6366
12548	6365
12549	6365
12550	6364
12551	6364
12552	6366
12553	6366
12554	6366
12555	6366
12556	6366
12557	6365
12558	6365
12559	6365
12560	6364
12561	6366
12562	6366
12563	6366
12564	6366
12565	6365
12566	6364
12567	6364
12568	6364
12569	6364
12570	6365
12571	6366
12572	6366
12573	6368
12574	6368
12575	6368
12576	6367
12577	6366
12578	6366
12579	6367
12580	6367
12581	6367
12582	6367
12583	6367
12584	6367
12585	6369
12586	6369
12587	6369
12588	6368
12589	6367
12590	6367
12591	6367
12592	6367
12593	6366
12594	6365
12595	6364
12596	6364
12597	6364
12598	6364
12599	6366
12600	6366
12601	6366
12602	6365
12603	6365
12604	6365
12605	6365
12606	6367
12607	6367
12608	6368
12609	6368
12610	6370
12611	6370
12612	6370
12613	6372
12614	6371
12615	6372
12616	6372
12617	6372
12618	6372
12619	6372
12620	6371
12621	6371
12622	6371
12623	6373
12624	6373
12625	6373
12626	6372
12627	6372
12628	6372
12629	6374
12630	6374
12631	6374
12632	6374
12633	6374
12634	6374
12635	6374
12636	6373
12637	6373
12638	6373
12639	6373
12640	6373
12641	6373
12642	6373
12643	6375
12644	6375
12645	6376
12646	6376
12647	6375
12648	6377
12649	6377
12650	6377
12651	6376
12652	6376
12653	6376
12654	6376
12655	6376
12656	6376
12657	6376
12658	6376
12659	6375
12660	6374
12661	6375
12662	6375
12663	6375
12664	6375
12665	6374
12666	6374
12667	6374
12668	6374
12669	6374
12670	6375
12671	6376
12672	6376
12673	6378
12674	6377
12675	6377
12676	6378
12677	6377
12678	6378
12679	6378
12680	6379
12681	6379
12682	6379
12683	6379
12684	6379
12685	6379
12686	6379
12687	6379
12688	6381
12689	6381
12690	6381
12691	6381
12692	6380
12693	6380
12694	6380
12695	6381
12696	6383
12697	6383
12698	6382
12699	6382
12700	6381
12701	6381
12702	6381
12703	6381
12704	6383
12705	6383
12706	6383
12707	6383
12708	6382
12709	6382
12710	6382
12711	6383
12712	6383
12713	6383
12714	6383
12715	6383
12716	6383
12717	6383
12718	6383
12719	6385
12720	6385
12721	6386
12722	6386
12723	6387
12724	6388
12725	6388
12726	6390
12727	6390
12728	6389
12729	6389
12730	6389
12731	6389
12732	6389
12733	6389
12734	6388
12735	6388
12736	6388
12737	6388
12738	6388
12739	6388
12740	6390
12741	6390
12742	6390
12743	6390
12744	6390
12745	6390
12746	6389
12747	6389
12748	6391
12749	6391
12750	6392
12751	6392
12752	6393
12753	6393
12754	6395
12755	6396
12756	6396
12757	6398
12758	6398
12759	6398
12760	6398
12761	6398
12762	6400
12763	6399
12764	6399
12765	6398
12766	6398
12767	6398
12768	6398
12769	6397
12770	6396
12771	6396
12772	6396
12773	6396
12774	6396
12775	6396
12776	6398
12777	6398
12778	6398
12779	6398
12780	6398
12781	6398
12782	6398
12783	6399
12784	6399
12785	6399
12786	6398
12787	6398
12788	6398
12789	6398
12790	6398
12791	6399
12792	6399
12793	6400
12794	6400
12795	6402
12796	6403
12797	6403
12798	6405
12799	6405
12800	6405
12801	6405
12802	6405
12803	6405
12804	6405
12805	6405
12806	6405
12807	6407
12808	6407
12809	6409
12810	6408
12811	6408
12812	6408
12813	6409
12814	6409
12815	6409
12816	6409
12817	6408
12818	6409
12819	6408
12820	6408
12821	6408
12822	6410
12823	6410
12824	6412
12825	6412
12826	6414
12827	6414
12828	6413
12829	6413
12830	6413
12831	6413
12832	6413
12833	6413
12834	6413
12835	6415
12836	6417
12837	6417
12838	6419
12839	6419
12840	6419
12841	6419
12842	6418
12843	6418
12844	6418
12845	6418
12846	6420
12847	6420
12848	6419
12849	6419
12850	6419
12851	6421
12852	6421
12853	6421
12854	6420
12855	6420
12856	6420
12857	6420
12858	6420
12859	6420
12860	6420
12861	6420
12862	6421
12863	6421
12864	6421
12865	6421
12866	6421
12867	6421
12868	6421
12869	6421
12870	6421
12871	6421
12872	6421
12873	6421
12874	6422
12875	6422
12876	6422
12877	6422
12878	6422
12879	6422
12880	6422
12881	6422
12882	6423
12883	6423
12884	6424
12885	6425
12886	6424
12887	6424
12888	6424
12889	6424
12890	6425
12891	6424
12892	6424
12893	6424
12894	6424
12895	6425
12896	6425
12897	6425
12898	6425
12899	6424
12900	6424
12901	6424
12902	6424
12903	6423
12904	6424
12905	6424
12906	6425
12907	6425
12908	6427
12909	6427
12910	6429
12911	6429
12912	6428
12913	6428
12914	6428
12915	6427
12916	6427
12917	6427
12918	6427
12919	6427
12920	6429
12921	6431
12922	6431
12923	6431
12924	6433
12925	6433
12926	6435
12927	6434
12928	6434
12929	6434
12930	6434
12931	6434
12932	6434
12933	6436
12934	6436
12935	6438
12936	6438
12937	6440
12938	6440
12939	6440
12940	6439
12941	6438
12942	6438
12943	6438
12944	6438
12945	6438
12946	6440
12947	6440
12948	6442
12949	6444
12950	6444
12951	6445
12952	6445
12953	6446
12954	6445
12955	6445
12956	6445
12957	6444
12958	6444
12959	6444
12960	6444
12961	6443
12962	6444
12963	6444
12964	6443
12965	6443
12966	6443
12967	6443
12968	6442
12969	6441
12970	6441
12971	6443
12972	6442
12973	6442
12974	6442
12975	6442
12976	6442
12977	6442
12978	6442
12979	6442
12980	6442
12981	6441
12982	6441
12983	6443
12984	6443
12985	6442
12986	6442
12987	6442
12988	6444
12989	6444
12990	6446
12991	6446
12992	6448
12993	6448
12994	6450
12995	6450
12996	6451
12997	6451
12998	6453
12999	6452
13000	6452
13001	6451
13002	6450
13003	6450
13004	6450
13005	6450
13006	6450
13007	6450
13008	6452
13009	6452
13010	6454
13011	6454
13012	6456
13013	6456
13014	6458
13015	6458
13016	6458
13017	6458
13018	6457
13019	6457
13020	6457
13021	6457
13022	6457
13023	6459
13024	6459
13025	6461
13026	6462
13027	6462
13028	6462
13029	6464
13030	6464
13031	6466
13032	6466
13033	6467
13034	6466
13035	6466
13036	6466
13037	6466
13038	6465
13039	6465
13040	6465
13041	6467
13042	6467
13043	6467
13044	6466
13045	6465
13046	6465
13047	6465
13048	6464
13049	6464
13050	6464
13051	6464
13052	6464
13053	6464
13054	6463
13055	6462
13056	6462
13057	6461
13058	6461
13059	6461
13060	6461
13061	6460
13062	6460
13063	6460
13064	6462
13065	6461
13066	6461
13067	6461
13068	6461
13069	6463
13070	6463
13071	6463
13072	6463
13073	6463
13074	6463
13075	6463
13076	6465
13077	6465
13078	6465
13079	6465
13080	6465
13081	6464
13082	6463
13083	6463
13084	6465
13085	6465
13086	6467
13087	6466
13088	6465
13089	6466
13090	6468
13091	6468
13092	6469
13093	6469
13094	6470
13095	6470
13096	6470
13097	6469
13098	6469
13099	6469
13100	6469
13101	6471
13102	6471
13103	6472
13104	6472
13105	6473
13106	6473
13107	6475
13108	6474
13109	6474
13110	6474
13111	6473
13112	6472
13113	6472
13114	6472
13115	6473
13116	6475
13117	6475
13118	6475
13119	6477
13120	6477
13121	6479
13122	6479
13123	6478
13124	6478
13125	6477
13126	6477
13127	6477
13128	6477
13129	6477
13130	6479
13131	6478
13132	6478
13133	6480
13134	6480
13135	6482
13136	6481
13137	6481
13138	6481
13139	6480
13140	6480
13141	6480
13142	6480
13143	6482
13144	6481
13145	6481
13146	6481
13147	6481
13148	6481
13149	6481
13150	6481
13151	6480
13152	6479
13153	6479
13154	6480
13155	6480
13156	6480
13157	6480
13158	6480
13159	6479
13160	6479
13161	6479
13162	6479
13163	6481
13164	6480
13165	6480
13166	6479
13167	6479
13168	6479
13169	6479
13170	6478
13171	6479
13172	6479
13173	6479
13174	6481
13175	6481
13176	6483
13177	6483
13178	6483
13179	6483
13180	6483
13181	6483
13182	6483
13183	6483
13184	6483
13185	6485
13186	6485
13187	6485
13188	6485
13189	6485
13190	6487
13191	6488
13192	6488
13193	6490
13194	6490
13195	6490
13196	6492
13197	6492
13198	6493
13199	6493
13200	6495
13201	6495
13202	6496
13203	6496
13204	6496
13205	6495
13206	6495
13207	6495
13208	6494
13209	6494
13210	6495
13211	6495
13212	6495
13213	6497
13214	6497
13215	6499
13216	6499
13217	6498
13218	6498
13219	6498
13220	6497
13221	6497
13222	6497
13223	6499
13224	6499
13225	6498
13226	6497
13227	6497
13228	6497
13229	6497
13230	6497
13231	6497
13232	6497
13233	6497
13234	6497
13235	6497
13236	6496
13237	6495
13238	6497
13239	6497
13240	6498
13241	6497
13242	6497
13243	6496
13244	6495
13245	6494
13246	6495
13247	6494
13248	6494
13249	6494
13250	6494
13251	6494
13252	6496
13253	6496
13254	6495
13255	6495
13256	6495
13257	6494
13258	6494
13259	6494
13260	6494
13261	6493
13262	6493
13263	6493
13264	6495
13265	6494
13266	6494
13267	6494
13268	6493
13269	6495
13270	6495
13271	6497
13272	6497
13273	6498
13274	6497
13275	6497
13276	6499
13277	6499
13278	6499
13279	6499
13280	6499
13281	6498
13282	6498
13283	6498
13284	6499
13285	6499
13286	6499
13287	6499
13288	6499
13289	6498
13290	6498
13291	6498
13292	6498
13293	6497
13294	6496
13295	6496
13296	6496
13297	6496
13298	6497
13299	6499
13300	6498
13301	6499
13302	6499
13303	6500
13304	6499
13305	6499
13306	6500
13307	6500
13308	6499
13309	6499
13310	6500
13311	6500
13312	6500
13313	6500
13314	6500
13315	6500
13316	6500
13317	6500
13318	6500
13319	6500
13320	6499
13321	6499
13322	6500
13323	6500
13324	6500
13325	6502
13326	6502
13327	6503
13328	6503
13329	6503
13330	6505
13331	6505
13332	6507
13333	6506
13334	6507
13335	6506
13336	6505
13337	6504
13338	6504
13339	6504
13340	6504
13341	6504
13342	6506
13343	6506
13344	6506
13345	6506
13346	6506
13347	6505
13348	6505
13349	6507
13350	6507
13351	6507
13352	6507
13353	6507
13354	6507
13355	6509
13356	6509
13357	6509
13358	6509
13359	6508
13360	6508
13361	6508
13362	6508
13363	6507
13364	6507
13365	6507
13366	6507
13367	6507
13368	6507
13369	6509
13370	6508
13371	6508
13372	6508
13373	6508
13374	6507
13375	6507
13376	6506
13377	6508
13378	6508
13379	6510
13380	6510
13381	6511
13382	6511
13383	6512
13384	6514
13385	6514
13386	6515
13387	6515
13388	6517
13389	6517
13390	6516
13391	6516
13392	6515
13393	6515
13394	6515
13395	6515
13396	6517
13397	6517
13398	6517
13399	6517
13400	6517
13401	6516
13402	6516
13403	6517
13404	6517
13405	6517
13406	6517
13407	6517
13408	6517
13409	6517
13410	6517
13411	6519
13412	6519
13413	6520
13414	6520
13415	6521
13416	6522
13417	6522
13418	6524
13419	6524
13420	6524
13421	6524
13422	6523
13423	6523
13424	6523
13425	6523
13426	6525
13427	6525
13428	6525
13429	6524
13430	6524
13431	6524
13432	6524
13433	6524
13434	6524
13435	6524
13436	6524
13437	6525
13438	6525
13439	6525
13440	6525
13441	6525
13442	6525
13443	6525
13444	6525
13445	6525
13446	6526
13447	6526
13448	6526
13449	6526
13450	6526
13451	6526
13452	6526
13453	6526
13454	6527
13455	6527
13456	6528
13457	6528
13458	6528
13459	6529
13460	6529
13461	6531
13462	6530
13463	6530
13464	6529
13465	6529
13466	6529
13467	6529
13468	6529
13469	6529
13470	6529
13471	6529
13472	6529
13473	6529
13474	6529
13475	6529
13476	6529
13477	6530
13478	6530
13479	6530
13480	6530
13481	6530
13482	6530
13483	6532
13484	6531
13485	6530
13486	6530
13487	6530
13488	6530
13489	6530
13490	6530
13491	6529
13492	6529
13493	6531
13494	6531
13495	6532
13496	6532
13497	6533
13498	6535
13499	6535
13500	6536
13501	6536
13502	6536
13503	6536
13504	6537
13505	6537
13506	6536
13507	6536
13508	6536
13509	6536
13510	6536
13511	6536
13512	6536
13513	6536
13514	6538
13515	6538
13516	6539
13517	6538
13518	6538
13519	6540
13520	6540
13521	6540
13522	6542
13523	6544
13524	6544
13525	6546
13526	6546
13527	6546
13528	6545
13529	6545
13530	6545
13531	6545
13532	6545
13533	6545
13534	6547
13535	6547
13536	6549
13537	6549
13538	6549
13539	6551
13540	6551
13541	6551
13542	6551
13543	6551
13544	6550
13545	6550
13546	6550
13547	6550
13548	6550
13549	6549
13550	6549
13551	6549
13552	6549
13553	6551
13554	6550
13555	6549
13556	6549
13557	6551
13558	6552
13559	6552
13560	6554
13561	6554
13562	6554
13563	6554
13564	6554
13565	6554
13566	6553
13567	6553
13568	6555
13569	6555
13570	6555
13571	6556
13572	6556
13573	6557
13574	6557
13575	6559
13576	6559
13577	6560
13578	6560
13579	6560
13580	6559
13581	6559
13582	6558
13583	6558
13584	6558
13585	6558
13586	6558
13587	6560
13588	6561
13589	6560
13590	6560
13591	6561
13592	6560
13593	6562
13594	6562
13595	6564
13596	6564
13597	6565
13598	6565
13599	6564
13600	6564
13601	6564
13602	6564
13603	6563
13604	6563
13605	6565
13606	6565
13607	6566
13608	6566
13609	6568
13610	6568
13611	6568
13612	6567
13613	6567
13614	6567
13615	6567
13616	6567
13617	6567
13618	6566
13619	6565
13620	6565
13621	6567
13622	6566
13623	6566
13624	6566
13625	6566
13626	6566
13627	6566
13628	6565
13629	6565
13630	6565
13631	6567
13632	6567
13633	6569
13634	6569
13635	6570
13636	6572
13637	6572
13638	6574
13639	6574
13640	6574
13641	6575
13642	6574
13643	6573
13644	6573
13645	6573
13646	6573
13647	6573
13648	6573
13649	6575
13650	6575
13651	6575
13652	6574
13653	6573
13654	6573
13655	6572
13656	6572
13657	6572
13658	6571
13659	6571
13660	6571
13661	6573
13662	6573
13663	6573
13664	6573
13665	6572
13666	6572
13667	6572
13668	6574
13669	6574
13670	6574
13671	6574
13672	6574
13673	6574
13674	6574
13675	6574
13676	6575
13677	6575
13678	6574
13679	6573
13680	6574
13681	6574
13682	6576
13683	6576
13684	6576
13685	6575
13686	6574
13687	6573
13688	6573
13689	6573
13690	6573
13691	6575
13692	6575
13693	6577
13694	6577
13695	6578
13696	6578
13697	6580
13698	6580
13699	6582
13700	6582
13701	6582
13702	6582
13703	6581
13704	6581
13705	6581
13706	6581
13707	6582
13708	6584
13709	6584
13710	6584
13711	6585
13712	6585
13713	6587
13714	6587
13715	6586
13716	6586
13717	6586
13718	6585
13719	6585
13720	6585
13721	6585
13722	6587
13723	6587
13724	6589
13725	6589
13726	6590
13727	6589
13728	6590
13729	6590
13730	6592
13731	6592
13732	6592
13733	6592
13734	6592
13735	6592
13736	6591
13737	6591
13738	6593
13739	6592
13740	6592
13741	6592
13742	6592
13743	6592
13744	6593
13745	6593
13746	6592
13747	6591
13748	6590
13749	6590
13750	6591
13751	6591
13752	6591
13753	6591
13754	6591
13755	6590
13756	6589
13757	6588
13758	6587
13759	6587
13760	6587
13761	6587
13762	6589
13763	6589
13764	6589
13765	6588
13766	6588
13767	6588
13768	6588
13769	6590
13770	6590
13771	6590
13772	6590
13773	6590
13774	6590
13775	6590
13776	6590
13777	6592
13778	6592
13779	6594
13780	6594
13781	6594
13782	6594
13783	6596
13784	6596
13785	6597
13786	6597
13787	6597
13788	6596
13789	6596
13790	6596
13791	6596
13792	6595
13793	6595
13794	6595
13795	6597
13796	6597
13797	6599
13798	6599
13799	6599
13800	6599
13801	6599
13802	6601
13803	6601
13804	6602
13805	6602
13806	6602
13807	6602
13808	6601
13809	6601
13810	6603
13811	6603
13812	6603
13813	6603
13814	6602
13815	6601
13816	6601
13817	6601
13818	6603
13819	6603
13820	6603
13821	6604
13822	6604
13823	6606
13824	6606
13825	6605
13826	6605
13827	6605
13828	6604
13829	6604
13830	6604
13831	6604
13832	6604
13833	6606
13834	6606
13835	6608
13836	6608
13837	6609
13838	6609
13839	6609
13840	6609
13841	6608
13842	6608
13843	6608
13844	6607
13845	6607
13846	6608
13847	6608
13848	6608
13849	6610
13850	6610
13851	6610
13852	6610
13853	6609
13854	6611
13855	6611
13856	6610
13857	6610
13858	6610
13859	6609
13860	6610
13861	6610
13862	6610
13863	6610
13864	6610
13865	6610
13866	6610
13867	6610
13868	6609
13869	6608
13870	6608
13871	6607
13872	6607
13873	6607
13874	6609
13875	6609
13876	6609
13877	6609
13878	6608
13879	6608
13880	6608
13881	6610
13882	6610
13883	6610
13884	6611
13885	6613
13886	6612
13887	6614
13888	6614
13889	6614
13890	6615
13891	6615
13892	6614
13893	6614
13894	6613
13895	6613
13896	6613
13897	6613
13898	6615
13899	6615
13900	6615
13901	6615
13902	6614
13903	6616
13904	6616
13905	6616
13906	6616
13907	6616
13908	6616
13909	6616
13910	6616
13911	6616
13912	6616
13913	6615
13914	6615
13915	6615
13916	6615
13917	6614
13918	6615
13919	6615
13920	6617
13921	6616
13922	6617
13923	6617
13924	6617
13925	6617
13926	6617
13927	6617
13928	6618
13929	6618
13930	6618
13931	6618
13932	6620
13933	6620
13934	6620
13935	6619
13936	6619
13937	6619
13938	6619
13939	6620
13940	6620
13941	6621
13942	6621
13943	6623
13944	6623
13945	6622
13946	6624
13947	6624
13948	6623
13949	6623
13950	6623
13951	6623
13952	6623
13953	6623
13954	6623
13955	6623
13956	6623
13957	6622
13958	6621
13959	6622
13960	6622
13961	6622
13962	6622
13963	6621
13964	6621
13965	6623
13966	6623
13967	6625
13968	6625
13969	6625
13970	6624
13971	6624
13972	6623
13973	6623
13974	6623
13975	6623
13976	6622
13977	6622
13978	6622
13979	6622
13980	6623
13981	6623
13982	6623
13983	6623
13984	6623
13985	6623
13986	6623
13987	6623
13988	6625
13989	6625
13990	6626
13991	6626
13992	6627
13993	6628
13994	6628
13995	6630
13996	6630
13997	6630
13998	6629
13999	6629
14000	6629
14001	6629
14002	6629
14003	6629
14004	6628
14005	6628
14006	6628
14007	6628
14008	6628
14009	6630
14010	6630
14011	6630
14012	6630
14013	6629
14014	6629
14015	6629
14016	6629
14017	6631
14018	6631
14019	6632
14020	6632
14021	6633
14022	6633
14023	6635
14024	6636
14025	6636
14026	6638
14027	6638
14028	6640
14029	6640
14030	6639
14031	6639
14032	6639
14033	6639
14034	6639
14035	6639
14036	6641
14037	6641
14038	6641
14039	6640
14040	6640
14041	6640
14042	6640
14043	6640
14044	6640
14045	6640
14046	6640
14047	6641
14048	6641
14049	6641
14050	6641
14051	6642
14052	6642
14053	6642
14054	6642
14055	6642
14056	6642
14057	6642
14058	6642
14059	6642
14060	6642
14061	6642
14062	6642
14063	6642
14064	6643
14065	6643
14066	6644
14067	6645
14068	6644
14069	6644
14070	6644
14071	6646
14072	6645
14073	6644
14074	6644
14075	6644
14076	6644
14077	6644
14078	6644
14079	6644
14080	6644
14081	6644
14082	6644
14083	6644
14084	6644
14085	6644
14086	6646
14087	6646
14088	6646
14089	6646
14090	6646
14091	6646
14092	6646
14093	6647
14094	6646
14095	6645
14096	6645
14097	6645
14098	6645
14099	6645
14100	6644
14101	6644
14102	6644
14103	6645
14104	6645
14105	6646
14106	6646
14107	6648
14108	6649
14109	6649
14110	6651
14111	6651
14112	6651
14113	6651
14114	6651
14115	6651
14116	6651
14117	6651
14118	6651
14119	6653
14120	6653
14121	6655
14122	6655
14123	6656
14124	6655
14125	6655
14126	6655
14127	6655
14128	6655
14129	6654
14130	6654
14131	6656
14132	6656
14133	6658
14134	6658
14135	6658
14136	6660
14137	6660
14138	6660
14139	6659
14140	6659
14141	6659
14142	6659
14143	6659
14144	6659
14145	6661
14146	6663
14147	6663
14148	6665
14149	6665
14150	6665
14151	6665
14152	6665
14153	6664
14154	6664
14155	6664
14156	6664
14157	6666
14158	6666
14159	6667
14160	6669
14161	6669
14162	6671
14163	6671
14164	6671
14165	6672
14166	6671
14167	6671
14168	6671
14169	6670
14170	6670
14171	6670
14172	6670
14173	6672
14174	6672
14175	6671
14176	6671
14177	6671
14178	6670
14179	6670
14180	6669
14181	6669
14182	6669
14183	6669
14184	6669
14185	6668
14186	6668
14187	6670
14188	6670
14189	6669
14190	6669
14191	6669
14192	6671
14193	6671
14194	6671
14195	6670
14196	6670
14197	6670
14198	6670
14199	6672
14200	6672
14201	6674
14202	6673
14203	6672
14204	6674
14205	6674
14206	6675
14207	6675
14208	6675
14209	6675
14210	6675
14211	6675
14212	6674
14213	6674
14214	6676
14215	6676
14216	6676
14217	6677
14218	6677
14219	6679
14220	6679
14221	6680
14222	6680
14223	6681
14224	6681
14225	6681
14226	6680
14227	6680
14228	6679
14229	6679
14230	6679
14231	6681
14232	6681
14233	6683
14234	6683
14235	6684
14236	6684
14237	6683
14238	6683
14239	6683
14240	6683
14241	6683
14242	6683
14243	6685
14244	6685
14245	6686
14246	6685
14247	6686
14248	6685
14249	6684
14250	6684
14251	6686
14252	6687
14253	6686
14254	6686
14255	6686
14256	6688
14257	6688
14258	6688
14259	6687
14260	6687
14261	6687
14262	6686
14263	6688
14264	6687
14265	6687
14266	6687
14267	6687
14268	6687
14269	6686
14270	6686
14271	6686
14272	6686
14273	6686
14274	6685
14275	6685
14276	6685
14277	6687
14278	6687
14279	6687
14280	6687
14281	6686
14282	6686
14283	6686
14284	6686
14285	6687
14286	6686
14287	6686
14288	6686
14289	6686
14290	6685
14291	6685
14292	6687
14293	6687
14294	6689
14295	6689
14296	6691
14297	6691
14298	6692
14299	6692
14300	6694
14301	6694
14302	6693
14303	6693
14304	6693
14305	6693
14306	6693
14307	6695
14308	6695
14309	6694
14310	6693
14311	6693
14312	6692
14313	6692
14314	6692
14315	6691
14316	6691
14317	6693
14318	6693
14319	6694
14320	6694
14321	6696
14322	6696
14323	6696
14324	6695
14325	6694
14326	6694
14327	6694
14328	6694
14329	6694
14330	6696
14331	6696
14332	6698
14333	6699
14334	6698
14335	6698
14336	6700
14337	6700
14338	6701
14339	6701
14340	6701
14341	6700
14342	6700
14343	6700
14344	6700
14345	6699
14346	6700
14347	6700
14348	6700
14349	6699
14350	6699
14351	6699
14352	6698
14353	6697
14354	6699
14355	6698
14356	6698
14357	6698
14358	6698
14359	6698
14360	6698
14361	6698
14362	6698
14363	6698
14364	6697
14365	6697
14366	6697
14367	6699
14368	6698
14369	6698
14370	6698
14371	6698
14372	6700
14373	6700
14374	6700
14375	6700
14376	6700
14377	6700
14378	6700
14379	6700
14380	6702
14381	6702
14382	6702
14383	6702
14384	6702
14385	6704
14386	6705
14387	6705
14388	6707
14389	6707
14390	6707
14391	6706
14392	6706
14393	6706
14394	6705
14395	6705
14396	6704
14397	6704
14398	6704
14399	6706
14400	6706
14401	6708
14402	6708
14403	6710
14404	6710
14405	6709
14406	6708
14407	6708
14408	6708
14409	6708
14410	6708
14411	6708
14412	6708
14413	6709
14414	6709
14415	6709
14416	6709
14417	6708
14418	6708
14419	6708
14420	6710
14421	6712
14422	6712
14423	6712
14424	6713
14425	6713
14426	6712
14427	6712
14428	6712
14429	6712
14430	6711
14431	6711
14432	6711
14433	6713
14434	6713
14435	6714
14436	6714
14437	6716
14438	6716
14439	6716
14440	6715
14441	6714
14442	6714
14443	6714
14444	6714
14445	6713
14446	6715
14447	6715
14448	6715
14449	6714
14450	6714
14451	6713
14452	6712
14453	6714
14454	6714
14455	6714
14456	6713
14457	6712
14458	6712
14459	6713
14460	6712
14461	6712
14462	6712
14463	6712
14464	6712
14465	6712
14466	6712
14467	6712
14468	6712
14469	6711
14470	6711
14471	6713
14472	6713
14473	6712
14474	6712
14475	6711
14476	6713
14477	6712
14478	6712
14479	6712
14480	6711
14481	6711
14482	6713
14483	6712
14484	6713
14485	6713
14486	6714
14487	6714
14488	6714
14489	6714
14490	6714
14491	6714
14492	6715
14493	6715
14494	6715
14495	6714
14496	6714
14497	6714
14498	6714
14499	6713
14500	6713
14501	6713
14502	6714
14503	6714
14504	6714
14505	6716
14506	6716
14507	6717
14508	6717
14509	6719
14510	6718
14511	6718
14512	6720
14513	6720
14514	6720
14515	6720
14516	6719
14517	6719
14518	6719
14519	6719
14520	6720
14521	6720
14522	6720
14523	6720
14524	6720
14525	6719
14526	6719
14527	6719
14528	6719
14529	6718
14530	6717
14531	6717
14532	6717
14533	6718
14534	6720
14535	6719
14536	6719
14537	6721
14538	6721
14539	6722
14540	6721
14541	6720
14542	6719
14543	6718
14544	6718
14545	6718
14546	6718
14547	6718
14548	6720
14549	6720
14550	6720
14551	6720
14552	6720
14553	6719
14554	6721
14555	6721
14556	6721
14557	6723
14558	6723
14559	6723
14560	6723
14561	6723
14562	6722
14563	6722
14564	6722
14565	6722
14566	6721
14567	6721
14568	6721
14569	6721
14570	6721
14571	6723
14572	6723
14573	6722
14574	6721
14575	6721
14576	6721
14577	6721
14578	6720
14579	6722
14580	6722
14581	6724
14582	6724
14583	6725
14584	6725
14585	6726
14586	6728
14587	6728
14588	6729
14589	6729
14590	6731
14591	6731
14592	6733
14593	6733
14594	6733
14595	6732
14596	6732
14597	6731
14598	6731
14599	6731
14600	6731
14601	6731
14602	6730
14603	6730
14604	6730
14605	6731
14606	6731
14607	6731
14608	6731
14609	6731
14610	6731
14611	6731
14612	6731
14613	6733
14614	6733
14615	6734
14616	6734
14617	6735
14618	6736
14619	6736
14620	6737
14621	6738
14622	6739
14623	6739
14624	6740
14625	6740
14626	6741
14627	6741
14628	6742
14629	6742
14630	6743
14631	6744
14632	6745
14633	6745
14634	6746
14635	6747
14636	6748
14637	6749
14638	6750
14639	6751
14640	6752
14641	6753
14642	6754
14643	6755
14644	6756
14645	6756
14646	6757
14647	6758
14648	6759
14649	6759
14650	6760
14651	6760
14652	6761
14653	6762
14654	6762
14655	6762
14656	6763
14657	6763
14658	6764
14659	6765
14660	6766
14661	6767
14662	6768
14663	6769
14664	6770
14665	6771
14666	6772
14667	6773
14668	6774
14669	6775
14670	6776
14671	6776
14672	6777
14673	6778
14674	6779
14675	6780
14676	6781
14677	6781
14678	6781
14679	6782
14680	6783
14681	6784
14682	6784
14683	6785
14684	6786
14685	6787
14686	6788
14687	6788
14688	6789
14689	6790
14690	6791
14691	6792
14692	6793
14693	6793
14694	6794
14695	6795
14696	6794
14697	6794
14698	6795
14699	6796
14700	6797
14701	6798
14702	6799
14703	6800
14704	6801
14705	6802
14706	6802
14707	6802
14708	6803
14709	6804
14710	6804
14711	6804
14712	6805
14713	6806
14714	6807
14715	6807
14716	6808
14717	6809
14718	6810
14719	6811
14720	6812
14721	6813
14722	6814
14723	6815
14724	6815
14725	6816
14726	6816
14727	6817
14728	6818
14729	6818
14730	6819
14731	6820
14732	6820
14733	6821
14734	6821
14735	6822
14736	6823
14737	6824
14738	6825
14739	6826
14740	6827
14741	6827
14742	6828
14743	6829
14744	6829
14745	6830
14746	6831
14747	6832
14748	6833
14749	6834
14750	6835
14751	6836
14752	6837
14753	6838
14754	6839
14755	6840
14756	6841
14757	6842
14758	6842
14759	6842
14760	6842
14761	6842
14762	6843
14763	6843
14764	6844
14765	6845
14766	6846
14767	6847
14768	6848
14769	6848
14770	6849
14771	6850
14772	6851
14773	6851
14774	6851
14775	6852
14776	6853
14777	6854
14778	6855
14779	6856
14780	6856
14781	6857
14782	6857
14783	6858
14784	6859
14785	6859
14786	6860
14787	6861
14788	6862
14789	6862
14790	6863
14791	6864
14792	6865
14793	6866
14794	6867
14795	6868
14796	6868
14797	6869
14798	6870
14799	6871
14800	6872
14801	6873
14802	6874
14803	6874
14804	6874
14805	6875
14806	6876
14807	6877
14808	6878
14809	6879
14810	6880
14811	6881
14812	6882
14813	6883
14814	6884
14815	6884
14816	6885
14817	6885
14818	6886
14819	6887
14820	6888
14821	6888
14822	6889
14823	6890
14824	6891
14825	6892
14826	6893
14827	6893
14828	6894
14829	6895
14830	6896
14831	6897
14832	6898
14833	6899
14834	6899
14835	6900
14836	6900
14837	6900
14838	6901
14839	6902
14840	6903
14841	6904
14842	6904
14843	6905
14844	6906
14845	6906
14846	6907
14847	6908
14848	6908
14849	6909
14850	6910
14851	6911
14852	6912
14853	6912
14854	6913
14855	6914
14856	6914
14857	6915
14858	6916
14859	6917
14860	6918
14861	6919
14862	6919
14863	6920
14864	6921
14865	6921
14866	6922
14867	6923
14868	6924
14869	6925
14870	6926
14871	6927
14872	6927
14873	6927
14874	6928
14875	6929
14876	6929
14877	6929
14878	6930
14879	6931
14880	6932
14881	6933
14882	6934
14883	6934
14884	6935
14885	6934
14886	6935
14887	6936
14888	6937
14889	6938
14890	6938
14891	6939
14892	6940
14893	6940
14894	6941
14895	6942
14896	6943
14897	6942
14898	6943
14899	6944
14900	6944
14901	6944
14902	6945
14903	6946
14904	6947
14905	6947
14906	6948
14907	6949
14908	6949
14909	6950
14910	6951
14911	6952
14912	6953
14913	6954
14914	6954
14915	6955
14916	6956
14917	6957
14918	6958
14919	6959
14920	6959
14921	6960
14922	6961
14923	6962
14924	6962
14925	6962
14926	6963
14927	6964
14928	6964
14929	6965
14930	6965
14931	6966
14932	6967
14933	6968
14934	6969
14935	6970
14936	6971
14937	6972
14938	6973
14939	6973
14940	6973
14941	6973
14942	6974
14943	6974
14944	6974
14945	6974
14946	6975
14947	6975
14948	6975
14949	6976
14950	6977
14951	6978
14952	6979
14953	6980
14954	6981
14955	6981
14956	6981
14957	6982
14958	6983
14959	6984
14960	6984
14961	6984
14962	6984
14963	6985
14964	6986
14965	6987
14966	6988
14967	6989
14968	6989
14969	6990
14970	6991
14971	6992
14972	6993
14973	6994
14974	6995
14975	6995
14976	6996
14977	6997
14978	6998
14979	6998
14980	6999
14981	7000
14982	7001
14983	7002
14984	7003
14985	7004
14986	7005
14987	7006
14988	7006
14989	7007
14990	7008
14991	7008
14992	7009
14993	7010
14994	7010
14995	7011
14996	7011
14997	7012
14998	7013
14999	7014
15000	7015
15001	7015
15002	7016
15003	7017
15004	7018
15005	7019
15006	7020
15007	7021
15008	7022
15009	7023
15010	7023
15011	7024
15012	7025
15013	7026
15014	7027
15015	7027
15016	7028
15017	7029
15018	7030
15019	7030
15020	7031
15021	7032
15022	7033
15023	7034
15024	7035
15025	7036
15026	7037
15027	7037
15028	7038
15029	7039
15030	7040
15031	7040
15032	7040
15033	7040
15034	7041
15035	7042
15036	7043
15037	7044
15038	7045
15039	7046
15040	7047
15041	7048
15042	7049
15043	7050
15044	7051
15045	7052
15046	7053
15047	7054
15048	7054
15049	7055
15050	7055
15051	7056
15052	7057
15053	7058
15054	7059
15055	7060
15056	7060
15057	7061
15058	7062
15059	7063
15060	7064
15061	7064
15062	7065
15063	7066
15064	7067
15065	7068
15066	7068
15067	7069
15068	7070
15069	7071
15070	7072
15071	7073
15072	7074
15073	7074
15074	7074
15075	7075
15076	7075
15077	7076
15078	7077
15079	7078
15080	7078
15081	7079
15082	7080
15083	7081
15084	7082
15085	7083
15086	7083
15087	7084
15088	7084
15089	7085
15090	7086
15091	7086
15092	7086
15093	7087
15094	7087
15095	7088
15096	7089
15097	7090
15098	7091
15099	7092
15100	7093
15101	7092
15102	7093
15103	7094
15104	7094
15105	7095
15106	7095
15107	7096
15108	7097
15109	7098
15110	7098
15111	7099
15112	7100
15113	7101
15114	7102
15115	7102
15116	7102
15117	7103
15118	7104
15119	7105
15120	7106
15121	7107
15122	7108
15123	7109
15124	7110
15125	7110
15126	7111
15127	7112
15128	7113
15129	7114
15130	7115
15131	7116
15132	7115
15133	7115
15134	7116
15135	7117
15136	7117
15137	7118
15138	7118
15139	7118
15140	7119
15141	7120
15142	7121
15143	7122
15144	7123
15145	7124
15146	7125
15147	7126
15148	7127
15149	7128
15150	7129
15151	7129
15152	7130
15153	7131
15154	7132
15155	7133
15156	7134
15157	7135
15158	7136
15159	7137
15160	7137
15161	7138
15162	7139
15163	7139
15164	7140
15165	7141
15166	7141
15167	7142
15168	7143
15169	7144
15170	7144
15171	7145
15172	7146
15173	7146
15174	7146
15175	7147
15176	7148
15177	7149
15178	7150
15179	7151
15180	7152
15181	7153
15182	7152
15183	7153
15184	7154
15185	7155
15186	7156
15187	7157
15188	7158
15189	7159
15190	7160
15191	7160
15192	7161
15193	7162
15194	7162
15195	7163
15196	7164
15197	7165
15198	7165
15199	7166
15200	7167
15201	7167
15202	7168
15203	7169
15204	7169
15205	7170
15206	7170
15207	7171
15208	7172
15209	7173
15210	7173
15211	7173
15212	7174
15213	7175
15214	7176
15215	7176
15216	7177
15217	7178
15218	7179
15219	7180
15220	7181
15221	7181
15222	7182
15223	7183
15224	7184
15225	7185
15226	7186
15227	7187
15228	7188
15229	7188
15230	7189
15231	7190
15232	7191
15233	7191
15234	7192
15235	7193
15236	7194
15237	7194
15238	7194
15239	7194
15240	7195
15241	7196
15242	7197
15243	7196
15244	7197
15245	7198
15246	7198
15247	7199
15248	7200
15249	7200
15250	7201
15251	7201
15252	7202
15253	7203
15254	7204
15255	7204
15256	7205
15257	7206
15258	7207
15259	7207
15260	7208
15261	7209
15262	7210
15263	7210
15264	7211
15265	7212
15266	7213
15267	7214
15268	7215
15269	7215
15270	7215
15271	7216
15272	7217
15273	7218
15274	7219
15275	7220
15276	7221
15277	7222
15278	7223
15279	7224
15280	7225
15281	7225
15282	7226
15283	7227
15284	7227
15285	7228
15286	7229
15287	7230
15288	7231
15289	7231
15290	7232
15291	7233
15292	7233
15293	7234
15294	7234
15295	7235
15296	7236
15297	7237
15298	7238
15299	7239
15300	7240
15301	7240
15302	7241
15303	7242
15304	7243
15305	7244
15306	7245
15307	7245
15308	7246
15309	7247
15310	7248
15311	7249
15312	7250
15313	7250
15314	7251
15315	7251
15316	7252
15317	7251
15318	7251
15319	7251
15320	7252
15321	7253
15322	7254
15323	7255
15324	7255
15325	7255
15326	7254
15327	7255
15328	7255
15329	7256
15330	7256
15331	7257
15332	7258
15333	7259
15334	7260
15335	7259
15336	7259
15337	7260
15338	7261
15339	7261
15340	7262
15341	7262
15342	7263
15343	7263
15344	7264
15345	7264
15346	7265
15347	7266
15348	7267
15349	7268
15350	7269
15351	7270
15352	7271
15353	7272
15354	7272
15355	7273
15356	7274
15357	7274
15358	7275
15359	7276
15360	7277
15361	7277
15362	7278
15363	7279
15364	7279
15365	7280
15366	7281
15367	7282
15368	7283
15369	7283
15370	7283
15371	7284
15372	7285
15373	7286
15374	7286
15375	7287
15376	7287
15377	7288
15378	7289
15379	7290
15380	7290
15381	7291
15382	7292
15383	7291
15384	7291
15385	7292
15386	7293
15387	7294
15388	7295
15389	7296
15390	7297
15391	7298
15392	7299
15393	7300
15394	7301
15395	7302
15396	7303
15397	7303
15398	7303
15399	7304
15400	7305
15401	7306
15402	7307
15403	7308
15404	7309
15405	7310
15406	7311
15407	7312
15408	7313
15409	7314
15410	7315
15411	7316
15412	7316
15413	7316
15414	7317
15415	7318
15416	7319
15417	7320
15418	7321
15419	7322
15420	7323
15421	7324
15422	7325
15423	7326
15424	7326
15425	7327
15426	7328
15427	7328
15428	7329
15429	7330
15430	7331
15431	7332
15432	7332
15433	7331
15434	7332
15435	7332
15436	7333
15437	7334
15438	7333
15439	7333
15440	7333
15441	7334
15442	7335
15443	7336
15444	7336
15445	7337
15446	7338
15447	7338
15448	7339
15449	7340
15450	7340
15451	7341
15452	7341
15453	7342
15454	7343
15455	7344
15456	7345
15457	7345
15458	7346
15459	7347
15460	7348
15461	7349
15462	7350
15463	7351
15464	7352
15465	7353
15466	7354
15467	7355
15468	7356
15469	7357
15470	7358
15471	7359
15472	7360
15473	7361
15474	7360
15475	7361
15476	7362
15477	7362
15478	7363
15479	7364
15480	7365
15481	7365
15482	7366
15483	7366
15484	7367
15485	7368
15486	7369
15487	7369
15488	7370
15489	7370
15490	7371
15491	7371
15492	7372
15493	7373
15494	7374
15495	7375
15496	7376
15497	7376
15498	7377
15499	7378
15500	7379
15501	7379
15502	7380
15503	7381
15504	7381
15505	7382
15506	7383
15507	7384
15508	7385
15509	7386
15510	7387
15511	7388
15512	7389
15513	7389
15514	7390
15515	7391
15516	7392
15517	7393
15518	7394
15519	7395
15520	7395
15521	7396
15522	7397
15523	7398
15524	7399
15525	7400
15526	7401
15527	7402
15528	7402
15529	7402
15530	7403
15531	7404
15532	7405
15533	7406
15534	7407
15535	7408
15536	7409
15537	7410
15538	7411
15539	7412
15540	7413
15541	7413
15542	7414
15543	7415
15544	7416
15545	7417
15546	7417
15547	7417
15548	7418
15549	7419
15550	7420
15551	7420
15552	7421
15553	7421
15554	7422
15555	7423
15556	7423
15557	7424
15558	7425
15559	7426
15560	7427
15561	7428
15562	7429
15563	7430
15564	7430
15565	7431
15566	7432
15567	7433
15568	7433
15569	7433
15570	7434
15571	7434
15572	7434
15573	7435
15574	7436
15575	7437
15576	7437
15577	7438
15578	7439
15579	7440
15580	7440
15581	7441
15582	7441
15583	7442
15584	7442
15585	7443
15586	7444
15587	7444
15588	7443
15589	7444
15590	7445
15591	7446
15592	7447
15593	7448
15594	7449
15595	7450
15596	7451
15597	7452
15598	7453
15599	7453
15600	7454
15601	7455
15602	7456
15603	7457
15604	7458
15605	7457
15606	7458
15607	7459
15608	7459
15609	7460
15610	7460
15611	7461
15612	7462
15613	7463
15614	7464
15615	7465
15616	7466
15617	7466
15618	7467
15619	7467
15620	7468
15621	7469
15622	7470
15623	7471
15624	7471
15625	7472
15626	7473
15627	7473
15628	7474
15629	7475
15630	7476
15631	7476
15632	7477
15633	7478
15634	7478
15635	7479
15636	7480
15637	7481
15638	7481
15639	7482
15640	7482
15641	7483
15642	7484
15643	7485
15644	7485
15645	7486
15646	7487
15647	7488
15648	7489
15649	7490
15650	7491
15651	7490
15652	7491
15653	7492
15654	7493
15655	7494
15656	7495
15657	7496
15658	7497
15659	7498
15660	7498
15661	7498
15662	7499
15663	7500
15664	7500
15665	7501
15666	7502
15667	7502
15668	7503
15669	7504
15670	7505
15671	7506
15672	7507
15673	7508
15674	7509
15675	7510
15676	7511
15677	7511
15678	7512
15679	7513
15680	7514
15681	7514
15682	7515
15683	7516
15684	7516
15685	7516
15686	7517
15687	7518
15688	7519
15689	7519
15690	7520
15691	7521
15692	7521
15693	7522
15694	7523
15695	7524
15696	7525
15697	7526
15698	7527
15699	7528
15700	7529
15701	7530
15702	7531
15703	7532
15704	7533
15705	7533
15706	7534
15707	7535
15708	7536
15709	7536
15710	7536
15711	7536
15712	7537
15713	7538
15714	7539
15715	7539
15716	7540
15717	7540
15718	7541
15719	7542
15720	7543
15721	7544
15722	7545
15723	7546
15724	7547
15725	7548
15726	7549
15727	7550
15728	7551
15729	7552
15730	7552
15731	7553
15732	7554
15733	7555
15734	7556
15735	7556
15736	7557
15737	7558
15738	7558
15739	7558
15740	7559
15741	7559
15742	7560
15743	7561
15744	7562
15745	7563
15746	7564
15747	7565
15748	7566
15749	7567
15750	7568
15751	7569
15752	7570
15753	7571
15754	7572
15755	7572
15756	7573
15757	7574
15758	7575
15759	7576
15760	7576
15761	7577
15762	7577
15763	7578
15764	7578
15765	7579
15766	7580
15767	7580
15768	7581
15769	7582
15770	7583
15771	7583
15772	7584
15773	7585
15774	7585
15775	7586
15776	7587
15777	7588
15778	7589
15779	7589
15780	7590
15781	7591
15782	7592
15783	7593
15784	7593
15785	7594
15786	7594
15787	7594
15788	7594
15789	7595
15790	7596
15791	7597
15792	7598
15793	7599
15794	7600
15795	7601
15796	7602
15797	7603
15798	7604
15799	7604
15800	7605
15801	7605
15802	7606
15803	7606
15804	7607
15805	7608
15806	7609
15807	7610
15808	7611
15809	7611
15810	7612
15811	7613
15812	7613
15813	7614
15814	7614
15815	7615
15816	7616
15817	7617
15818	7618
15819	7619
15820	7619
15821	7620
15822	7621
15823	7622
15824	7621
15825	7622
15826	7623
15827	7623
15828	7623
15829	7624
15830	7624
15831	7625
15832	7625
15833	7626
15834	7627
15835	7628
15836	7629
15837	7630
15838	7631
15839	7632
15840	7633
15841	7634
15842	7635
15843	7636
15844	7637
15845	7637
15846	7638
15847	7638
15848	7639
15849	7640
15850	7641
15851	7642
15852	7643
15853	7644
15854	7643
15855	7644
15856	7644
15857	7645
15858	7645
15859	7646
15860	7647
15861	7648
15862	7649
15863	7650
15864	7650
15865	7651
15866	7651
15867	7652
15868	7652
15869	7652
15870	7653
15871	7654
15872	7655
15873	7656
15874	7656
15875	7657
15876	7657
15877	7658
15878	7659
15879	7659
15880	7660
15881	7661
15882	7662
15883	7663
15884	7664
15885	7665
15886	7665
15887	7666
15888	7667
15889	7668
15890	7668
15891	7668
15892	7669
15893	7670
15894	7670
15895	7671
15896	7672
15897	7673
15898	7674
15899	7675
15900	7676
15901	7676
15902	7677
15903	7678
15904	7679
15905	7680
15906	7681
15907	7682
15908	7683
15909	7684
15910	7684
15911	7685
15912	7686
15913	7687
15914	7688
15915	7688
15916	7688
15917	7689
15918	7690
15919	7690
15920	7691
15921	7691
15922	7692
15923	7693
15924	7693
15925	7693
15926	7694
15927	7695
15928	7696
15929	7697
15930	7698
15931	7699
15932	7700
15933	7700
15934	7700
15935	7701
15936	7702
15937	7703
15938	7703
15939	7703
15940	7704
15941	7705
15942	7705
15943	7706
15944	7706
15945	7706
15946	7707
15947	7708
15948	7709
15949	7710
15950	7711
15951	7712
15952	7713
15953	7714
15954	7715
15955	7716
15956	7717
15957	7717
15958	7718
15959	7718
15960	7719
15961	7720
15962	7721
15963	7721
15964	7721
15965	7722
15966	7722
15967	7723
15968	7724
15969	7725
15970	7726
15971	7727
15972	7727
15973	7728
15974	7729
15975	7730
15976	7731
15977	7732
15978	7732
15979	7733
15980	7734
15981	7735
15982	7736
15983	7737
15984	7738
15985	7739
15986	7740
15987	7741
15988	7742
15989	7743
15990	7743
15991	7744
15992	7745
15993	7746
15994	7747
15995	7748
15996	7749
15997	7749
15998	7750
15999	7751
16000	7752
16001	7753
16002	7754
16003	7755
16004	7756
16005	7756
16006	7756
16007	7756
16008	7757
16009	7758
16010	7758
16011	7759
16012	7760
16013	7761
16014	7762
16015	7763
16016	7764
16017	7765
16018	7766
16019	7767
16020	7768
16021	7769
16022	7770
16023	7771
16024	7772
16025	7773
16026	7773
16027	7773
16028	7774
16029	7775
16030	7776
16031	7777
16032	7778
16033	7779
16034	7780
16035	7781
16036	7781
16037	7781
16038	7781
16039	7782
16040	7783
16041	7784
16042	7785
16043	7786
16044	7786
16045	7787
16046	7788
16047	7789
16048	7790
16049	7791
16050	7792
16051	7792
16052	7792
16053	7792
16054	7793
16055	7793
16056	7793
16057	7793
16058	7793
16059	7794
16060	7794
16061	7795
16062	7796
16063	7796
16064	7796
16065	7797
16066	7797
16067	7798
16068	7799
16069	7800
16070	7799
16071	7800
16072	7801
16073	7802
16074	7803
16075	7803
16076	7804
16077	7804
16078	7805
16079	7806
16080	7806
16081	7807
16082	7808
16083	7809
16084	7810
16085	7810
16086	7811
16087	7812
16088	7812
16089	7813
16090	7814
16091	7815
16092	7816
16093	7817
16094	7817
16095	7818
16096	7818
16097	7819
16098	7820
16099	7821
16100	7822
16101	7823
16102	7824
16103	7825
16104	7825
16105	7826
16106	7827
16107	7828
16108	7829
16109	7830
16110	7831
16111	7832
16112	7833
16113	7834
16114	7835
16115	7835
16116	7836
16117	7837
16118	7838
16119	7838
16120	7839
16121	7840
16122	7841
16123	7841
16124	7841
16125	7842
16126	7843
16127	7844
16128	7845
16129	7846
16130	7847
16131	7848
16132	7849
16133	7850
16134	7850
16135	7851
16136	7852
16137	7852
16138	7853
16139	7853
16140	7854
16141	7854
16142	7855
16143	7856
16144	7857
16145	7857
16146	7858
16147	7858
16148	7859
16149	7860
16150	7861
16151	7862
16152	7863
16153	7863
16154	7864
16155	7865
16156	7866
16157	7867
16158	7868
16159	7869
16160	7870
16161	7871
16162	7872
16163	7872
16164	7873
16165	7874
16166	7875
16167	7876
16168	7877
16169	7877
16170	7877
16171	7877
16172	7878
16173	7879
16174	7879
16175	7880
16176	7881
16177	7881
16178	7882
16179	7882
16180	7881
16181	7882
16182	7881
16183	7881
16184	7882
16185	7883
16186	7884
16187	7885
16188	7884
16189	7884
16190	7884
16191	7885
16192	7885
16193	7886
16194	7887
16195	7888
16196	7889
16197	7890
16198	7891
16199	7892
16200	7893
16201	7894
16202	7895
16203	7896
16204	7896
16205	7897
16206	7898
16207	7899
16208	7899
16209	7900
16210	7901
16211	7902
16212	7903
16213	7903
16214	7904
16215	7905
16216	7906
16217	7907
16218	7907
16219	7908
16220	7909
16221	7910
16222	7910
16223	7911
16224	7911
16225	7911
16226	7911
16227	7912
16228	7913
16229	7914
16230	7915
16231	7915
16232	7915
16233	7916
16234	7916
16235	7917
16236	7918
16237	7919
16238	7920
16239	7921
16240	7922
16241	7923
16242	7924
16243	7925
16244	7926
16245	7927
16246	7928
16247	7928
16248	7929
16249	7930
16250	7931
16251	7932
16252	7933
16253	7933
16254	7934
16255	7935
16256	7934
16257	7935
16258	7936
16259	7937
16260	7937
16261	7938
16262	7939
16263	7940
16264	7940
16265	7941
16266	7942
16267	7943
16268	7943
16269	7944
16270	7944
16271	7945
16272	7946
16273	7946
16274	7947
16275	7947
16276	7948
16277	7949
16278	7949
16279	7948
16280	7948
16281	7949
16282	7949
16283	7948
16284	7949
16285	7950
16286	7951
16287	7950
16288	7949
16289	7950
16290	7950
16291	7951
16292	7952
16293	7952
16294	7953
16295	7954
16296	7955
16297	7956
16298	7957
16299	7958
16300	7959
16301	7959
16302	7960
16303	7961
16304	7961
16305	7961
16306	7962
16307	7963
16308	7964
16309	7964
16310	7965
16311	7966
16312	7966
16313	7967
16314	7968
16315	7969
16316	7969
16317	7970
16318	7970
16319	7969
16320	7970
16321	7971
16322	7972
16323	7972
16324	7973
16325	7974
16326	7974
16327	7975
16328	7976
16329	7976
16330	7977
16331	7978
16332	7979
16333	7980
16334	7981
16335	7982
16336	7982
16337	7983
16338	7983
16339	7984
16340	7985
16341	7986
16342	7987
16343	7988
16344	7989
16345	7990
16346	7991
16347	7991
16348	7992
16349	7993
16350	7994
16351	7995
16352	7995
16353	7996
16354	7997
16355	7998
16356	7998
16357	7999
16358	8000
16359	8000
16360	8001
16361	8001
16362	8002
16363	8003
16364	8003
16365	8003
16366	8004
16367	8005
16368	8006
16369	8007
16370	8008
16371	8009
16372	8010
16373	8011
16374	8012
16375	8013
16376	8014
16377	8015
16378	8015
16379	8016
16380	8017
16381	8018
16382	8018
16383	8019
16384	8020
16385	8021
16386	8022
16387	8023
16388	8024
16389	8025
16390	8026
16391	8027
16392	8028
16393	8028
16394	8029
16395	8030
16396	8031
16397	8032
16398	8032
16399	8033
16400	8034
16401	8034
16402	8034
16403	8034
16404	8035
16405	8036
16406	8036
16407	8037
16408	8038
16409	8039
16410	8040
16411	8041
16412	8042
16413	8042
16414	8043
16415	8044
16416	8045
16417	8045
16418	8046
16419	8047
16420	8048
16421	8049
16422	8048
16423	8048
16424	8048
16425	8048
16426	8048
16427	8049
16428	8050
16429	8051
16430	8050
16431	8051
16432	8052
16433	8053
16434	8054
16435	8055
16436	8055
16437	8055
16438	8056
16439	8057
16440	8058
16441	8058
16442	8059
16443	8060
16444	8061
16445	8062
16446	8062
16447	8063
16448	8064
16449	8064
16450	8064
16451	8065
16452	8066
16453	8067
16454	8068
16455	8069
16456	8070
16457	8070
16458	8071
16459	8072
16460	8073
16461	8074
16462	8075
16463	8076
16464	8077
16465	8078
16466	8079
16467	8080
16468	8080
16469	8080
16470	8081
16471	8082
16472	8083
16473	8084
16474	8084
16475	8085
16476	8086
16477	8087
16478	8088
16479	8088
16480	8089
16481	8090
16482	8091
16483	8092
16484	8093
16485	8093
16486	8093
16487	8094
16488	8095
16489	8096
16490	8097
16491	8098
16492	8099
16493	8100
16494	8101
16495	8102
16496	8103
16497	8104
16498	8105
16499	8106
16500	8107
16501	8107
16502	8108
16503	8109
16504	8109
16505	8108
16506	8109
16507	8110
16508	8111
16509	8112
16510	8112
16511	8113
16512	8114
16513	8115
16514	8116
16515	8116
16516	8116
16517	8117
16518	8118
16519	8119
16520	8120
16521	8121
16522	8121
16523	8122
16524	8123
16525	8124
16526	8124
16527	8125
16528	8126
16529	8127
16530	8127
16531	8127
16532	8128
16533	8129
16534	8129
16535	8130
16536	8131
16537	8131
16538	8131
16539	8132
16540	8133
16541	8134
16542	8134
16543	8135
16544	8136
16545	8136
16546	8135
16547	8136
16548	8137
16549	8138
16550	8139
16551	8140
16552	8141
16553	8141
16554	8142
16555	8143
16556	8144
16557	8145
16558	8146
16559	8147
16560	8148
16561	8149
16562	8150
16563	8151
16564	8150
16565	8151
16566	8152
16567	8152
16568	8152
16569	8153
16570	8154
16571	8155
16572	8156
16573	8157
16574	8158
16575	8159
16576	8159
16577	8160
16578	8159
16579	8160
16580	8161
16581	8162
16582	8162
16583	8163
16584	8163
16585	8164
16586	8165
16587	8165
16588	8165
16589	8166
16590	8167
16591	8167
16592	8168
16593	8168
16594	8169
16595	8169
16596	8170
16597	8171
16598	8172
16599	8173
16600	8174
16601	8175
16602	8176
16603	8177
16604	8177
16605	8177
16606	8178
16607	8179
16608	8179
16609	8180
16610	8180
16611	8181
16612	8182
16613	8182
16614	8183
16615	8184
16616	8185
16617	8186
16618	8187
16619	8188
16620	8189
16621	8190
16622	8190
16623	8191
16624	8191
16625	8192
16626	8193
16627	8194
16628	8195
16629	8196
16630	8197
16631	8197
16632	8198
16633	8199
16634	8200
16635	8201
16636	8202
16637	8203
16638	8204
16639	8204
16640	8205
16641	8206
16642	8206
16643	8206
16644	8207
16645	8208
16646	8209
16647	8210
16648	8211
16649	8211
16650	8212
16651	8212
16652	8213
16653	8214
16654	8214
16655	8215
16656	8216
16657	8217
16658	8217
16659	8217
16660	8218
16661	8219
16662	8220
16663	8220
16664	8221
16665	8222
16666	8223
16667	8224
16668	8225
16669	8226
16670	8227
16671	8227
16672	8228
16673	8228
16674	8229
16675	8229
16676	8230
16677	8231
16678	8232
16679	8232
16680	8232
16681	8233
16682	8234
16683	8235
16684	8236
16685	8237
16686	8238
16687	8239
16688	8240
16689	8240
16690	8241
16691	8241
16692	8242
16693	8243
16694	8244
16695	8245
16696	8246
16697	8246
16698	8246
16699	8247
16700	8247
16701	8248
16702	8249
16703	8250
16704	8250
16705	8250
16706	8251
16707	8251
16708	8252
16709	8252
16710	8253
16711	8253
16712	8254
16713	8255
16714	8256
16715	8256
16716	8257
16717	8258
16718	8259
16719	8260
16720	8261
16721	8262
16722	8262
16723	8263
16724	8263
16725	8264
16726	8265
16727	8266
16728	8267
16729	8268
16730	8269
16731	8270
16732	8271
16733	8272
16734	8271
16735	8271
16736	8271
16737	8271
16738	8272
16739	8273
16740	8274
16741	8275
16742	8276
16743	8277
16744	8278
16745	8279
16746	8280
16747	8281
16748	8281
16749	8281
16750	8282
16751	8283
16752	8283
16753	8284
16754	8285
16755	8286
16756	8287
16757	8287
16758	8288
16759	8288
16760	8289
16761	8290
16762	8291
16763	8292
16764	8293
16765	8293
16766	8293
16767	8294
16768	8295
16769	8296
16770	8297
16771	8298
16772	8298
16773	8298
16774	8298
16775	8299
16776	8300
16777	8300
16778	8301
16779	8301
16780	8302
16781	8302
16782	8303
16783	8304
16784	8305
16785	8305
16786	8305
16787	8306
16788	8306
16789	8306
16790	8305
16791	8306
16792	8307
16793	8308
16794	8308
16795	8309
16796	8310
16797	8311
16798	8310
16799	8311
16800	8312
16801	8313
16802	8314
16803	8315
16804	8316
16805	8316
16806	8316
16807	8316
16808	8317
16809	8318
16810	8319
16811	8320
16812	8321
16813	8321
16814	8322
16815	8323
16816	8323
16817	8324
16818	8325
16819	8326
16820	8326
16821	8327
16822	8328
16823	8329
16824	8329
16825	8329
16826	8330
16827	8331
16828	8332
16829	8333
16830	8334
16831	8335
16832	8335
16833	8336
16834	8337
16835	8337
16836	8338
16837	8338
16838	8339
16839	8339
16840	8340
16841	8341
16842	8342
16843	8342
16844	8343
16845	8343
16846	8344
16847	8345
16848	8345
16849	8345
16850	8346
16851	8347
16852	8347
16853	8348
16854	8349
16855	8350
16856	8350
16857	8351
16858	8351
16859	8352
16860	8353
16861	8354
16862	8354
16863	8354
16864	8355
16865	8355
16866	8355
16867	8356
16868	8357
16869	8358
16870	8359
16871	8359
16872	8359
16873	8360
16874	8361
16875	8360
16876	8361
16877	8361
16878	8362
16879	8362
16880	8362
16881	8363
16882	8364
16883	8365
16884	8365
16885	8365
16886	8365
16887	8365
16888	8366
16889	8366
16890	8366
16891	8367
16892	8368
16893	8369
16894	8370
16895	8371
16896	8371
16897	8371
16898	8372
16899	8372
16900	8373
16901	8373
16902	8372
16903	8373
16904	8374
16905	8375
16906	8376
16907	8377
16908	8377
16909	8378
16910	8379
16911	8380
16912	8381
16913	8381
16914	8381
16915	8381
16916	8381
16917	8382
16918	8383
16919	8384
16920	8385
16921	8386
16922	8387
16923	8388
16924	8388
16925	8389
16926	8389
16927	8390
16928	8391
16929	8391
16930	8391
16931	8392
16932	8392
16933	8393
16934	8394
16935	8395
16936	8396
16937	8397
16938	8398
16939	8399
16940	8399
16941	8400
16942	8401
16943	8401
16944	8402
16945	8403
16946	8404
16947	8405
16948	8406
16949	8407
16950	8408
16951	8409
16952	8409
16953	8409
16954	8410
16955	8411
16956	8411
16957	8411
16958	8412
16959	8413
16960	8414
16961	8414
16962	8415
16963	8416
16964	8417
16965	8417
16966	8417
16967	8418
16968	8419
16969	8420
16970	8421
16971	8421
16972	8421
16973	8422
16974	8423
16975	8423
16976	8424
16977	8425
16978	8425
16979	8426
16980	8426
16981	8426
16982	8427
16983	8428
16984	8429
16985	8430
16986	8431
16987	8431
16988	8432
16989	8433
16990	8433
16991	8434
16992	8435
16993	8436
16994	8437
16995	8436
16996	8435
16997	8436
16998	8436
16999	8437
17000	8437
17001	8438
17002	8438
17003	8439
17004	8439
17005	8440
17006	8441
17007	8440
17008	8441
17009	8442
17010	8443
17011	8443
17012	8444
17013	8445
17014	8445
17015	8446
17016	8447
17017	8447
17018	8448
17019	8449
17020	8450
17021	8451
17022	8451
17023	8451
17024	8452
17025	8451
17026	8452
17027	8453
17028	8452
17029	8453
17030	8454
17031	8454
17032	8454
17033	8455
17034	8456
17035	8457
17036	8457
17037	8458
17038	8459
17039	8460
17040	8460
17041	8461
17042	8461
17043	8461
17044	8462
17045	8463
17046	8464
17047	8465
17048	8465
17049	8466
17050	8466
17051	8467
17052	8468
17053	8469
17054	8470
17055	8469
17056	8470
17057	8471
17058	8471
17059	8472
17060	8473
17061	8473
17062	8474
17063	8474
17064	8474
17065	8475
17066	8476
17067	8476
17068	8477
17069	8478
17070	8479
17071	8479
17072	8480
17073	8480
17074	8481
17075	8482
17076	8483
17077	8483
17078	8484
17079	8485
17080	8486
17081	8487
17082	8488
17083	8489
17084	8489
17085	8490
17086	8491
17087	8492
17088	8493
17089	8494
17090	8495
17091	8496
17092	8496
17093	8496
17094	8497
17095	8497
17096	8497
17097	8497
17098	8498
17099	8499
17100	8499
17101	8500
17102	8500
17103	8501
17104	8502
17105	8503
17106	8503
17107	8502
17108	8503
17109	8504
17110	8504
17111	8504
17112	8505
17113	8506
17114	8507
17115	8508
17116	8509
17117	8510
17118	8511
17119	8512
17120	8512
17121	8513
17122	8513
17123	8514
17124	8515
17125	8515
17126	8515
17127	8516
17128	8517
17129	8518
17130	8519
17131	8519
17132	8520
17133	8520
17134	8521
17135	8522
17136	8523
17137	8524
17138	8525
17139	8525
17140	8526
17141	8527
17142	8528
17143	8529
17144	8530
17145	8530
17146	8531
17147	8532
17148	8533
17149	8534
17150	8535
17151	8536
17152	8536
17153	8537
17154	8538
17155	8539
17156	8540
17157	8541
17158	8542
17159	8543
17160	8544
17161	8544
17162	8544
17163	8544
17164	8545
17165	8545
17166	8545
17167	8545
17168	8546
17169	8547
17170	8547
17171	8548
17172	8548
17173	8549
17174	8550
17175	8550
17176	8551
17177	8551
17178	8551
17179	8550
17180	8551
17181	8552
17182	8552
17183	8553
17184	8554
17185	8555
17186	8556
17187	8557
17188	8558
17189	8559
17190	8560
17191	8560
17192	8561
17193	8562
17194	8562
17195	8563
17196	8564
17197	8565
17198	8565
17199	8566
17200	8567
17201	8568
17202	8569
17203	8570
17204	8571
17205	8572
17206	8572
17207	8573
17208	8573
17209	8574
17210	8575
17211	8576
17212	8577
17213	8578
17214	8578
17215	8579
17216	8580
17217	8581
17218	8581
17219	8582
17220	8582
17221	8582
17222	8582
17223	8583
17224	8584
17225	8584
17226	8585
17227	8586
17228	8586
17229	8587
17230	8588
17231	8589
17232	8590
17233	8591
17234	8592
17235	8593
17236	8594
17237	8595
17238	8596
17239	8597
17240	8597
17241	8598
17242	8597
17243	8597
17244	8598
17245	8598
17246	8599
17247	8600
17248	8600
17249	8601
17250	8602
17251	8603
17252	8602
17253	8603
17254	8604
17255	8605
17256	8606
17257	8607
17258	8608
17259	8608
17260	8608
17261	8609
17262	8610
17263	8611
17264	8612
17265	8613
17266	8614
17267	8615
17268	8616
17269	8617
17270	8618
17271	8619
17272	8620
17273	8620
17274	8621
17275	8622
17276	8623
17277	8623
17278	8624
17279	8625
17280	8626
17281	8626
17282	8627
17283	8627
17284	8628
17285	8629
17286	8630
17287	8630
17288	8631
17289	8632
17290	8633
17291	8634
17292	8635
17293	8636
17294	8637
17295	8638
17296	8639
17297	8640
17298	8641
17299	8641
17300	8641
17301	8642
17302	8642
17303	8643
17304	8643
17305	8644
17306	8645
17307	8646
17308	8647
17309	8647
17310	8648
17311	8648
17312	8648
17313	8649
17314	8650
17315	8650
17316	8651
17317	8652
17318	8652
17319	8653
17320	8653
17321	8654
17322	8655
17323	8656
17324	8657
17325	8657
17326	8658
17327	8659
17328	8660
17329	8661
17330	8662
17331	8663
17332	8664
17333	8664
17334	8665
17335	8666
17336	8667
17337	8667
17338	8668
17339	8669
17340	8670
17341	8671
17342	8671
17343	8672
17344	8672
17345	8673
17346	8674
17347	8673
17348	8674
17349	8674
17350	8675
17351	8676
17352	8677
17353	8678
17354	8679
17355	8680
17356	8681
17357	8682
17358	8683
17359	8684
17360	8685
17361	8684
17362	8685
17363	8686
17364	8687
17365	8688
17366	8689
17367	8690
17368	8689
17369	8689
17370	8689
17371	8690
17372	8691
17373	8692
17374	8693
17375	8694
17376	8695
17377	8696
17378	8697
17379	8698
17380	8699
17381	8699
17382	8700
17383	8700
17384	8701
17385	8701
17386	8701
17387	8701
17388	8700
17389	8701
17390	8701
17391	8701
17392	8701
17393	8702
17394	8703
17395	8704
17396	8703
17397	8702
17398	8702
17399	8703
17400	8704
17401	8705
17402	8705
17403	8705
17404	8706
17405	8707
17406	8707
17407	8708
17408	8709
17409	8709
17410	8710
17411	8711
17412	8711
17413	8712
17414	8713
17415	8714
17416	8715
17417	8716
17418	8717
17419	8718
17420	8718
17421	8719
17422	8720
17423	8721
17424	8722
17425	8723
17426	8724
17427	8725
17428	8724
17429	8725
17430	8726
17431	8727
17432	8727
17433	8727
17434	8728
17435	8728
17436	8729
17437	8730
17438	8730
17439	8731
17440	8731
17441	8732
17442	8732
17443	8733
17444	8733
17445	8732
17446	8733
17447	8733
17448	8734
17449	8735
17450	8736
17451	8735
17452	8736
17453	8736
17454	8737
17455	8738
17456	8739
17457	8740
17458	8741
17459	8742
17460	8743
17461	8744
17462	8745
17463	8745
17464	8746
17465	8746
17466	8746
17467	8747
17468	8748
17469	8749
17470	8749
17471	8750
17472	8751
17473	8752
17474	8752
17475	8753
17476	8754
17477	8755
17478	8756
17479	8757
17480	8757
17481	8758
17482	8759
17483	8760
17484	8760
17485	8761
17486	8762
17487	8763
17488	8764
17489	8764
17490	8765
17491	8766
17492	8767
17493	8768
17494	8768
17495	8769
17496	8769
17497	8770
17498	8770
17499	8771
17500	8771
17501	8772
17502	8773
17503	8774
17504	8775
17505	8776
17506	8776
17507	8777
17508	8778
17509	8779
17510	8780
17511	8781
17512	8782
17513	8783
17514	8784
17515	8785
17516	8785
17517	8786
17518	8787
17519	8787
17520	8788
17521	8788
17522	8789
17523	8790
17524	8790
17525	8791
17526	8792
17527	8792
17528	8793
17529	8794
17530	8795
17531	8796
17532	8797
17533	8797
17534	8798
17535	8799
17536	8800
17537	8800
17538	8801
17539	8802
17540	8802
17541	8802
17542	8803
17543	8804
17544	8804
17545	8804
17546	8805
17547	8806
17548	8807
17549	8808
17550	8809
17551	8810
17552	8811
17553	8811
17554	8811
17555	8811
17556	8812
17557	8813
17558	8814
17559	8815
17560	8815
17561	8816
17562	8817
17563	8817
17564	8818
17565	8819
17566	8820
17567	8821
17568	8822
17569	8823
17570	8824
17571	8825
17572	8825
17573	8826
17574	8826
17575	8827
17576	8828
17577	8829
17578	8830
17579	8831
17580	8831
17581	8832
17582	8833
17583	8834
17584	8834
17585	8835
17586	8836
17587	8837
17588	8838
17589	8839
17590	8839
17591	8840
17592	8840
17593	8840
17594	8840
17595	8841
17596	8842
17597	8843
17598	8844
17599	8845
17600	8845
17601	8845
17602	8846
17603	8847
17604	8847
17605	8847
17606	8848
17607	8849
17608	8850
17609	8850
17610	8851
17611	8852
17612	8852
17613	8852
17614	8853
17615	8854
17616	8854
17617	8854
17618	8855
17619	8855
17620	8855
17621	8856
17622	8857
17623	8858
17624	8859
17625	8860
17626	8861
17627	8860
17628	8861
17629	8862
17630	8863
17631	8863
17632	8864
17633	8865
17634	8866
17635	8867
17636	8868
17637	8868
17638	8869
17639	8870
17640	8871
17641	8872
17642	8873
17643	8873
17644	8873
17645	8873
17646	8874
17647	8874
17648	8875
17649	8876
17650	8877
17651	8878
17652	8879
17653	8880
17654	8881
17655	8881
17656	8881
17657	8882
17658	8883
17659	8884
17660	8885
17661	8886
17662	8886
17663	8887
17664	8887
17665	8888
17666	8888
17667	8889
17668	8889
17669	8890
17670	8891
17671	8891
17672	8892
17673	8893
17674	8894
17675	8895
17676	8896
17677	8896
17678	8897
17679	8897
17680	8898
17681	8899
17682	8900
17683	8901
17684	8902
17685	8902
17686	8903
17687	8904
17688	8905
17689	8905
17690	8906
17691	8906
17692	8906
17693	8906
17694	8907
17695	8907
17696	8908
17697	8909
17698	8910
17699	8911
17700	8912
17701	8913
17702	8914
17703	8914
17704	8915
17705	8916
17706	8917
17707	8918
17708	8919
17709	8920
17710	8921
17711	8921
17712	8922
17713	8923
17714	8924
17715	8923
17716	8924
17717	8924
17718	8925
17719	8926
17720	8927
17721	8927
17722	8928
17723	8929
17724	8930
17725	8931
17726	8932
17727	8933
17728	8933
17729	8933
17730	8934
17731	8935
17732	8936
17733	8937
17734	8937
17735	8938
17736	8939
17737	8939
17738	8940
17739	8941
17740	8941
17741	8942
17742	8943
17743	8943
17744	8944
17745	8945
17746	8945
17747	8946
17748	8947
17749	8948
17750	8948
17751	8948
17752	8949
17753	8949
17754	8949
17755	8949
17756	8950
17757	8951
17758	8952
17759	8952
17760	8953
17761	8953
17762	8954
17763	8954
17764	8955
17765	8955
17766	8956
17767	8956
17768	8956
17769	8957
17770	8958
17771	8958
17772	8959
17773	8959
17774	8960
17775	8961
17776	8961
17777	8962
17778	8963
17779	8964
17780	8965
17781	8966
17782	8967
17783	8967
17784	8968
17785	8968
17786	8968
17787	8968
17788	8969
17789	8970
17790	8971
17791	8972
17792	8973
17793	8974
17794	8975
17795	8975
17796	8976
17797	8977
17798	8978
17799	8978
17800	8979
17801	8980
17802	8981
17803	8981
17804	8981
17805	8981
17806	8981
17807	8982
17808	8983
17809	8984
17810	8985
17811	8986
17812	8987
17813	8988
17814	8988
17815	8989
17816	8989
17817	8990
17818	8991
17819	8992
17820	8993
17821	8994
17822	8995
17823	8996
17824	8996
17825	8996
17826	8997
17827	8997
17828	8997
17829	8998
17830	8999
17831	9000
17832	9001
17833	9001
17834	9002
17835	9003
17836	9004
17837	9004
17838	9004
17839	9005
17840	9006
17841	9007
17842	9008
17843	9008
17844	9009
17845	9009
17846	9010
17847	9011
17848	9012
17849	9012
17850	9013
17851	9013
17852	9014
17853	9015
17854	9016
17855	9017
17856	9018
17857	9018
17858	9018
17859	9019
17860	9019
17861	9020
17862	9021
17863	9022
17864	9022
17865	9023
17866	9024
17867	9023
17868	9023
17869	9024
17870	9025
17871	9025
17872	9026
17873	9026
17874	9027
17875	9028
17876	9029
17877	9030
17878	9031
17879	9031
17880	9030
17881	9030
17882	9030
17883	9031
17884	9032
17885	9033
17886	9034
17887	9035
17888	9036
17889	9037
17890	9038
17891	9038
17892	9039
17893	9039
17894	9040
17895	9041
17896	9041
17897	9041
17898	9042
17899	9043
17900	9044
17901	9044
17902	9044
17903	9045
17904	9045
17905	9046
17906	9047
17907	9046
17908	9047
17909	9048
17910	9048
17911	9048
17912	9049
17913	9050
17914	9050
17915	9051
17916	9052
17917	9053
17918	9052
17919	9053
17920	9054
17921	9055
17922	9054
17923	9055
17924	9055
17925	9056
17926	9057
17927	9056
17928	9057
17929	9058
17930	9058
17931	9059
17932	9060
17933	9060
17934	9061
17935	9062
17936	9062
17937	9063
17938	9063
17939	9063
17940	9064
17941	9065
17942	9064
17943	9065
17944	9066
17945	9067
17946	9068
17947	9068
17948	9068
17949	9068
17950	9069
17951	9070
17952	9071
17953	9072
17954	9072
17955	9073
17956	9073
17957	9072
17958	9073
17959	9074
17960	9074
17961	9075
17962	9076
17963	9076
17964	9077
17965	9078
17966	9079
17967	9080
17968	9081
17969	9082
17970	9082
17971	9083
17972	9083
17973	9084
17974	9085
17975	9084
17976	9085
17977	9086
17978	9086
17979	9086
17980	9086
17981	9087
17982	9088
17983	9088
17984	9089
17985	9090
17986	9090
17987	9091
17988	9092
17989	9092
17990	9093
17991	9094
17992	9095
17993	9096
17994	9096
17995	9097
17996	9098
17997	9099
17998	9100
17999	9101
18000	9102
18001	9102
18002	9102
18003	9103
18004	9104
18005	9105
18006	9106
18007	9107
18008	9108
18009	9109
18010	9110
18011	9110
18012	9111
18013	9112
18014	9113
18015	9114
18016	9115
18017	9115
18018	9115
18019	9115
18020	9116
18021	9117
18022	9117
18023	9117
18024	9118
18025	9119
18026	9119
18027	9119
18028	9120
18029	9120
18030	9120
18031	9120
18032	9120
18033	9120
18034	9121
18035	9122
18036	9122
18037	9123
18038	9124
18039	9124
18040	9125
18041	9125
18042	9125
18043	9126
18044	9127
18045	9127
18046	9128
18047	9129
18048	9130
18049	9129
18050	9130
18051	9131
18052	9132
18053	9132
18054	9133
18055	9134
18056	9135
18057	9135
18058	9136
18059	9137
18060	9138
18061	9139
18062	9139
18063	9140
18064	9140
18065	9141
18066	9142
18067	9143
18068	9143
18069	9144
18070	9145
18071	9146
18072	9147
18073	9148
18074	9149
18075	9149
18076	9149
18077	9149
18078	9149
18079	9150
18080	9151
18081	9151
18082	9152
18083	9153
18084	9154
18085	9155
18086	9156
18087	9157
18088	9158
18089	9158
18090	9158
18091	9159
18092	9160
18093	9161
18094	9162
18095	9163
18096	9164
18097	9165
18098	9166
18099	9167
18100	9168
18101	9169
18102	9169
18103	9169
18104	9170
18105	9171
18106	9171
18107	9172
18108	9172
18109	9173
18110	9174
18111	9175
18112	9175
18113	9174
18114	9174
18115	9175
18116	9176
18117	9176
18118	9176
18119	9177
18120	9178
18121	9179
18122	9180
18123	9181
18124	9182
18125	9183
18126	9184
18127	9185
18128	9186
18129	9187
18130	9188
18131	9189
18132	9190
18133	9191
18134	9191
18135	9192
18136	9192
18137	9193
18138	9193
18139	9194
18140	9195
18141	9196
18142	9196
18143	9197
18144	9198
18145	9198
18146	9199
18147	9200
18148	9200
18149	9201
18150	9202
18151	9203
18152	9204
18153	9205
18154	9206
18155	9207
18156	9208
18157	9209
18158	9210
18159	9210
18160	9211
18161	9212
18162	9212
18163	9212
18164	9213
18165	9213
18166	9213
18167	9214
18168	9214
18169	9215
18170	9215
18171	9216
18172	9217
18173	9218
18174	9219
18175	9220
18176	9221
18177	9221
18178	9221
18179	9222
18180	9223
18181	9224
18182	9225
18183	9226
18184	9227
18185	9227
18186	9228
18187	9229
18188	9230
18189	9231
18190	9232
18191	9233
18192	9233
18193	9234
18194	9235
18195	9236
18196	9237
18197	9237
18198	9238
18199	9239
18200	9240
18201	9241
18202	9241
18203	9242
18204	9241
18205	9242
18206	9241
18207	9242
18208	9242
18209	9243
18210	9244
18211	9245
18212	9246
18213	9247
18214	9248
18215	9249
18216	9250
18217	9250
18218	9250
18219	9251
18220	9250
18221	9251
18222	9252
18223	9253
18224	9254
18225	9255
18226	9256
18227	9257
18228	9258
18229	9259
18230	9260
18231	9261
18232	9261
18233	9261
18234	9262
18235	9262
18236	9262
18237	9263
18238	9264
18239	9265
18240	9266
18241	9267
18242	9266
18243	9267
18244	9268
18245	9269
18246	9269
18247	9269
18248	9270
18249	9271
18250	9272
18251	9272
18252	9273
18253	9274
18254	9275
18255	9276
18256	9276
18257	9277
18258	9277
18259	9277
18260	9277
18261	9278
18262	9279
18263	9280
18264	9281
18265	9282
18266	9282
18267	9282
18268	9283
18269	9284
18270	9284
18271	9285
18272	9286
18273	9285
18274	9285
18275	9285
18276	9284
18277	9284
18278	9285
18279	9286
18280	9285
18281	9286
18282	9287
18283	9288
18284	9289
18285	9290
18286	9291
18287	9292
18288	9292
18289	9293
18290	9294
18291	9294
18292	9294
18293	9295
18294	9296
18295	9297
18296	9297
18297	9298
18298	9298
18299	9298
18300	9298
18301	9297
18302	9297
18303	9298
18304	9299
18305	9300
18306	9301
18307	9302
18308	9303
18309	9304
18310	9305
18311	9306
18312	9307
18313	9308
18314	9307
18315	9308
18316	9308
18317	9309
18318	9310
18319	9311
18320	9311
18321	9311
18322	9312
18323	9312
18324	9313
18325	9314
18326	9314
18327	9315
18328	9316
18329	9317
18330	9318
18331	9318
18332	9319
18333	9320
18334	9320
18335	9321
18336	9322
18337	9323
18338	9324
18339	9325
18340	9326
18341	9327
18342	9327
18343	9327
18344	9327
18345	9328
18346	9329
18347	9329
18348	9330
18349	9329
18350	9330
18351	9331
18352	9331
18353	9331
18354	9331
18355	9332
18356	9332
18357	9332
18358	9332
18359	9333
18360	9334
18361	9335
18362	9335
18363	9334
18364	9334
18365	9334
18366	9335
18367	9336
18368	9336
18369	9336
18370	9337
18371	9337
18372	9338
18373	9339
18374	9340
18375	9341
18376	9341
18377	9342
18378	9342
18379	9343
18380	9342
18381	9342
18382	9343
18383	9344
18384	9344
18385	9345
18386	9346
18387	9346
18388	9346
18389	9347
18390	9348
18391	9348
18392	9349
18393	9349
18394	9350
18395	9350
18396	9351
18397	9352
18398	9353
18399	9353
18400	9354
18401	9355
18402	9356
18403	9357
18404	9357
18405	9358
18406	9358
18407	9359
18408	9360
18409	9361
18410	9362
18411	9363
18412	9364
18413	9364
18414	9365
18415	9366
18416	9367
18417	9368
18418	9368
18419	9369
18420	9370
18421	9371
18422	9370
18423	9371
18424	9371
18425	9371
18426	9372
18427	9373
18428	9374
18429	9373
18430	9374
18431	9375
18432	9375
18433	9376
18434	9377
18435	9378
18436	9379
18437	9380
18438	9380
18439	9381
18440	9382
18441	9383
18442	9384
18443	9385
18444	9386
18445	9387
18446	9388
18447	9389
18448	9390
18449	9391
18450	9392
18451	9392
18452	9393
18453	9393
18454	9393
18455	9394
18456	9395
18457	9396
18458	9397
18459	9397
18460	9398
18461	9398
18462	9399
18463	9400
18464	9401
18465	9402
18466	9402
18467	9403
18468	9403
18469	9403
18470	9403
18471	9404
18472	9404
18473	9404
18474	9405
18475	9406
18476	9407
18477	9407
18478	9406
18479	9406
18480	9407
18481	9408
18482	9409
18483	9410
18484	9411
18485	9412
18486	9413
18487	9414
18488	9415
18489	9415
18490	9416
18491	9416
18492	9416
18493	9415
18494	9415
18495	9416
18496	9417
18497	9418
18498	9418
18499	9418
18500	9419
18501	9419
18502	9420
18503	9421
18504	9422
18505	9423
18506	9422
18507	9423
18508	9423
18509	9424
18510	9425
18511	9424
18512	9424
18513	9425
18514	9426
18515	9427
18516	9428
18517	9428
18518	9429
18519	9429
18520	9429
18521	9430
18522	9431
18523	9432
18524	9433
18525	9434
18526	9435
18527	9436
18528	9436
18529	9436
18530	9437
18531	9437
18532	9438
18533	9439
18534	9440
18535	9441
18536	9441
18537	9442
18538	9443
18539	9444
18540	9445
18541	9446
18542	9447
18543	9447
18544	9446
18545	9446
18546	9447
18547	9448
18548	9449
18549	9450
18550	9451
18551	9452
18552	9453
18553	9454
18554	9454
18555	9455
18556	9456
18557	9457
18558	9458
18559	9458
18560	9459
18561	9460
18562	9461
18563	9462
18564	9463
18565	9464
18566	9465
18567	9466
18568	9466
18569	9467
18570	9467
18571	9468
18572	9469
18573	9470
18574	9471
18575	9472
18576	9473
18577	9474
18578	9475
18579	9475
18580	9475
18581	9475
18582	9476
18583	9477
18584	9478
18585	9479
18586	9479
18587	9480
18588	9479
18589	9480
18590	9481
18591	9481
18592	9482
18593	9482
18594	9483
18595	9484
18596	9484
18597	9485
18598	9486
18599	9487
18600	9488
18601	9489
18602	9490
18603	9491
18604	9492
18605	9493
18606	9494
18607	9494
18608	9495
18609	9496
18610	9497
18611	9496
18612	9497
18613	9498
18614	9499
18615	9499
18616	9499
18617	9500
18618	9500
18619	9501
18620	9502
18621	9503
18622	9504
18623	9505
18624	9506
18625	9506
18626	9507
18627	9508
18628	9508
18629	9509
18630	9510
18631	9511
18632	9512
18633	9512
18634	9513
18635	9514
18636	9514
18637	9515
18638	9516
18639	9516
18640	9517
18641	9517
18642	9518
18643	9519
18644	9520
18645	9521
18646	9522
18647	9522
18648	9523
18649	9524
18650	9524
18651	9525
18652	9526
18653	9526
18654	9526
18655	9527
18656	9528
18657	9529
18658	9528
18659	9529
18660	9529
18661	9530
18662	9531
18663	9531
18664	9531
18665	9531
18666	9532
18667	9533
18668	9534
18669	9535
18670	9536
18671	9537
18672	9538
18673	9539
18674	9540
18675	9541
18676	9541
18677	9542
18678	9542
18679	9543
18680	9544
18681	9544
18682	9545
18683	9546
18684	9547
18685	9548
18686	9548
18687	9549
18688	9550
18689	9550
18690	9551
18691	9551
18692	9552
18693	9553
18694	9554
18695	9555
18696	9556
18697	9557
18698	9558
18699	9559
18700	9560
18701	9560
18702	9561
18703	9562
18704	9563
18705	9564
18706	9565
18707	9566
18708	9566
18709	9566
18710	9567
18711	9568
18712	9569
18713	9570
18714	9570
18715	9571
18716	9571
18717	9572
18718	9573
18719	9572
18720	9573
18721	9574
18722	9575
18723	9576
18724	9576
18725	9576
18726	9577
18727	9578
18728	9578
18729	9579
18730	9580
18731	9581
18732	9582
18733	9583
18734	9584
18735	9585
18736	9585
18737	9586
18738	9587
18739	9588
18740	9589
18741	9590
18742	9590
18743	9591
18744	9592
18745	9592
18746	9592
18747	9593
18748	9594
18749	9595
18750	9595
18751	9594
18752	9595
18753	9596
18754	9597
18755	9597
18756	9598
18757	9599
18758	9600
18759	9600
18760	9601
18761	9601
18762	9601
18763	9602
18764	9603
18765	9604
18766	9604
18767	9605
18768	9605
18769	9606
18770	9607
18771	9608
18772	9608
18773	9609
18774	9610
18775	9611
18776	9612
18777	9612
18778	9613
18779	9614
18780	9613
18781	9614
18782	9615
18783	9616
18784	9617
18785	9616
18786	9617
18787	9618
18788	9618
18789	9619
18790	9620
18791	9621
18792	9621
18793	9622
18794	9622
18795	9623
18796	9624
18797	9624
18798	9625
18799	9625
18800	9626
18801	9626
18802	9627
18803	9628
18804	9629
18805	9628
18806	9629
18807	9630
18808	9630
18809	9631
18810	9631
18811	9632
18812	9633
18813	9634
18814	9634
18815	9633
18816	9632
18817	9633
18818	9632
18819	9633
18820	9634
18821	9633
18822	9634
18823	9634
18824	9634
18825	9635
18826	9636
18827	9637
18828	9638
18829	9639
18830	9640
18831	9640
18832	9641
18833	9641
18834	9642
18835	9643
18836	9644
18837	9645
18838	9646
18839	9647
18840	9647
18841	9648
18842	9648
18843	9647
18844	9648
18845	9649
18846	9649
18847	9650
18848	9651
18849	9652
18850	9652
18851	9653
18852	9654
18853	9654
18854	9655
18855	9656
18856	9657
18857	9657
18858	9658
18859	9659
18860	9659
18861	9659
18862	9660
18863	9661
18864	9661
18865	9662
18866	9662
18867	9663
18868	9664
18869	9664
18870	9664
18871	9664
18872	9665
18873	9666
18874	9666
18875	9667
18876	9668
18877	9669
18878	9669
18879	9670
18880	9671
18881	9672
18882	9673
18883	9674
18884	9675
18885	9675
18886	9676
18887	9677
18888	9678
18889	9679
18890	9680
18891	9680
18892	9681
18893	9681
18894	9681
18895	9682
18896	9683
18897	9684
18898	9685
18899	9686
18900	9687
18901	9687
18902	9688
18903	9688
18904	9688
18905	9688
18906	9689
18907	9690
18908	9691
18909	9691
18910	9692
18911	9693
18912	9694
18913	9695
18914	9695
18915	9695
18916	9695
18917	9695
18918	9696
18919	9697
18920	9698
18921	9699
18922	9699
18923	9698
18924	9699
18925	9700
18926	9701
18927	9702
18928	9702
18929	9703
18930	9704
18931	9704
18932	9705
18933	9705
18934	9706
18935	9706
18936	9707
18937	9707
18938	9707
18939	9707
18940	9708
18941	9708
18942	9709
18943	9709
18944	9708
18945	9709
18946	9710
18947	9710
18948	9711
18949	9712
18950	9713
18951	9714
18952	9715
18953	9716
18954	9717
18955	9717
18956	9718
18957	9719
18958	9719
18959	9719
18960	9719
18961	9720
18962	9719
18963	9719
18964	9719
18965	9720
18966	9720
18967	9721
18968	9721
18969	9722
18970	9722
18971	9723
18972	9723
18973	9724
18974	9725
18975	9726
18976	9726
18977	9726
18978	9727
18979	9727
18980	9728
18981	9729
18982	9730
18983	9731
18984	9732
18985	9732
18986	9733
18987	9734
18988	9734
18989	9735
18990	9735
18991	9735
18992	9735
18993	9736
18994	9737
18995	9736
18996	9737
18997	9738
18998	9738
18999	9739
19000	9740
19001	9741
19002	9742
19003	9743
19004	9744
19005	9745
19006	9745
19007	9745
19008	9744
19009	9745
19010	9746
19011	9746
19012	9745
19013	9746
19014	9747
19015	9748
19016	9748
19017	9748
19018	9749
19019	9749
19020	9749
19021	9750
19022	9751
19023	9752
19024	9753
19025	9754
19026	9755
19027	9756
19028	9757
19029	9758
19030	9758
19031	9758
19032	9758
19033	9759
19034	9760
19035	9761
19036	9762
19037	9762
19038	9762
19039	9763
19040	9762
19041	9762
19042	9763
19043	9762
19044	9763
19045	9764
19046	9765
19047	9766
19048	9766
19049	9766
19050	9766
19051	9767
19052	9768
19053	9769
19054	9768
19055	9769
19056	9770
19057	9771
19058	9772
19059	9772
19060	9772
19061	9772
19062	9773
19063	9774
19064	9775
19065	9776
19066	9776
19067	9777
19068	9778
19069	9779
19070	9780
19071	9780
19072	9781
19073	9782
19074	9782
19075	9783
19076	9784
19077	9785
19078	9785
19079	9786
19080	9787
19081	9787
19082	9788
19083	9788
19084	9788
19085	9789
19086	9790
19087	9790
19088	9791
19089	9791
19090	9791
19091	9791
19092	9792
19093	9793
19094	9794
19095	9794
19096	9795
19097	9795
19098	9796
19099	9797
19100	9797
19101	9797
19102	9798
19103	9798
19104	9799
19105	9800
19106	9801
19107	9802
19108	9803
19109	9804
19110	9805
19111	9804
19112	9804
19113	9805
19114	9806
19115	9807
19116	9808
19117	9809
19118	9810
19119	9811
19120	9811
19121	9811
19122	9811
19123	9811
19124	9812
19125	9813
19126	9813
19127	9814
19128	9815
19129	9816
19130	9817
19131	9817
19132	9817
19133	9817
19134	9818
19135	9818
19136	9818
19137	9818
19138	9818
19139	9819
19140	9820
19141	9821
19142	9822
19143	9821
19144	9822
19145	9823
19146	9824
19147	9825
19148	9826
19149	9827
19150	9828
19151	9828
19152	9829
19153	9830
19154	9830
19155	9831
19156	9832
19157	9832
19158	9833
19159	9834
19160	9835
19161	9836
19162	9837
19163	9838
19164	9839
19165	9839
19166	9839
19167	9839
19168	9839
19169	9839
19170	9840
19171	9840
19172	9840
19173	9840
19174	9841
19175	9841
19176	9842
19177	9842
19178	9843
19179	9844
19180	9843
19181	9844
19182	9845
19183	9846
19184	9847
19185	9847
19186	9847
19187	9846
19188	9846
19189	9846
19190	9847
19191	9848
19192	9849
19193	9850
19194	9850
19195	9851
19196	9852
19197	9852
19198	9853
19199	9852
19200	9852
19201	9853
19202	9853
19203	9854
19204	9854
19205	9855
19206	9856
19207	9857
19208	9857
19209	9858
19210	9858
19211	9858
19212	9859
19213	9860
19214	9861
19215	9862
19216	9862
19217	9863
19218	9864
19219	9865
19220	9865
19221	9866
19222	9867
19223	9867
19224	9867
19225	9867
19226	9868
19227	9868
19228	9868
19229	9868
19230	9869
19231	9870
19232	9871
19233	9870
19234	9871
19235	9872
19236	9872
19237	9873
19238	9874
19239	9875
19240	9876
19241	9877
19242	9878
19243	9878
19244	9879
19245	9880
19246	9881
19247	9882
19248	9883
19249	9884
19250	9885
19251	9886
19252	9887
19253	9887
19254	9888
19255	9889
19256	9890
19257	9891
19258	9891
19259	9892
19260	9893
19261	9894
19262	9895
19263	9894
19264	9895
19265	9896
19266	9897
19267	9898
19268	9899
19269	9900
19270	9901
19271	9902
19272	9902
19273	9903
19274	9904
19275	9904
19276	9903
19277	9904
19278	9905
19279	9906
19280	9907
19281	9908
19282	9908
19283	9909
19284	9910
19285	9910
19286	9911
19287	9912
19288	9912
19289	9912
19290	9912
19291	9913
19292	9913
19293	9913
19294	9913
19295	9914
19296	9915
19297	9916
19298	9916
19299	9916
19300	9915
19301	9916
19302	9917
19303	9918
19304	9919
19305	9920
19306	9921
19307	9922
19308	9923
19309	9924
19310	9924
19311	9925
19312	9925
19313	9924
19314	9925
19315	9925
19316	9926
19317	9927
19318	9928
19319	9929
19320	9929
19321	9929
19322	9930
19323	9931
19324	9932
19325	9933
19326	9933
19327	9933
19328	9934
19329	9935
19330	9935
19331	9935
19332	9936
19333	9937
19334	9938
19335	9938
19336	9939
19337	9940
19338	9941
19339	9942
19340	9943
19341	9944
19342	9945
19343	9945
19344	9945
19345	9946
19346	9947
19347	9948
19348	9949
19349	9950
19350	9951
19351	9951
19352	9952
19353	9953
19354	9954
19355	9955
19356	9956
19357	9956
19358	9957
19359	9958
19360	9959
19361	9960
19362	9961
19363	9962
19364	9963
19365	9963
19366	9964
19367	9965
19368	9965
19369	9966
19370	9967
19371	9968
19372	9969
19373	9969
19374	9970
19375	9971
19376	9972
19377	9973
19378	9974
19379	9974
19380	9975
19381	9976
19382	9976
19383	9977
19384	9978
19385	9978
19386	9979
19387	9980
19388	9981
19389	9982
19390	9983
19391	9983
19392	9983
19393	9984
19394	9985
19395	9986
19396	9987
19397	9986
19398	9987
19399	9987
19400	9987
19401	9988
19402	9989
19403	9990
19404	9990
19405	9991
19406	9992
19407	9993
19408	9994
19409	9995
19410	9996
19411	9997
19412	9997
19413	9997
19414	9997
19415	9997
19416	9998
19417	9999
19418	9999
19419	9999
19420	9999
19421	10000
19422	9999
19423	10000
19424	10001
19425	10002
19426	10003
19427	10004
19428	10005
19429	10004
19430	10005
19431	10006
19432	10007
19433	10007
19434	10007
19435	10008
19436	10009
19437	10010
19438	10011
19439	10011
19440	10012
19441	10013
19442	10014
19443	10015
19444	10015
19445	10014
19446	10014
19447	10014
19448	10015
19449	10016
19450	10017
19451	10018
19452	10019
19453	10020
19454	10020
19455	10021
19456	10022
19457	10022
19458	10023
19459	10024
19460	10025
19461	10026
19462	10027
19463	10027
19464	10028
19465	10028
19466	10029
19467	10030
19468	10030
19469	10031
19470	10032
19471	10033
19472	10034
19473	10034
19474	10035
19475	10035
19476	10036
19477	10037
19478	10038
19479	10039
19480	10038
19481	10039
19482	10040
19483	10041
19484	10042
19485	10042
19486	10043
19487	10044
19488	10045
19489	10045
19490	10046
19491	10046
19492	10047
19493	10047
19494	10048
19495	10049
19496	10050
19497	10050
19498	10051
19499	10052
19500	10053
19501	10054
19502	10055
19503	10056
19504	10057
19505	10057
19506	10058
19507	10058
19508	10059
19509	10060
19510	10060
19511	10061
19512	10061
19513	10061
19514	10060
19515	10061
19516	10062
19517	10062
19518	10061
19519	10061
19520	10062
19521	10062
19522	10063
19523	10064
19524	10065
19525	10066
19526	10067
19527	10068
19528	10069
19529	10070
19530	10071
19531	10072
19532	10073
19533	10074
19534	10075
19535	10075
19536	10076
19537	10077
19538	10077
19539	10078
19540	10079
19541	10080
19542	10081
19543	10081
19544	10082
19545	10083
19546	10083
19547	10084
19548	10085
19549	10085
19550	10086
19551	10087
19552	10088
19553	10089
19554	10090
19555	10090
19556	10091
19557	10091
19558	10092
19559	10093
19560	10094
19561	10094
19562	10095
19563	10096
19564	10097
19565	10098
19566	10099
19567	10100
19568	10101
19569	10101
19570	10102
19571	10102
19572	10103
19573	10104
19574	10103
19575	10104
19576	10104
19577	10104
19578	10104
19579	10105
19580	10106
19581	10107
19582	10107
19583	10108
19584	10109
19585	10110
19586	10110
19587	10109
19588	10109
19589	10110
19590	10110
19591	10111
19592	10112
19593	10113
19594	10113
19595	10114
19596	10114
19597	10115
19598	10116
19599	10116
19600	10117
19601	10117
19602	10118
19603	10118
19604	10119
19605	10120
19606	10121
19607	10122
19608	10123
19609	10124
19610	10125
19611	10125
19612	10125
19613	10126
19614	10126
19615	10127
19616	10128
19617	10127
19618	10128
19619	10127
19620	10128
19621	10129
19622	10130
19623	10131
19624	10132
19625	10133
19626	10134
19627	10135
19628	10136
19629	10136
19630	10137
19631	10138
19632	10138
19633	10137
19634	10138
19635	10138
19636	10138
19637	10139
19638	10138
19639	10139
19640	10139
19641	10140
19642	10141
19643	10142
19644	10143
19645	10144
19646	10144
19647	10144
19648	10145
19649	10146
19650	10147
19651	10147
19652	10147
19653	10148
19654	10149
19655	10150
19656	10151
19657	10152
19658	10153
19659	10153
19660	10154
19661	10155
19662	10155
19663	10156
19664	10157
19665	10157
19666	10157
19667	10158
19668	10158
19669	10159
19670	10160
19671	10160
19672	10160
19673	10161
19674	10161
19675	10162
19676	10163
19677	10163
19678	10164
19679	10164
19680	10165
19681	10166
19682	10166
19683	10167
19684	10168
19685	10169
19686	10170
19687	10171
19688	10172
19689	10173
19690	10173
19691	10174
19692	10174
19693	10175
19694	10176
19695	10176
19696	10177
19697	10177
19698	10177
19699	10178
19700	10178
19701	10179
19702	10180
19703	10180
19704	10181
19705	10182
19706	10183
19707	10184
19708	10185
19709	10186
19710	10186
19711	10187
19712	10188
19713	10189
19714	10190
19715	10190
19716	10190
19717	10191
19718	10192
19719	10192
19720	10193
19721	10194
19722	10195
19723	10195
19724	10196
19725	10197
19726	10197
19727	10197
19728	10197
19729	10198
19730	10199
19731	10200
19732	10201
19733	10201
19734	10202
19735	10202
19736	10203
19737	10204
19738	10204
19739	10204
19740	10205
19741	10206
19742	10207
19743	10207
19744	10208
19745	10209
19746	10210
19747	10211
19748	10212
19749	10212
19750	10213
19751	10214
19752	10214
19753	10215
19754	10215
19755	10216
19756	10216
19757	10216
19758	10217
19759	10218
19760	10218
19761	10219
19762	10219
19763	10219
19764	10220
19765	10221
19766	10221
19767	10221
19768	10222
19769	10222
19770	10222
19771	10223
19772	10224
19773	10225
19774	10226
19775	10227
19776	10228
19777	10229
19778	10230
19779	10231
19780	10231
19781	10231
19782	10232
19783	10233
19784	10233
19785	10234
19786	10235
19787	10234
19788	10234
19789	10235
19790	10235
19791	10235
19792	10236
19793	10235
19794	10236
19795	10237
19796	10237
19797	10237
19798	10238
19799	10239
19800	10240
19801	10240
19802	10241
19803	10240
19804	10241
19805	10242
19806	10243
19807	10244
19808	10245
19809	10246
19810	10246
19811	10246
19812	10246
19813	10247
19814	10248
19815	10249
19816	10250
19817	10250
19818	10251
19819	10252
19820	10252
19821	10253
19822	10254
19823	10255
19824	10255
19825	10256
19826	10257
19827	10258
19828	10259
19829	10260
19830	10260
19831	10260
19832	10261
19833	10262
19834	10262
19835	10263
19836	10264
19837	10264
19838	10265
19839	10264
19840	10265
19841	10266
19842	10267
19843	10267
19844	10268
19845	10268
19846	10269
19847	10270
19848	10271
19849	10272
19850	10273
19851	10274
19852	10273
19853	10274
19854	10275
19855	10274
19856	10275
19857	10276
19858	10276
19859	10277
19860	10277
19861	10278
19862	10279
19863	10280
19864	10281
19865	10282
19866	10283
19867	10283
19868	10284
19869	10284
19870	10284
19871	10284
19872	10285
19873	10285
19874	10286
19875	10287
19876	10288
19877	10289
19878	10290
19879	10290
19880	10291
19881	10291
19882	10291
19883	10291
19884	10291
19885	10292
19886	10293
19887	10294
19888	10295
19889	10296
19890	10297
19891	10298
19892	10299
19893	10298
19894	10299
19895	10300
19896	10301
19897	10301
19898	10301
19899	10302
19900	10303
19901	10303
19902	10304
19903	10305
19904	10305
19905	10306
19906	10307
19907	10308
19908	10308
19909	10308
19910	10308
19911	10309
19912	10310
19913	10310
19914	10311
19915	10311
19916	10311
19917	10311
19918	10312
19919	10313
19920	10314
19921	10314
19922	10315
19923	10316
19924	10316
19925	10316
19926	10317
19927	10317
19928	10317
19929	10318
19930	10319
19931	10320
19932	10321
19933	10322
19934	10323
19935	10324
19936	10325
19937	10324
19938	10324
19939	10325
19940	10326
19941	10325
19942	10326
19943	10327
19944	10327
19945	10327
19946	10328
19947	10329
19948	10330
19949	10331
19950	10332
19951	10333
19952	10334
19953	10335
19954	10336
19955	10336
19956	10336
19957	10336
19958	10337
19959	10338
19960	10338
19961	10339
19962	10340
19963	10340
19964	10341
19965	10341
19966	10341
19967	10342
19968	10343
19969	10344
19970	10345
19971	10345
19972	10346
19973	10346
19974	10347
19975	10348
19976	10348
19977	10348
19978	10348
19979	10348
19980	10349
19981	10350
19982	10351
19983	10352
19984	10353
19985	10354
19986	10354
19987	10355
19988	10355
19989	10355
19990	10356
19991	10357
19992	10358
19993	10359
19994	10360
19995	10360
19996	10360
19997	10360
19998	10361
19999	10362
20000	10363
20001	10363
20002	10364
20003	10364
20004	10364
20005	10363
20006	10364
20007	10365
20008	10365
20009	10366
20010	10366
20011	10366
20012	10366
20013	10366
20014	10366
20015	10367
20016	10368
20017	10369
20018	10368
20019	10368
20020	10368
20021	10368
20022	10369
20023	10370
20024	10370
20025	10371
20026	10372
20027	10373
20028	10373
20029	10374
20030	10374
20031	10375
20032	10376
20033	10376
20034	10376
20035	10377
20036	10376
20037	10376
20038	10376
20039	10377
20040	10378
20041	10379
20042	10379
20043	10380
20044	10381
20045	10381
20046	10382
20047	10382
20048	10382
20049	10382
20050	10383
20051	10384
20052	10385
20053	10385
20054	10386
20055	10387
20056	10388
20057	10389
20058	10389
20059	10390
20060	10390
20061	10391
20062	10392
20063	10393
20064	10394
20065	10395
20066	10395
20067	10396
20068	10397
20069	10398
20070	10399
20071	10400
20072	10399
20073	10400
20074	10401
20075	10402
20076	10401
20077	10402
20078	10402
20079	10403
20080	10404
20081	10405
20082	10404
20083	10405
20084	10405
20085	10406
20086	10407
20087	10406
20088	10407
20089	10408
20090	10409
20091	10410
20092	10411
20093	10410
20094	10410
20095	10411
20096	10412
20097	10412
20098	10413
20099	10414
20100	10415
20101	10415
20102	10415
20103	10416
20104	10416
20105	10417
20106	10418
20107	10419
20108	10420
20109	10421
20110	10421
20111	10421
20112	10422
20113	10423
20114	10423
20115	10424
20116	10425
20117	10426
20118	10427
20119	10428
20120	10428
20121	10429
20122	10430
20123	10430
20124	10430
20125	10430
20126	10430
20127	10431
20128	10432
20129	10432
20130	10432
20131	10432
20132	10433
20133	10434
20134	10434
20135	10435
20136	10436
20137	10437
20138	10437
20139	10438
20140	10439
20141	10440
20142	10441
20143	10442
20144	10442
20145	10442
20146	10443
20147	10444
20148	10445
20149	10446
20150	10447
20151	10448
20152	10447
20153	10448
20154	10448
20155	10449
20156	10450
20157	10451
20158	10452
20159	10452
20160	10453
20161	10454
20162	10455
20163	10455
20164	10456
20165	10457
20166	10458
20167	10459
20168	10459
20169	10460
20170	10461
20171	10461
20172	10462
20173	10463
20174	10463
20175	10464
20176	10465
20177	10465
20178	10465
20179	10466
20180	10467
20181	10468
20182	10467
20183	10467
20184	10467
20185	10468
20186	10469
20187	10470
20188	10471
20189	10471
20190	10472
20191	10472
20192	10473
20193	10474
20194	10475
20195	10475
20196	10476
20197	10477
20198	10478
20199	10479
20200	10479
20201	10480
20202	10481
20203	10481
20204	10481
20205	10482
20206	10483
20207	10483
20208	10484
20209	10485
20210	10485
20211	10485
20212	10486
20213	10487
20214	10487
20215	10488
20216	10489
20217	10488
20218	10489
20219	10490
20220	10490
20221	10491
20222	10492
20223	10493
20224	10492
20225	10492
20226	10493
20227	10494
20228	10494
20229	10495
20230	10496
20231	10496
20232	10497
20233	10498
20234	10499
20235	10500
20236	10500
20237	10501
20238	10501
20239	10502
20240	10503
20241	10504
20242	10505
20243	10506
20244	10507
20245	10508
20246	10509
20247	10508
20248	10508
20249	10507
20250	10507
20251	10508
20252	10509
20253	10510
20254	10510
20255	10511
20256	10512
20257	10513
20258	10514
20259	10515
20260	10515
20261	10515
20262	10516
20263	10516
20264	10517
20265	10518
20266	10519
20267	10519
20268	10520
20269	10520
20270	10521
20271	10522
20272	10522
20273	10522
20274	10523
20275	10524
20276	10525
20277	10525
20278	10525
20279	10526
20280	10527
20281	10528
20282	10529
20283	10529
20284	10530
20285	10531
20286	10531
20287	10530
20288	10531
20289	10532
20290	10533
20291	10533
20292	10534
20293	10535
20294	10536
20295	10537
20296	10537
20297	10538
20298	10539
20299	10540
20300	10541
20301	10542
20302	10543
20303	10544
20304	10544
20305	10544
20306	10545
20307	10546
20308	10547
20309	10548
20310	10549
20311	10549
20312	10550
20313	10551
20314	10552
20315	10552
20316	10553
20317	10554
20318	10555
20319	10555
20320	10555
20321	10556
20322	10556
20323	10557
20324	10558
20325	10557
20326	10558
20327	10559
20328	10559
20329	10559
20330	10560
20331	10561
20332	10562
20333	10563
20334	10564
20335	10565
20336	10566
20337	10566
20338	10567
20339	10568
20340	10569
20341	10570
20342	10570
20343	10570
20344	10571
20345	10571
20346	10572
20347	10573
20348	10572
20349	10573
20350	10574
20351	10575
20352	10575
20353	10575
20354	10575
20355	10576
20356	10577
20357	10578
20358	10579
20359	10580
20360	10579
20361	10579
20362	10579
20363	10579
20364	10580
20365	10581
20366	10581
20367	10582
20368	10582
20369	10583
20370	10583
20371	10584
20372	10584
20373	10584
20374	10584
20375	10585
20376	10585
20377	10586
20378	10587
20379	10587
20380	10588
20381	10589
20382	10589
20383	10590
20384	10591
20385	10592
20386	10592
20387	10591
20388	10590
20389	10590
20390	10591
20391	10592
20392	10592
20393	10592
20394	10593
20395	10593
20396	10594
20397	10595
20398	10596
20399	10596
20400	10597
20401	10597
20402	10598
20403	10598
20404	10599
20405	10599
20406	10599
20407	10600
20408	10599
20409	10598
20410	10598
20411	10598
20412	10599
20413	10600
20414	10600
20415	10601
20416	10602
20417	10602
20418	10603
20419	10604
20420	10604
20421	10605
20422	10606
20423	10607
20424	10608
20425	10609
20426	10609
20427	10610
20428	10611
20429	10612
20430	10612
20431	10612
20432	10612
20433	10612
20434	10613
20435	10614
20436	10615
20437	10616
20438	10617
20439	10618
20440	10619
20441	10620
20442	10620
20443	10621
20444	10622
20445	10623
20446	10623
20447	10623
20448	10623
20449	10624
20450	10625
20451	10625
20452	10625
20453	10626
20454	10626
20455	10627
20456	10627
20457	10627
20458	10627
20459	10628
20460	10629
20461	10629
20462	10628
20463	10629
20464	10630
20465	10631
20466	10630
20467	10630
20468	10631
20469	10632
20470	10633
20471	10632
20472	10633
20473	10634
20474	10635
20475	10636
20476	10636
20477	10636
20478	10636
20479	10636
20480	10635
20481	10635
20482	10635
20483	10635
20484	10636
20485	10636
20486	10637
20487	10637
20488	10636
20489	10637
20490	10637
20491	10638
20492	10638
20493	10639
20494	10640
20495	10640
20496	10641
20497	10640
20498	10641
20499	10642
20500	10643
20501	10643
20502	10644
20503	10645
20504	10646
20505	10647
20506	10647
20507	10648
20508	10648
20509	10648
20510	10649
20511	10650
20512	10651
20513	10650
20514	10651
20515	10652
20516	10653
20517	10654
20518	10655
20519	10656
20520	10657
20521	10657
20522	10658
20523	10658
20524	10657
20525	10656
20526	10656
20527	10656
20528	10657
20529	10657
20530	10658
20531	10658
20532	10659
20533	10660
20534	10660
20535	10660
20536	10661
20537	10661
20538	10661
20539	10662
20540	10662
20541	10663
20542	10663
20543	10664
20544	10665
20545	10666
20546	10667
20547	10667
20548	10668
20549	10668
20550	10669
20551	10670
20552	10671
20553	10671
20554	10672
20555	10673
20556	10674
20557	10674
20558	10675
20559	10676
20560	10676
20561	10676
20562	10677
20563	10678
20564	10678
20565	10678
20566	10679
20567	10679
20568	10680
20569	10681
20570	10682
20571	10683
20572	10683
20573	10684
20574	10685
20575	10685
20576	10685
20577	10685
20578	10686
20579	10687
20580	10688
20581	10689
20582	10689
20583	10690
20584	10690
20585	10689
20586	10690
20587	10690
20588	10691
20589	10692
20590	10693
20591	10694
20592	10694
20593	10695
20594	10695
20595	10696
20596	10696
20597	10696
20598	10696
20599	10696
20600	10696
20601	10697
20602	10698
20603	10699
20604	10699
20605	10699
20606	10700
20607	10700
20608	10700
20609	10701
20610	10701
20611	10702
20612	10702
20613	10703
20614	10704
20615	10705
20616	10706
20617	10707
20618	10708
20619	10709
20620	10708
20621	10708
20622	10709
20623	10710
20624	10711
20625	10712
20626	10713
20627	10713
20628	10713
20629	10714
20630	10714
20631	10714
20632	10714
20633	10715
20634	10715
20635	10716
20636	10717
20637	10718
20638	10719
20639	10720
20640	10720
20641	10720
20642	10720
20643	10720
20644	10721
20645	10721
20646	10721
20647	10721
20648	10721
20649	10720
20650	10721
20651	10722
20652	10723
20653	10724
20654	10725
20655	10726
20656	10727
20657	10728
20658	10729
20659	10730
20660	10730
20661	10731
20662	10732
20663	10733
20664	10733
20665	10734
20666	10735
20667	10734
20668	10735
20669	10736
20670	10737
20671	10736
20672	10736
20673	10737
20674	10738
20675	10739
20676	10740
20677	10741
20678	10742
20679	10743
20680	10744
20681	10744
20682	10744
20683	10744
20684	10745
20685	10746
20686	10746
20687	10747
20688	10748
20689	10749
20690	10750
20691	10751
20692	10751
20693	10752
20694	10752
20695	10753
20696	10753
20697	10753
20698	10754
20699	10754
20700	10755
20701	10755
20702	10756
20703	10756
20704	10756
20705	10756
20706	10757
20707	10758
20708	10759
20709	10760
20710	10761
20711	10762
20712	10762
20713	10763
20714	10763
20715	10764
20716	10765
20717	10766
20718	10767
20719	10768
20720	10768
20721	10768
20722	10768
20723	10769
20724	10770
20725	10770
20726	10771
20727	10771
20728	10771
20729	10771
20730	10771
20731	10771
20732	10772
20733	10773
20734	10773
20735	10774
20736	10774
20737	10774
20738	10773
20739	10774
20740	10775
20741	10776
20742	10777
20743	10777
20744	10776
20745	10776
20746	10777
20747	10778
20748	10779
20749	10779
20750	10779
20751	10780
20752	10780
20753	10781
20754	10782
20755	10782
20756	10783
20757	10782
20758	10782
20759	10783
20760	10784
20761	10784
20762	10784
20763	10785
20764	10786
20765	10787
20766	10787
20767	10787
20768	10787
20769	10787
20770	10788
20771	10789
20772	10790
20773	10791
20774	10791
20775	10792
20776	10793
20777	10793
20778	10794
20779	10795
20780	10796
20781	10796
20782	10796
20783	10796
20784	10796
20785	10797
20786	10798
20787	10799
20788	10798
20789	10799
20790	10799
20791	10800
20792	10801
20793	10800
20794	10801
20795	10802
20796	10803
20797	10804
20798	10804
20799	10805
20800	10804
20801	10805
20802	10806
20803	10807
20804	10808
20805	10809
20806	10810
20807	10811
20808	10811
20809	10812
20810	10813
20811	10814
20812	10815
20813	10816
20814	10815
20815	10816
20816	10817
20817	10818
20818	10819
20819	10818
20820	10819
20821	10820
20822	10820
20823	10821
20824	10821
20825	10821
20826	10822
20827	10822
20828	10822
20829	10823
20830	10824
20831	10825
20832	10825
20833	10826
20834	10827
20835	10827
20836	10828
20837	10829
20838	10830
20839	10831
20840	10831
20841	10832
20842	10832
20843	10833
20844	10834
20845	10834
20846	10834
20847	10835
20848	10836
20849	10835
20850	10836
20851	10836
20852	10837
20853	10837
20854	10838
20855	10839
20856	10840
20857	10841
20858	10842
20859	10843
20860	10843
20861	10844
20862	10845
20863	10846
20864	10846
20865	10847
20866	10848
20867	10849
20868	10849
20869	10850
20870	10850
20871	10850
20872	10851
20873	10852
20874	10853
20875	10854
20876	10855
20877	10856
20878	10856
20879	10857
20880	10858
20881	10858
20882	10858
20883	10859
20884	10860
20885	10861
20886	10862
20887	10862
20888	10863
20889	10864
20890	10864
20891	10864
20892	10864
20893	10864
20894	10865
20895	10866
20896	10867
20897	10868
20898	10868
20899	10869
20900	10869
20901	10869
20902	10869
20903	10870
20904	10871
20905	10871
20906	10872
20907	10872
20908	10873
20909	10874
20910	10875
20911	10875
20912	10876
20913	10877
20914	10878
20915	10879
20916	10879
20917	10880
20918	10881
20919	10882
20920	10882
20921	10883
20922	10884
20923	10885
20924	10886
20925	10886
20926	10887
20927	10887
20928	10888
20929	10889
20930	10890
20931	10891
20932	10892
20933	10891
20934	10892
20935	10893
20936	10893
20937	10894
20938	10895
20939	10896
20940	10896
20941	10897
20942	10897
20943	10898
20944	10898
20945	10898
20946	10898
20947	10899
20948	10899
20949	10900
20950	10901
20951	10902
20952	10903
20953	10904
20954	10905
20955	10905
20956	10906
20957	10906
20958	10905
20959	10906
20960	10906
20961	10906
20962	10907
20963	10908
20964	10909
20965	10910
20966	10911
20967	10912
20968	10913
20969	10913
20970	10912
20971	10913
20972	10913
20973	10914
20974	10915
20975	10916
20976	10916
20977	10917
20978	10918
20979	10919
20980	10919
20981	10920
20982	10920
20983	10921
20984	10922
20985	10923
20986	10924
20987	10924
20988	10924
20989	10924
20990	10924
20991	10925
20992	10926
20993	10927
20994	10928
20995	10929
20996	10930
20997	10930
20998	10930
20999	10931
21000	10932
21001	10933
21002	10934
21003	10935
21004	10935
21005	10936
21006	10936
21007	10937
21008	10938
21009	10938
21010	10939
21011	10940
21012	10941
21013	10941
21014	10942
21015	10943
21016	10944
21017	10945
21018	10946
21019	10947
21020	10948
21021	10948
21022	10948
21023	10949
21024	10950
21025	10951
21026	10952
21027	10953
21028	10954
21029	10954
21030	10955
21031	10955
21032	10956
21033	10956
21034	10956
21035	10957
21036	10957
21037	10958
21038	10959
21039	10960
21040	10959
21041	10960
21042	10961
21043	10962
21044	10962
21045	10963
21046	10964
21047	10964
21048	10964
21049	10965
21050	10966
21051	10966
21052	10966
21053	10966
21054	10967
21055	10967
21056	10968
21057	10968
21058	10969
21059	10969
21060	10969
21061	10968
21062	10969
21063	10970
21064	10971
21065	10972
21066	10973
21067	10974
21068	10975
21069	10974
21070	10975
21071	10976
21072	10977
21073	10976
21074	10976
21075	10976
21076	10976
21077	10977
21078	10978
21079	10978
21080	10978
21081	10979
21082	10980
21083	10980
21084	10981
21085	10981
21086	10981
21087	10981
21088	10982
21089	10982
21090	10983
21091	10983
21092	10984
21093	10985
21094	10986
21095	10986
21096	10987
21097	10988
21098	10988
21099	10989
21100	10988
21101	10988
21102	10988
21103	10989
21104	10990
21105	10990
21106	10991
21107	10992
21108	10992
21109	10993
21110	10994
21111	10994
21112	10995
21113	10996
21114	10996
21115	10997
21116	10998
21117	10998
21118	10998
21119	10998
21120	10999
21121	10999
21122	10999
21123	11000
21124	11001
21125	11002
21126	11003
21127	11004
21128	11005
21129	11006
21130	11007
21131	11008
21132	11008
21133	11009
21134	11010
21135	11011
21136	11012
21137	11012
21138	11012
21139	11012
21140	11012
21141	11013
21142	11013
21143	11014
21144	11015
21145	11015
21146	11016
21147	11017
21148	11018
21149	11019
21150	11019
21151	11020
21152	11021
21153	11022
21154	11022
21155	11022
21156	11022
21157	11023
21158	11023
21159	11023
21160	11023
21161	11024
21162	11025
21163	11026
21164	11026
21165	11027
21166	11028
21167	11029
21168	11028
21169	11029
21170	11029
21171	11030
21172	11031
21173	11031
21174	11032
21175	11033
21176	11034
21177	11035
21178	11035
21179	11036
21180	11036
21181	11035
21182	11035
21183	11036
21184	11037
21185	11037
21186	11037
21187	11037
21188	11037
21189	11037
21190	11037
21191	11038
21192	11038
21193	11038
21194	11039
21195	11039
21196	11040
21197	11041
21198	11041
21199	11041
21200	11042
21201	11042
21202	11043
21203	11043
21204	11044
21205	11045
21206	11046
21207	11047
21208	11047
21209	11048
21210	11048
21211	11049
21212	11050
21213	11051
21214	11051
21215	11052
21216	11053
21217	11054
21218	11054
21219	11055
21220	11056
21221	11057
21222	11057
21223	11057
21224	11058
21225	11059
21226	11059
21227	11059
21228	11060
21229	11060
21230	11061
21231	11062
21232	11063
21233	11064
21234	11065
21235	11066
21236	11066
21237	11066
21238	11066
21239	11067
21240	11068
21241	11068
21242	11069
21243	11070
21244	11069
21245	11069
21246	11069
21247	11070
21248	11070
21249	11071
21250	11072
21251	11072
21252	11072
21253	11071
21254	11072
21255	11073
21256	11074
21257	11075
21258	11075
21259	11076
21260	11077
21261	11078
21262	11079
21263	11080
21264	11080
21265	11081
21266	11082
21267	11083
21268	11084
21269	11085
21270	11085
21271	11086
21272	11085
21273	11086
21274	11087
21275	11086
21276	11087
21277	11088
21278	11089
21279	11090
21280	11091
21281	11092
21282	11092
21283	11093
21284	11093
21285	11093
21286	11093
21287	11093
21288	11093
21289	11094
21290	11095
21291	11096
21292	11097
21293	11098
21294	11099
21295	11099
21296	11099
21297	11100
21298	11100
21299	11100
21300	11100
21301	11100
21302	11101
21303	11102
21304	11103
21305	11104
21306	11103
21307	11104
21308	11105
21309	11106
21310	11107
21311	11108
21312	11109
21313	11109
21314	11109
21315	11110
21316	11111
21317	11111
21318	11112
21319	11113
21320	11113
21321	11114
21322	11115
21323	11116
21324	11117
21325	11117
21326	11118
21327	11119
21328	11119
21329	11119
21330	11119
21331	11119
21332	11119
21333	11119
21334	11120
21335	11121
21336	11122
21337	11122
21338	11122
21339	11122
21340	11123
21341	11124
21342	11124
21343	11124
21344	11124
21345	11125
21346	11126
21347	11127
21348	11128
21349	11129
21350	11130
21351	11131
21352	11132
21353	11131
21354	11131
21355	11132
21356	11132
21357	11132
21358	11134
21359	11134
21360	11134
21361	11133
21362	11133
21363	11132
21364	11131
21365	11131
21366	11130
21367	11130
21368	11130
21369	11130
21370	11130
21371	11130
21372	11130
21373	11132
21374	11132
21375	11132
21376	11132
21377	11132
21378	11132
21379	11132
21380	11134
21381	11134
21382	11134
21383	11134
21384	11134
21385	11134
21386	11133
21387	11133
21388	11134
21389	11134
21390	11135
21391	11135
21392	11136
21393	11136
21394	11138
21395	11139
21396	11139
21397	11140
21398	11140
21399	11140
21400	11140
21401	11140
21402	11140
21403	11140
21404	11140
21405	11142
21406	11142
21407	11143
21408	11143
21409	11142
21410	11143
21411	11142
21412	11142
21413	11141
21414	11141
21415	11140
21416	11140
21417	11140
21418	11140
21419	11140
21420	11139
21421	11141
21422	11141
21423	11143
21424	11143
21425	11142
21426	11142
21427	11142
21428	11142
21429	11142
21430	11142
21431	11142
21432	11144
21433	11146
21434	11146
21435	11148
21436	11148
21437	11148
21438	11148
21439	11147
21440	11147
21441	11147
21442	11147
21443	11149
21444	11149
21445	11148
21446	11148
21447	11148
21448	11148
21449	11148
21450	11150
21451	11150
21452	11150
21453	11149
21454	11149
21455	11148
21456	11148
21457	11148
21458	11148
21459	11148
21460	11148
21461	11148
21462	11148
21463	11150
21464	11150
21465	11150
21466	11150
21467	11150
21468	11150
21469	11149
21470	11150
21471	11150
21472	11150
21473	11150
21474	11150
21475	11150
21476	11150
21477	11152
21478	11152
21479	11154
21480	11154
21481	11153
21482	11153
21483	11152
21484	11152
21485	11151
21486	11153
21487	11152
21488	11153
21489	11153
21490	11154
21491	11155
21492	11156
21493	11156
21494	11156
21495	11156
21496	11156
21497	11156
21498	11156
21499	11156
21500	11156
21501	11158
21502	11158
21503	11160
21504	11160
21505	11161
21506	11161
21507	11161
21508	11160
21509	11160
21510	11160
21511	11160
21512	11159
21513	11160
21514	11160
21515	11161
21516	11161
21517	11161
21518	11163
21519	11163
21520	11163
21521	11164
21522	11164
21523	11165
21524	11165
21525	11167
21526	11167
21527	11169
21528	11169
21529	11169
21530	11168
21531	11168
21532	11168
21533	11168
21534	11168
21535	11170
21536	11170
21537	11170
21538	11170
21539	11170
21540	11170
21541	11170
21542	11169
21543	11169
21544	11171
21545	11171
21546	11171
21547	11171
21548	11171
21549	11170
21550	11170
21551	11170
21552	11170
21553	11170
21554	11171
21555	11171
21556	11172
21557	11172
21558	11174
21559	11174
21560	11176
21561	11176
21562	11175
21563	11174
21564	11174
21565	11173
21566	11173
21567	11173
21568	11173
21569	11172
21570	11173
21571	11175
21572	11175
21573	11175
21574	11177
21575	11177
21576	11179
21577	11179
21578	11178
21579	11178
21580	11178
21581	11178
21582	11178
21583	11178
21584	11180
21585	11180
21586	11182
21587	11182
21588	11184
21589	11184
21590	11183
21591	11183
21592	11183
21593	11183
21594	11182
21595	11184
21596	11184
21597	11186
21598	11188
21599	11188
21600	11190
21601	11192
21602	11191
21603	11192
21604	11192
21605	11192
21606	11191
21607	11191
21608	11191
21609	11193
21610	11193
21611	11192
21612	11192
21613	11192
21614	11192
21615	11192
21616	11191
21617	11190
21618	11190
21619	11190
21620	11190
21621	11189
21622	11188
21623	11188
21624	11188
21625	11187
21626	11187
21627	11189
21628	11189
21629	11188
21630	11188
21631	11189
21632	11189
21633	11191
21634	11191
21635	11193
21636	11195
21637	11196
21638	11196
21639	11196
21640	11198
21641	11198
21642	11198
21643	11198
21644	11197
21645	11197
21646	11197
21647	11197
21648	11197
21649	11198
21650	11198
21651	11198
21652	11198
21653	11197
21654	11199
21655	11198
21656	11198
21657	11198
21658	11198
21659	11198
21660	11200
21661	11200
21662	11200
21663	11200
21664	11200
21665	11199
21666	11198
21667	11197
21668	11199
21669	11198
21670	11198
21671	11197
21672	11196
21673	11196
21674	11196
21675	11196
21676	11197
21677	11196
21678	11196
21679	11197
21680	11197
21681	11199
21682	11199
21683	11200
21684	11200
21685	11202
21686	11201
21687	11201
21688	11200
21689	11200
21690	11200
21691	11202
21692	11202
21693	11202
21694	11201
21695	11201
21696	11200
21697	11200
21698	11200
21699	11200
21700	11199
21701	11200
21702	11200
21703	11202
21704	11202
21705	11204
21706	11204
21707	11206
21708	11205
21709	11205
21710	11204
21711	11204
21712	11204
21713	11204
21714	11204
21715	11205
21716	11205
21717	11206
21718	11207
21719	11207
21720	11207
21721	11209
21722	11209
21723	11211
21724	11211
21725	11212
21726	11212
21727	11212
21728	11212
21729	11212
21730	11211
21731	11211
21732	11211
21733	11210
21734	11210
21735	11209
21736	11208
21737	11207
21738	11207
21739	11207
21740	11207
21741	11207
21742	11207
21743	11207
21744	11206
21745	11205
21746	11205
21747	11205
21748	11207
21749	11206
21750	11206
21751	11206
21752	11205
21753	11207
21754	11207
21755	11207
21756	11207
21757	11207
21758	11207
21759	11207
21760	11208
21761	11208
21762	11208
21763	11208
21764	11208
21765	11208
21766	11208
21767	11209
21768	11209
21769	11211
21770	11210
21771	11209
21772	11210
21773	11212
21774	11212
21775	11213
21776	11213
21777	11214
21778	11214
21779	11214
21780	11213
21781	11212
21782	11212
21783	11212
21784	11212
21785	11214
21786	11214
21787	11216
21788	11215
21789	11216
21790	11216
21791	11218
21792	11218
21793	11220
21794	11219
21795	11219
21796	11219
21797	11218
21798	11217
21799	11217
21800	11217
21801	11217
21802	11218
21803	11220
21804	11220
21805	11220
21806	11220
21807	11221
21808	11221
21809	11220
21810	11220
21811	11220
21812	11220
21813	11220
21814	11219
21815	11219
21816	11220
21817	11220
21818	11221
21819	11220
21820	11220
21821	11219
21822	11221
21823	11220
21824	11220
21825	11220
21826	11220
21827	11220
21828	11220
21829	11220
21830	11219
21831	11218
21832	11218
21833	11218
21834	11218
21835	11218
21836	11217
21837	11216
21838	11215
21839	11215
21840	11214
21841	11216
21842	11216
21843	11216
21844	11216
21845	11215
21846	11214
21847	11214
21848	11213
21849	11213
21850	11212
21851	11212
21852	11213
21853	11213
21854	11214
21855	11214
21856	11215
21857	11215
21858	11216
21859	11216
21860	11216
21861	11216
21862	11216
21863	11216
21864	11216
21865	11215
21866	11214
21867	11215
21868	11215
21869	11215
21870	11215
21871	11215
21872	11217
21873	11218
21874	11218
21875	11220
21876	11220
21877	11220
21878	11222
21879	11222
21880	11223
21881	11223
21882	11225
21883	11225
21884	11226
21885	11226
21886	11227
21887	11226
21888	11226
21889	11226
21890	11226
21891	11226
21892	11226
21893	11227
21894	11227
21895	11227
21896	11229
21897	11229
21898	11230
21899	11229
21900	11229
21901	11229
21902	11229
21903	11228
21904	11228
21905	11228
21906	11229
21907	11229
21908	11228
21909	11228
21910	11228
21911	11228
21912	11228
21913	11228
21914	11228
21915	11228
21916	11228
21917	11228
21918	11228
21919	11229
21920	11230
21921	11230
21922	11232
21923	11232
21924	11232
21925	11232
21926	11234
21927	11234
21928	11233
21929	11233
21930	11233
21931	11232
21932	11232
21933	11234
21934	11233
21935	11232
21936	11232
21937	11234
21938	11234
21939	11235
21940	11235
21941	11237
21942	11238
21943	11238
21944	11238
21945	11238
21946	11240
21947	11241
21948	11241
21949	11241
21950	11241
21951	11241
21952	11240
21953	11240
21954	11240
21955	11241
21956	11241
21957	11241
21958	11241
21959	11241
21960	11241
21961	11240
21962	11242
21963	11242
21964	11242
21965	11242
21966	11242
21967	11242
21968	11242
21969	11242
21970	11242
21971	11244
21972	11244
21973	11245
21974	11245
21975	11246
21976	11246
21977	11246
21978	11245
21979	11245
21980	11244
21981	11244
21982	11246
21983	11246
21984	11245
21985	11245
21986	11246
21987	11246
21988	11246
21989	11246
21990	11246
21991	11246
21992	11246
21993	11246
21994	11246
21995	11246
21996	11245
21997	11245
21998	11247
21999	11247
22000	11247
22001	11249
22002	11249
22003	11249
22004	11249
22005	11249
22006	11248
22007	11249
22008	11249
22009	11248
22010	11248
22011	11248
22012	11250
22013	11250
22014	11250
22015	11250
22016	11250
22017	11252
22018	11252
22019	11254
22020	11254
22021	11254
22022	11254
22023	11256
22024	11256
22025	11256
22026	11256
22027	11255
22028	11255
22029	11255
22030	11255
22031	11254
22032	11254
22033	11254
22034	11254
22035	11254
22036	11254
22037	11255
22038	11255
22039	11255
22040	11255
22041	11255
22042	11256
22043	11255
22044	11256
22045	11256
22046	11257
22047	11257
22048	11257
22049	11257
22050	11258
22051	11258
22052	11260
22053	11260
22054	11259
22055	11259
22056	11259
22057	11259
22058	11259
22059	11259
22060	11261
22061	11261
22062	11260
22063	11260
22064	11260
22065	11259
22066	11259
22067	11259
22068	11260
22069	11260
22070	11260
22071	11260
22072	11260
22073	11262
22074	11262
22075	11262
22076	11262
22077	11262
22078	11262
22079	11261
22080	11261
22081	11262
22082	11262
22083	11263
22084	11263
22085	11264
22086	11264
22087	11264
22088	11265
22089	11264
22090	11265
22091	11264
22092	11264
22093	11264
22094	11264
22095	11264
22096	11264
22097	11264
22098	11263
22099	11264
22100	11264
22101	11266
22102	11266
22103	11268
22104	11268
22105	11268
22106	11268
22107	11268
22108	11268
22109	11268
22110	11268
22111	11268
22112	11268
22113	11270
22114	11270
22115	11272
22116	11272
22117	11271
22118	11271
22119	11272
22120	11272
22121	11273
22122	11273
22123	11274
22124	11273
22125	11273
22126	11275
22127	11275
22128	11274
22129	11273
22130	11273
22131	11272
22132	11271
22133	11273
22134	11273
22135	11274
22136	11274
22137	11275
22138	11275
22139	11277
22140	11277
22141	11276
22142	11276
22143	11275
22144	11274
22145	11273
22146	11273
22147	11273
22148	11273
22149	11275
22150	11275
22151	11274
22152	11275
22153	11275
22154	11276
22155	11276
22156	11275
22157	11275
22158	11275
22159	11275
22160	11275
22161	11277
22162	11277
22163	11277
22164	11277
22165	11276
22166	11276
22167	11276
22168	11276
22169	11276
22170	11276
22171	11277
22172	11277
22173	11279
22174	11279
22175	11281
22176	11281
22177	11282
22178	11281
22179	11281
22180	11281
22181	11281
22182	11282
22183	11281
22184	11281
22185	11281
22186	11281
22187	11281
22188	11283
22189	11283
22190	11283
22191	11282
22192	11281
22193	11281
22194	11281
22195	11281
22196	11280
22197	11279
22198	11278
22199	11277
22200	11277
22201	11277
22202	11277
22203	11279
22204	11279
22205	11279
22206	11278
22207	11278
22208	11278
22209	11278
22210	11280
22211	11280
22212	11281
22213	11281
22214	11282
22215	11284
22216	11284
22217	11284
22218	11284
22219	11286
22220	11286
22221	11288
22222	11288
22223	11288
22224	11288
22225	11288
22226	11287
22227	11287
22228	11287
22229	11289
22230	11289
22231	11289
22232	11288
22233	11288
22234	11288
22235	11287
22236	11289
22237	11289
22238	11289
22239	11289
22240	11289
22241	11289
22242	11291
22243	11291
22244	11290
22245	11290
22246	11290
22247	11290
22248	11290
22249	11290
22250	11291
22251	11291
22252	11292
22253	11292
22254	11293
22255	11293
22256	11295
22257	11295
22258	11297
22259	11297
22260	11297
22261	11296
22262	11296
22263	11296
22264	11296
22265	11296
22266	11298
22267	11298
22268	11298
22269	11298
22270	11298
22271	11298
22272	11298
22273	11299
22274	11299
22275	11300
22276	11302
22277	11301
22278	11303
22279	11302
22280	11302
22281	11304
22282	11304
22283	11303
22284	11303
22285	11303
22286	11303
22287	11303
22288	11303
22289	11305
22290	11305
22291	11306
22292	11306
22293	11306
22294	11306
22295	11306
22296	11306
22297	11306
22298	11305
22299	11307
22300	11307
22301	11307
22302	11307
22303	11306
22304	11306
22305	11305
22306	11307
22307	11307
22308	11306
22309	11306
22310	11305
22311	11304
22312	11306
22313	11306
22314	11305
22315	11305
22316	11304
22317	11304
22318	11306
22319	11305
22320	11305
22321	11304
22322	11304
22323	11304
22324	11304
22325	11303
22326	11304
22327	11303
22328	11303
22329	11302
22330	11302
22331	11302
22332	11301
22333	11301
22334	11302
22335	11303
22336	11303
22337	11304
22338	11304
22339	11304
22340	11304
22341	11304
22342	11304
22343	11303
22344	11303
22345	11303
22346	11304
22347	11304
22348	11305
22349	11307
22350	11307
22351	11307
22352	11306
22353	11305
22354	11305
22355	11305
22356	11304
22357	11303
22358	11303
22359	11304
22360	11304
22361	11306
22362	11306
22363	11308
22364	11307
22365	11306
22366	11306
22367	11305
22368	11305
22369	11305
22370	11307
22371	11309
22372	11309
22373	11309
22374	11311
22375	11311
22376	11312
22377	11311
22378	11311
22379	11311
22380	11311
22381	11311
22382	11311
22383	11310
22384	11310
22385	11311
22386	11311
22387	11313
22388	11313
22389	11314
22390	11314
22391	11313
22392	11312
22393	11312
22394	11312
22395	11314
22396	11314
22397	11315
22398	11317
22399	11317
22400	11318
22401	11317
22402	11316
22403	11316
22404	11316
22405	11315
22406	11315
22407	11315
22408	11315
22409	11314
22410	11313
22411	11314
22412	11314
22413	11314
22414	11313
22415	11312
22416	11312
22417	11314
22418	11314
22419	11314
22420	11314
22421	11314
22422	11314
22423	11314
22424	11313
22425	11313
22426	11312
22427	11312
22428	11314
22429	11314
22430	11313
22431	11313
22432	11313
22433	11313
22434	11315
22435	11315
22436	11316
22437	11316
22438	11316
22439	11315
22440	11315
22441	11315
22442	11315
22443	11315
22444	11315
22445	11315
22446	11315
22447	11314
22448	11313
22449	11313
22450	11313
22451	11314
22452	11314
22453	11314
22454	11316
22455	11316
22456	11317
22457	11317
22458	11319
22459	11318
22460	11320
22461	11320
22462	11321
22463	11321
22464	11321
22465	11321
22466	11321
22467	11321
22468	11321
22469	11321
22470	11321
22471	11321
22472	11321
22473	11321
22474	11321
22475	11323
22476	11322
22477	11322
22478	11322
22479	11322
22480	11322
22481	11322
22482	11322
22483	11323
22484	11325
22485	11326
22486	11326
22487	11327
22488	11329
22489	11329
22490	11330
22491	11330
22492	11331
22493	11331
22494	11333
22495	11333
22496	11333
22497	11332
22498	11332
22499	11332
22500	11332
22501	11332
22502	11331
22503	11331
22504	11331
22505	11331
22506	11332
22507	11332
22508	11332
22509	11332
22510	11332
22511	11332
22512	11332
22513	11334
22514	11333
22515	11333
22516	11333
22517	11332
22518	11332
22519	11332
22520	11334
22521	11334
22522	11335
22523	11335
22524	11336
22525	11336
22526	11337
22527	11337
22528	11336
22529	11336
22530	11336
22531	11336
22532	11336
22533	11336
22534	11336
22535	11335
22536	11337
22537	11336
22538	11337
22539	11337
22540	11339
22541	11339
22542	11341
22543	11341
22544	11341
22545	11340
22546	11340
22547	11340
22548	11340
22549	11340
22550	11340
22551	11342
22552	11342
22553	11342
22554	11341
22555	11341
22556	11343
22557	11344
22558	11344
22559	11346
22560	11346
22561	11346
22562	11348
22563	11348
22564	11350
22565	11350
22566	11349
22567	11350
22568	11349
22569	11349
22570	11349
22571	11351
22572	11351
22573	11350
22574	11350
22575	11350
22576	11350
22577	11350
22578	11350
22579	11350
22580	11349
22581	11351
22582	11351
22583	11351
22584	11353
22585	11352
22586	11351
22587	11350
22588	11350
22589	11350
22590	11350
22591	11350
22592	11351
22593	11351
22594	11353
22595	11353
22596	11355
22597	11355
22598	11357
22599	11357
22600	11356
22601	11356
22602	11356
22603	11355
22604	11355
22605	11355
22606	11354
22607	11354
22608	11354
22609	11353
22610	11355
22611	11355
22612	11355
22613	11355
22614	11355
22615	11355
22616	11357
22617	11357
22618	11356
22619	11356
22620	11356
22621	11355
22622	11355
22623	11355
22624	11354
22625	11353
22626	11352
22627	11352
22628	11353
22629	11352
22630	11352
22631	11352
22632	11352
22633	11354
22634	11354
22635	11355
22636	11355
22637	11356
22638	11357
22639	11359
22640	11359
22641	11361
22642	11361
22643	11361
22644	11361
22645	11361
22646	11360
22647	11360
22648	11360
22649	11360
22650	11362
22651	11362
22652	11362
22653	11361
22654	11361
22655	11361
22656	11361
22657	11361
22658	11361
22659	11361
22660	11361
22661	11361
22662	11360
22663	11360
22664	11360
22665	11362
22666	11362
22667	11363
22668	11363
22669	11365
22670	11365
22671	11367
22672	11367
22673	11369
22674	11369
22675	11371
22676	11371
22677	11370
22678	11370
22679	11370
22680	11370
22681	11370
22682	11371
22683	11370
22684	11370
22685	11370
22686	11370
22687	11370
22688	11372
22689	11372
22690	11374
22691	11374
22692	11374
22693	11374
22694	11374
22695	11373
22696	11372
22697	11371
22698	11371
22699	11371
22700	11370
22701	11370
22702	11369
22703	11370
22704	11370
22705	11371
22706	11373
22707	11373
22708	11375
22709	11374
22710	11375
22711	11375
22712	11376
22713	11375
22714	11375
22715	11374
22716	11374
22717	11374
22718	11374
22719	11374
22720	11374
22721	11376
22722	11376
22723	11376
22724	11377
22725	11376
22726	11378
22727	11378
22728	11377
22729	11377
22730	11379
22731	11378
22732	11377
22733	11377
22734	11377
22735	11377
22736	11377
22737	11377
22738	11377
22739	11377
22740	11379
22741	11379
22742	11379
22743	11379
22744	11378
22745	11378
22746	11377
22747	11377
22748	11377
22749	11376
22750	11376
22751	11375
22752	11376
22753	11376
22754	11376
22755	11376
22756	11375
22757	11375
22758	11375
22759	11376
22760	11375
22761	11375
22762	11375
22763	11375
22764	11374
22765	11374
22766	11374
22767	11376
22768	11376
22769	11376
22770	11375
22771	11375
22772	11375
22773	11375
22774	11375
22775	11376
22776	11375
22777	11375
22778	11374
22779	11375
22780	11375
22781	11376
22782	11376
22783	11378
22784	11378
22785	11378
22786	11377
22787	11376
22788	11375
22789	11375
22790	11375
22791	11375
22792	11375
22793	11375
22794	11375
22795	11375
22796	11374
22797	11375
22798	11375
22799	11375
22800	11375
22801	11375
22802	11375
22803	11375
22804	11377
22805	11377
22806	11377
22807	11377
22808	11377
22809	11377
22810	11377
22811	11376
22812	11377
22813	11376
22814	11377
22815	11377
22816	11378
22817	11378
22818	11380
22819	11381
22820	11381
22821	11383
22822	11383
22823	11384
22824	11384
22825	11383
22826	11383
22827	11383
22828	11383
22829	11383
22830	11383
22831	11384
22832	11383
22833	11382
22834	11381
22835	11381
22836	11381
22837	11380
22838	11380
22839	11379
22840	11379
22841	11379
22842	11379
22843	11379
22844	11379
22845	11381
22846	11380
22847	11380
22848	11380
22849	11379
22850	11379
22851	11380
22852	11380
22853	11380
22854	11380
22855	11380
22856	11380
22857	11380
22858	11382
22859	11381
22860	11381
22861	11381
22862	11381
22863	11380
22864	11381
22865	11382
22866	11382
22867	11384
22868	11384
22869	11383
22870	11383
22871	11383
22872	11383
22873	11383
22874	11383
22875	11383
22876	11383
22877	11383
22878	11382
22879	11382
22880	11381
22881	11381
22882	11381
22883	11381
22884	11382
22885	11382
22886	11382
22887	11382
22888	11384
22889	11384
22890	11384
22891	11384
22892	11383
22893	11382
22894	11381
22895	11381
22896	11381
22897	11382
22898	11382
22899	11383
22900	11383
22901	11384
22902	11384
22903	11384
22904	11386
22905	11387
22906	11387
22907	11388
22908	11388
22909	11388
22910	11388
22911	11388
22912	11389
22913	11391
22914	11391
22915	11391
22916	11391
22917	11391
22918	11390
22919	11390
22920	11390
22921	11390
22922	11390
22923	11392
22924	11392
22925	11392
22926	11393
22927	11393
22928	11395
22929	11395
22930	11395
22931	11395
22932	11397
22933	11396
22934	11396
22935	11396
22936	11395
22937	11395
22938	11395
22939	11395
22940	11397
22941	11397
22942	11396
22943	11396
22944	11396
22945	11396
22946	11396
22947	11395
22948	11395
22949	11394
22950	11394
22951	11393
22952	11393
22953	11393
22954	11393
22955	11392
22956	11391
22957	11391
22958	11392
22959	11392
22960	11394
22961	11396
22962	11396
22963	11396
22964	11395
22965	11395
22966	11394
22967	11394
22968	11393
22969	11393
22970	11393
22971	11393
22972	11393
22973	11393
22974	11393
22975	11393
22976	11392
22977	11392
22978	11392
22979	11392
22980	11392
22981	11394
22982	11394
22983	11394
22984	11394
22985	11394
22986	11394
22987	11394
22988	11394
22989	11395
22990	11395
22991	11396
22992	11396
22993	11397
22994	11397
22995	11399
22996	11399
22997	11400
22998	11400
22999	11400
23000	11400
23001	11400
23002	11400
23003	11400
23004	11400
23005	11402
23006	11402
23007	11402
23008	11401
23009	11401
23010	11401
23011	11401
23012	11403
23013	11403
23014	11403
23015	11403
23016	11403
23017	11403
23018	11403
23019	11403
23020	11403
23021	11403
23022	11405
23023	11404
23024	11404
23025	11404
23026	11404
23027	11404
23028	11405
23029	11405
23030	11404
23031	11404
23032	11404
23033	11405
23034	11405
23035	11406
23036	11408
23037	11408
23038	11409
23039	11408
23040	11408
23041	11408
23042	11408
23043	11409
23044	11409
23045	11409
23046	11411
23047	11411
23048	11411
23049	11411
23050	11411
23051	11411
23052	11410
23053	11409
23054	11409
23055	11409
23056	11411
23057	11411
23058	11412
23059	11412
23060	11413
23061	11412
23062	11412
23063	11412
23064	11412
23065	11412
23066	11413
23067	11413
23068	11413
23069	11414
23070	11413
23071	11413
23072	11415
23073	11417
23074	11417
23075	11419
23076	11419
23077	11418
23078	11418
23079	11418
23080	11418
23081	11418
23082	11418
23083	11418
23084	11418
23085	11420
23086	11419
23087	11421
23088	11421
23089	11423
23090	11423
23091	11423
23092	11423
23093	11422
23094	11421
23095	11421
23096	11423
23097	11422
23098	11421
23099	11421
23100	11421
23101	11421
23102	11421
23103	11423
23104	11423
23105	11423
23106	11422
23107	11422
23108	11422
23109	11422
23110	11422
23111	11421
23112	11421
23113	11421
23114	11421
23115	11421
23116	11422
23117	11422
23118	11423
23119	11422
23120	11422
23121	11422
23122	11422
23123	11422
23124	11423
23125	11423
23126	11423
23127	11422
23128	11422
23129	11421
23130	11420
23131	11421
23132	11420
23133	11419
23134	11418
23135	11417
23136	11417
23137	11416
23138	11416
23139	11417
23140	11416
23141	11417
23142	11418
23143	11417
23144	11417
23145	11417
23146	11417
23147	11416
23148	11416
23149	11416
23150	11416
23151	11418
23152	11418
23153	11420
23154	11420
23155	11420
23156	11420
23157	11420
23158	11419
23159	11419
23160	11419
23161	11419
23162	11418
23163	11419
23164	11419
23165	11419
23166	11419
23167	11421
23168	11421
23169	11421
23170	11421
23171	11421
23172	11423
23173	11423
23174	11424
23175	11424
23176	11426
23177	11426
23178	11425
23179	11425
23180	11425
23181	11425
23182	11425
23183	11425
23184	11427
23185	11427
23186	11427
23187	11427
23188	11427
23189	11427
23190	11427
23191	11429
23192	11428
23193	11427
23194	11427
23195	11427
23196	11426
23197	11425
23198	11425
23199	11425
23200	11425
23201	11425
23202	11425
23203	11425
23204	11425
23205	11427
23206	11427
23207	11427
23208	11427
23209	11427
23210	11427
23211	11427
23212	11429
23213	11429
23214	11428
23215	11428
23216	11428
23217	11427
23218	11427
23219	11426
23220	11425
23221	11425
23222	11425
23223	11426
23224	11426
23225	11427
23226	11427
23227	11428
23228	11427
23229	11429
23230	11430
23231	11429
23232	11430
23233	11430
23234	11430
23235	11430
23236	11429
23237	11429
23238	11429
23239	11429
23240	11431
23241	11431
23242	11432
23243	11431
23244	11431
23245	11430
23246	11430
23247	11429
23248	11429
23249	11428
23250	11428
23251	11427
23252	11427
23253	11427
23254	11427
23255	11429
23256	11429
23257	11428
23258	11430
23259	11430
23260	11430
23261	11429
23262	11429
23263	11429
23264	11429
23265	11429
23266	11429
23267	11431
23268	11433
23269	11433
23270	11435
23271	11435
23272	11435
23273	11435
23274	11435
23275	11434
23276	11434
23277	11434
23278	11434
23279	11435
23280	11434
23281	11435
23282	11435
23283	11437
23284	11437
23285	11438
23286	11438
23287	11440
23288	11440
23289	11442
23290	11441
23291	11441
23292	11441
23293	11440
23294	11439
23295	11439
23296	11439
23297	11438
23298	11440
23299	11440
23300	11440
23301	11441
23302	11441
23303	11443
23304	11442
23305	11441
23306	11441
23307	11441
23308	11441
23309	11443
23310	11443
23311	11443
23312	11443
23313	11442
23314	11442
23315	11442
23316	11442
23317	11442
23318	11443
23319	11443
23320	11444
23321	11446
23322	11446
23323	11448
23324	11448
23325	11449
23326	11448
23327	11448
23328	11449
23329	11449
23330	11449
23331	11449
23332	11448
23333	11447
23334	11446
23335	11446
23336	11445
23337	11444
23338	11444
23339	11443
23340	11443
23341	11443
23342	11442
23343	11442
23344	11442
23345	11442
23346	11442
23347	11442
23348	11441
23349	11440
23350	11440
23351	11442
23352	11442
23353	11441
23354	11441
23355	11440
23356	11442
23357	11442
23358	11442
23359	11442
23360	11442
23361	11442
23362	11442
23363	11443
23364	11443
23365	11445
23366	11444
23367	11445
23368	11444
23369	11446
23370	11446
23371	11447
23372	11447
23373	11447
23374	11447
23375	11447
23376	11447
23377	11447
23378	11447
23379	11448
23380	11447
23381	11447
23382	11446
23383	11448
23384	11448
23385	11449
23386	11449
23387	11450
23388	11450
23389	11450
23390	11449
23391	11449
23392	11448
23393	11448
23394	11447
23395	11449
23396	11449
23397	11451
23398	11451
23399	11452
23400	11452
23401	11451
23402	11451
23403	11450
23404	11450
23405	11450
23406	11450
23407	11450
23408	11452
23409	11452
23410	11454
23411	11454
23412	11456
23413	11455
23414	11457
23415	11456
23416	11456
23417	11456
23418	11455
23419	11454
23420	11454
23421	11453
23422	11454
23423	11454
23424	11453
23425	11453
23426	11454
23427	11453
23428	11453
23429	11452
23430	11452
23431	11452
23432	11451
23433	11453
23434	11452
23435	11452
23436	11452
23437	11451
23438	11451
23439	11451
23440	11451
23441	11451
23442	11450
23443	11449
23444	11449
23445	11448
23446	11447
23447	11449
23448	11449
23449	11449
23450	11449
23451	11448
23452	11448
23453	11448
23454	11447
23455	11447
23456	11448
23457	11447
23458	11446
23459	11445
23460	11444
23461	11445
23462	11447
23463	11447
23464	11449
23465	11449
23466	11448
23467	11448
23468	11450
23469	11449
23470	11449
23471	11448
23472	11448
23473	11448
23474	11448
23475	11448
23476	11450
23477	11450
23478	11450
23479	11449
23480	11449
23481	11449
23482	11449
23483	11451
23484	11451
23485	11451
23486	11453
23487	11453
23488	11452
23489	11451
23490	11450
23491	11450
23492	11450
23493	11450
23494	11450
23495	11452
23496	11451
23497	11453
23498	11455
23499	11455
23500	11456
23501	11456
23502	11456
23503	11455
23504	11454
23505	11453
23506	11454
23507	11454
23508	11454
23509	11453
23510	11453
23511	11452
23512	11451
23513	11450
23514	11449
23515	11448
23516	11448
23517	11447
23518	11447
23519	11446
23520	11445
23521	11445
23522	11445
23523	11447
23524	11447
23525	11448
23526	11448
23527	11450
23528	11449
23529	11451
23530	11451
23531	11453
23532	11453
23533	11455
23534	11456
23535	11456
23536	11456
23537	11456
23538	11455
23539	11455
23540	11454
23541	11454
23542	11454
23543	11456
23544	11455
23545	11455
23546	11455
23547	11455
23548	11455
23549	11456
23550	11456
23551	11456
23552	11455
23553	11455
23554	11456
23555	11456
23556	11456
23557	11456
23558	11456
23559	11455
23560	11454
23561	11456
23562	11456
23563	11455
23564	11454
23565	11454
23566	11454
23567	11454
23568	11454
23569	11454
23570	11453
23571	11453
23572	11453
23573	11452
23574	11453
23575	11452
23576	11452
23577	11452
23578	11452
23579	11453
23580	11454
23581	11454
23582	11456
23583	11456
23584	11456
23585	11455
23586	11454
23587	11453
23588	11452
23589	11452
23590	11452
23591	11453
23592	11453
23593	11454
23594	11454
23595	11454
23596	11454
23597	11455
23598	11455
23599	11454
23600	11453
23601	11453
23602	11453
23603	11453
23604	11453
23605	11453
23606	11454
23607	11456
23608	11456
23609	11455
23610	11456
23611	11456
23612	11455
23613	11455
23614	11454
23615	11454
23616	11454
23617	11454
23618	11454
23619	11456
23620	11456
23621	11457
23622	11457
23623	11458
23624	11457
23625	11457
23626	11457
23627	11456
23628	11456
23629	11456
23630	11456
23631	11456
23632	11456
23633	11456
23634	11456
23635	11457
23636	11457
23637	11459
23638	11459
23639	11459
23640	11458
23641	11458
23642	11458
23643	11458
23644	11457
23645	11457
23646	11459
23647	11459
23648	11459
23649	11459
23650	11459
23651	11459
23652	11460
23653	11459
23654	11460
23655	11460
23656	11460
23657	11459
23658	11458
23659	11457
23660	11458
23661	11458
23662	11458
23663	11458
23664	11458
23665	11458
23666	11459
23667	11459
23668	11459
23669	11458
23670	11458
23671	11458
23672	11458
23673	11457
23674	11457
23675	11457
23676	11459
23677	11459
23678	11459
23679	11461
23680	11461
23681	11463
23682	11463
23683	11464
23684	11464
23685	11466
23686	11467
23687	11467
23688	11467
23689	11467
23690	11467
23691	11467
23692	11467
23693	11466
23694	11465
23695	11465
23696	11465
23697	11466
23698	11466
23699	11466
23700	11466
23701	11466
23702	11465
23703	11464
23704	11466
23705	11466
23706	11466
23707	11466
23708	11466
23709	11466
23710	11466
23711	11466
23712	11465
23713	11466
23714	11466
23715	11468
23716	11468
23717	11467
23718	11467
23719	11469
23720	11469
23721	11471
23722	11471
23723	11470
23724	11470
23725	11470
23726	11469
23727	11469
23728	11468
23729	11468
23730	11467
23731	11467
23732	11466
23733	11466
23734	11466
23735	11467
23736	11466
23737	11465
23738	11465
23739	11465
23740	11464
23741	11465
23742	11465
23743	11465
23744	11464
23745	11465
23746	11464
23747	11465
23748	11465
23749	11467
23750	11467
23751	11469
23752	11469
23753	11469
23754	11468
23755	11468
23756	11468
23757	11468
23758	11468
23759	11468
23760	11468
23761	11468
23762	11467
23763	11469
23764	11469
23765	11468
23766	11467
23767	11466
23768	11466
23769	11466
23770	11467
23771	11467
23772	11466
23773	11466
23774	11465
23775	11465
23776	11465
23777	11465
23778	11465
23779	11465
23780	11466
23781	11466
23782	11467
23783	11466
23784	11466
23785	11467
23786	11466
23787	11467
23788	11466
23789	11466
23790	11466
23791	11466
23792	11466
23793	11466
23794	11466
23795	11466
23796	11468
23797	11468
23798	11470
23799	11470
23800	11470
23801	11470
23802	11470
23803	11471
23804	11471
23805	11471
23806	11471
23807	11471
23808	11471
23809	11471
23810	11470
23811	11469
23812	11470
23813	11470
23814	11472
23815	11474
23816	11474
23817	11474
23818	11473
23819	11473
23820	11474
23821	11474
23822	11475
23823	11475
23824	11476
23825	11475
23826	11476
23827	11476
23828	11476
23829	11475
23830	11474
23831	11474
23832	11474
23833	11476
23834	11476
23835	11476
23836	11476
23837	11476
23838	11475
23839	11475
23840	11475
23841	11477
23842	11477
23843	11476
23844	11477
23845	11477
23846	11479
23847	11478
23848	11477
23849	11476
23850	11475
23851	11474
23852	11473
23853	11474
23854	11473
23855	11475
23856	11475
23857	11477
23858	11477
23859	11476
23860	11475
23861	11475
23862	11475
23863	11475
23864	11477
23865	11477
23866	11476
23867	11476
23868	11476
23869	11475
23870	11475
23871	11475
23872	11475
23873	11475
23874	11475
23875	11475
23876	11474
23877	11473
23878	11472
23879	11472
23880	11471
23881	11471
23882	11471
23883	11471
23884	11471
23885	11471
23886	11471
23887	11470
23888	11470
23889	11470
23890	11472
23891	11472
23892	11473
23893	11473
23894	11474
23895	11473
23896	11475
23897	11474
23898	11476
23899	11476
23900	11476
23901	11478
23902	11478
23903	11478
23904	11478
23905	11477
23906	11477
23907	11477
23908	11477
23909	11479
23910	11479
23911	11479
23912	11479
23913	11479
23914	11478
23915	11480
23916	11480
23917	11480
23918	11479
23919	11481
23920	11481
23921	11481
23922	11481
23923	11481
23924	11481
23925	11481
23926	11482
23927	11482
23928	11483
23929	11483
23930	11485
23931	11485
23932	11487
23933	11486
23934	11488
23935	11487
23936	11487
23937	11486
23938	11486
23939	11486
23940	11486
23941	11486
23942	11487
23943	11487
23944	11487
23945	11487
23946	11487
23947	11487
23948	11489
23949	11489
23950	11489
23951	11488
23952	11490
23953	11490
23954	11490
23955	11489
23956	11488
23957	11488
23958	11487
23959	11488
23960	11488
23961	11489
23962	11489
23963	11490
23964	11492
23965	11492
23966	11493
23967	11493
23968	11495
23969	11495
23970	11494
23971	11494
23972	11494
23973	11494
23974	11494
23975	11494
23976	11496
23977	11496
23978	11496
23979	11496
23980	11496
23981	11496
23982	11498
23983	11498
23984	11498
23985	11498
23986	11497
23987	11496
23988	11495
23989	11494
23990	11494
23991	11493
23992	11492
23993	11492
23994	11494
23995	11494
23996	11493
23997	11493
23998	11492
23999	11492
24000	11491
24001	11492
24002	11492
24003	11491
24004	11491
24005	11491
24006	11490
24007	11490
24008	11490
24009	11490
24010	11490
24011	11490
24012	11490
24013	11492
24014	11491
24015	11490
24016	11490
24017	11490
24018	11492
24019	11493
24020	11493
24021	11495
24022	11495
24023	11495
24024	11495
24025	11495
24026	11495
24027	11495
24028	11495
24029	11494
24030	11496
24031	11495
24032	11496
24033	11496
24034	11498
24035	11498
24036	11500
24037	11500
24038	11502
24039	11502
24040	11502
24041	11501
24042	11501
24043	11501
24044	11500
24045	11500
24046	11500
24047	11500
24048	11500
24049	11502
24050	11502
24051	11504
24052	11503
24053	11502
24054	11502
24055	11501
24056	11501
24057	11501
24058	11501
24059	11501
24060	11503
24061	11502
24062	11504
24063	11504
24064	11504
24065	11503
24066	11505
24067	11505
24068	11506
24069	11508
24070	11508
24071	11510
24072	11510
24073	11510
24074	11509
24075	11509
24076	11509
24077	11508
24078	11508
24079	11508
24080	11508
24081	11507
24082	11507
24083	11507
24084	11506
24085	11505
24086	11507
24087	11507
24088	11507
24089	11506
24090	11505
24091	11505
24092	11507
24093	11507
24094	11507
24095	11507
24096	11507
24097	11507
24098	11507
24099	11507
24100	11506
24101	11505
24102	11504
24103	11504
24104	11505
24105	11505
24106	11504
24107	11504
24108	11504
24109	11506
24110	11506
24111	11507
24112	11507
24113	11508
24114	11510
24115	11510
24116	11510
24117	11512
24118	11512
24119	11512
24120	11512
24121	11512
24122	11511
24123	11511
24124	11511
24125	11510
24126	11510
24127	11510
24128	11510
24129	11510
24130	11512
24131	11512
24132	11512
24133	11512
24134	11512
24135	11512
24136	11512
24137	11511
24138	11511
24139	11513
24140	11512
24141	11514
24142	11514
24143	11515
24144	11517
24145	11517
24146	11518
24147	11518
24148	11520
24149	11520
24150	11522
24151	11521
24152	11521
24153	11521
24154	11521
24155	11521
24156	11521
24157	11523
24158	11523
24159	11524
24160	11523
24161	11523
24162	11523
24163	11523
24164	11523
24165	11525
24166	11525
24167	11525
24168	11525
24169	11524
24170	11524
24171	11523
24172	11523
24173	11523
24174	11523
24175	11523
24176	11522
24177	11521
24178	11521
24179	11521
24180	11520
24181	11520
24182	11520
24183	11520
24184	11520
24185	11520
24186	11520
24187	11522
24188	11522
24189	11521
24190	11522
24191	11523
24192	11523
24193	11524
24194	11524
24195	11523
24196	11525
24197	11525
24198	11527
24199	11527
24200	11529
24201	11529
24202	11530
24203	11530
24204	11531
24205	11531
24206	11530
24207	11530
24208	11530
24209	11530
24210	11530
24211	11529
24212	11531
24213	11531
24214	11531
24215	11532
24216	11532
24217	11533
24218	11533
24219	11532
24220	11531
24221	11531
24222	11530
24223	11529
24224	11528
24225	11528
24226	11528
24227	11527
24228	11527
24229	11529
24230	11529
24231	11531
24232	11530
24233	11530
24234	11529
24235	11530
24236	11529
24237	11530
24238	11531
24239	11530
24240	11530
24241	11530
24242	11529
24243	11529
24244	11529
24245	11528
24246	11528
24247	11528
24248	11528
24249	11528
24250	11529
24251	11528
24252	11527
24253	11527
24254	11527
24255	11526
24256	11526
24257	11526
24258	11525
24259	11524
24260	11523
24261	11522
24262	11524
24263	11523
24264	11523
24265	11522
24266	11521
24267	11521
24268	11523
24269	11523
24270	11524
24271	11526
24272	11526
24273	11525
24274	11526
24275	11526
24276	11526
24277	11526
24278	11526
24279	11526
24280	11525
24281	11527
24282	11527
24283	11528
24284	11528
24285	11528
24286	11527
24287	11527
24288	11527
24289	11527
24290	11527
24291	11527
24292	11527
24293	11527
24294	11527
24295	11527
24296	11526
24297	11525
24298	11525
24299	11526
24300	11526
24301	11526
24302	11528
24303	11528
24304	11528
24305	11528
24306	11528
24307	11528
24308	11528
24309	11530
24310	11530
24311	11529
24312	11529
24313	11529
24314	11528
24315	11528
24316	11528
24317	11529
24318	11531
24319	11531
24320	11532
24321	11533
24322	11535
24323	11535
24324	11536
24325	11536
24326	11538
24327	11538
24328	11537
24329	11537
24330	11537
24331	11537
24332	11537
24333	11537
24334	11538
24335	11538
24336	11538
24337	11538
24338	11538
24339	11538
24340	11538
24341	11538
24342	11540
24343	11540
24344	11539
24345	11539
24346	11538
24347	11539
24348	11539
24349	11538
24350	11538
24351	11537
24352	11537
24353	11536
24354	11538
24355	11538
24356	11539
24357	11539
24358	11540
24359	11540
24360	11541
24361	11541
24362	11540
24363	11540
24364	11540
24365	11540
24366	11542
24367	11541
24368	11541
24369	11542
24370	11541
24371	11543
24372	11543
24373	11545
24374	11544
24375	11544
24376	11543
24377	11543
24378	11543
24379	11543
24380	11543
24381	11543
24382	11543
24383	11545
24384	11545
24385	11545
24386	11545
24387	11545
24388	11544
24389	11543
24390	11543
24391	11542
24392	11542
24393	11542
24394	11541
24395	11542
24396	11541
24397	11541
24398	11540
24399	11539
24400	11539
24401	11539
24402	11540
24403	11540
24404	11541
24405	11540
24406	11541
24407	11543
24408	11542
24409	11543
24410	11543
24411	11545
24412	11545
24413	11546
24414	11545
24415	11544
24416	11544
24417	11544
24418	11544
24419	11544
24420	11544
24421	11544
24422	11543
24423	11542
24424	11541
24425	11540
24426	11542
24427	11542
24428	11542
24429	11542
24430	11542
24431	11542
24432	11542
24433	11542
24434	11544
24435	11544
24436	11544
24437	11544
24438	11543
24439	11543
24440	11543
24441	11543
24442	11543
24443	11542
24444	11543
24445	11543
24446	11543
24447	11543
24448	11543
24449	11543
24450	11543
24451	11542
24452	11543
24453	11543
24454	11544
24455	11545
24456	11544
24457	11546
24458	11547
24459	11547
24460	11549
24461	11549
24462	11548
24463	11548
24464	11547
24465	11546
24466	11546
24467	11545
24468	11546
24469	11545
24470	11545
24471	11547
24472	11547
24473	11546
24474	11547
24475	11548
24476	11548
24477	11549
24478	11548
24479	11547
24480	11546
24481	11546
24482	11546
24483	11547
24484	11547
24485	11546
24486	11545
24487	11545
24488	11545
24489	11545
24490	11545
24491	11544
24492	11543
24493	11543
24494	11543
24495	11543
24496	11544
24497	11544
24498	11544
24499	11544
24500	11544
24501	11544
24502	11544
24503	11546
24504	11546
24505	11545
24506	11545
24507	11545
24508	11544
24509	11543
24510	11543
24511	11543
24512	11545
24513	11544
24514	11543
24515	11543
24516	11543
24517	11542
24518	11543
24519	11544
24520	11543
24521	11545
24522	11545
24523	11545
24524	11545
24525	11544
24526	11543
24527	11543
24528	11543
24529	11543
24530	11543
24531	11543
24532	11543
24533	11543
24534	11542
24535	11542
24536	11541
24537	11540
24538	11540
24539	11541
24540	11541
24541	11542
24542	11542
24543	11543
24544	11543
24545	11542
24546	11542
24547	11542
24548	11541
24549	11541
24550	11541
24551	11542
24552	11542
24553	11542
24554	11544
24555	11544
24556	11544
24557	11546
24558	11546
24559	11547
24560	11547
24561	11548
24562	11548
24563	11548
24564	11549
24565	11551
24566	11551
24567	11550
24568	11550
24569	11550
24570	11550
24571	11549
24572	11549
24573	11549
24574	11549
24575	11549
24576	11549
24577	11551
24578	11551
24579	11551
24580	11552
24581	11552
24582	11554
24583	11554
24584	11556
24585	11555
24586	11555
24587	11555
24588	11555
24589	11554
24590	11554
24591	11554
24592	11556
24593	11556
24594	11556
24595	11555
24596	11555
24597	11555
24598	11554
24599	11553
24600	11552
24601	11552
24602	11552
24603	11551
24604	11551
24605	11550
24606	11549
24607	11548
24608	11548
24609	11548
24610	11549
24611	11549
24612	11551
24613	11551
24614	11550
24615	11550
24616	11550
24617	11549
24618	11551
24619	11551
24620	11550
24621	11550
24622	11550
24623	11550
24624	11550
24625	11550
24626	11552
24627	11552
24628	11551
24629	11551
24630	11551
24631	11551
24632	11551
24633	11551
24634	11551
24635	11551
24636	11551
24637	11551
24638	11551
24639	11551
24640	11552
24641	11552
24642	11553
24643	11553
24644	11552
24645	11553
24646	11555
24647	11555
24648	11556
24649	11556
24650	11556
24651	11555
24652	11555
24653	11555
24654	11555
24655	11555
24656	11554
24657	11554
24658	11554
24659	11554
24660	11554
24661	11554
24662	11554
24663	11554
24664	11554
24665	11554
24666	11553
24667	11554
24668	11553
24669	11553
24670	11553
24671	11553
24672	11553
24673	11554
24674	11553
24675	11555
24676	11555
24677	11555
24678	11555
24679	11554
24680	11554
24681	11554
24682	11553
24683	11554
24684	11553
24685	11554
24686	11556
24687	11555
24688	11555
24689	11554
24690	11554
24691	11554
24692	11553
24693	11553
24694	11552
24695	11552
24696	11554
24697	11554
24698	11555
24699	11555
24700	11556
24701	11556
24702	11556
24703	11555
24704	11555
24705	11555
24706	11556
24707	11558
24708	11558
24709	11558
24710	11558
24711	11558
24712	11557
24713	11557
24714	11557
24715	11557
24716	11558
24717	11558
24718	11559
24719	11559
24720	11558
24721	11558
24722	11560
24723	11562
24724	11562
24725	11564
24726	11564
24727	11564
24728	11563
24729	11563
24730	11563
24731	11563
24732	11563
24733	11563
24734	11565
24735	11565
24736	11567
24737	11567
24738	11568
24739	11568
24740	11568
24741	11568
24742	11567
24743	11566
24744	11566
24745	11568
24746	11568
24747	11568
24748	11568
24749	11567
24750	11566
24751	11565
24752	11564
24753	11564
24754	11564
24755	11564
24756	11564
24757	11564
24758	11564
24759	11564
24760	11566
24761	11566
24762	11566
24763	11566
24764	11566
24765	11566
24766	11568
24767	11568
24768	11568
24769	11568
24770	11568
24771	11567
24772	11567
24773	11567
24774	11568
24775	11568
24776	11569
24777	11569
24778	11570
24779	11570
24780	11571
24781	11571
24782	11571
24783	11571
24784	11570
24785	11570
24786	11569
24787	11569
24788	11569
24789	11569
24790	11569
24791	11569
24792	11568
24793	11568
24794	11570
24795	11570
24796	11569
24797	11570
24798	11570
24799	11571
24800	11571
24801	11573
24802	11575
24803	11575
24804	11577
24805	11577
24806	11576
24807	11576
24808	11576
24809	11576
24810	11576
24811	11576
24812	11576
24813	11576
24814	11576
24815	11575
24816	11577
24817	11577
24818	11579
24819	11579
24820	11579
24821	11579
24822	11578
24823	11578
24824	11578
24825	11578
24826	11580
24827	11580
24828	11580
24829	11579
24830	11579
24831	11579
24832	11579
24833	11581
24834	11581
24835	11581
24836	11580
24837	11580
24838	11579
24839	11579
24840	11579
24841	11579
24842	11579
24843	11579
24844	11579
24845	11579
24846	11578
24847	11579
24848	11579
24849	11579
24850	11579
24851	11579
24852	11579
24853	11581
24854	11581
24855	11583
24856	11583
24857	11583
24858	11583
24859	11583
24860	11583
24861	11583
24862	11584
24863	11584
24864	11583
24865	11583
24866	11582
24867	11582
24868	11584
24869	11583
24870	11584
24871	11584
24872	11585
24873	11586
24874	11586
24875	11587
24876	11587
24877	11587
24878	11587
24879	11586
24880	11587
24881	11587
24882	11587
24883	11588
24884	11590
24885	11590
24886	11590
24887	11590
24888	11590
24889	11590
24890	11590
24891	11590
24892	11590
24893	11590
24894	11590
24895	11592
24896	11592
24897	11593
24898	11593
24899	11593
24900	11595
24901	11594
24902	11596
24903	11596
24904	11596
24905	11596
24906	11596
24907	11596
24908	11596
24909	11596
24910	11597
24911	11597
24912	11597
24913	11599
24914	11599
24915	11601
24916	11601
24917	11601
24918	11601
24919	11601
24920	11600
24921	11600
24922	11600
24923	11600
24924	11602
24925	11602
24926	11604
24927	11605
24928	11605
24929	11606
24930	11608
24931	11608
24932	11608
24933	11608
24934	11608
24935	11608
24936	11608
24937	11608
24938	11608
24939	11610
24940	11610
24941	11610
24942	11610
24943	11609
24944	11609
24945	11609
24946	11608
24947	11608
24948	11610
24949	11609
24950	11609
24951	11609
24952	11609
24953	11609
24954	11609
24955	11611
24956	11611
24957	11613
24958	11613
24959	11613
24960	11612
24961	11612
24962	11612
24963	11612
24964	11612
24965	11612
24966	11613
24967	11615
24968	11615
24969	11615
24970	11614
24971	11613
24972	11613
24973	11613
24974	11615
24975	11615
24976	11617
24977	11617
24978	11619
24979	11619
24980	11618
24981	11618
24982	11618
24983	11618
24984	11618
24985	11617
24986	11618
24987	11618
24988	11620
24989	11620
24990	11622
24991	11622
24992	11624
24993	11624
24994	11624
24995	11624
24996	11623
24997	11623
24998	11623
24999	11623
25000	11622
25001	11624
25002	11624
25003	11626
25004	11628
25005	11627
25006	11629
25007	11630
25008	11629
25009	11629
25010	11629
25011	11629
25012	11629
25013	11629
25014	11629
25015	11628
25016	11628
25017	11630
25018	11630
25019	11630
25020	11630
25021	11629
25022	11629
25023	11628
25024	11628
25025	11628
25026	11629
25027	11628
25028	11628
25029	11628
25030	11627
25031	11627
25032	11629
25033	11629
25034	11629
25035	11629
25036	11629
25037	11629
25038	11629
25039	11630
25040	11630
25041	11630
25042	11630
25043	11630
25044	11630
25045	11630
25046	11631
25047	11630
25048	11629
25049	11630
25050	11630
25051	11632
25052	11633
25053	11633
25054	11635
25055	11635
25056	11635
25057	11637
25058	11637
25059	11639
25060	11641
25061	11641
25062	11642
25063	11642
25064	11644
25065	11643
25066	11642
25067	11641
25068	11641
25069	11641
25070	11641
25071	11641
25072	11640
25073	11640
25074	11639
25075	11639
25076	11639
25077	11639
25078	11639
25079	11640
25080	11640
25081	11642
25082	11642
25083	11642
25084	11643
25085	11643
25086	11642
25087	11642
25088	11641
25089	11641
25090	11641
25091	11641
25092	11642
25093	11641
25094	11641
25095	11640
25096	11642
25097	11641
25098	11641
25099	11640
25100	11640
25101	11640
25102	11640
25103	11639
25104	11639
25105	11639
25106	11638
25107	11637
25108	11637
25109	11636
25110	11638
25111	11638
25112	11639
25113	11641
25114	11641
25115	11641
25116	11640
25117	11640
25118	11639
25119	11639
25120	11639
25121	11638
25122	11638
25123	11638
25124	11639
25125	11639
25126	11641
25127	11641
25128	11643
25129	11642
25130	11642
25131	11641
25132	11641
25133	11641
25134	11641
25135	11640
25136	11641
25137	11643
25138	11643
25139	11643
25140	11645
25141	11645
25142	11647
25143	11646
25144	11645
25145	11644
25146	11644
25147	11644
25148	11644
25149	11644
25150	11645
25151	11645
25152	11646
25153	11646
25154	11645
25155	11647
25156	11647
25157	11649
25158	11649
25159	11650
25160	11650
25161	11650
25162	11649
25163	11649
25164	11649
25165	11649
25166	11649
25167	11648
25168	11648
25169	11648
25170	11648
25171	11648
25172	11647
25173	11647
25174	11646
25175	11645
25176	11644
25177	11644
25178	11644
25179	11643
25180	11645
25181	11645
25182	11645
25183	11644
25184	11643
25185	11643
25186	11643
25187	11645
25188	11645
25189	11645
25190	11644
25191	11644
25192	11643
25193	11644
25194	11643
25195	11643
25196	11643
25197	11644
25198	11644
25199	11644
25200	11644
25201	11644
25202	11644
25203	11644
25204	11643
25205	11643
25206	11642
25207	11642
25208	11644
25209	11644
25210	11644
25211	11644
25212	11646
25213	11646
25214	11647
25215	11647
25216	11646
25217	11646
25218	11648
25219	11648
25220	11648
25221	11649
25222	11649
25223	11648
25224	11648
25225	11648
25226	11648
25227	11648
25228	11648
25229	11649
25230	11649
25231	11649
25232	11650
25233	11650
25234	11652
25235	11652
25236	11652
25237	11652
25238	11651
25239	11651
25240	11651
25241	11651
25242	11651
25243	11652
25244	11652
25245	11652
25246	11652
25247	11651
25248	11651
25249	11651
25250	11650
25251	11651
25252	11651
25253	11652
25254	11652
25255	11654
25256	11654
25257	11654
25258	11654
25259	11656
25260	11656
25261	11656
25262	11655
25263	11654
25264	11654
25265	11653
25266	11652
25267	11652
25268	11654
25269	11654
25270	11656
25271	11656
25272	11656
25273	11655
25274	11655
25275	11654
25276	11653
25277	11653
25278	11653
25279	11654
25280	11654
25281	11656
25282	11656
25283	11656
25284	11655
25285	11655
25286	11657
25287	11657
25288	11656
25289	11656
25290	11656
25291	11657
25292	11657
25293	11659
25294	11659
25295	11658
25296	11660
25297	11660
25298	11661
25299	11661
25300	11661
25301	11660
25302	11660
25303	11660
25304	11660
25305	11659
25306	11661
25307	11661
25308	11661
25309	11661
25310	11661
25311	11661
25312	11661
25313	11661
25314	11661
25315	11661
25316	11660
25317	11660
25318	11660
25319	11660
25320	11660
25321	11660
25322	11662
25323	11662
25324	11662
25325	11663
25326	11663
25327	11662
25328	11661
25329	11661
25330	11660
25331	11662
25332	11662
25333	11663
25334	11663
25335	11663
25336	11663
25337	11663
25338	11663
25339	11663
25340	11663
25341	11665
25342	11665
25343	11665
25344	11665
25345	11664
25346	11664
25347	11664
25348	11666
25349	11668
25350	11668
25351	11668
25352	11668
25353	11667
25354	11667
25355	11667
25356	11667
25357	11669
25358	11669
25359	11668
25360	11668
25361	11668
25362	11668
25363	11668
25364	11668
25365	11668
25366	11668
25367	11668
25368	11669
25369	11669
25370	11669
25371	11669
25372	11669
25373	11668
25374	11668
25375	11668
25376	11668
25377	11668
25378	11668
25379	11669
25380	11669
25381	11670
25382	11669
25383	11670
25384	11672
25385	11672
25386	11671
25387	11670
25388	11670
25389	11670
25390	11670
25391	11670
25392	11670
25393	11670
25394	11670
25395	11669
25396	11669
25397	11670
25398	11671
25399	11671
25400	11672
25401	11672
25402	11672
25403	11671
25404	11672
25405	11672
25406	11672
25407	11671
25408	11672
25409	11672
25410	11673
25411	11673
25412	11673
25413	11673
25414	11673
25415	11673
25416	11673
25417	11672
25418	11672
25419	11672
25420	11673
25421	11674
25422	11674
25423	11673
25424	11673
25425	11673
25426	11674
25427	11674
25428	11674
25429	11674
25430	11673
25431	11672
25432	11672
25433	11672
25434	11672
25435	11674
25436	11674
25437	11674
25438	11674
25439	11673
25440	11673
25441	11673
25442	11675
25443	11675
25444	11677
25445	11677
25446	11679
25447	11678
25448	11678
25449	11678
25450	11677
25451	11677
25452	11677
25453	11677
25454	11677
25455	11676
25456	11675
25457	11675
25458	11674
25459	11676
25460	11676
25461	11676
25462	11676
25463	11676
25464	11676
25465	11676
25466	11676
25467	11675
25468	11675
25469	11674
25470	11673
25471	11673
25472	11672
25473	11672
25474	11671
25475	11671
25476	11671
25477	11670
25478	11670
25479	11669
25480	11671
25481	11670
25482	11670
25483	11670
25484	11670
25485	11670
25486	11670
25487	11670
25488	11672
25489	11672
25490	11672
25491	11671
25492	11670
25493	11670
25494	11670
25495	11671
25496	11671
25497	11672
25498	11672
25499	11674
25500	11674
25501	11675
25502	11675
25503	11675
25504	11674
25505	11674
25506	11674
25507	11674
25508	11674
25509	11675
25510	11675
25511	11675
25512	11675
25513	11675
25514	11674
25515	11674
25516	11674
25517	11676
25518	11676
25519	11676
25520	11676
25521	11676
25522	11675
25523	11675
25524	11675
25525	11675
25526	11675
25527	11675
25528	11675
25529	11675
25530	11675
25531	11677
25532	11676
25533	11676
25534	11676
25535	11676
25536	11676
25537	11678
25538	11678
25539	11678
25540	11679
25541	11679
25542	11680
25543	11679
25544	11680
25545	11680
25546	11680
25547	11680
25548	11680
25549	11680
25550	11680
25551	11680
25552	11682
25553	11682
25554	11682
25555	11682
25556	11682
25557	11682
25558	11682
25559	11683
25560	11684
25561	11684
25562	11685
25563	11686
25564	11686
25565	11688
25566	11688
25567	11688
25568	11688
25569	11688
25570	11687
25571	11687
25572	11687
25573	11689
25574	11689
25575	11691
25576	11693
25577	11693
25578	11693
25579	11693
25580	11693
25581	11693
25582	11693
25583	11692
25584	11692
25585	11694
25586	11694
25587	11696
25588	11696
25589	11696
25590	11698
25591	11698
25592	11698
25593	11698
25594	11697
25595	11699
25596	11699
25597	11700
25598	11700
25599	11702
25600	11701
25601	11701
25602	11700
25603	11700
25604	11700
25605	11700
25606	11701
25607	11700
25608	11701
25609	11701
25610	11703
25611	11703
25612	11705
25613	11705
25614	11704
25615	11703
25616	11703
25617	11702
25618	11702
25619	11702
25620	11703
25621	11703
25622	11703
25623	11703
25624	11703
25625	11703
25626	11705
25627	11705
25628	11705
25629	11704
25630	11703
25631	11703
25632	11702
25633	11701
25634	11701
25635	11701
25636	11700
25637	11702
25638	11702
25639	11702
25640	11701
25641	11701
25642	11701
25643	11701
25644	11701
25645	11701
25646	11701
25647	11701
25648	11700
25649	11701
25650	11701
25651	11701
25652	11703
25653	11703
25654	11705
25655	11705
25656	11705
25657	11704
25658	11704
25659	11704
25660	11704
25661	11704
25662	11704
25663	11706
25664	11706
25665	11705
25666	11705
25667	11705
25668	11707
25669	11708
25670	11708
25671	11709
25672	11709
25673	11708
25674	11710
25675	11710
25676	11711
25677	11711
25678	11713
25679	11713
25680	11714
25681	11714
25682	11713
25683	11712
25684	11711
25685	11711
25686	11711
25687	11710
25688	11710
25689	11711
25690	11710
25691	11712
25692	11712
25693	11711
25694	11710
25695	11709
25696	11709
25697	11711
25698	11711
25699	11710
25700	11710
25701	11710
25702	11710
25703	11710
25704	11710
25705	11710
25706	11710
25707	11709
25708	11711
25709	11711
25710	11711
25711	11711
25712	11711
25713	11710
25714	11710
25715	11710
25716	11710
25717	11710
25718	11710
25719	11711
25720	11711
25721	11713
25722	11713
25723	11715
25724	11715
25725	11715
25726	11715
25727	11715
25728	11714
25729	11714
25730	11713
25731	11712
25732	11712
25733	11712
25734	11711
25735	11712
25736	11711
25737	11711
25738	11711
25739	11711
25740	11711
25741	11713
25742	11713
25743	11712
25744	11712
25745	11712
25746	11711
25747	11711
25748	11711
25749	11711
25750	11710
25751	11710
25752	11710
25753	11712
25754	11711
25755	11711
25756	11711
25757	11711
25758	11713
25759	11713
25760	11714
25761	11714
25762	11715
25763	11715
25764	11717
25765	11717
25766	11717
25767	11717
25768	11717
25769	11716
25770	11716
25771	11716
25772	11716
25773	11717
25774	11717
25775	11718
25776	11720
25777	11719
25778	11720
25779	11721
25780	11721
25781	11721
25782	11721
25783	11721
25784	11720
25785	11720
25786	11720
25787	11720
25788	11722
25789	11722
25790	11721
25791	11721
25792	11721
25793	11721
25794	11721
25795	11721
25796	11721
25797	11721
25798	11721
25799	11721
25800	11720
25801	11719
25802	11720
25803	11720
25804	11722
25805	11722
25806	11723
25807	11723
25808	11724
25809	11724
25810	11726
25811	11726
25812	11728
25813	11728
25814	11728
25815	11730
25816	11730
25817	11730
25818	11729
25819	11729
25820	11729
25821	11729
25822	11729
25823	11731
25824	11731
25825	11731
25826	11731
25827	11731
25828	11731
25829	11733
25830	11733
25831	11735
25832	11735
25833	11735
25834	11735
25835	11735
25836	11734
25837	11733
25838	11733
25839	11733
25840	11733
25841	11735
25842	11735
25843	11734
25844	11733
25845	11733
25846	11733
25847	11735
25848	11735
25849	11735
25850	11734
25851	11734
25852	11734
25853	11733
25854	11734
25855	11733
25856	11733
25857	11733
25858	11732
25859	11732
25860	11734
25861	11734
25862	11734
25863	11736
25864	11736
25865	11737
25866	11736
25867	11736
25868	11736
25869	11738
25870	11737
25871	11736
25872	11736
25873	11736
25874	11736
25875	11736
25876	11736
25877	11736
25878	11736
25879	11735
25880	11735
25881	11737
25882	11737
25883	11737
25884	11737
25885	11736
25886	11736
25887	11735
25888	11735
25889	11735
25890	11737
25891	11737
25892	11737
25893	11737
25894	11736
25895	11735
25896	11735
25897	11736
25898	11738
25899	11738
25900	11738
25901	11738
25902	11737
25903	11736
25904	11735
25905	11734
25906	11734
25907	11734
25908	11734
25909	11734
25910	11734
25911	11734
25912	11734
25913	11734
25914	11734
25915	11734
25916	11734
25917	11734
25918	11734
25919	11736
25920	11736
25921	11736
25922	11736
25923	11736
25924	11736
25925	11736
25926	11736
25927	11737
25928	11737
25929	11738
25930	11738
25931	11739
25932	11739
25933	11740
25934	11741
25935	11741
25936	11743
25937	11743
25938	11743
25939	11743
25940	11743
25941	11743
25942	11743
25943	11743
25944	11745
25945	11744
25946	11743
25947	11742
25948	11742
25949	11742
25950	11741
25951	11741
25952	11741
25953	11741
25954	11741
25955	11743
25956	11742
25957	11742
25958	11742
25959	11742
25960	11742
25961	11742
25962	11742
25963	11742
25964	11742
25965	11742
25966	11742
25967	11744
25968	11744
25969	11743
25970	11743
25971	11743
25972	11744
25973	11744
25974	11743
25975	11744
25976	11745
25977	11744
25978	11746
25979	11746
25980	11745
25981	11745
25982	11744
25983	11744
25984	11744
25985	11744
25986	11745
25987	11745
25988	11745
25989	11745
25990	11746
25991	11746
25992	11745
25993	11745
25994	11745
25995	11745
25996	11746
25997	11746
25998	11746
25999	11746
26000	11748
26001	11748
26002	11748
26003	11748
26004	11747
26005	11747
26006	11746
26007	11746
26008	11748
26009	11748
26010	11749
26011	11749
26012	11750
26013	11750
26014	11750
26015	11752
26016	11751
26017	11753
26018	11753
26019	11755
26020	11755
26021	11755
26022	11755
26023	11755
26024	11755
26025	11757
26026	11759
26027	11759
26028	11761
26029	11761
26030	11761
26031	11761
26032	11760
26033	11760
26034	11760
26035	11760
26036	11759
26037	11760
26038	11760
26039	11761
26040	11763
26041	11763
26042	11764
26043	11764
26044	11766
26045	11765
26046	11765
26047	11765
26048	11765
26049	11764
26050	11764
26051	11764
26052	11764
26053	11766
26054	11766
26055	11766
26056	11768
26057	11768
26058	11768
26059	11767
26060	11769
26061	11768
26062	11768
26063	11768
26064	11767
26065	11767
26066	11767
26067	11767
26068	11769
26069	11769
26070	11768
26071	11768
26072	11768
26073	11768
26074	11768
26075	11767
26076	11767
26077	11766
26078	11766
26079	11765
26080	11765
26081	11764
26082	11763
26083	11762
26084	11762
26085	11761
26086	11761
26087	11762
26088	11761
26089	11761
26090	11761
26091	11763
26092	11763
26093	11763
26094	11763
26095	11764
26096	11764
26097	11764
26098	11764
26099	11763
26100	11763
26101	11762
26102	11762
26103	11763
26104	11763
26105	11765
26106	11765
26107	11765
26108	11765
26109	11764
26110	11763
26111	11763
26112	11763
26113	11763
26114	11763
26115	11763
26116	11762
26117	11762
26118	11762
26119	11762
26120	11761
26121	11761
26122	11761
26123	11761
26124	11761
26125	11763
26126	11763
26127	11763
26128	11763
26129	11763
26130	11763
26131	11763
26132	11762
26133	11763
26134	11763
26135	11765
26136	11764
26137	11765
26138	11765
26139	11767
26140	11767
26141	11768
26142	11768
26143	11769
26144	11769
26145	11769
26146	11769
26147	11768
26148	11768
26149	11768
26150	11768
26151	11769
26152	11768
26153	11767
26154	11766
26155	11766
26156	11766
26157	11766
26158	11768
26159	11768
26160	11767
26161	11767
26162	11767
26163	11767
26164	11767
26165	11767
26166	11767
26167	11767
26168	11767
26169	11767
26170	11769
26171	11768
26172	11768
26173	11768
26174	11767
26175	11767
26176	11768
26177	11767
26178	11767
26179	11767
26180	11767
26181	11769
26182	11769
26183	11770
26184	11770
26185	11769
26186	11769
26187	11769
26188	11769
26189	11769
26190	11769
26191	11769
26192	11771
26193	11771
26194	11771
26195	11771
26196	11771
26197	11771
26198	11770
26199	11769
26200	11769
26201	11768
26202	11768
26203	11769
26204	11769
26205	11770
26206	11770
26207	11771
26208	11771
26209	11771
26210	11771
26211	11771
26212	11771
26213	11771
26214	11771
26215	11771
26216	11772
26217	11774
26218	11774
26219	11774
26220	11773
26221	11773
26222	11773
26223	11773
26224	11773
26225	11773
26226	11773
26227	11773
26228	11775
26229	11776
26230	11776
26231	11777
26232	11777
26233	11777
26234	11777
26235	11779
26236	11778
26237	11778
26238	11777
26239	11777
26240	11777
26241	11777
26242	11779
26243	11779
26244	11779
26245	11779
26246	11778
26247	11778
26248	11778
26249	11778
26250	11779
26251	11779
26252	11778
26253	11778
26254	11778
26255	11778
26256	11778
26257	11779
26258	11779
26259	11779
26260	11779
26261	11778
26262	11777
26263	11776
26264	11777
26265	11776
26266	11776
26267	11776
26268	11776
26269	11776
26270	11777
26271	11776
26272	11775
26273	11774
26274	11773
26275	11773
26276	11773
26277	11774
26278	11773
26279	11774
26280	11775
26281	11774
26282	11774
26283	11774
26284	11774
26285	11773
26286	11774
26287	11774
26288	11774
26289	11776
26290	11776
26291	11776
26292	11776
26293	11776
26294	11776
26295	11775
26296	11775
26297	11775
26298	11775
26299	11775
26300	11777
26301	11777
26302	11777
26303	11777
26304	11777
26305	11779
26306	11778
26307	11780
26308	11780
26309	11780
26310	11780
26311	11780
26312	11780
26313	11780
26314	11780
26315	11780
26316	11780
26317	11782
26318	11782
26319	11782
26320	11784
26321	11784
26322	11784
26323	11784
26324	11783
26325	11783
26326	11783
26327	11783
26328	11785
26329	11784
26330	11784
26331	11783
26332	11783
26333	11782
26334	11781
26335	11781
26336	11781
26337	11781
26338	11781
26339	11781
26340	11781
26341	11783
26342	11783
26343	11783
26344	11783
26345	11783
26346	11783
26347	11785
26348	11784
26349	11784
26350	11784
26351	11783
26352	11782
26353	11782
26354	11782
26355	11781
26356	11781
26357	11782
26358	11781
26359	11782
26360	11782
26361	11783
26362	11783
26363	11784
26364	11784
26365	11783
26366	11783
26367	11783
26368	11782
26369	11782
26370	11781
26371	11781
26372	11781
26373	11781
26374	11780
26375	11780
26376	11780
26377	11782
26378	11781
26379	11781
26380	11780
26381	11780
26382	11781
26383	11781
26384	11783
26385	11785
26386	11785
26387	11787
26388	11787
26389	11787
26390	11786
26391	11786
26392	11786
26393	11786
26394	11786
26395	11786
26396	11786
26397	11786
26398	11788
26399	11788
26400	11787
26401	11789
26402	11789
26403	11789
26404	11789
26405	11789
26406	11788
26407	11788
26408	11788
26409	11788
26410	11788
26411	11788
26412	11788
26413	11788
26414	11788
26415	11789
26416	11788
26417	11789
26418	11788
26419	11788
26420	11790
26421	11791
26422	11791
26423	11793
26424	11793
26425	11793
26426	11793
26427	11793
26428	11793
26429	11793
26430	11793
26431	11794
26432	11793
26433	11793
26434	11792
26435	11793
26436	11793
26437	11795
26438	11795
26439	11796
26440	11796
26441	11796
26442	11795
26443	11795
26444	11794
26445	11794
26446	11794
26447	11794
26448	11796
26449	11798
26450	11798
26451	11798
26452	11800
26453	11802
26454	11801
26455	11800
26456	11799
26457	11799
26458	11799
26459	11799
26460	11801
26461	11801
26462	11803
26463	11803
26464	11803
26465	11802
26466	11801
26467	11801
26468	11801
26469	11801
26470	11800
26471	11799
26472	11800
26473	11799
26474	11799
26475	11799
26476	11799
26477	11798
26478	11797
26479	11797
26480	11799
26481	11798
26482	11797
26483	11797
26484	11797
26485	11796
26486	11796
26487	11795
26488	11794
26489	11796
26490	11796
26491	11797
26492	11796
26493	11797
26494	11797
26495	11799
26496	11799
26497	11801
26498	11801
26499	11802
26500	11802
26501	11804
26502	11803
26503	11802
26504	11801
26505	11801
26506	11801
26507	11800
26508	11802
26509	11802
26510	11801
26511	11801
26512	11801
26513	11801
26514	11801
26515	11801
26516	11801
26517	11800
26518	11800
26519	11802
26520	11802
26521	11802
26522	11804
26523	11803
26524	11802
26525	11802
26526	11802
26527	11802
26528	11802
26529	11803
26530	11803
26531	11804
26532	11806
26533	11806
26534	11808
26535	11808
26536	11808
26537	11807
26538	11808
26539	11808
26540	11807
26541	11806
26542	11806
26543	11806
26544	11806
26545	11805
26546	11805
26547	11805
26548	11804
26549	11804
26550	11804
26551	11803
26552	11802
26553	11802
26554	11801
26555	11801
26556	11800
26557	11800
26558	11799
26559	11801
26560	11801
26561	11801
26562	11801
26563	11800
26564	11799
26565	11799
26566	11801
26567	11801
26568	11803
26569	11802
26570	11804
26571	11806
26572	11806
26573	11806
26574	11807
26575	11807
26576	11808
26577	11808
26578	11808
26579	11808
26580	11807
26581	11807
26582	11807
26583	11808
26584	11808
26585	11808
26586	11808
26587	11807
26588	11809
26589	11808
26590	11808
26591	11808
26592	11808
26593	11808
26594	11808
26595	11807
26596	11807
26597	11807
26598	11807
26599	11809
26600	11809
26601	11809
26602	11808
26603	11808
26604	11809
26605	11808
26606	11807
26607	11809
26608	11809
26609	11809
26610	11808
26611	11808
26612	11808
26613	11807
26614	11808
26615	11810
26616	11810
26617	11810
26618	11812
26619	11812
26620	11814
26621	11813
26622	11813
26623	11813
26624	11813
26625	11812
26626	11812
26627	11812
26628	11814
26629	11814
26630	11813
26631	11813
26632	11812
26633	11812
26634	11812
26635	11812
26636	11814
26637	11813
26638	11815
26639	11817
26640	11816
26641	11815
26642	11815
26643	11815
26644	11814
26645	11813
26646	11812
26647	11812
26648	11811
26649	11812
26650	11812
26651	11812
26652	11811
26653	11811
26654	11810
26655	11809
26656	11808
26657	11808
26658	11809
26659	11809
26660	11808
26661	11807
26662	11807
26663	11807
26664	11809
26665	11809
26666	11809
26667	11808
26668	11808
26669	11808
26670	11808
26671	11807
26672	11807
26673	11808
26674	11807
26675	11807
26676	11807
26677	11809
26678	11809
26679	11810
26680	11810
26681	11810
26682	11809
26683	11808
26684	11808
26685	11807
26686	11806
26687	11806
26688	11806
26689	11806
26690	11806
26691	11806
26692	11807
26693	11807
26694	11807
26695	11807
26696	11806
26697	11805
26698	11805
26699	11804
26700	11806
26701	11806
26702	11806
26703	11806
26704	11807
26705	11806
26706	11806
26707	11806
26708	11806
26709	11806
26710	11806
26711	11806
26712	11806
26713	11806
26714	11805
26715	11807
26716	11807
26717	11807
26718	11807
26719	11806
26720	11805
26721	11805
26722	11805
26723	11804
26724	11804
26725	11805
26726	11805
26727	11807
26728	11807
26729	11807
26730	11807
26731	11806
26732	11806
26733	11805
26734	11805
26735	11805
26736	11807
26737	11806
26738	11805
26739	11805
26740	11806
26741	11806
26742	11807
26743	11807
26744	11807
26745	11806
26746	11808
26747	11808
26748	11807
26749	11807
26750	11807
26751	11807
26752	11807
26753	11807
26754	11807
26755	11807
26756	11808
26757	11807
26758	11806
26759	11805
26760	11804
26761	11803
26762	11804
26763	11804
26764	11804
26765	11804
26766	11804
26767	11804
26768	11805
26769	11805
26770	11805
26771	11805
26772	11807
26773	11807
26774	11807
26775	11806
26776	11806
26777	11806
26778	11806
26779	11808
26780	11808
26781	11810
26782	11810
26783	11811
26784	11813
26785	11813
26786	11813
26787	11812
26788	11812
26789	11812
26790	11811
26791	11810
26792	11810
26793	11810
26794	11810
26795	11809
26796	11811
26797	11811
26798	11811
26799	11811
26800	11811
26801	11811
26802	11811
26803	11811
26804	11811
26805	11811
26806	11810
26807	11809
26808	11811
26809	11811
26810	11813
26811	11813
26812	11813
26813	11813
26814	11813
26815	11812
26816	11812
26817	11812
26818	11812
26819	11812
26820	11812
26821	11813
26822	11813
26823	11812
26824	11811
26825	11811
26826	11811
26827	11811
26828	11811
26829	11810
26830	11809
26831	11809
26832	11809
26833	11809
26834	11809
26835	11808
26836	11808
26837	11808
26838	11809
26839	11809
26840	11810
26841	11809
26842	11810
26843	11812
26844	11812
26845	11811
26846	11810
26847	11809
26848	11809
26849	11808
26850	11808
26851	11808
26852	11807
26853	11806
26854	11806
26855	11806
26856	11807
26857	11807
26858	11807
26859	11806
26860	11807
26861	11806
26862	11807
26863	11807
26864	11806
26865	11806
26866	11806
26867	11806
26868	11805
26869	11805
26870	11805
26871	11805
26872	11807
26873	11807
26874	11809
26875	11808
26876	11808
26877	11810
26878	11810
26879	11810
26880	11810
26881	11810
26882	11810
26883	11810
26884	11810
26885	11809
26886	11811
26887	11811
26888	11813
26889	11815
26890	11815
26891	11815
26892	11816
26893	11816
26894	11818
26895	11818
26896	11820
26897	11820
26898	11819
26899	11818
26900	11818
26901	11818
26902	11817
26903	11818
26904	11818
26905	11819
26906	11821
26907	11821
26908	11823
26909	11823
26910	11823
26911	11822
26912	11821
26913	11820
26914	11820
26915	11820
26916	11820
26917	11822
26918	11822
26919	11821
26920	11821
26921	11821
26922	11820
26923	11821
26924	11821
26925	11821
26926	11821
26927	11821
26928	11821
26929	11820
26930	11820
26931	11819
26932	11819
26933	11818
26934	11820
26935	11820
26936	11820
26937	11819
26938	11819
26939	11819
26940	11819
26941	11819
26942	11818
26943	11818
26944	11818
26945	11818
26946	11818
26947	11819
26948	11819
26949	11818
26950	11819
26951	11819
26952	11820
26953	11820
26954	11822
26955	11822
26956	11822
26957	11822
26958	11822
26959	11822
26960	11822
26961	11821
26962	11820
26963	11822
26964	11822
26965	11824
26966	11823
26967	11824
26968	11824
26969	11826
26970	11826
26971	11826
26972	11826
26973	11826
26974	11825
26975	11825
26976	11825
26977	11825
26978	11825
26979	11825
26980	11825
26981	11825
26982	11824
26983	11823
26984	11823
26985	11823
26986	11823
26987	11823
26988	11822
26989	11821
26990	11820
26991	11819
26992	11819
26993	11819
26994	11819
26995	11819
26996	11819
26997	11818
26998	11817
26999	11816
27000	11816
27001	11815
27002	11814
27003	11814
27004	11814
27005	11813
27006	11812
27007	11811
27008	11813
27009	11813
27010	11815
27011	11815
27012	11816
27013	11817
27014	11817
27015	11816
27016	11816
27017	11815
27018	11815
27019	11815
27020	11814
27021	11814
27022	11815
27023	11815
27024	11815
27025	11815
27026	11815
27027	11814
27028	11814
27029	11814
27030	11814
27031	11813
27032	11813
27033	11813
27034	11813
27035	11813
27036	11815
27037	11815
27038	11815
27039	11815
27040	11814
27041	11813
27042	11813
27043	11814
27044	11816
27045	11816
27046	11816
27047	11816
27048	11815
27049	11815
27050	11815
27051	11815
27052	11815
27053	11815
27054	11815
27055	11815
27056	11815
27057	11815
27058	11815
27059	11817
27060	11817
27061	11816
27062	11815
27063	11815
27064	11815
27065	11817
27066	11817
27067	11817
27068	11818
27069	11818
27070	11819
27071	11818
27072	11819
27073	11819
27074	11819
27075	11819
27076	11819
27077	11819
27078	11819
27079	11819
27080	11821
27081	11821
27082	11821
27083	11821
27084	11821
27085	11820
27086	11820
27087	11821
27088	11821
27089	11822
27090	11823
27091	11824
27092	11824
27093	11826
27094	11826
27095	11825
27096	11825
27097	11825
27098	11825
27099	11825
27100	11825
27101	11825
27102	11827
27103	11827
27104	11827
27105	11827
27106	11829
27107	11830
27108	11830
27109	11830
27110	11830
27111	11830
27112	11830
27113	11830
27114	11830
27115	11829
27116	11829
27117	11828
27118	11829
27119	11829
27120	11831
27121	11831
27122	11833
27123	11833
27124	11835
27125	11835
27126	11835
27127	11834
27128	11834
27129	11834
27130	11834
27131	11834
27132	11833
27133	11833
27134	11833
27135	11834
27136	11833
27137	11834
27138	11834
27139	11834
27140	11833
27141	11833
27142	11832
27143	11832
27144	11832
27145	11831
27146	11832
27147	11834
27148	11833
27149	11833
27150	11832
27151	11831
27152	11830
27153	11829
27154	11831
27155	11831
27156	11830
27157	11831
27158	11830
27159	11832
27160	11832
27161	11834
27162	11834
27163	11833
27164	11833
27165	11833
27166	11832
27167	11832
27168	11831
27169	11830
27170	11830
27171	11830
27172	11829
27173	11831
27174	11831
27175	11831
27176	11830
27177	11829
27178	11829
27179	11829
27180	11829
27181	11829
27182	11829
27183	11829
27184	11829
27185	11829
27186	11829
27187	11828
27188	11828
27189	11830
27190	11830
27191	11829
27192	11829
27193	11829
27194	11829
27195	11829
27196	11830
27197	11830
27198	11831
27199	11832
27200	11832
27201	11832
27202	11834
27203	11833
27204	11834
27205	11834
27206	11834
27207	11834
27208	11833
27209	11833
27210	11833
27211	11833
27212	11833
27213	11833
27214	11833
27215	11833
27216	11835
27217	11835
27218	11835
27219	11834
27220	11834
27221	11834
27222	11833
27223	11832
27224	11832
27225	11833
27226	11833
27227	11835
27228	11835
27229	11836
27230	11836
27231	11837
27232	11837
27233	11839
27234	11839
27235	11839
27236	11839
27237	11838
27238	11838
27239	11838
27240	11838
27241	11838
27242	11839
27243	11839
27244	11840
27245	11842
27246	11841
27247	11840
27248	11840
27249	11842
27250	11842
27251	11844
27252	11844
27253	11843
27254	11843
27255	11843
27256	11843
27257	11843
27258	11843
27259	11845
27260	11845
27261	11847
27262	11847
27263	11847
27264	11847
27265	11847
27266	11847
27267	11849
27268	11849
27269	11849
27270	11849
27271	11849
27272	11848
27273	11850
27274	11850
27275	11849
27276	11849
27277	11848
27278	11848
27279	11850
27280	11850
27281	11850
27282	11849
27283	11849
27284	11848
27285	11847
27286	11848
27287	11848
27288	11848
27289	11848
27290	11848
27291	11848
27292	11850
27293	11850
27294	11850
27295	11852
27296	11852
27297	11853
27298	11852
27299	11854
27300	11853
27301	11853
27302	11852
27303	11852
27304	11852
27305	11852
27306	11852
27307	11852
27308	11852
27309	11851
27310	11851
27311	11853
27312	11853
27313	11853
27314	11853
27315	11853
27316	11852
27317	11851
27318	11850
27319	11850
27320	11852
27321	11852
27322	11851
27323	11850
27324	11849
27325	11849
27326	11849
27327	11850
27328	11850
27329	11849
27330	11849
27331	11848
27332	11847
27333	11847
27334	11849
27335	11849
27336	11849
27337	11849
27338	11849
27339	11849
27340	11849
27341	11849
27342	11851
27343	11851
27344	11851
27345	11850
27346	11850
27347	11850
27348	11850
27349	11850
27350	11850
27351	11850
27352	11850
27353	11850
27354	11850
27355	11850
27356	11851
27357	11851
27358	11852
27359	11851
27360	11852
27361	11852
27362	11853
27363	11854
27364	11854
27365	11856
27366	11856
27367	11855
27368	11854
27369	11853
27370	11853
27371	11853
27372	11853
27373	11852
27374	11852
27375	11852
27376	11852
27377	11852
27378	11851
27379	11851
27380	11851
27381	11851
27382	11851
27383	11851
27384	11851
27385	11851
27386	11851
27387	11851
27388	11850
27389	11851
27390	11851
27391	11850
27392	11850
27393	11850
27394	11849
27395	11851
27396	11850
27397	11850
27398	11850
27399	11849
27400	11848
27401	11849
27402	11848
27403	11849
27404	11849
27405	11848
27406	11850
27407	11849
27408	11849
27409	11848
27410	11848
27411	11848
27412	11847
27413	11847
27414	11848
27415	11848
27416	11849
27417	11849
27418	11849
27419	11849
27420	11848
27421	11848
27422	11848
27423	11848
27424	11847
27425	11846
27426	11846
27427	11848
27428	11848
27429	11849
27430	11849
27431	11850
27432	11850
27433	11850
27434	11849
27435	11849
27436	11850
27437	11850
27438	11850
27439	11852
27440	11852
27441	11852
27442	11854
27443	11854
27444	11856
27445	11856
27446	11857
27447	11857
27448	11857
27449	11857
27450	11857
27451	11857
27452	11859
27453	11861
27454	11861
27455	11863
27456	11863
27457	11863
27458	11863
27459	11863
27460	11862
27461	11862
27462	11862
27463	11862
27464	11862
27465	11862
27466	11864
27467	11864
27468	11863
27469	11865
27470	11865
27471	11867
27472	11866
27473	11866
27474	11866
27475	11866
27476	11865
27477	11865
27478	11865
27479	11867
27480	11867
27481	11867
27482	11866
27483	11866
27484	11866
27485	11866
27486	11865
27487	11864
27488	11864
27489	11863
27490	11863
27491	11862
27492	11861
27493	11861
27494	11860
27495	11859
27496	11859
27497	11859
27498	11860
27499	11860
27500	11861
27501	11860
27502	11861
27503	11862
27504	11862
27505	11864
27506	11863
27507	11865
27508	11865
27509	11865
27510	11865
27511	11864
27512	11864
27513	11864
27514	11864
27515	11864
27516	11863
27517	11862
27518	11861
27519	11863
27520	11863
27521	11862
27522	11862
27523	11862
27524	11862
27525	11862
27526	11862
27527	11864
27528	11863
27529	11863
27530	11863
27531	11863
27532	11863
27533	11862
27534	11862
27535	11862
27536	11862
27537	11862
27538	11862
27539	11862
27540	11862
27541	11862
27542	11862
27543	11862
27544	11861
27545	11862
27546	11861
27547	11863
27548	11863
27549	11864
27550	11866
27551	11866
27552	11867
27553	11867
27554	11866
27555	11865
27556	11866
27557	11866
27558	11865
27559	11867
27560	11866
27561	11866
27562	11867
27563	11867
27564	11868
27565	11867
27566	11866
27567	11865
27568	11865
27569	11865
27570	11866
27571	11866
27572	11866
27573	11866
27574	11865
27575	11864
27576	11864
27577	11864
27578	11864
27579	11864
27580	11864
27581	11864
27582	11864
27583	11864
27584	11866
27585	11865
27586	11864
27587	11864
27588	11864
27589	11864
27590	11865
27591	11865
27592	11867
27593	11867
27594	11867
27595	11867
27596	11866
27597	11865
27598	11864
27599	11863
27600	11863
27601	11863
27602	11865
27603	11865
27604	11866
27605	11865
27606	11865
27607	11865
27608	11865
27609	11864
27610	11863
27611	11862
27612	11862
27613	11863
27614	11863
27615	11864
27616	11864
27617	11865
27618	11865
27619	11864
27620	11864
27621	11864
27622	11864
27623	11864
27624	11864
27625	11866
27626	11866
27627	11866
27628	11866
27629	11866
27630	11866
27631	11865
27632	11865
27633	11865
27634	11865
27635	11865
27636	11865
27637	11866
27638	11868
27639	11868
27640	11867
27641	11867
27642	11866
27643	11866
27644	11866
27645	11866
27646	11866
27647	11866
27648	11868
27649	11868
27650	11869
27651	11869
27652	11870
27653	11870
27654	11870
27655	11871
27656	11871
27657	11872
27658	11872
27659	11872
27660	11872
27661	11871
27662	11871
27663	11871
27664	11871
27665	11871
27666	11872
27667	11872
27668	11873
27669	11873
27670	11873
27671	11873
27672	11873
27673	11875
27674	11876
27675	11876
27676	11876
27677	11878
27678	11878
27679	11878
27680	11878
27681	11878
27682	11878
27683	11878
27684	11878
27685	11878
27686	11880
27687	11880
27688	11880
27689	11880
27690	11879
27691	11879
27692	11879
27693	11879
27694	11880
27695	11880
27696	11882
27697	11882
27698	11882
27699	11882
27700	11881
27701	11880
27702	11880
27703	11880
27704	11879
27705	11879
27706	11879
27707	11878
27708	11877
27709	11879
27710	11878
27711	11878
27712	11878
27713	11878
27714	11878
27715	11878
27716	11878
27717	11878
27718	11877
27719	11876
27720	11875
27721	11875
27722	11874
27723	11873
27724	11872
27725	11872
27726	11872
27727	11872
27728	11872
27729	11872
27730	11871
27731	11871
27732	11871
27733	11871
27734	11871
27735	11871
27736	11873
27737	11873
27738	11875
27739	11877
27740	11878
27741	11878
27742	11878
27743	11880
27744	11880
27745	11881
27746	11880
27747	11879
27748	11879
27749	11879
27750	11879
27751	11879
27752	11879
27753	11879
27754	11879
27755	11879
27756	11878
27757	11880
27758	11880
27759	11880
27760	11880
27761	11880
27762	11879
27763	11878
27764	11878
27765	11880
27766	11880
27767	11880
27768	11880
27769	11880
27770	11879
27771	11879
27772	11879
27773	11879
27774	11879
27775	11879
27776	11879
27777	11879
27778	11879
27779	11881
27780	11881
27781	11880
27782	11880
27783	11880
27784	11880
27785	11880
27786	11881
27787	11880
27788	11881
27789	11881
27790	11882
27791	11882
27792	11883
27793	11884
27794	11884
27795	11883
27796	11883
27797	11883
27798	11882
27799	11882
27800	11882
27801	11882
27802	11881
27803	11881
27804	11881
27805	11881
27806	11881
27807	11881
27808	11881
27809	11883
27810	11883
27811	11883
27812	11883
27813	11883
27814	11883
27815	11883
27816	11883
27817	11885
27818	11885
27819	11885
27820	11886
27821	11886
27822	11887
27823	11888
27824	11888
27825	11890
27826	11890
27827	11890
27828	11890
27829	11889
27830	11888
27831	11888
27832	11888
27833	11888
27834	11890
27835	11890
27836	11892
27837	11894
27838	11894
27839	11894
27840	11893
27841	11893
27842	11893
27843	11892
27844	11892
27845	11894
27846	11894
27847	11893
27848	11893
27849	11895
27850	11896
27851	11896
27852	11898
27853	11898
27854	11898
27855	11900
27856	11900
27857	11902
27858	11901
27859	11901
27860	11902
27861	11902
27862	11902
27863	11901
27864	11903
27865	11902
27866	11903
27867	11903
27868	11902
27869	11902
27870	11902
27871	11902
27872	11902
27873	11901
27874	11903
27875	11903
27876	11903
27877	11903
27878	11902
27879	11902
27880	11902
27881	11902
27882	11902
27883	11903
27884	11904
27885	11904
27886	11905
27887	11905
27888	11906
27889	11906
27890	11908
27891	11908
27892	11908
27893	11908
27894	11908
27895	11908
27896	11908
27897	11908
27898	11907
27899	11907
27900	11907
27901	11906
27902	11906
27903	11906
27904	11906
27905	11905
27906	11904
27907	11904
27908	11906
27909	11906
27910	11906
27911	11905
27912	11906
27913	11906
27914	11905
27915	11904
27916	11904
27917	11904
27918	11903
27919	11903
27920	11903
27921	11903
27922	11905
27923	11905
27924	11906
27925	11906
27926	11908
27927	11909
27928	11909
27929	11911
27930	11911
27931	11910
27932	11909
27933	11909
27934	11909
27935	11909
27936	11909
27937	11909
27938	11909
27939	11909
27940	11911
27941	11911
27942	11911
27943	11911
27944	11911
27945	11911
27946	11911
27947	11913
27948	11913
27949	11913
27950	11913
27951	11914
27952	11914
27953	11914
27954	11914
27955	11913
27956	11913
27957	11913
27958	11913
27959	11914
27960	11914
27961	11916
27962	11915
27963	11916
27964	11916
27965	11916
27966	11916
27967	11916
27968	11916
27969	11916
27970	11916
27971	11916
27972	11917
27973	11917
27974	11917
27975	11917
27976	11917
27977	11917
27978	11917
27979	11919
27980	11919
27981	11919
27982	11919
27983	11919
27984	11919
27985	11919
27986	11919
27987	11921
27988	11920
27989	11920
27990	11921
27991	11920
27992	11921
27993	11921
27994	11923
27995	11922
27996	11924
27997	11923
27998	11923
27999	11922
28000	11922
28001	11922
28002	11922
28003	11922
28004	11922
28005	11923
28006	11923
28007	11923
28008	11923
28009	11923
28010	11923
28011	11922
28012	11923
28013	11923
28014	11923
28015	11923
28016	11923
28017	11923
28018	11923
28019	11925
28020	11925
28021	11924
28022	11924
28023	11924
28024	11924
28025	11924
28026	11923
28027	11924
28028	11924
28029	11925
28030	11925
28031	11926
28032	11927
28033	11927
28034	11926
28035	11928
28036	11928
28037	11928
28038	11927
28039	11927
28040	11927
28041	11927
28042	11929
28043	11929
28044	11929
28045	11929
28046	11929
28047	11928
28048	11928
28049	11928
28050	11928
28051	11928
28052	11928
28053	11928
28054	11928
28055	11927
28056	11927
28057	11927
28058	11927
28059	11927
28060	11929
28061	11929
28062	11929
28063	11929
28064	11929
28065	11928
28066	11927
28067	11927
28068	11927
28069	11927
28070	11927
28071	11928
28072	11928
28073	11928
28074	11927
28075	11927
28076	11927
28077	11929
28078	11929
28079	11929
28080	11929
28081	11928
28082	11927
28083	11926
28084	11926
28085	11926
28086	11926
28087	11926
28088	11927
28089	11929
28090	11928
28091	11928
28092	11928
28093	11928
28094	11927
28095	11927
28096	11927
28097	11927
28098	11927
28099	11927
28100	11927
28101	11927
28102	11927
28103	11927
28104	11927
28105	11929
28106	11931
28107	11931
28108	11931
28109	11930
28110	11930
28111	11930
28112	11929
28113	11929
28114	11929
28115	11929
28116	11931
28117	11931
28118	11930
28119	11932
28120	11932
28121	11932
28122	11932
28123	11931
28124	11930
28125	11930
28126	11930
28127	11929
28128	11930
28129	11930
28130	11931
28131	11933
28132	11935
28133	11934
28134	11935
28135	11935
28136	11934
28137	11933
28138	11932
28139	11932
28140	11932
28141	11931
28142	11930
28143	11930
28144	11932
28145	11932
28146	11934
28147	11934
28148	11936
28149	11936
28150	11937
28151	11936
28152	11935
28153	11935
28154	11935
28155	11935
28156	11935
28157	11935
28158	11935
28159	11937
28160	11937
28161	11937
28162	11937
28163	11936
28164	11936
28165	11935
28166	11935
28167	11935
28168	11934
28169	11934
28170	11933
28171	11933
28172	11933
28173	11933
28174	11933
28175	11932
28176	11932
28177	11932
28178	11934
28179	11934
28180	11934
28181	11933
28182	11933
28183	11933
28184	11933
28185	11934
28186	11934
28187	11934
28188	11934
28189	11933
28190	11933
28191	11933
28192	11933
28193	11933
28194	11932
28195	11932
28196	11932
28197	11932
28198	11933
28199	11933
28200	11934
28201	11934
28202	11934
28203	11934
28204	11934
28205	11934
28206	11934
28207	11934
28208	11934
28209	11934
28210	11935
28211	11935
28212	11935
28213	11937
28214	11937
28215	11939
28216	11938
28217	11938
28218	11937
28219	11936
28220	11936
28221	11936
28222	11936
28223	11936
28224	11936
28225	11936
28226	11936
28227	11936
28228	11936
28229	11938
28230	11938
28231	11937
28232	11937
28233	11937
28234	11937
28235	11937
28236	11939
28237	11939
28238	11939
28239	11938
28240	11938
28241	11938
28242	11938
28243	11938
28244	11939
28245	11939
28246	11941
28247	11942
28248	11942
28249	11944
28250	11944
28251	11945
28252	11945
28253	11944
28254	11943
28255	11942
28256	11942
28257	11942
28258	11942
28259	11941
28260	11941
28261	11941
28262	11941
28263	11941
28264	11941
28265	11941
28266	11941
28267	11943
28268	11943
28269	11944
28270	11944
28271	11944
28272	11944
28273	11944
28274	11943
28275	11945
28276	11945
28277	11946
28278	11945
28279	11946
28280	11947
28281	11947
28282	11948
28283	11948
28284	11947
28285	11947
28286	11947
28287	11948
28288	11948
28289	11947
28290	11947
28291	11947
28292	11947
28293	11947
28294	11947
28295	11946
28296	11946
28297	11946
28298	11946
28299	11947
28300	11946
28301	11946
28302	11948
28303	11948
28304	11948
28305	11949
28306	11949
28307	11949
28308	11949
28309	11949
28310	11951
28311	11952
28312	11952
28313	11951
28314	11951
28315	11951
28316	11951
28317	11950
28318	11950
28319	11950
28320	11950
28321	11950
28322	11949
28323	11949
28324	11949
28325	11948
28326	11948
28327	11948
28328	11950
28329	11949
28330	11949
28331	11949
28332	11949
28333	11949
28334	11949
28335	11949
28336	11951
28337	11951
28338	11951
28339	11951
28340	11952
28341	11952
28342	11952
28343	11952
28344	11952
28345	11952
28346	11952
28347	11952
28348	11952
28349	11952
28350	11952
28351	11952
28352	11953
28353	11953
28354	11954
28355	11953
28356	11953
28357	11954
28358	11954
28359	11953
28360	11955
28361	11954
28362	11954
28363	11954
28364	11954
28365	11953
28366	11953
28367	11953
28368	11953
28369	11953
28370	11953
28371	11953
28372	11953
28373	11953
28374	11953
28375	11954
28376	11954
28377	11953
28378	11953
28379	11953
28380	11953
28381	11953
28382	11955
28383	11955
28384	11955
28385	11955
28386	11955
28387	11955
28388	11955
28389	11956
28390	11955
28391	11955
28392	11955
28393	11956
28394	11957
28395	11957
28396	11958
28397	11958
28398	11959
28399	11959
28400	11958
28401	11958
28402	11958
28403	11958
28404	11960
28405	11959
28406	11959
28407	11959
28408	11958
28409	11958
28410	11958
28411	11958
28412	11960
28413	11960
28414	11960
28415	11960
28416	11960
28417	11960
28418	11960
28419	11960
28420	11960
28421	11960
28422	11960
28423	11962
28424	11961
28425	11961
28426	11961
28427	11961
28428	11961
28429	11963
28430	11963
28431	11962
28432	11962
28433	11961
28434	11961
28435	11962
28436	11962
28437	11963
28438	11962
28439	11963
28440	11962
28441	11961
28442	11960
28443	11960
28444	11962
28445	11962
28446	11962
28447	11962
28448	11962
28449	11962
28450	11962
28451	11962
28452	11962
28453	11961
28454	11962
28455	11962
28456	11963
28457	11963
28458	11962
28459	11962
28460	11964
28461	11966
28462	11966
28463	11968
28464	11967
28465	11966
28466	11966
28467	11966
28468	11966
28469	11966
28470	11966
28471	11966
28472	11966
28473	11968
28474	11968
28475	11970
28476	11970
28477	11972
28478	11972
28479	11972
28480	11972
28481	11971
28482	11970
28483	11970
28484	11969
28485	11969
28486	11971
28487	11970
28488	11972
28489	11972
28490	11972
28491	11971
28492	11970
28493	11969
28494	11968
28495	11968
28496	11968
28497	11967
28498	11966
28499	11966
28500	11965
28501	11964
28502	11964
28503	11964
28504	11964
28505	11964
28506	11963
28507	11963
28508	11963
28509	11965
28510	11965
28511	11967
28512	11966
28513	11968
28514	11968
28515	11970
28516	11970
28517	11972
28518	11971
28519	11971
28520	11971
28521	11972
28522	11972
28523	11971
28524	11971
28525	11970
28526	11970
28527	11970
28528	11970
28529	11969
28530	11969
28531	11968
28532	11968
28533	11967
28534	11967
28535	11966
28536	11966
28537	11966
28538	11965
28539	11965
28540	11965
28541	11965
28542	11964
28543	11964
28544	11966
28545	11966
28546	11965
28547	11965
28548	11965
28549	11967
28550	11967
28551	11966
28552	11966
28553	11966
28554	11966
28555	11966
28556	11965
28557	11965
28558	11965
28559	11965
28560	11965
28561	11965
28562	11966
28563	11966
28564	11968
28565	11968
28566	11968
28567	11968
28568	11967
28569	11966
28570	11966
28571	11966
28572	11966
28573	11966
28574	11967
28575	11967
28576	11967
28577	11967
28578	11968
28579	11968
28580	11967
28581	11967
28582	11966
28583	11966
28584	11966
28585	11966
28586	11968
28587	11968
28588	11967
28589	11967
28590	11967
28591	11967
28592	11967
28593	11967
28594	11967
28595	11969
28596	11969
28597	11969
28598	11968
28599	11967
28600	11967
28601	11967
28602	11969
28603	11968
28604	11968
28605	11968
28606	11968
28607	11967
28608	11967
28609	11967
28610	11967
28611	11967
28612	11967
28613	11967
28614	11967
28615	11967
28616	11969
28617	11969
28618	11970
28619	11970
28620	11972
28621	11973
28622	11973
28623	11972
28624	11972
28625	11971
28626	11971
28627	11970
28628	11970
28629	11970
28630	11970
28631	11970
28632	11971
28633	11971
28634	11972
28635	11972
28636	11972
28637	11972
28638	11974
28639	11974
28640	11973
28641	11973
28642	11972
28643	11972
28644	11972
28645	11974
28646	11973
28647	11973
28648	11973
28649	11973
28650	11973
28651	11975
28652	11975
28653	11974
28654	11974
28655	11974
28656	11974
28657	11974
28658	11974
28659	11975
28660	11975
28661	11975
28662	11977
28663	11977
28664	11977
28665	11977
28666	11977
28667	11977
28668	11977
28669	11977
28670	11977
28671	11977
28672	11976
28673	11976
28674	11976
28675	11976
28676	11977
28677	11977
28678	11977
28679	11977
28680	11978
28681	11978
28682	11978
28683	11978
28684	11977
28685	11977
28686	11977
28687	11977
28688	11979
28689	11979
28690	11980
28691	11980
28692	11981
28693	11981
28694	11981
28695	11980
28696	11980
28697	11980
28698	11981
28699	11981
28700	11980
28701	11980
28702	11980
28703	11980
28704	11980
28705	11980
28706	11980
28707	11980
28708	11980
28709	11980
28710	11982
28711	11982
28712	11984
28713	11983
28714	11982
28715	11982
28716	11981
28717	11980
28718	11980
28719	11980
28720	11980
28721	11980
28722	11982
28723	11981
28724	11982
28725	11983
28726	11985
28727	11986
28728	11988
28729	11988
28730	11988
28731	11988
28732	11988
28733	11988
28734	11988
28735	11990
28736	11989
28737	11989
28738	11989
28739	11989
28740	11990
28741	11990
28742	11990
28743	11990
28744	11990
28745	11990
28746	11990
28747	11989
28748	11991
28749	11991
28750	11992
28751	11992
28752	11992
28753	11992
28754	11994
28755	11994
28756	11994
28757	11994
28758	11994
28759	11993
28760	11993
28761	11993
28762	11994
28763	11994
28764	11994
28765	11994
28766	11993
28767	11993
28768	11995
28769	11995
28770	11995
28771	11995
28772	11995
28773	11995
28774	11995
28775	11995
28776	11995
28777	11995
28778	11995
28779	11995
28780	11995
28781	11997
28782	11996
28783	11996
28784	11996
28785	11997
28786	11996
28787	11997
28788	11997
28789	11997
28790	11999
28791	11999
28792	12000
28793	12000
28794	11999
28795	11999
28796	11999
28797	11999
28798	11999
28799	12001
28800	12001
28801	12001
28802	12002
28803	12003
28804	12002
28805	12001
28806	12001
28807	12000
28808	12000
28809	12000
28810	12000
28811	12000
28812	12000
28813	12000
28814	12002
28815	12002
28816	12002
28817	12002
28818	12001
28819	12000
28820	12002
28821	12002
28822	12002
28823	12002
28824	12001
28825	12001
28826	12000
28827	12000
28828	12000
28829	12000
28830	12000
28831	12000
28832	12000
28833	12000
28834	12000
28835	12001
28836	12003
28837	12003
28838	12003
28839	12003
28840	12005
28841	12005
28842	12004
28843	12003
28844	12002
28845	12002
28846	12002
28847	12002
28848	12002
28849	12002
28850	12004
28851	12004
28852	12006
28853	12006
28854	12007
28855	12007
28856	12007
28857	12007
28858	12007
28859	12007
28860	12006
28861	12006
28862	12006
28863	12006
28864	12006
28865	12006
28866	12006
28867	12008
28868	12007
28869	12007
28870	12009
28871	12008
28872	12007
28873	12007
28874	12007
28875	12007
28876	12007
28877	12007
28878	12007
28879	12009
28880	12009
28881	12009
28882	12010
28883	12011
28884	12011
28885	12011
28886	12010
28887	12010
28888	12010
28889	12010
28890	12010
28891	12011
28892	12011
28893	12013
28894	12013
28895	12015
28896	12014
28897	12014
28898	12013
28899	12012
28900	12011
28901	12010
28902	12010
28903	12010
28904	12011
28905	12011
28906	12010
28907	12009
28908	12008
28909	12008
28910	12009
28911	12008
28912	12007
28913	12007
28914	12007
28915	12007
28916	12006
28917	12005
28918	12007
28919	12007
28920	12007
28921	12007
28922	12007
28923	12007
28924	12007
28925	12007
28926	12009
28927	12009
28928	12009
28929	12008
28930	12009
28931	12008
28932	12007
28933	12007
28934	12007
28935	12008
28936	12008
28937	12010
28938	12009
28939	12009
28940	12011
28941	12011
28942	12011
28943	12010
28944	12009
28945	12009
28946	12009
28947	12009
28948	12011
28949	12011
28950	12013
28951	12015
28952	12015
28953	12015
28954	12016
28955	12015
28956	12015
28957	12015
28958	12014
28959	12016
28960	12016
28961	12015
28962	12015
28963	12015
28964	12014
28965	12014
28966	12014
28967	12014
28968	12014
28969	12016
28970	12016
28971	12016
28972	12016
28973	12015
28974	12014
28975	12013
28976	12013
28977	12013
28978	12012
28979	12012
28980	12012
28981	12014
28982	12014
28983	12014
28984	12014
28985	12013
28986	12012
28987	12012
28988	12014
28989	12014
28990	12015
28991	12015
28992	12016
28993	12016
28994	12016
28995	12016
28996	12016
28997	12015
28998	12015
28999	12015
29000	12015
29001	12016
29002	12016
29003	12017
29004	12017
29005	12017
29006	12017
29007	12017
29008	12017
29009	12019
29010	12019
29011	12019
29012	12018
29013	12018
29014	12018
29015	12018
29016	12018
29017	12018
29018	12020
29019	12020
29020	12021
29021	12021
29022	12023
29023	12023
29024	12023
29025	12023
29026	12023
29027	12023
29028	12022
29029	12023
29030	12023
29031	12025
29032	12025
29033	12025
29034	12025
29035	12024
29036	12024
29037	12023
29038	12025
29039	12024
29040	12024
29041	12024
29042	12024
29043	12024
29044	12023
29045	12023
29046	12023
29047	12022
29048	12021
29049	12020
29050	12020
29051	12019
29052	12018
29053	12018
29054	12018
29055	12017
29056	12016
29057	12015
29058	12014
29059	12014
29060	12016
29061	12016
29062	12018
29063	12019
29064	12019
29065	12021
29066	12023
29067	12022
29068	12022
29069	12023
29070	12023
29071	12023
29072	12022
29073	12021
29074	12021
29075	12021
29076	12023
29077	12023
29078	12023
29079	12023
29080	12023
29081	12022
29082	12021
29083	12021
29084	12020
29085	12020
29086	12020
29087	12020
29088	12019
29089	12019
29090	12019
29091	12018
29092	12018
29093	12017
29094	12017
29095	12017
29096	12016
29097	12016
29098	12016
29099	12015
29100	12015
29101	12014
29102	12013
29103	12013
29104	12013
29105	12013
29106	12013
29107	12013
29108	12013
29109	12013
29110	12015
29111	12015
29112	12015
29113	12015
29114	12015
29115	12015
29116	12015
29117	12015
29118	12017
29119	12017
29120	12018
29121	12018
29122	12018
29123	12019
29124	12021
29125	12021
29126	12022
29127	12022
29128	12024
29129	12024
29130	12024
29131	12023
29132	12023
29133	12023
29134	12023
29135	12023
29136	12023
29137	12023
29138	12023
29139	12023
29140	12023
29141	12023
29142	12025
29143	12025
29144	12024
29145	12024
29146	12024
29147	12024
29148	12024
29149	12025
29150	12025
29151	12026
29152	12026
29153	12027
29154	12026
29155	12027
29156	12028
29157	12028
29158	12028
29159	12028
29160	12027
29161	12026
29162	12026
29163	12026
29164	12026
29165	12028
29166	12028
29167	12030
29168	12032
29169	12032
29170	12032
29171	12031
29172	12031
29173	12031
29174	12030
29175	12030
29176	12031
29177	12031
29178	12033
29179	12033
29180	12035
29181	12035
29182	12036
29183	12036
29184	12036
29185	12035
29186	12037
29187	12036
29188	12037
29189	12037
29190	12036
29191	12036
29192	12036
29193	12036
29194	12038
29195	12038
29196	12040
29197	12039
29198	12040
29199	12039
29200	12039
29201	12039
29202	12039
29203	12041
29204	12041
29205	12040
29206	12040
29207	12040
29208	12039
29209	12039
29210	12039
29211	12039
29212	12038
29213	12039
29214	12039
29215	12039
29216	12040
29217	12039
29218	12040
29219	12039
29220	12040
29221	12039
29222	12039
29223	12039
29224	12039
29225	12039
29226	12039
29227	12039
29228	12039
29229	12038
29230	12037
29231	12037
29232	12036
29233	12035
29234	12035
29235	12035
29236	12035
29237	12034
29238	12033
29239	12032
29240	12032
29241	12033
29242	12033
29243	12032
29244	12032
29245	12032
29246	12034
29247	12033
29248	12032
29249	12032
29250	12032
29251	12032
29252	12033
29253	12033
29254	12035
29255	12036
29256	12036
29257	12037
29258	12037
29259	12036
29260	12036
29261	12036
29262	12036
29263	12036
29264	12038
29265	12038
29266	12038
29267	12038
29268	12039
29269	12039
29270	12039
29271	12039
29272	12039
29273	12039
29274	12039
29275	12041
29276	12041
29277	12041
29278	12040
29279	12040
29280	12040
29281	12040
29282	12040
29283	12041
29284	12040
29285	12041
29286	12041
29287	12043
29288	12043
29289	12043
29290	12045
29291	12044
29292	12045
29293	12044
29294	12044
29295	12043
29296	12043
29297	12042
29298	12042
29299	12042
29300	12042
29301	12042
29302	12042
29303	12042
29304	12042
29305	12041
29306	12042
29307	12042
29308	12043
29309	12043
29310	12043
29311	12043
29312	12043
29313	12043
29314	12043
29315	12045
29316	12045
29317	12044
29318	12044
29319	12044
29320	12044
29321	12044
29322	12044
29323	12045
29324	12044
29325	12045
29326	12045
29327	12046
29328	12045
29329	12046
29330	12046
29331	12046
29332	12046
29333	12046
29334	12046
29335	12046
29336	12046
29337	12047
29338	12047
29339	12047
29340	12047
29341	12047
29342	12047
29343	12047
29344	12049
29345	12049
29346	12049
29347	12049
29348	12049
29349	12049
29350	12049
29351	12049
29352	12051
29353	12052
29354	12051
29355	12051
29356	12052
29357	12052
29358	12051
29359	12051
29360	12051
29361	12050
29362	12050
29363	12050
29364	12050
29365	12050
29366	12052
29367	12052
29368	12052
29369	12051
29370	12051
29371	12051
29372	12051
29373	12051
29374	12050
29375	12050
29376	12050
29377	12050
29378	12050
29379	12052
29380	12052
29381	12052
29382	12052
29383	12052
29384	12052
29385	12052
29386	12051
29387	12050
29388	12050
29389	12049
29390	12049
29391	12049
29392	12049
29393	12050
29394	12049
29395	12049
29396	12048
29397	12048
29398	12048
29399	12048
29400	12048
29401	12048
29402	12048
29403	12048
29404	12048
29405	12048
29406	12048
29407	12048
29408	12050
29409	12049
29410	12048
29411	12048
29412	12048
29413	12047
29414	12048
29415	12048
29416	12047
29417	12048
29418	12048
29419	12048
29420	12050
29421	12050
29422	12052
29423	12052
29424	12051
29425	12050
29426	12050
29427	12050
29428	12050
29429	12050
29430	12050
29431	12052
29432	12054
29433	12054
29434	12054
29435	12054
29436	12054
29437	12053
29438	12053
29439	12052
29440	12051
29441	12051
29442	12050
29443	12050
29444	12050
29445	12050
29446	12052
29447	12051
29448	12050
29449	12050
29450	12050
29451	12050
29452	12050
29453	12050
29454	12052
29455	12052
29456	12052
29457	12052
29458	12052
29459	12052
29460	12052
29461	12052
29462	12052
29463	12053
29464	12053
29465	12053
29466	12053
29467	12053
29468	12053
29469	12053
29470	12052
29471	12052
29472	12052
29473	12053
29474	12052
29475	12053
29476	12053
29477	12055
29478	12054
29479	12053
29480	12053
29481	12052
29482	12051
29483	12051
29484	12051
29485	12051
29486	12051
29487	12052
29488	12052
29489	12052
29490	12052
29491	12052
29492	12052
29493	12052
29494	12052
29495	12052
29496	12052
29497	12052
29498	12052
29499	12052
29500	12054
29501	12054
29502	12054
29503	12054
29504	12054
29505	12054
29506	12054
29507	12055
29508	12055
29509	12056
29510	12057
29511	12056
29512	12056
29513	12057
29514	12056
29515	12057
29516	12057
29517	12058
29518	12058
29519	12057
29520	12057
29521	12057
29522	12057
29523	12059
29524	12058
29525	12058
29526	12057
29527	12057
29528	12057
29529	12056
29530	12055
29531	12055
29532	12055
29533	12055
29534	12054
29535	12054
29536	12056
29537	12055
29538	12055
29539	12055
29540	12055
29541	12055
29542	12057
29543	12057
29544	12057
29545	12057
29546	12057
29547	12057
29548	12057
29549	12059
29550	12059
29551	12058
29552	12057
29553	12057
29554	12057
29555	12058
29556	12058
29557	12059
29558	12058
29559	12059
29560	12060
29561	12059
29562	12058
29563	12058
29564	12058
29565	12057
29566	12057
29567	12057
29568	12056
29569	12057
29570	12057
29571	12057
29572	12058
29573	12058
29574	12057
29575	12057
29576	12057
29577	12059
29578	12059
29579	12059
29580	12059
29581	12059
29582	12061
29583	12060
29584	12062
29585	12062
29586	12064
29587	12064
29588	12063
29589	12062
29590	12062
29591	12062
29592	12061
29593	12061
29594	12061
29595	12063
29596	12065
29597	12065
29598	12067
29599	12066
29600	12066
29601	12066
29602	12065
29603	12065
29604	12065
29605	12065
29606	12064
29607	12065
29608	12065
29609	12066
29610	12068
29611	12069
29612	12069
29613	12071
29614	12070
29615	12069
29616	12069
29617	12069
29618	12068
29619	12067
29620	12066
29621	12065
29622	12065
29623	12067
29624	12067
29625	12069
29626	12069
29627	12071
29628	12071
29629	12072
29630	12072
29631	12071
29632	12070
29633	12069
29634	12069
29635	12071
29636	12071
29637	12070
29638	12070
29639	12070
29640	12070
29641	12070
29642	12069
29643	12069
29644	12068
29645	12068
29646	12068
29647	12068
29648	12068
29649	12068
29650	12067
29651	12067
29652	12069
29653	12069
29654	12068
29655	12068
29656	12067
29657	12067
29658	12067
29659	12066
29660	12066
29661	12066
29662	12066
29663	12066
29664	12066
29665	12067
29666	12069
29667	12069
29668	12069
29669	12069
29670	12069
29671	12068
29672	12068
29673	12068
29674	12068
29675	12068
29676	12069
29677	12069
29678	12069
29679	12069
29680	12068
29681	12068
29682	12068
29683	12068
29684	12069
29685	12069
29686	12069
29687	12069
29688	12069
29689	12068
29690	12068
29691	12069
29692	12069
29693	12069
29694	12071
29695	12070
29696	12070
29697	12070
29698	12070
29699	12070
29700	12070
29701	12070
29702	12070
29703	12070
29704	12072
29705	12072
29706	12072
29707	12072
29708	12072
29709	12072
29710	12072
29711	12072
29712	12073
29713	12073
29714	12073
29715	12072
29716	12072
29717	12071
29718	12071
29719	12071
29720	12073
29721	12073
29722	12075
29723	12075
29724	12076
29725	12075
29726	12076
29727	12075
29728	12074
29729	12073
29730	12072
29731	12071
29732	12071
29733	12071
29734	12071
29735	12073
29736	12072
29737	12072
29738	12072
29739	12072
29740	12072
29741	12072
29742	12072
29743	12072
29744	12072
29745	12071
29746	12072
29747	12071
29748	12072
29749	12073
29750	12072
29751	12073
29752	12072
29753	12072
29754	12072
29755	12071
29756	12071
29757	12071
29758	12071
29759	12071
29760	12072
29761	12071
29762	12070
29763	12072
29764	12071
29765	12071
29766	12071
29767	12072
29768	12072
29769	12072
29770	12072
29771	12072
29772	12072
29773	12073
29774	12073
29775	12073
29776	12073
29777	12073
29778	12075
29779	12075
29780	12074
29781	12074
29782	12073
29783	12073
29784	12073
29785	12073
29786	12073
29787	12073
29788	12073
29789	12075
29790	12074
29791	12074
29792	12075
29793	12074
29794	12073
29795	12072
29796	12071
29797	12070
29798	12070
29799	12070
29800	12069
29801	12068
29802	12068
29803	12067
29804	12066
29805	12065
29806	12065
29807	12067
29808	12067
29809	12066
29810	12065
29811	12065
29812	12065
29813	12065
29814	12067
29815	12066
29816	12068
29817	12068
29818	12070
29819	12069
29820	12071
29821	12071
29822	12071
29823	12070
29824	12070
29825	12070
29826	12069
29827	12068
29828	12068
29829	12068
29830	12067
29831	12067
29832	12066
29833	12066
29834	12066
29835	12066
29836	12065
29837	12064
29838	12063
29839	12063
29840	12062
29841	12062
29842	12061
29843	12061
29844	12061
29845	12063
29846	12062
29847	12062
29848	12062
29849	12061
29850	12061
29851	12061
29852	12063
29853	12064
29854	12064
29855	12063
29856	12062
29857	12061
29858	12061
29859	12061
29860	12061
29861	12063
29862	12063
29863	12062
29864	12062
29865	12062
29866	12062
29867	12062
29868	12062
29869	12061
29870	12060
29871	12060
29872	12060
29873	12062
29874	12062
29875	12062
29876	12062
29877	12063
29878	12062
29879	12061
29880	12061
29881	12061
29882	12061
29883	12061
29884	12060
29885	12059
29886	12059
29887	12059
29888	12059
29889	12059
29890	12059
29891	12061
29892	12060
29893	12060
29894	12060
29895	12060
29896	12060
29897	12060
29898	12061
29899	12061
29900	12061
29901	12060
29902	12060
29903	12060
29904	12059
29905	12059
29906	12060
29907	12060
29908	12060
29909	12060
29910	12060
29911	12060
29912	12060
29913	12059
29914	12058
29915	12058
29916	12058
29917	12057
29918	12057
29919	12057
29920	12058
29921	12058
29922	12059
29923	12058
29924	12058
29925	12058
29926	12058
29927	12059
29928	12058
29929	12058
29930	12058
29931	12060
29932	12060
29933	12062
29934	12061
29935	12061
29936	12061
29937	12061
29938	12061
29939	12063
29940	12062
29941	12061
29942	12061
29943	12061
29944	12060
29945	12060
29946	12060
29947	12059
29948	12059
29949	12060
29950	12059
29951	12059
29952	12059
29953	12060
29954	12060
29955	12060
29956	12060
29957	12060
29958	12060
29959	12060
29960	12060
29961	12059
29962	12059
29963	12060
29964	12060
29965	12060
29966	12060
29967	12060
29968	12062
29969	12061
29970	12062
29971	12062
29972	12063
29973	12062
29974	12062
29975	12062
29976	12062
29977	12062
29978	12062
29979	12063
29980	12063
29981	12062
29982	12062
29983	12062
29984	12061
29985	12062
29986	12062
29987	12062
29988	12062
29989	12062
29990	12061
29991	12063
29992	12063
29993	12063
29994	12063
29995	12063
29996	12063
29997	12062
29998	12062
29999	12062
30000	12062
30001	12062
30002	12061
30003	12061
30004	12063
30005	12063
30006	12064
30007	12063
30008	12064
30009	12063
30010	12063
30011	12063
30012	12063
30013	12062
30014	12062
30015	12062
30016	12062
30017	12064
30018	12064
30019	12063
30020	12063
30021	12064
30022	12066
30023	12066
30024	12067
30025	12067
30026	12068
30027	12067
30028	12066
30029	12066
30030	12065
30031	12065
30032	12065
30033	12064
30034	12064
30035	12063
30036	12063
30037	12062
30038	12062
30039	12062
30040	12062
30041	12064
30042	12064
30043	12064
30044	12063
30045	12065
30046	12065
30047	12064
30048	12063
30049	12063
30050	12063
30051	12063
30052	12063
30053	12063
30054	12063
30055	12063
30056	12063
30057	12063
30058	12063
30059	12063
30060	12064
30061	12064
30062	12064
30063	12066
30064	12066
30065	12066
30066	12068
30067	12068
30068	12070
30069	12070
30070	12071
30071	12071
30072	12071
30073	12071
30074	12071
30075	12070
30076	12070
30077	12072
30078	12072
30079	12071
30080	12071
30081	12071
30082	12070
30083	12069
30084	12069
30085	12069
30086	12070
30087	12070
30088	12069
30089	12069
30090	12069
30091	12069
30092	12069
30093	12071
30094	12070
30095	12070
30096	12070
30097	12070
30098	12069
30099	12069
30100	12070
30101	12069
30102	12068
30103	12068
30104	12067
30105	12066
30106	12066
30107	12066
30108	12065
30109	12066
30110	12067
30111	12069
30112	12069
30113	12070
30114	12070
30115	12070
30116	12070
30117	12070
30118	12070
30119	12070
30120	12069
30121	12071
30122	12071
30123	12072
30124	12072
30125	12071
30126	12071
30127	12073
30128	12073
30129	12073
30130	12073
30131	12073
30132	12073
30133	12075
30134	12075
30135	12075
30136	12076
30137	12075
30138	12074
30139	12073
30140	12073
30141	12073
30142	12073
30143	12073
30144	12073
30145	12073
30146	12073
30147	12075
30148	12074
30149	12075
30150	12074
30151	12074
30152	12074
30153	12074
30154	12073
30155	12073
30156	12074
30157	12074
30158	12074
30159	12075
30160	12074
30161	12076
30162	12076
30163	12075
30164	12074
30165	12074
30166	12073
30167	12073
30168	12073
30169	12072
30170	12074
30171	12074
30172	12076
30173	12075
30174	12074
30175	12073
30176	12072
30177	12071
30178	12072
30179	12072
30180	12071
30181	12070
30182	12070
30183	12070
30184	12070
30185	12069
30186	12070
30187	12070
30188	12070
30189	12069
30190	12068
30191	12068
30192	12067
30193	12067
30194	12067
30195	12067
30196	12067
30197	12067
30198	12067
30199	12066
30200	12065
30201	12067
30202	12067
30203	12066
30204	12066
30205	12066
30206	12068
30207	12068
30208	12068
30209	12068
30210	12068
30211	12068
30212	12068
30213	12070
30214	12070
30215	12072
30216	12071
30217	12070
30218	12069
30219	12069
30220	12069
30221	12069
30222	12069
30223	12069
30224	12069
30225	12071
30226	12071
30227	12071
30228	12072
30229	12073
30230	12073
30231	12072
30232	12071
30233	12071
30234	12071
30235	12070
30236	12070
30237	12071
30238	12073
30239	12073
30240	12073
30241	12073
30242	12075
30243	12074
30244	12073
30245	12072
30246	12071
30247	12070
30248	12070
30249	12069
30250	12070
30251	12070
30252	12069
30253	12069
30254	12068
30255	12067
30256	12068
30257	12067
30258	12066
30259	12066
30260	12066
30261	12066
30262	12065
30263	12064
30264	12066
30265	12065
30266	12065
30267	12065
30268	12065
30269	12065
30270	12067
30271	12066
30272	12065
30273	12065
30274	12067
30275	12068
30276	12068
30277	12070
30278	12070
30279	12070
30280	12070
30281	12070
30282	12070
30283	12069
30284	12068
30285	12068
30286	12070
30287	12070
30288	12072
30289	12074
30290	12074
30291	12074
30292	12073
30293	12073
30294	12074
30295	12073
30296	12075
30297	12075
30298	12075
30299	12075
30300	12074
30301	12074
30302	12074
30303	12074
30304	12074
30305	12076
30306	12076
30307	12076
30308	12078
30309	12077
30310	12079
30311	12078
30312	12078
30313	12077
30314	12078
30315	12078
30316	12077
30317	12077
30318	12077
30319	12078
30320	12078
30321	12079
30322	12080
30323	12080
30324	12080
30325	12081
30326	12081
30327	12081
30328	12081
30329	12080
30330	12079
30331	12079
30332	12081
30333	12081
30334	12081
30335	12081
30336	12081
30337	12081
30338	12081
30339	12081
30340	12081
30341	12080
30342	12079
30343	12078
30344	12080
30345	12080
30346	12080
30347	12080
30348	12080
30349	12079
30350	12079
30351	12079
30352	12080
30353	12080
30354	12081
30355	12081
30356	12081
30357	12081
30358	12082
30359	12082
30360	12083
30361	12083
30362	12083
30363	12085
30364	12085
30365	12087
30366	12087
30367	12087
30368	12087
30369	12087
30370	12087
30371	12086
30372	12086
30373	12086
30374	12088
30375	12088
30376	12088
30377	12088
30378	12088
30379	12088
30380	12087
30381	12087
30382	12087
30383	12087
30384	12089
30385	12089
30386	12090
30387	12090
30388	12090
30389	12090
30390	12089
30391	12088
30392	12088
30393	12088
30394	12087
30395	12089
30396	12088
30397	12088
30398	12088
30399	12088
30400	12088
30401	12088
30402	12087
30403	12087
30404	12086
30405	12086
30406	12086
30407	12085
30408	12084
30409	12084
30410	12083
30411	12082
30412	12082
30413	12081
30414	12081
30415	12080
30416	12080
30417	12080
30418	12079
30419	12079
30420	12079
30421	12079
30422	12079
30423	12081
30424	12081
30425	12083
30426	12083
30427	12085
30428	12085
30429	12087
30430	12087
30431	12088
30432	12087
30433	12086
30434	12086
30435	12086
30436	12086
30437	12086
30438	12086
30439	12086
30440	12086
30441	12086
30442	12085
30443	12087
30444	12087
30445	12087
30446	12087
30447	12087
30448	12086
30449	12085
30450	12085
30451	12087
30452	12087
30453	12087
30454	12087
30455	12086
30456	12086
30457	12086
30458	12086
30459	12086
30460	12086
30461	12086
30462	12086
30463	12086
30464	12086
30465	12088
30466	12087
30467	12087
30468	12087
30469	12087
30470	12087
30471	12087
30472	12086
30473	12087
30474	12087
30475	12088
30476	12088
30477	12089
30478	12090
30479	12090
30480	12089
30481	12088
30482	12088
30483	12087
30484	12087
30485	12087
30486	12086
30487	12086
30488	12086
30489	12086
30490	12086
30491	12086
30492	12086
30493	12088
30494	12088
30495	12088
30496	12088
30497	12088
30498	12087
30499	12087
30500	12087
30501	12089
30502	12089
30503	12090
30504	12090
30505	12091
30506	12091
30507	12092
30508	12092
30509	12091
30510	12091
30511	12093
30512	12095
30513	12095
30514	12097
30515	12097
30516	12098
30517	12097
30518	12097
30519	12097
30520	12097
30521	12099
30522	12099
30523	12099
30524	12099
30525	12099
30526	12098
30527	12097
30528	12097
30529	12096
30530	12096
30531	12096
30532	12095
30533	12095
30534	12095
30535	12094
30536	12094
30537	12094
30538	12094
30539	12096
30540	12096
30541	12097
30542	12096
30543	12097
30544	12099
30545	12098
30546	12099
30547	12099
30548	12098
30549	12097
30550	12096
30551	12096
30552	12096
30553	12095
30554	12095
30555	12097
30556	12097
30557	12097
30558	12097
30559	12097
30560	12099
30561	12099
30562	12099
30563	12099
30564	12099
30565	12099
30566	12099
30567	12099
30568	12099
30569	12099
30570	12101
30571	12101
30572	12101
30573	12101
30574	12101
30575	12101
30576	12101
30577	12102
30578	12102
30579	12104
30580	12105
30581	12105
30582	12107
30583	12107
30584	12108
30585	12108
30586	12108
30587	12107
30588	12107
30589	12106
30590	12106
30591	12106
30592	12106
30593	12106
30594	12105
30595	12105
30596	12105
30597	12106
30598	12106
30599	12106
30600	12106
30601	12106
30602	12106
30603	12106
30604	12106
30605	12106
30606	12108
30607	12108
30608	12108
30609	12108
30610	12108
30611	12108
30612	12108
30613	12108
30614	12108
30615	12108
30616	12108
30617	12108
30618	12108
30619	12108
30620	12109
30621	12109
30622	12109
30623	12111
30624	12111
30625	12112
30626	12111
30627	12110
30628	12109
30629	12108
30630	12108
30631	12108
30632	12108
30633	12108
30634	12108
30635	12108
30636	12108
30637	12110
30638	12109
30639	12108
30640	12108
30641	12108
30642	12108
30643	12108
30644	12107
30645	12109
30646	12109
30647	12108
30648	12108
30649	12107
30650	12107
30651	12107
30652	12107
30653	12107
30654	12107
30655	12107
30656	12107
30657	12107
30658	12107
30659	12106
30660	12105
30661	12105
30662	12106
30663	12106
30664	12108
30665	12108
30666	12108
30667	12109
30668	12110
30669	12110
30670	12110
30671	12110
30672	12110
30673	12110
30674	12109
30675	12109
30676	12109
30677	12111
30678	12110
30679	12110
30680	12109
30681	12109
30682	12108
30683	12108
30684	12108
30685	12108
30686	12108
30687	12108
30688	12108
30689	12108
30690	12108
30691	12108
30692	12108
30693	12108
30694	12109
30695	12108
30696	12108
30697	12107
30698	12107
30699	12107
30700	12109
30701	12108
30702	12107
30703	12107
30704	12107
30705	12106
30706	12106
30707	12107
30708	12107
30709	12108
30710	12107
30711	12108
30712	12107
30713	12107
30714	12107
30715	12107
30716	12107
30717	12108
30718	12108
30719	12109
30720	12109
30721	12110
30722	12109
30723	12109
30724	12111
30725	12113
30726	12113
30727	12115
30728	12115
30729	12114
30730	12114
30731	12114
30732	12114
30733	12114
30734	12114
30735	12116
30736	12116
30737	12118
30738	12118
30739	12118
30740	12120
30741	12120
30742	12120
30743	12120
30744	12119
30745	12118
30746	12118
30747	12118
30748	12118
30749	12120
30750	12120
30751	12121
30752	12123
30753	12123
30754	12124
30755	12124
30756	12123
30757	12123
30758	12122
30759	12122
30760	12123
30761	12123
30762	12123
30763	12122
30764	12122
30765	12122
30766	12124
30767	12124
30768	12124
30769	12124
30770	12124
30771	12124
30772	12123
30773	12123
30774	12125
30775	12124
30776	12123
30777	12124
30778	12124
30779	12125
30780	12124
30781	12124
30782	12123
30783	12123
30784	12123
30785	12123
30786	12125
30787	12125
30788	12125
30789	12125
30790	12125
30791	12125
30792	12125
30793	12127
30794	12127
30795	12127
30796	12127
30797	12128
30798	12128
30799	12128
30800	12128
30801	12128
30802	12128
30803	12127
30804	12126
30805	12126
30806	12126
30807	12126
30808	12126
30809	12126
30810	12125
30811	12126
30812	12126
30813	12126
30814	12126
30815	12127
30816	12127
30817	12126
30818	12126
30819	12125
30820	12125
30821	12125
30822	12125
30823	12125
30824	12125
30825	12125
30826	12125
30827	12125
30828	12127
30829	12127
30830	12128
30831	12128
30832	12128
30833	12128
30834	12128
30835	12130
30836	12130
30837	12130
30838	12130
30839	12130
30840	12130
30841	12129
30842	12129
30843	12130
30844	12130
30845	12132
30846	12131
30847	12132
30848	12132
30849	12132
30850	12134
30851	12134
30852	12134
30853	12134
30854	12133
30855	12133
30856	12133
30857	12133
30858	12135
30859	12135
30860	12135
30861	12135
30862	12134
30863	12134
30864	12134
30865	12134
30866	12134
30867	12133
30868	12133
30869	12133
30870	12133
30871	12133
30872	12133
30873	12133
30874	12133
30875	12132
30876	12132
30877	12132
30878	12132
30879	12132
30880	12134
30881	12133
30882	12133
30883	12133
30884	12134
30885	12134
30886	12134
30887	12134
30888	12134
30889	12133
30890	12133
30891	12132
30892	12131
30893	12131
30894	12132
30895	12132
30896	12132
30897	12134
30898	12133
30899	12133
30900	12133
30901	12132
30902	12132
30903	12132
30904	12132
30905	12134
30906	12134
30907	12134
30908	12133
30909	12133
30910	12133
30911	12133
30912	12133
30913	12133
30914	12133
30915	12133
30916	12133
30917	12133
30918	12135
30919	12137
30920	12137
30921	12136
30922	12136
30923	12136
30924	12136
30925	12135
30926	12135
30927	12135
30928	12135
30929	12134
30930	12136
30931	12136
30932	12138
30933	12138
30934	12138
30935	12138
30936	12137
30937	12136
30938	12136
30939	12135
30940	12137
30941	12137
30942	12137
30943	12139
30944	12139
30945	12141
30946	12140
30947	12140
30948	12140
30949	12139
30950	12138
30951	12138
30952	12138
30953	12138
30954	12138
30955	12137
30956	12137
30957	12136
30958	12135
30959	12135
30960	12135
30961	12134
30962	12134
30963	12133
30964	12133
30965	12132
30966	12132
30967	12132
30968	12134
30969	12133
30970	12133
30971	12133
30972	12133
30973	12135
30974	12135
30975	12137
30976	12139
30977	12139
30978	12139
30979	12139
30980	12138
30981	12138
30982	12138
30983	12137
30984	12136
30985	12136
30986	12136
30987	12136
30988	12135
30989	12135
30990	12134
30991	12134
30992	12136
30993	12136
30994	12138
30995	12138
30996	12138
30997	12139
30998	12139
30999	12139
31000	12138
31001	12138
31002	12138
31003	12140
31004	12140
31005	12140
31006	12140
31007	12141
31008	12140
31009	12140
31010	12139
31011	12139
31012	12139
31013	12138
31014	12138
31015	12138
31016	12139
31017	12139
31018	12140
31019	12140
31020	12140
31021	12140
31022	12140
31023	12139
31024	12139
31025	12139
31026	12139
31027	12139
31028	12140
31029	12140
31030	12142
31031	12141
31032	12141
31033	12141
31034	12141
31035	12141
31036	12141
31037	12140
31038	12139
31039	12139
31040	12139
31041	12138
31042	12138
31043	12137
31044	12138
31045	12138
31046	12138
31047	12138
31048	12140
31049	12140
31050	12141
31051	12141
31052	12141
31053	12140
31054	12140
31055	12139
31056	12139
31057	12139
31058	12139
31059	12141
31060	12141
31061	12141
31062	12141
31063	12140
31064	12139
31065	12139
31066	12141
31067	12141
31068	12141
31069	12140
31070	12140
31071	12140
31072	12139
31073	12139
31074	12138
31075	12138
31076	12138
31077	12140
31078	12139
31079	12139
31080	12139
31081	12139
31082	12138
31083	12140
31084	12139
31085	12139
31086	12139
31087	12139
31088	12139
31089	12141
31090	12141
31091	12141
31092	12141
31093	12141
31094	12141
31095	12141
31096	12141
31097	12141
31098	12141
31099	12142
31100	12142
31101	12141
31102	12141
31103	12141
31104	12141
31105	12141
31106	12141
31107	12142
31108	12143
31109	12143
31110	12143
31111	12143
31112	12143
31113	12143
31114	12143
31115	12142
31116	12142
31117	12142
31118	12142
31119	12142
31120	12144
31121	12144
31122	12145
31123	12145
31124	12145
31125	12145
31126	12145
31127	12144
31128	12144
31129	12144
31130	12144
31131	12145
31132	12145
31133	12145
31134	12144
31135	12144
31136	12143
31137	12142
31138	12142
31139	12141
31140	12141
31141	12141
31142	12141
31143	12141
31144	12141
31145	12141
31146	12143
31147	12143
31148	12145
31149	12145
31150	12145
31151	12145
31152	12145
31153	12147
31154	12146
31155	12147
31156	12149
31157	12150
31158	12152
31159	12152
31160	12152
31161	12152
31162	12152
31163	12151
31164	12151
31165	12153
31166	12153
31167	12155
31168	12155
31169	12155
31170	12155
31171	12155
31172	12155
31173	12155
31174	12155
31175	12155
31176	12154
31177	12156
31178	12156
31179	12156
31180	12157
31181	12157
31182	12157
31183	12156
31184	12156
31185	12156
31186	12157
31187	12156
31188	12155
31189	12157
31190	12157
31191	12157
31192	12157
31193	12156
31194	12158
31195	12158
31196	12158
31197	12157
31198	12157
31199	12157
31200	12157
31201	12157
31202	12157
31203	12157
31204	12158
31205	12158
31206	12160
31207	12160
31208	12160
31209	12160
31210	12159
31211	12159
31212	12159
31213	12158
31214	12158
31215	12160
31216	12160
31217	12159
31218	12158
31219	12157
31220	12157
31221	12157
31222	12157
31223	12157
31224	12157
31225	12157
31226	12159
31227	12160
31228	12160
31229	12162
31230	12162
31231	12162
31232	12162
31233	12162
31234	12162
31235	12161
31236	12163
31237	12163
31238	12163
31239	12163
31240	12164
31241	12164
31242	12164
31243	12164
31244	12163
31245	12163
31246	12163
31247	12163
31248	12163
31249	12163
31250	12163
31251	12163
31252	12163
31253	12163
31254	12165
31255	12164
31256	12163
31257	12164
31258	12164
31259	12165
31260	12165
31261	12165
31262	12167
31263	12167
31264	12166
31265	12166
31266	12167
31267	12167
31268	12167
31269	12167
31270	12166
31271	12168
31272	12168
31273	12169
31274	12169
31275	12169
31276	12169
31277	12169
31278	12169
31279	12169
31280	12169
31281	12171
31282	12171
31283	12171
31284	12171
31285	12171
31286	12171
31287	12171
31288	12173
31289	12172
31290	12172
31291	12174
31292	12173
31293	12172
31294	12172
31295	12173
31296	12173
31297	12174
31298	12174
31299	12173
31300	12172
31301	12172
31302	12172
31303	12172
31304	12172
31305	12173
31306	12172
31307	12172
31308	12172
31309	12174
31310	12174
31311	12173
31312	12172
31313	12171
31314	12170
31315	12170
31316	12170
31317	12171
31318	12170
31319	12170
31320	12169
31321	12169
31322	12169
31323	12170
31324	12170
31325	12169
31326	12168
31327	12168
31328	12167
31329	12166
31330	12165
31331	12167
31332	12167
31333	12167
31334	12167
31335	12167
31336	12167
31337	12167
31338	12167
31339	12169
31340	12169
31341	12168
31342	12167
31343	12168
31344	12167
31345	12167
31346	12167
31347	12169
31348	12168
31349	12168
31350	12169
31351	12169
31352	12171
31353	12171
31354	12170
31355	12170
31356	12170
31357	12169
31358	12169
31359	12169
31360	12169
31361	12171
31362	12171
31363	12173
31364	12175
31365	12175
31366	12176
31367	12175
31368	12175
31369	12175
31370	12175
31371	12175
31372	12175
31373	12175
31374	12177
31375	12177
31376	12177
31377	12176
31378	12175
31379	12175
31380	12176
31381	12176
31382	12176
31383	12176
31384	12175
31385	12174
31386	12173
31387	12173
31388	12172
31389	12172
31390	12172
31391	12172
31392	12174
31393	12174
31394	12174
31395	12173
31396	12172
31397	12172
31398	12172
31399	12174
31400	12173
31401	12173
31402	12173
31403	12173
31404	12173
31405	12174
31406	12174
31407	12176
31408	12175
31409	12177
31410	12177
31411	12178
31412	12178
31413	12178
31414	12178
31415	12178
31416	12178
31417	12177
31418	12176
31419	12176
31420	12178
31421	12178
31422	12180
31423	12182
31424	12182
31425	12182
31426	12181
31427	12181
31428	12183
31429	12183
31430	12184
31431	12183
31432	12183
31433	12183
31434	12182
31435	12182
31436	12182
31437	12184
31438	12183
31439	12183
31440	12182
31441	12183
31442	12183
31443	12182
31444	12182
31445	12182
31446	12182
31447	12182
31448	12184
31449	12183
31450	12183
31451	12185
31452	12184
31453	12184
31454	12183
31455	12184
31456	12183
31457	12184
31458	12183
31459	12183
31460	12184
31461	12184
31462	12183
31463	12183
31464	12183
31465	12182
31466	12183
31467	12182
31468	12182
31469	12182
31470	12182
31471	12182
31472	12181
31473	12180
31474	12179
31475	12179
31476	12179
31477	12178
31478	12178
31479	12178
31480	12178
31481	12178
31482	12178
31483	12177
31484	12177
31485	12178
31486	12178
31487	12179
31488	12179
31489	12179
31490	12179
31491	12180
31492	12180
31493	12181
31494	12181
31495	12181
31496	12183
31497	12183
31498	12183
31499	12183
31500	12183
31501	12182
31502	12182
31503	12182
31504	12182
31505	12182
31506	12184
31507	12184
31508	12186
31509	12186
31510	12186
31511	12186
31512	12186
31513	12186
31514	12186
31515	12185
31516	12185
31517	12187
31518	12186
31519	12187
31520	12187
31521	12187
31522	12189
31523	12188
31524	12188
31525	12188
31526	12188
31527	12188
31528	12188
31529	12187
31530	12186
31531	12186
31532	12185
31533	12185
31534	12185
31535	12184
31536	12183
31537	12182
31538	12181
31539	12181
31540	12180
31541	12180
31542	12180
31543	12179
31544	12178
31545	12177
31546	12176
31547	12176
31548	12178
31549	12178
31550	12180
31551	12182
31552	12181
31553	12181
31554	12181
31555	12183
31556	12184
31557	12184
31558	12184
31559	12183
31560	12182
31561	12182
31562	12182
31563	12184
31564	12184
31565	12184
31566	12184
31567	12184
31568	12183
31569	12182
31570	12182
31571	12182
31572	12182
31573	12181
31574	12181
31575	12180
31576	12180
31577	12180
31578	12179
31579	12179
31580	12178
31581	12177
31582	12177
31583	12176
31584	12176
31585	12175
31586	12175
31587	12175
31588	12175
31589	12175
31590	12175
31591	12175
31592	12175
31593	12177
31594	12177
31595	12177
31596	12177
31597	12177
31598	12177
31599	12176
31600	12176
31601	12178
31602	12178
31603	12178
31604	12179
31605	12180
31606	12180
31607	12181
31608	12181
31609	12183
31610	12183
31611	12182
31612	12182
31613	12182
31614	12182
31615	12182
31616	12182
31617	12182
31618	12182
31619	12182
31620	12182
31621	12182
31622	12182
31623	12184
31624	12183
31625	12183
31626	12183
31627	12183
31628	12183
31629	12183
31630	12183
31631	12184
31632	12184
31633	12185
31634	12184
31635	12185
31636	12186
31637	12186
31638	12188
31639	12187
31640	12186
31641	12186
31642	12186
31643	12186
31644	12185
31645	12185
31646	12185
31647	12185
31648	12185
31649	12184
31650	12184
31651	12184
31652	12183
31653	12183
31654	12185
31655	12185
31656	12185
31657	12185
31658	12185
31659	12185
31660	12185
31661	12186
31662	12185
31663	12184
31664	12184
31665	12183
31666	12183
31667	12183
31668	12184
31669	12184
31670	12185
31671	12186
31672	12187
31673	12186
31674	12185
31675	12185
31676	12185
31677	12185
31678	12185
31679	12184
31680	12185
31681	12185
31682	12186
31683	12186
31684	12187
31685	12187
31686	12189
31687	12189
31688	12191
31689	12191
31690	12190
31691	12192
31692	12192
31693	12191
31694	12190
31695	12190
31696	12190
31697	12190
31698	12190
31699	12190
31700	12192
31701	12194
31702	12194
31703	12196
31704	12196
31705	12196
31706	12196
31707	12195
31708	12195
31709	12195
31710	12194
31711	12194
31712	12196
31713	12198
31714	12198
31715	12200
31716	12200
31717	12201
31718	12200
31719	12200
31720	12199
31721	12199
31722	12201
31723	12201
31724	12201
31725	12200
31726	12200
31727	12200
31728	12200
31729	12199
31730	12199
31731	12199
31732	12199
31733	12198
31734	12198
31735	12198
31736	12200
31737	12199
31738	12199
31739	12199
31740	12198
31741	12198
31742	12199
31743	12198
31744	12199
31745	12200
31746	12200
31747	12202
31748	12201
31749	12200
31750	12200
31751	12200
31752	12199
31753	12198
31754	12197
31755	12197
31756	12199
31757	12199
31758	12199
31759	12199
31760	12199
31761	12200
31762	12200
31763	12200
31764	12200
31765	12200
31766	12200
31767	12200
31768	12202
31769	12202
31770	12202
31771	12202
31772	12202
31773	12202
31774	12202
31775	12201
31776	12201
31777	12201
31778	12203
31779	12203
31780	12205
31781	12205
31782	12206
31783	12205
31784	12205
31785	12205
31786	12205
31787	12205
31788	12205
31789	12205
31790	12207
31791	12207
31792	12207
31793	12207
31794	12207
31795	12207
31796	12207
31797	12207
31798	12206
31799	12206
31800	12206
31801	12206
31802	12206
31803	12206
31804	12207
31805	12209
31806	12209
31807	12209
31808	12209
31809	12210
31810	12210
31811	12210
31812	12210
31813	12209
31814	12208
31815	12208
31816	12208
31817	12208
31818	12209
31819	12209
31820	12209
31821	12209
31822	12208
31823	12208
31824	12208
31825	12209
31826	12208
31827	12207
31828	12206
31829	12205
31830	12205
31831	12205
31832	12205
31833	12205
31834	12205
31835	12205
31836	12204
31837	12203
31838	12205
31839	12204
31840	12204
31841	12204
31842	12204
31843	12204
31844	12204
31845	12204
31846	12204
31847	12204
31848	12204
31849	12204
31850	12204
31851	12204
31852	12203
31853	12203
31854	12202
31855	12201
31856	12201
31857	12202
31858	12204
31859	12203
31860	12203
31861	12203
31862	12202
31863	12202
31864	12202
31865	12203
31866	12203
31867	12203
31868	12203
31869	12202
31870	12202
31871	12202
31872	12202
31873	12202
31874	12202
31875	12204
31876	12204
31877	12205
31878	12206
31879	12206
31880	12207
31881	12207
31882	12206
31883	12205
31884	12204
31885	12204
31886	12205
31887	12205
31888	12205
31889	12204
31890	12204
31891	12206
31892	12207
31893	12206
31894	12206
31895	12205
31896	12205
31897	12205
31898	12205
31899	12207
31900	12207
31901	12207
31902	12207
31903	12207
31904	12207
31905	12207
31906	12209
31907	12209
31908	12209
31909	12209
31910	12209
31911	12209
31912	12208
31913	12208
31914	12208
31915	12208
31916	12209
31917	12208
31918	12208
31919	12208
31920	12208
31921	12208
31922	12208
31923	12208
31924	12208
31925	12207
31926	12208
31927	12208
31928	12207
31929	12208
31930	12208
31931	12208
31932	12208
31933	12208
31934	12208
31935	12207
31936	12207
31937	12207
31938	12209
31939	12208
31940	12209
31941	12209
31942	12208
31943	12208
31944	12209
31945	12209
31946	12209
31947	12209
31948	12209
31949	12209
31950	12209
31951	12211
31952	12211
31953	12211
31954	12211
31955	12211
31956	12213
31957	12213
31958	12213
31959	12213
31960	12213
31961	12212
31962	12212
31963	12212
31964	12213
31965	12212
31966	12213
31967	12213
31968	12215
31969	12215
31970	12215
31971	12217
31972	12217
31973	12216
31974	12216
31975	12216
31976	12216
31977	12216
31978	12216
31979	12216
31980	12216
31981	12216
31982	12215
31983	12215
31984	12215
31985	12215
31986	12214
31987	12214
31988	12214
31989	12213
31990	12212
31991	12212
31992	12212
31993	12212
31994	12212
31995	12214
31996	12214
31997	12214
31998	12214
31999	12214
32000	12214
32001	12213
32002	12213
32003	12214
32004	12214
32005	12214
32006	12213
32007	12212
32008	12212
32009	12212
32010	12212
32011	12212
32012	12212
32013	12212
32014	12212
32015	12212
32016	12212
32017	12211
32018	12211
32019	12210
32020	12209
32021	12210
32022	12210
32023	12210
32024	12209
32025	12210
32026	12210
32027	12212
32028	12212
32029	12212
32030	12214
32031	12214
32032	12216
32033	12216
32034	12215
32035	12214
32036	12214
32037	12214
32038	12213
32039	12213
32040	12213
32041	12215
32042	12217
32043	12217
32044	12217
32045	12217
32046	12216
32047	12216
32048	12216
32049	12215
32050	12217
32051	12217
32052	12216
32053	12218
32054	12217
32055	12219
32056	12219
32057	12219
32058	12218
32059	12218
32060	12217
32061	12217
32062	12216
32063	12215
32064	12215
32065	12215
32066	12214
32067	12214
32068	12213
32069	12213
32070	12212
32071	12211
32072	12210
32073	12210
32074	12210
32075	12210
32076	12212
32077	12212
32078	12211
32079	12210
32080	12210
32081	12210
32082	12210
32083	12212
32084	12212
32085	12214
32086	12214
32087	12215
32088	12214
32089	12214
32090	12214
32091	12213
32092	12212
32093	12211
32094	12211
32095	12210
32096	12210
32097	12212
32098	12211
32099	12211
32100	12210
32101	12209
32102	12209
32103	12209
32104	12211
32105	12211
32106	12211
32107	12210
32108	12209
32109	12209
32110	12209
32111	12209
32112	12210
32113	12210
32114	12211
32115	12210
32116	12210
32117	12210
32118	12210
32119	12211
32120	12211
32121	12211
32122	12211
32123	12212
32124	12211
32125	12211
32126	12211
32127	12213
32128	12215
32129	12215
32130	12216
32131	12216
32132	12215
32133	12214
32134	12214
32135	12213
32136	12213
32137	12213
32138	12213
32139	12213
32140	12213
32141	12212
32142	12211
32143	12211
32144	12213
32145	12213
32146	12214
32147	12214
32148	12214
32149	12213
32150	12213
32151	12212
32152	12212
32153	12211
32154	12211
32155	12211
32156	12211
32157	12213
32158	12213
32159	12212
32160	12212
32161	12212
32162	12212
32163	12212
32164	12213
32165	12212
32166	12211
32167	12211
32168	12211
32169	12211
32170	12211
32171	12210
32172	12210
32173	12209
32174	12208
32175	12208
32176	12208
32177	12209
32178	12208
32179	12208
32180	12208
32181	12208
32182	12207
32183	12207
32184	12207
32185	12207
32186	12207
32187	12209
32188	12208
32189	12207
32190	12207
32191	12207
32192	12207
32193	12207
32194	12207
32195	12207
32196	12207
32197	12207
32198	12208
32199	12208
32200	12208
32201	12207
32202	12207
32203	12206
32204	12205
32205	12205
32206	12206
32207	12206
32208	12206
32209	12206
32210	12206
32211	12206
32212	12208
32213	12208
32214	12209
32215	12209
32216	12208
32217	12207
32218	12207
32219	12207
32220	12207
32221	12207
32222	12207
32223	12206
32224	12205
32225	12205
32226	12205
32227	12206
32228	12205
32229	12204
32230	12206
32231	12205
32232	12204
32233	12204
32234	12204
32235	12204
32236	12203
32237	12202
32238	12202
32239	12204
32240	12204
32241	12204
32242	12204
32243	12204
32244	12204
32245	12205
32246	12205
32247	12205
32248	12205
32249	12207
32250	12207
32251	12206
32252	12206
32253	12205
32254	12205
32255	12205
32256	12205
32257	12205
32258	12205
32259	12205
32260	12207
32261	12208
32262	12208
32263	12210
32264	12210
32265	12210
32266	12210
32267	12210
32268	12209
32269	12209
32270	12211
32271	12211
32272	12210
32273	12210
32274	12210
32275	12209
32276	12208
32277	12208
32278	12208
32279	12210
32280	12210
32281	12210
32282	12210
32283	12211
32284	12211
32285	12211
32286	12211
32287	12211
32288	12210
32289	12210
32290	12210
32291	12209
32292	12209
32293	12208
32294	12208
32295	12208
32296	12208
32297	12210
32298	12209
32299	12210
32300	12210
32301	12211
32302	12210
32303	12210
32304	12210
32305	12210
32306	12209
32307	12208
32308	12208
32309	12210
32310	12210
32311	12211
32312	12211
32313	12210
32314	12212
32315	12212
32316	12212
32317	12213
32318	12213
32319	12214
32320	12214
32321	12214
32322	12213
32323	12213
32324	12212
32325	12211
32326	12211
32327	12211
32328	12213
32329	12213
32330	12212
32331	12212
32332	12211
32333	12211
32334	12211
32335	12212
32336	12211
32337	12210
32338	12210
32339	12210
32340	12209
32341	12210
32342	12212
32343	12212
32344	12213
32345	12213
32346	12215
32347	12215
32348	12215
32349	12215
32350	12215
32351	12215
32352	12215
32353	12214
32354	12216
32355	12216
32356	12216
32357	12217
32358	12217
32359	12217
32360	12216
32361	12216
32362	12216
32363	12218
32364	12217
32365	12216
32366	12216
32367	12216
32368	12216
32369	12216
32370	12216
32371	12216
32372	12216
32373	12218
32374	12217
32375	12216
32376	12217
32377	12217
32378	12217
32379	12216
32380	12216
32381	12216
32382	12217
32383	12216
32384	12217
32385	12217
32386	12219
32387	12219
32388	12218
32389	12217
32390	12216
32391	12216
32392	12216
32393	12216
32394	12215
32395	12214
32396	12216
32397	12216
32398	12218
32399	12217
32400	12216
32401	12215
32402	12216
32403	12216
32404	12215
32405	12214
32406	12214
32407	12214
32408	12214
32409	12213
32410	12213
32411	12212
32412	12212
32413	12212
32414	12213
32415	12213
32416	12212
32417	12212
32418	12212
32419	12211
32420	12211
32421	12211
32422	12210
32423	12210
32424	12209
32425	12211
32426	12210
32427	12210
32428	12210
32429	12210
32430	12212
32431	12212
32432	12212
32433	12212
32434	12212
32435	12212
32436	12212
32437	12214
32438	12214
32439	12214
32440	12214
32441	12214
32442	12214
32443	12214
32444	12216
32445	12216
32446	12218
32447	12217
32448	12216
32449	12215
32450	12215
32451	12216
32452	12216
32453	12217
32454	12217
32455	12216
32456	12215
32457	12215
32458	12215
32459	12215
32460	12214
32461	12214
32462	12215
32463	12214
32464	12216
32465	12216
32466	12216
32467	12215
32468	12214
32469	12213
32470	12212
32471	12212
32472	12211
32473	12212
32474	12211
32475	12211
32476	12210
32477	12210
32478	12210
32479	12211
32480	12211
32481	12211
32482	12210
32483	12209
32484	12208
32485	12207
32486	12206
32487	12208
32488	12209
32489	12210
32490	12211
32491	12212
32492	12213
32493	12212
32494	12212
32495	12213
32496	12213
32497	12213
32498	12213
32499	12213
32500	12213
32501	12214
32502	12215
32503	12215
32504	12216
32505	12217
32506	12217
32507	12218
32508	12218
32509	12219
32510	12220
32511	12220
32512	12221
32513	12221
32514	12222
32515	12222
32516	12223
32517	12223
32518	12223
32519	12223
32520	12223
32521	12224
32522	12225
32523	12226
32524	12227
32525	12228
32526	12229
32527	12230
32528	12231
32529	12231
32530	12232
32531	12232
32532	12233
32533	12234
32534	12234
32535	12234
32536	12235
32537	12236
32538	12237
32539	12238
32540	12239
32541	12239
32542	12239
32543	12239
32544	12240
32545	12241
32546	12241
32547	12242
32548	12243
32549	12244
32550	12245
32551	12245
32552	12246
32553	12246
32554	12246
32555	12246
32556	12246
32557	12246
32558	12246
32559	12247
32560	12248
32561	12249
32562	12249
32563	12250
32564	12251
32565	12252
32566	12253
32567	12254
32568	12255
32569	12256
32570	12257
32571	12258
32572	12259
32573	12260
32574	12261
32575	12262
32576	12263
32577	12264
32578	12265
32579	12265
32580	12266
32581	12267
32582	12268
32583	12269
32584	12270
32585	12271
32586	12272
32587	12273
32588	12274
32589	12275
32590	12276
32591	12277
32592	12278
32593	12279
32594	12280
32595	12281
32596	12282
32597	12282
32598	12283
32599	12284
32600	12285
32601	12285
32602	12286
32603	12286
32604	12287
32605	12288
32606	12288
32607	12289
32608	12290
32609	12290
32610	12291
32611	12292
32612	12292
32613	12293
32614	12294
32615	12294
32616	12294
32617	12294
32618	12295
32619	12296
32620	12296
32621	12296
32622	12296
32623	12297
32624	12297
32625	12297
32626	12298
32627	12299
32628	12298
32629	12299
32630	12300
32631	12301
32632	12302
32633	12302
32634	12302
32635	12302
32636	12302
32637	12302
32638	12303
32639	12304
32640	12305
32641	12306
32642	12307
32643	12308
32644	12309
32645	12310
32646	12310
32647	12311
32648	12312
32649	12312
32650	12313
32651	12314
32652	12315
32653	12315
32654	12315
32655	12315
32656	12316
32657	12317
32658	12318
32659	12319
32660	12320
32661	12320
32662	12321
32663	12322
32664	12322
32665	12323
32666	12323
32667	12324
32668	12325
32669	12325
32670	12326
32671	12327
32672	12328
32673	12328
32674	12329
32675	12329
32676	12330
32677	12330
32678	12331
32679	12332
32680	12332
32681	12333
32682	12334
32683	12334
32684	12335
32685	12335
32686	12336
32687	12336
32688	12336
32689	12337
32690	12338
32691	12339
32692	12339
32693	12339
32694	12340
32695	12341
32696	12342
32697	12343
32698	12344
32699	12345
32700	12346
32701	12347
32702	12348
32703	12349
32704	12350
32705	12351
32706	12352
32707	12353
32708	12354
32709	12355
32710	12355
32711	12356
32712	12356
32713	12355
32714	12355
32715	12355
32716	12355
32717	12356
32718	12357
32719	12357
32720	12358
32721	12359
32722	12359
32723	12360
32724	12361
32725	12361
32726	12361
32727	12361
32728	12361
32729	12362
32730	12362
32731	12363
32732	12363
32733	12364
32734	12365
32735	12366
32736	12367
32737	12368
32738	12369
32739	12370
32740	12371
32741	12372
32742	12373
32743	12373
32744	12374
32745	12374
32746	12375
32747	12376
32748	12377
32749	12378
32750	12379
32751	12379
32752	12380
32753	12381
32754	12382
32755	12383
32756	12383
32757	12384
32758	12385
32759	12386
32760	12386
32761	12387
32762	12387
32763	12387
32764	12388
32765	12389
32766	12390
32767	12391
32768	12391
32769	12392
32770	12393
32771	12394
32772	12395
32773	12396
32774	12397
32775	12397
32776	12398
32777	12399
32778	12399
32779	12400
32780	12401
32781	12402
32782	12403
32783	12404
32784	12404
32785	12404
32786	12405
32787	12404
32788	12405
32789	12404
32790	12405
32791	12406
32792	12407
32793	12407
32794	12408
32795	12409
32796	12410
32797	12411
32798	12411
32799	12411
32800	12412
32801	12413
32802	12413
32803	12414
32804	12415
32805	12415
32806	12416
32807	12416
32808	12416
32809	12415
32810	12415
32811	12415
32812	12416
32813	12417
32814	12417
32815	12418
32816	12419
32817	12420
32818	12421
32819	12422
32820	12423
32821	12423
32822	12423
32823	12424
32824	12425
32825	12426
32826	12427
32827	12428
32828	12429
32829	12430
32830	12429
32831	12430
32832	12430
32833	12431
32834	12432
32835	12433
32836	12433
32837	12434
32838	12434
32839	12434
32840	12435
32841	12436
32842	12436
32843	12437
32844	12438
32845	12439
32846	12440
32847	12440
32848	12441
32849	12442
32850	12443
32851	12444
32852	12445
32853	12446
32854	12447
32855	12448
32856	12449
32857	12450
32858	12450
32859	12451
32860	12451
32861	12452
32862	12453
32863	12453
32864	12454
32865	12454
32866	12455
32867	12456
32868	12456
32869	12457
32870	12458
32871	12459
32872	12460
32873	12461
32874	12462
32875	12462
32876	12463
32877	12464
32878	12465
32879	12466
32880	12466
32881	12466
32882	12466
32883	12466
32884	12467
32885	12468
32886	12469
32887	12470
32888	12471
32889	12471
32890	12471
32891	12472
32892	12473
32893	12474
32894	12475
32895	12475
32896	12476
32897	12476
32898	12477
32899	12478
32900	12479
32901	12480
32902	12481
32903	12482
32904	12482
32905	12483
32906	12484
32907	12485
32908	12486
32909	12486
32910	12487
32911	12488
32912	12489
32913	12490
32914	12491
32915	12491
32916	12491
32917	12492
32918	12493
32919	12494
32920	12495
32921	12496
32922	12497
32923	12497
32924	12496
32925	12497
32926	12496
32927	12497
32928	12497
32929	12498
32930	12498
32931	12499
32932	12500
32933	12501
32934	12501
32935	12500
32936	12501
32937	12502
32938	12503
32939	12504
32940	12505
32941	12505
32942	12505
32943	12506
32944	12506
32945	12506
32946	12507
32947	12508
32948	12508
32949	12508
32950	12509
32951	12510
32952	12511
32953	12511
32954	12512
32955	12513
32956	12514
32957	12515
32958	12516
32959	12517
32960	12518
32961	12519
32962	12520
32963	12520
32964	12521
32965	12522
32966	12522
32967	12523
32968	12524
32969	12525
32970	12525
32971	12526
32972	12527
32973	12526
32974	12527
32975	12528
32976	12527
32977	12528
32978	12529
32979	12530
32980	12531
32981	12532
32982	12533
32983	12534
32984	12534
32985	12535
32986	12536
32987	12537
32988	12537
32989	12538
32990	12539
32991	12539
32992	12540
32993	12541
32994	12542
32995	12542
32996	12543
32997	12544
32998	12545
32999	12546
33000	12547
33001	12548
33002	12548
33003	12549
33004	12549
33005	12549
33006	12550
33007	12551
33008	12552
33009	12552
33010	12552
33011	12551
33012	12551
33013	12552
33014	12553
33015	12554
33016	12555
33017	12556
33018	12556
33019	12555
33020	12556
33021	12557
33022	12557
33023	12558
33024	12559
33025	12560
33026	12560
33027	12561
33028	12561
33029	12562
33030	12561
33031	12561
33032	12561
33033	12562
33034	12562
33035	12563
33036	12564
33037	12564
33038	12564
33039	12565
33040	12566
33041	12567
33042	12568
33043	12569
33044	12570
33045	12570
33046	12570
33047	12571
33048	12571
33049	12572
33050	12572
33051	12572
33052	12572
33053	12573
33054	12573
33055	12574
33056	12575
33057	12575
33058	12575
33059	12576
33060	12576
33061	12577
33062	12578
33063	12577
33064	12577
33065	12577
33066	12578
33067	12578
33068	12579
33069	12579
33070	12580
33071	12581
33072	12582
33073	12582
33074	12582
33075	12583
33076	12584
33077	12584
33078	12585
33079	12586
33080	12586
33081	12587
33082	12588
33083	12587
33084	12587
33085	12588
33086	12589
33087	12589
33088	12590
33089	12591
33090	12592
33091	12592
33092	12593
33093	12594
33094	12594
33095	12595
33096	12596
33097	12597
33098	12597
33099	12597
33100	12598
33101	12599
33102	12600
33103	12601
33104	12602
33105	12603
33106	12604
33107	12604
33108	12605
33109	12605
33110	12605
33111	12605
33112	12604
33113	12605
33114	12604
33115	12605
33116	12605
33117	12606
33118	12605
33119	12605
33120	12606
33121	12607
33122	12608
33123	12609
33124	12610
33125	12610
33126	12611
33127	12612
33128	12613
33129	12613
33130	12613
33131	12614
33132	12615
33133	12616
33134	12617
33135	12618
33136	12619
33137	12618
33138	12619
33139	12620
33140	12620
33141	12620
33142	12621
33143	12621
33144	12622
33145	12623
33146	12624
33147	12624
33148	12624
33149	12624
33150	12624
33151	12625
33152	12626
33153	12627
33154	12627
33155	12628
33156	12628
33157	12628
33158	12629
33159	12630
33160	12631
33161	12632
33162	12633
33163	12634
33164	12635
33165	12636
33166	12637
33167	12638
33168	12639
33169	12639
33170	12640
33171	12641
33172	12642
33173	12643
33174	12644
33175	12645
33176	12645
33177	12644
33178	12645
33179	12645
33180	12645
33181	12645
33182	12646
33183	12646
33184	12647
33185	12648
33186	12648
33187	12648
33188	12649
33189	12650
33190	12651
33191	12651
33192	12651
33193	12651
33194	12652
33195	12652
33196	12653
33197	12654
33198	12654
33199	12655
33200	12656
33201	12656
33202	12657
33203	12658
33204	12658
33205	12659
33206	12660
33207	12660
33208	12660
33209	12661
33210	12662
33211	12663
33212	12663
33213	12662
33214	12662
33215	12663
33216	12663
33217	12663
33218	12664
33219	12665
33220	12666
33221	12666
33222	12666
33223	12667
33224	12667
33225	12667
33226	12668
33227	12669
33228	12668
33229	12669
33230	12670
33231	12671
33232	12672
33233	12672
33234	12671
33235	12671
33236	12672
33237	12673
33238	12674
33239	12674
33240	12675
33241	12675
33242	12676
33243	12676
33244	12677
33245	12678
33246	12679
33247	12680
33248	12681
33249	12682
33250	12683
33251	12683
33252	12684
33253	12685
33254	12685
33255	12686
33256	12685
33257	12685
33258	12685
33259	12685
33260	12686
33261	12687
33262	12688
33263	12689
33264	12690
33265	12690
33266	12691
33267	12692
33268	12692
33269	12693
33270	12694
33271	12695
33272	12695
33273	12696
33274	12697
33275	12697
33276	12698
33277	12699
33278	12700
33279	12701
33280	12702
33281	12703
33282	12702
33283	12702
33284	12702
33285	12702
33286	12702
33287	12703
33288	12703
33289	12703
33290	12704
33291	12705
33292	12706
33293	12705
33294	12705
33295	12705
33296	12704
33297	12704
33298	12704
33299	12704
33300	12704
33301	12704
33302	12705
33303	12706
33304	12706
33305	12707
33306	12706
33307	12707
33308	12707
33309	12708
33310	12709
33311	12710
33312	12711
33313	12712
33314	12713
33315	12714
33316	12714
33317	12714
33318	12715
33319	12716
33320	12717
33321	12717
33322	12718
33323	12718
33324	12719
33325	12719
33326	12720
33327	12720
33328	12721
33329	12721
33330	12722
33331	12721
33332	12722
33333	12721
33334	12721
33335	12721
33336	12721
33337	12722
33338	12722
33339	12723
33340	12723
33341	12723
33342	12723
33343	12723
33344	12724
33345	12725
33346	12726
33347	12726
33348	12727
33349	12728
33350	12728
33351	12729
33352	12730
33353	12730
33354	12731
33355	12731
33356	12731
33357	12732
33358	12733
33359	12733
33360	12734
33361	12735
33362	12736
33363	12736
33364	12737
33365	12738
33366	12739
33367	12740
33368	12741
33369	12742
33370	12743
33371	12743
33372	12744
33373	12745
33374	12746
33375	12746
33376	12747
33377	12748
33378	12748
33379	12748
33380	12749
33381	12750
33382	12751
33383	12752
33384	12753
33385	12754
33386	12755
33387	12756
33388	12756
33389	12757
33390	12757
33391	12757
33392	12758
33393	12759
33394	12759
33395	12760
33396	12761
33397	12761
33398	12762
33399	12763
33400	12764
33401	12764
33402	12765
33403	12766
33404	12766
33405	12767
33406	12768
33407	12768
33408	12767
33409	12768
33410	12768
33411	12768
33412	12768
33413	12768
33414	12769
33415	12770
33416	12770
33417	12770
33418	12769
33419	12769
33420	12770
33421	12769
33422	12769
33423	12769
33424	12770
33425	12771
33426	12772
33427	12772
33428	12773
33429	12773
33430	12774
33431	12775
33432	12776
33433	12775
33434	12776
33435	12776
33436	12777
33437	12778
33438	12779
33439	12780
33440	12781
33441	12782
33442	12783
33443	12783
33444	12784
33445	12784
33446	12784
33447	12784
33448	12785
33449	12785
33450	12786
33451	12786
33452	12786
33453	12787
33454	12787
33455	12788
33456	12788
33457	12789
33458	12789
33459	12789
33460	12789
33461	12790
33462	12790
33463	12790
33464	12791
33465	12792
33466	12793
33467	12794
33468	12795
33469	12796
33470	12797
33471	12798
33472	12799
33473	12800
33474	12801
33475	12801
33476	12802
33477	12803
33478	12804
33479	12805
33480	12805
33481	12805
33482	12806
33483	12806
33484	12807
33485	12808
33486	12809
33487	12810
33488	12811
33489	12812
33490	12813
33491	12814
33492	12815
33493	12815
33494	12816
33495	12816
33496	12817
33497	12818
33498	12818
33499	12819
33500	12820
33501	12821
33502	12821
33503	12822
33504	12823
33505	12823
33506	12822
33507	12823
33508	12824
33509	12824
33510	12824
33511	12825
33512	12825
33513	12826
33514	12827
33515	12828
33516	12829
33517	12830
33518	12831
33519	12832
33520	12833
33521	12834
33522	12835
33523	12836
33524	12837
33525	12838
33526	12839
33527	12840
33528	12840
33529	12841
33530	12842
33531	12843
33532	12843
33533	12844
33534	12845
33535	12846
33536	12846
33537	12847
33538	12848
33539	12848
33540	12849
33541	12850
33542	12851
33543	12852
33544	12853
33545	12854
33546	12854
33547	12854
33548	12854
33549	12855
33550	12855
33551	12855
33552	12855
33553	12856
33554	12857
33555	12858
33556	12859
33557	12860
33558	12861
33559	12862
33560	12863
33561	12864
33562	12865
33563	12865
33564	12865
33565	12866
33566	12867
33567	12867
33568	12868
33569	12868
33570	12869
33571	12870
33572	12871
33573	12871
33574	12872
33575	12873
33576	12874
33577	12874
33578	12874
33579	12873
33580	12873
33581	12874
33582	12875
33583	12875
33584	12875
33585	12875
33586	12876
33587	12877
33588	12878
33589	12879
33590	12880
33591	12880
33592	12881
33593	12882
33594	12882
33595	12883
33596	12884
33597	12885
33598	12885
33599	12885
33600	12886
33601	12887
33602	12888
33603	12889
33604	12890
33605	12891
33606	12892
33607	12893
33608	12893
33609	12894
33610	12893
33611	12894
33612	12893
33613	12894
33614	12895
33615	12896
33616	12897
33617	12898
33618	12898
33619	12899
33620	12898
33621	12899
33622	12898
33623	12899
33624	12900
33625	12900
33626	12901
33627	12901
33628	12901
33629	12902
33630	12902
33631	12903
33632	12903
33633	12902
33634	12902
33635	12903
33636	12904
33637	12905
33638	12905
33639	12906
33640	12906
33641	12906
33642	12907
33643	12908
33644	12909
33645	12910
33646	12911
33647	12912
33648	12913
33649	12913
33650	12913
33651	12914
33652	12915
33653	12916
33654	12917
33655	12916
33656	12917
33657	12918
33658	12917
33659	12918
33660	12919
33661	12920
33662	12919
33663	12919
33664	12920
33665	12920
33666	12920
33667	12920
33668	12921
33669	12922
33670	12921
33671	12922
33672	12923
33673	12924
33674	12924
33675	12925
33676	12926
33677	12927
33678	12928
33679	12928
33680	12929
33681	12930
33682	12930
33683	12931
33684	12932
33685	12932
33686	12932
33687	12932
33688	12933
33689	12932
33690	12933
33691	12934
33692	12934
33693	12935
33694	12936
33695	12936
33696	12937
33697	12938
33698	12938
33699	12939
33700	12939
33701	12940
33702	12940
33703	12941
33704	12942
33705	12943
33706	12943
33707	12944
33708	12943
33709	12944
33710	12944
33711	12945
33712	12945
33713	12944
33714	12944
33715	12945
33716	12945
33717	12945
33718	12945
33719	12945
33720	12946
33721	12946
33722	12947
33723	12948
33724	12949
33725	12948
33726	12948
33727	12949
33728	12948
33729	12949
33730	12950
33731	12951
33732	12951
33733	12952
33734	12953
33735	12954
33736	12955
33737	12955
33738	12955
33739	12955
33740	12956
33741	12957
33742	12957
33743	12958
33744	12957
33745	12956
33746	12955
33747	12955
33748	12956
33749	12956
33750	12957
33751	12957
33752	12957
33753	12958
33754	12959
33755	12959
33756	12959
33757	12960
33758	12961
33759	12961
33760	12961
33761	12962
33762	12963
33763	12964
33764	12965
33765	12966
33766	12967
33767	12968
33768	12969
33769	12969
33770	12970
33771	12971
33772	12971
33773	12972
33774	12973
33775	12974
33776	12975
33777	12976
33778	12977
33779	12977
33780	12977
33781	12978
33782	12978
33783	12979
33784	12979
33785	12980
33786	12981
33787	12980
33788	12981
33789	12981
33790	12981
33791	12982
33792	12982
33793	12982
33794	12983
33795	12984
33796	12985
33797	12986
33798	12987
33799	12987
33800	12986
33801	12986
33802	12987
33803	12988
33804	12988
33805	12989
33806	12990
33807	12991
33808	12992
33809	12993
33810	12994
33811	12995
33812	12995
33813	12996
33814	12997
33815	12998
33816	12998
33817	12998
33818	12998
33819	12999
33820	12999
33821	13000
33822	12999
33823	13000
33824	13000
33825	13001
33826	13002
33827	13003
33828	13004
33829	13005
33830	13005
33831	13006
33832	13007
33833	13008
33834	13008
33835	13009
33836	13009
33837	13010
33838	13011
33839	13011
33840	13012
33841	13013
33842	13013
33843	13014
33844	13015
33845	13016
33846	13017
33847	13018
33848	13018
33849	13018
33850	13019
33851	13019
33852	13020
33853	13019
33854	13020
33855	13021
33856	13022
33857	13023
33858	13024
33859	13025
33860	13026
33861	13026
33862	13027
33863	13027
33864	13028
33865	13029
33866	13030
33867	13030
33868	13031
33869	13032
33870	13033
33871	13034
33872	13035
33873	13036
33874	13037
33875	13038
33876	13039
33877	13040
33878	13041
33879	13042
33880	13043
33881	13044
33882	13045
33883	13045
33884	13046
33885	13047
33886	13048
33887	13049
33888	13049
33889	13049
33890	13050
33891	13051
33892	13052
33893	13053
33894	13053
33895	13053
33896	13054
33897	13055
33898	13056
33899	13057
33900	13058
33901	13058
33902	13059
33903	13060
33904	13060
33905	13061
33906	13062
33907	13062
33908	13061
33909	13062
33910	13063
33911	13063
33912	13062
33913	13061
33914	13062
33915	13062
33916	13062
33917	13062
33918	13063
33919	13064
33920	13065
33921	13066
33922	13067
33923	13068
33924	13069
33925	13070
33926	13071
33927	13070
33928	13070
33929	13071
33930	13072
33931	13072
33932	13073
33933	13074
33934	13075
33935	13076
33936	13076
33937	13077
33938	13078
33939	13078
33940	13079
33941	13079
33942	13078
33943	13079
33944	13078
33945	13079
33946	13079
33947	13080
33948	13081
33949	13081
33950	13082
33951	13082
33952	13083
33953	13084
33954	13085
33955	13085
33956	13086
33957	13087
33958	13086
33959	13086
33960	13086
33961	13087
33962	13088
33963	13088
33964	13088
33965	13089
33966	13089
33967	13090
33968	13090
33969	13091
33970	13092
33971	13093
33972	13094
33973	13095
33974	13096
33975	13097
33976	13098
33977	13098
33978	13099
33979	13100
33980	13101
33981	13101
33982	13102
33983	13103
33984	13103
33985	13104
33986	13105
33987	13106
33988	13106
33989	13107
33990	13108
33991	13108
33992	13109
33993	13110
33994	13110
33995	13110
33996	13111
33997	13111
33998	13112
33999	13113
34000	13114
34001	13114
34002	13113
34003	13113
34004	13114
34005	13115
34006	13116
34007	13117
34008	13118
34009	13119
34010	13120
34011	13121
34012	13121
34013	13122
34014	13123
34015	13123
34016	13124
34017	13125
34018	13126
34019	13127
34020	13127
34021	13128
34022	13128
34023	13128
34024	13128
34025	13129
34026	13129
34027	13130
34028	13130
34029	13131
34030	13132
34031	13132
34032	13132
34033	13132
34034	13133
34035	13134
34036	13135
34037	13134
34038	13134
34039	13134
34040	13135
34041	13136
34042	13136
34043	13136
34044	13137
34045	13137
34046	13137
34047	13138
34048	13139
34049	13140
34050	13141
34051	13142
34052	13142
34053	13143
34054	13144
34055	13145
34056	13146
34057	13147
34058	13148
34059	13148
34060	13149
34061	13150
34062	13151
34063	13152
34064	13153
34065	13154
34066	13154
34067	13155
34068	13156
34069	13156
34070	13156
34071	13157
34072	13158
34073	13159
34074	13160
34075	13161
34076	13161
34077	13161
34078	13161
34079	13162
34080	13162
34081	13163
34082	13164
34083	13164
34084	13164
34085	13164
34086	13165
34087	13166
34088	13167
34089	13166
34090	13167
34091	13168
34092	13169
34093	13169
34094	13170
34095	13170
34096	13171
34097	13172
34098	13172
34099	13173
34100	13174
34101	13174
34102	13174
34103	13174
34104	13175
34105	13176
34106	13176
34107	13177
34108	13178
34109	13179
34110	13180
34111	13181
34112	13182
34113	13183
34114	13184
34115	13185
34116	13185
34117	13186
34118	13187
34119	13188
34120	13189
34121	13190
34122	13190
34123	13191
34124	13191
34125	13192
34126	13193
34127	13194
34128	13195
34129	13196
34130	13195
34131	13196
34132	13195
34133	13195
34134	13196
34135	13197
34136	13198
34137	13198
34138	13199
34139	13199
34140	13200
34141	13199
34142	13200
34143	13201
34144	13201
34145	13202
34146	13202
34147	13203
34148	13204
34149	13204
34150	13205
34151	13206
34152	13207
34153	13208
34154	13209
34155	13209
34156	13210
34157	13210
34158	13210
34159	13211
34160	13211
34161	13212
34162	13212
34163	13213
34164	13213
34165	13214
34166	13215
34167	13214
34168	13215
34169	13216
34170	13217
34171	13217
34172	13218
34173	13218
34174	13218
34175	13219
34176	13219
34177	13220
34178	13221
34179	13222
34180	13223
34181	13224
34182	13225
34183	13226
34184	13226
34185	13226
34186	13227
34187	13228
34188	13229
34189	13229
34190	13230
34191	13231
34192	13232
34193	13233
34194	13234
34195	13234
34196	13235
34197	13236
34198	13237
34199	13238
34200	13238
34201	13239
34202	13240
34203	13241
34204	13241
34205	13242
34206	13243
34207	13244
34208	13244
34209	13244
34210	13244
34211	13244
34212	13245
34213	13246
34214	13247
34215	13248
34216	13249
34217	13249
34218	13249
34219	13250
34220	13251
34221	13250
34222	13251
34223	13252
34224	13253
34225	13254
34226	13255
34227	13256
34228	13256
34229	13257
34230	13258
34231	13259
34232	13259
34233	13260
34234	13260
34235	13261
34236	13262
34237	13261
34238	13262
34239	13263
34240	13264
34241	13265
34242	13266
34243	13266
34244	13267
34245	13268
34246	13269
34247	13269
34248	13269
34249	13270
34250	13270
34251	13271
34252	13272
34253	13272
34254	13273
34255	13273
34256	13272
34257	13272
34258	13273
34259	13274
34260	13275
34261	13276
34262	13277
34263	13278
34264	13279
34265	13280
34266	13281
34267	13282
34268	13282
34269	13283
34270	13284
34271	13285
34272	13285
34273	13286
34274	13287
34275	13288
34276	13287
34277	13288
34278	13289
34279	13290
34280	13290
34281	13291
34282	13292
34283	13293
34284	13294
34285	13295
34286	13296
34287	13297
34288	13298
34289	13299
34290	13299
34291	13299
34292	13299
34293	13299
34294	13300
34295	13301
34296	13302
34297	13303
34298	13304
34299	13305
34300	13306
34301	13307
34302	13308
34303	13309
34304	13309
34305	13310
34306	13310
34307	13310
34308	13311
34309	13312
34310	13313
34311	13314
34312	13315
34313	13316
34314	13316
34315	13317
34316	13317
34317	13318
34318	13318
34319	13319
34320	13319
34321	13320
34322	13320
34323	13321
34324	13321
34325	13321
34326	13321
34327	13322
34328	13322
34329	13323
34330	13324
34331	13325
34332	13326
34333	13327
34334	13328
34335	13329
34336	13330
34337	13331
34338	13332
34339	13333
34340	13334
34341	13335
34342	13334
34343	13334
34344	13335
34345	13334
34346	13334
34347	13335
34348	13336
34349	13337
34350	13337
34351	13338
34352	13339
34353	13339
34354	13340
34355	13341
34356	13341
34357	13342
34358	13342
34359	13343
34360	13343
34361	13344
34362	13343
34363	13343
34364	13344
34365	13344
34366	13345
34367	13345
34368	13345
34369	13345
34370	13346
34371	13347
34372	13348
34373	13349
34374	13350
34375	13351
34376	13352
34377	13353
34378	13354
34379	13354
34380	13355
34381	13356
34382	13356
34383	13357
34384	13358
34385	13359
34386	13360
34387	13361
34388	13361
34389	13362
34390	13363
34391	13363
34392	13364
34393	13364
34394	13364
34395	13365
34396	13366
34397	13366
34398	13367
34399	13368
34400	13368
34401	13368
34402	13368
34403	13369
34404	13370
34405	13371
34406	13372
34407	13372
34408	13372
34409	13372
34410	13372
34411	13372
34412	13372
34413	13373
34414	13374
34415	13375
34416	13374
34417	13375
34418	13375
34419	13375
34420	13376
34421	13377
34422	13377
34423	13378
34424	13377
34425	13378
34426	13378
34427	13379
34428	13379
34429	13380
34430	13381
34431	13382
34432	13382
34433	13383
34434	13383
34435	13384
34436	13384
34437	13385
34438	13386
34439	13386
34440	13387
34441	13387
34442	13388
34443	13388
34444	13388
34445	13388
34446	13389
34447	13388
34448	13389
34449	13389
34450	13390
34451	13391
34452	13392
34453	13392
34454	13393
34455	13394
34456	13395
34457	13395
34458	13396
34459	13396
34460	13397
34461	13398
34462	13399
34463	13399
34464	13400
34465	13401
34466	13400
34467	13401
34468	13401
34469	13402
34470	13402
34471	13402
34472	13403
34473	13404
34474	13405
34475	13405
34476	13406
34477	13407
34478	13407
34479	13408
34480	13408
34481	13409
34482	13410
34483	13411
34484	13412
34485	13413
34486	13414
34487	13415
34488	13416
34489	13417
34490	13417
34491	13418
34492	13419
34493	13419
34494	13420
34495	13421
34496	13421
34497	13422
34498	13423
34499	13424
34500	13425
34501	13426
34502	13427
34503	13428
34504	13429
34505	13430
34506	13430
34507	13431
34508	13431
34509	13432
34510	13432
34511	13433
34512	13434
34513	13435
34514	13436
34515	13437
34516	13438
34517	13439
34518	13439
34519	13440
34520	13441
34521	13441
34522	13442
34523	13443
34524	13444
34525	13445
34526	13446
34527	13447
34528	13448
34529	13449
34530	13450
34531	13450
34532	13450
34533	13450
34534	13451
34535	13451
34536	13452
34537	13453
34538	13454
34539	13455
34540	13456
34541	13456
34542	13457
34543	13457
34544	13458
34545	13459
34546	13460
34547	13461
34548	13461
34549	13462
34550	13463
34551	13464
34552	13464
34553	13464
34554	13464
34555	13464
34556	13465
34557	13466
34558	13467
34559	13468
34560	13467
34561	13468
34562	13469
34563	13469
34564	13470
34565	13470
34566	13471
34567	13472
34568	13473
34569	13474
34570	13475
34571	13475
34572	13476
34573	13477
34574	13478
34575	13478
34576	13478
34577	13479
34578	13479
34579	13480
34580	13481
34581	13482
34582	13482
34583	13482
34584	13482
34585	13483
34586	13484
34587	13485
34588	13485
34589	13486
34590	13487
34591	13487
34592	13488
34593	13489
34594	13489
34595	13490
34596	13490
34597	13490
34598	13490
34599	13491
34600	13492
34601	13493
34602	13494
34603	13495
34604	13496
34605	13497
34606	13498
34607	13499
34608	13500
34609	13501
34610	13502
34611	13503
34612	13504
34613	13505
34614	13506
34615	13507
34616	13507
34617	13508
34618	13509
34619	13510
34620	13511
34621	13511
34622	13512
34623	13513
34624	13514
34625	13514
34626	13515
34627	13515
34628	13515
34629	13516
34630	13516
34631	13517
34632	13518
34633	13519
34634	13519
34635	13520
34636	13520
34637	13521
34638	13520
34639	13521
34640	13521
34641	13522
34642	13522
34643	13522
34644	13523
34645	13523
34646	13523
34647	13523
34648	13524
34649	13525
34650	13525
34651	13526
34652	13527
34653	13528
34654	13529
34655	13530
34656	13531
34657	13531
34658	13531
34659	13532
34660	13532
34661	13533
34662	13533
34663	13534
34664	13535
34665	13536
34666	13536
34667	13536
34668	13536
34669	13537
34670	13537
34671	13538
34672	13539
34673	13540
34674	13541
34675	13542
34676	13541
34677	13541
34678	13541
34679	13541
34680	13542
34681	13542
34682	13543
34683	13543
34684	13544
34685	13545
34686	13546
34687	13547
34688	13548
34689	13549
34690	13550
34691	13551
34692	13552
34693	13553
34694	13554
34695	13555
34696	13556
34697	13557
34698	13558
34699	13559
34700	13559
34701	13560
34702	13561
34703	13562
34704	13563
34705	13564
34706	13565
34707	13566
34708	13567
34709	13568
34710	13569
34711	13570
34712	13570
34713	13571
34714	13571
34715	13572
34716	13573
34717	13573
34718	13574
34719	13574
34720	13575
34721	13575
34722	13575
34723	13575
34724	13576
34725	13577
34726	13578
34727	13578
34728	13579
34729	13580
34730	13581
34731	13582
34732	13582
34733	13582
34734	13583
34735	13584
34736	13585
34737	13585
34738	13586
34739	13587
34740	13588
34741	13589
34742	13589
34743	13590
34744	13591
34745	13592
34746	13593
34747	13594
34748	13594
34749	13594
34750	13595
34751	13596
34752	13597
34753	13598
34754	13598
34755	13598
34756	13599
34757	13599
34758	13600
34759	13600
34760	13601
34761	13601
34762	13602
34763	13603
34764	13604
34765	13604
34766	13604
34767	13605
34768	13606
34769	13607
34770	13607
34771	13608
34772	13607
34773	13608
34774	13607
34775	13608
34776	13609
34777	13610
34778	13611
34779	13612
34780	13613
34781	13614
34782	13615
34783	13616
34784	13616
34785	13616
34786	13617
34787	13618
34788	13618
34789	13619
34790	13620
34791	13620
34792	13621
34793	13622
34794	13623
34795	13624
34796	13625
34797	13626
34798	13627
34799	13627
34800	13628
34801	13627
34802	13628
34803	13629
34804	13629
34805	13630
34806	13629
34807	13630
34808	13631
34809	13632
34810	13633
34811	13634
34812	13635
34813	13636
34814	13637
34815	13637
34816	13638
34817	13639
34818	13639
34819	13640
34820	13641
34821	13642
34822	13643
34823	13644
34824	13644
34825	13644
34826	13645
34827	13646
34828	13647
34829	13648
34830	13649
34831	13649
34832	13650
34833	13650
34834	13650
34835	13651
34836	13652
34837	13652
34838	13653
34839	13652
34840	13652
34841	13653
34842	13654
34843	13654
34844	13655
34845	13656
34846	13656
34847	13657
34848	13657
34849	13658
34850	13658
34851	13659
34852	13659
34853	13660
34854	13661
34855	13661
34856	13662
34857	13663
34858	13664
34859	13665
34860	13666
34861	13666
34862	13667
34863	13667
34864	13668
34865	13668
34866	13669
34867	13670
34868	13670
34869	13669
34870	13670
34871	13670
34872	13671
34873	13672
34874	13673
34875	13674
34876	13675
34877	13676
34878	13676
34879	13677
34880	13677
34881	13677
34882	13678
34883	13678
34884	13679
34885	13680
34886	13681
34887	13681
34888	13682
34889	13683
34890	13683
34891	13684
34892	13684
34893	13684
34894	13685
34895	13686
34896	13686
34897	13687
34898	13687
34899	13687
34900	13688
34901	13689
34902	13690
34903	13691
34904	13691
34905	13692
34906	13692
34907	13693
34908	13693
34909	13694
34910	13695
34911	13696
34912	13697
34913	13697
34914	13697
34915	13698
34916	13699
34917	13700
34918	13701
34919	13702
34920	13703
34921	13704
34922	13704
34923	13705
34924	13706
34925	13707
34926	13708
34927	13709
34928	13710
34929	13710
34930	13711
34931	13712
34932	13712
34933	13712
34934	13713
34935	13714
34936	13714
34937	13715
34938	13716
34939	13717
34940	13718
34941	13719
34942	13720
34943	13721
34944	13721
34945	13721
34946	13721
34947	13722
34948	13723
34949	13723
34950	13724
34951	13724
34952	13725
34953	13725
34954	13724
34955	13725
34956	13725
34957	13726
34958	13727
34959	13728
34960	13728
34961	13729
34962	13729
34963	13730
34964	13729
34965	13729
34966	13730
34967	13730
34968	13730
34969	13731
34970	13732
34971	13733
34972	13734
34973	13735
34974	13736
34975	13737
34976	13738
34977	13739
34978	13739
34979	13740
34980	13741
34981	13742
34982	13742
34983	13742
34984	13743
34985	13743
34986	13744
34987	13745
34988	13744
34989	13745
34990	13745
34991	13746
34992	13747
34993	13748
34994	13749
34995	13750
34996	13751
34997	13752
34998	13753
34999	13754
35000	13755
35001	13756
35002	13757
35003	13758
35004	13758
35005	13759
35006	13760
35007	13761
35008	13762
35009	13762
35010	13763
35011	13764
35012	13764
35013	13765
35014	13765
35015	13765
35016	13766
35017	13767
35018	13767
35019	13768
35020	13769
35021	13769
35022	13770
35023	13770
35024	13771
35025	13772
35026	13773
35027	13774
35028	13775
35029	13774
35030	13774
35031	13775
35032	13776
35033	13776
35034	13776
35035	13777
35036	13778
35037	13779
35038	13779
35039	13780
35040	13781
35041	13782
35042	13783
35043	13783
35044	13784
35045	13784
35046	13785
35047	13786
35048	13787
35049	13787
35050	13788
35051	13789
35052	13790
35053	13791
35054	13792
35055	13793
35056	13793
35057	13794
35058	13794
35059	13794
35060	13795
35061	13796
35062	13796
35063	13797
35064	13798
35065	13799
35066	13800
35067	13801
35068	13802
35069	13802
35070	13803
35071	13802
35072	13803
35073	13804
35074	13804
35075	13805
35076	13806
35077	13807
35078	13807
35079	13807
35080	13808
35081	13809
35082	13809
35083	13809
35084	13810
35085	13811
35086	13812
35087	13812
35088	13813
35089	13814
35090	13815
35091	13815
35092	13815
35093	13816
35094	13817
35095	13818
35096	13819
35097	13820
35098	13821
35099	13821
35100	13822
35101	13822
35102	13823
35103	13823
35104	13824
35105	13825
35106	13825
35107	13826
35108	13827
35109	13827
35110	13828
35111	13829
35112	13829
35113	13830
35114	13830
35115	13831
35116	13831
35117	13832
35118	13833
35119	13833
35120	13833
35121	13832
35122	13833
35123	13834
35124	13835
35125	13836
35126	13836
35127	13837
35128	13837
35129	13838
35130	13838
35131	13839
35132	13839
35133	13839
35134	13840
35135	13841
35136	13842
35137	13843
35138	13844
35139	13845
35140	13846
35141	13847
35142	13847
35143	13846
35144	13847
35145	13848
35146	13849
35147	13850
35148	13850
35149	13851
35150	13851
35151	13852
35152	13852
35153	13852
35154	13852
35155	13853
35156	13854
35157	13855
35158	13855
35159	13856
35160	13856
35161	13857
35162	13858
35163	13858
35164	13858
35165	13858
35166	13859
35167	13860
35168	13861
35169	13861
35170	13862
35171	13863
35172	13863
35173	13864
35174	13864
35175	13865
35176	13865
35177	13864
35178	13865
35179	13866
35180	13867
35181	13868
35182	13869
35183	13870
35184	13871
35185	13872
35186	13873
35187	13874
35188	13874
35189	13875
35190	13876
35191	13877
35192	13878
35193	13879
35194	13880
35195	13880
35196	13880
35197	13880
35198	13880
35199	13881
35200	13882
35201	13882
35202	13883
35203	13882
35204	13882
35205	13882
35206	13882
35207	13882
35208	13883
35209	13884
35210	13885
35211	13886
35212	13886
35213	13887
35214	13888
35215	13888
35216	13889
35217	13890
35218	13891
35219	13892
35220	13893
35221	13894
35222	13895
35223	13895
35224	13896
35225	13896
35226	13897
35227	13898
35228	13898
35229	13899
35230	13898
35231	13898
35232	13898
35233	13898
35234	13899
35235	13899
35236	13899
35237	13900
35238	13900
35239	13900
35240	13900
35241	13901
35242	13901
35243	13901
35244	13901
35245	13902
35246	13903
35247	13904
35248	13905
35249	13906
35250	13907
35251	13908
35252	13908
35253	13909
35254	13909
35255	13909
35256	13910
35257	13910
35258	13910
35259	13911
35260	13912
35261	13913
35262	13914
35263	13914
35264	13915
35265	13916
35266	13917
35267	13918
35268	13919
35269	13919
35270	13919
35271	13919
35272	13920
35273	13921
35274	13921
35275	13922
35276	13923
35277	13923
35278	13924
35279	13925
35280	13926
35281	13927
35282	13927
35283	13928
35284	13929
35285	13930
35286	13931
35287	13932
35288	13932
35289	13933
35290	13934
35291	13935
35292	13936
35293	13936
35294	13937
35295	13938
35296	13939
35297	13939
35298	13940
35299	13940
35300	13940
35301	13941
35302	13941
35303	13942
35304	13943
35305	13944
35306	13944
35307	13945
35308	13946
35309	13947
35310	13948
35311	13949
35312	13950
35313	13951
35314	13951
35315	13952
35316	13953
35317	13952
35318	13952
35319	13953
35320	13952
35321	13953
35322	13952
35323	13953
35324	13953
35325	13954
35326	13954
35327	13955
35328	13956
35329	13956
35330	13956
35331	13957
35332	13957
35333	13957
35334	13958
35335	13959
35336	13960
35337	13960
35338	13960
35339	13961
35340	13962
35341	13962
35342	13962
35343	13963
35344	13964
35345	13965
35346	13965
35347	13966
35348	13967
35349	13968
35350	13968
35351	13969
35352	13970
35353	13970
35354	13971
35355	13972
35356	13972
35357	13973
35358	13973
35359	13973
35360	13974
35361	13975
35362	13976
35363	13977
35364	13977
35365	13978
35366	13979
35367	13980
35368	13980
35369	13981
35370	13981
35371	13982
35372	13983
35373	13984
35374	13984
35375	13985
35376	13986
35377	13987
35378	13987
35379	13988
35380	13988
35381	13988
35382	13989
35383	13990
35384	13991
35385	13992
35386	13993
35387	13994
35388	13995
35389	13995
35390	13995
35391	13996
35392	13997
35393	13998
35394	13999
35395	13999
35396	14000
35397	14001
35398	14002
35399	14003
35400	14004
35401	14005
35402	14005
35403	14006
35404	14006
35405	14007
35406	14007
35407	14008
35408	14009
35409	14010
35410	14011
35411	14012
35412	14013
35413	14013
35414	14013
35415	14013
35416	14014
35417	14015
35418	14015
35419	14015
35420	14014
35421	14015
35422	14015
35423	14016
35424	14017
35425	14018
35426	14019
35427	14019
35428	14020
35429	14021
35430	14021
35431	14022
35432	14022
35433	14023
35434	14024
35435	14025
35436	14025
35437	14026
35438	14027
35439	14028
35440	14029
35441	14030
35442	14031
35443	14030
35444	14031
35445	14032
35446	14033
35447	14034
35448	14035
35449	14035
35450	14036
35451	14036
35452	14037
35453	14038
35454	14039
35455	14039
35456	14039
35457	14040
35458	14040
35459	14040
35460	14040
35461	14041
35462	14042
35463	14043
35464	14044
35465	14045
35466	14046
35467	14047
35468	14048
35469	14049
35470	14050
35471	14050
35472	14050
35473	14051
35474	14051
35475	14052
35476	14053
35477	14052
35478	14053
35479	14053
35480	14054
35481	14055
35482	14056
35483	14057
35484	14056
35485	14056
35486	14055
35487	14056
35488	14057
35489	14056
35490	14056
35491	14056
35492	14057
35493	14057
35494	14057
35495	14058
35496	14057
35497	14058
35498	14058
35499	14058
35500	14059
35501	14060
35502	14061
35503	14062
35504	14063
35505	14064
35506	14064
35507	14065
35508	14066
35509	14067
35510	14068
35511	14068
35512	14068
35513	14069
35514	14070
35515	14071
35516	14071
35517	14072
35518	14073
35519	14074
35520	14075
35521	14076
35522	14076
35523	14077
35524	14078
35525	14079
35526	14080
35527	14081
35528	14082
35529	14083
35530	14084
35531	14085
35532	14086
35533	14087
35534	14088
35535	14088
35536	14089
35537	14090
35538	14091
35539	14092
35540	14093
35541	14094
35542	14095
35543	14096
35544	14097
35545	14097
35546	14097
35547	14098
35548	14099
35549	14099
35550	14100
35551	14100
35552	14101
35553	14102
35554	14103
35555	14103
35556	14104
35557	14104
35558	14105
35559	14105
35560	14105
35561	14104
35562	14105
35563	14106
35564	14105
35565	14106
35566	14105
35567	14105
35568	14106
35569	14107
35570	14107
35571	14108
35572	14108
35573	14107
35574	14108
35575	14108
35576	14108
35577	14109
35578	14110
35579	14111
35580	14111
35581	14112
35582	14113
35583	14114
35584	14113
35585	14114
35586	14114
35587	14114
35588	14115
35589	14116
35590	14117
35591	14118
35592	14119
35593	14120
35594	14121
35595	14122
35596	14123
35597	14123
35598	14124
35599	14124
35600	14123
35601	14123
35602	14124
35603	14125
35604	14126
35605	14127
35606	14127
35607	14128
35608	14129
35609	14129
35610	14130
35611	14131
35612	14130
35613	14131
35614	14132
35615	14133
35616	14133
35617	14134
35618	14135
35619	14135
35620	14135
35621	14136
35622	14137
35623	14136
35624	14136
35625	14136
35626	14137
35627	14138
35628	14139
35629	14139
35630	14140
35631	14141
35632	14142
35633	14143
35634	14144
35635	14145
35636	14146
35637	14146
35638	14147
35639	14148
35640	14149
35641	14149
35642	14150
35643	14151
35644	14152
35645	14152
35646	14153
35647	14153
35648	14154
35649	14154
35650	14155
35651	14155
35652	14156
35653	14156
35654	14157
35655	14158
35656	14158
35657	14159
35658	14160
35659	14161
35660	14161
35661	14162
35662	14162
35663	14162
35664	14162
35665	14163
35666	14164
35667	14164
35668	14163
35669	14163
35670	14164
35671	14164
35672	14164
35673	14165
35674	14166
35675	14167
35676	14168
35677	14169
35678	14170
35679	14171
35680	14171
35681	14172
35682	14173
35683	14173
35684	14174
35685	14175
35686	14176
35687	14177
35688	14178
35689	14179
35690	14180
35691	14180
35692	14181
35693	14181
35694	14182
35695	14182
35696	14182
35697	14182
35698	14183
35699	14184
35700	14184
35701	14185
35702	14186
35703	14187
35704	14188
35705	14188
35706	14188
35707	14189
35708	14190
35709	14189
35710	14190
35711	14191
35712	14192
35713	14193
35714	14193
35715	14194
35716	14194
35717	14194
35718	14195
35719	14196
35720	14197
35721	14198
35722	14199
35723	14200
35724	14200
35725	14201
35726	14201
35727	14202
35728	14203
35729	14203
35730	14204
35731	14204
35732	14203
35733	14203
35734	14203
35735	14204
35736	14203
35737	14204
35738	14205
35739	14205
35740	14206
35741	14206
35742	14206
35743	14207
35744	14208
35745	14209
35746	14210
35747	14210
35748	14211
35749	14212
35750	14212
35751	14213
35752	14213
35753	14214
35754	14215
35755	14216
35756	14216
35757	14216
35758	14216
35759	14217
35760	14218
35761	14218
35762	14217
35763	14217
35764	14217
35765	14217
35766	14218
35767	14219
35768	14220
35769	14219
35770	14219
35771	14219
35772	14220
35773	14221
35774	14222
35775	14222
35776	14223
35777	14223
35778	14222
35779	14223
35780	14224
35781	14223
35782	14223
35783	14224
35784	14225
35785	14225
35786	14225
35787	14226
35788	14227
35789	14228
35790	14229
35791	14230
35792	14231
35793	14231
35794	14232
35795	14233
35796	14233
35797	14233
35798	14234
35799	14235
35800	14235
35801	14235
35802	14236
35803	14237
35804	14236
35805	14237
35806	14237
35807	14237
35808	14238
35809	14239
35810	14239
35811	14239
35812	14240
35813	14239
35814	14240
35815	14240
35816	14240
35817	14240
35818	14241
35819	14242
35820	14243
35821	14243
35822	14244
35823	14245
35824	14246
35825	14247
35826	14248
35827	14249
35828	14250
35829	14250
35830	14251
35831	14252
35832	14252
35833	14253
35834	14253
35835	14253
35836	14254
35837	14255
35838	14256
35839	14257
35840	14257
35841	14258
35842	14259
35843	14259
35844	14259
35845	14260
35846	14261
35847	14262
35848	14263
35849	14264
35850	14264
35851	14265
35852	14266
35853	14267
35854	14268
35855	14269
35856	14269
35857	14269
35858	14269
35859	14270
35860	14270
35861	14271
35862	14272
35863	14273
35864	14274
35865	14275
35866	14276
35867	14277
35868	14277
35869	14278
35870	14279
35871	14280
35872	14279
35873	14279
35874	14280
35875	14280
35876	14281
35877	14282
35878	14283
35879	14284
35880	14285
35881	14286
35882	14287
35883	14287
35884	14287
35885	14288
35886	14288
35887	14288
35888	14289
35889	14289
35890	14290
35891	14289
35892	14290
35893	14291
35894	14292
35895	14293
35896	14294
35897	14295
35898	14296
35899	14296
35900	14297
35901	14297
35902	14298
35903	14298
35904	14299
35905	14300
35906	14300
35907	14301
35908	14302
35909	14302
35910	14303
35911	14303
35912	14303
35913	14304
35914	14304
35915	14305
35916	14306
35917	14307
35918	14308
35919	14309
35920	14310
35921	14311
35922	14312
35923	14313
35924	14313
35925	14314
35926	14315
35927	14316
35928	14317
35929	14318
35930	14318
35931	14319
35932	14320
35933	14320
35934	14321
35935	14322
35936	14323
35937	14324
35938	14325
35939	14326
35940	14326
35941	14326
35942	14327
35943	14328
35944	14329
35945	14329
35946	14330
35947	14331
35948	14332
35949	14332
35950	14333
35951	14333
35952	14333
35953	14334
35954	14334
35955	14335
35956	14335
35957	14335
35958	14336
35959	14337
35960	14336
35961	14337
35962	14338
35963	14339
35964	14339
35965	14340
35966	14341
35967	14342
35968	14342
35969	14342
35970	14342
35971	14342
35972	14343
35973	14344
35974	14345
35975	14346
35976	14347
35977	14348
35978	14349
35979	14350
35980	14351
35981	14352
35982	14353
35983	14353
35984	14354
35985	14355
35986	14355
35987	14356
35988	14357
35989	14358
35990	14359
35991	14360
35992	14360
35993	14360
35994	14361
35995	14361
35996	14362
35997	14363
35998	14364
35999	14365
36000	14366
36001	14367
36002	14368
36003	14369
36004	14370
36005	14370
36006	14371
36007	14372
36008	14372
36009	14373
36010	14374
36011	14375
36012	14376
36013	14377
36014	14377
36015	14378
36016	14377
36017	14378
36018	14379
36019	14380
36020	14380
36021	14381
36022	14382
36023	14382
36024	14382
36025	14383
36026	14384
36027	14385
36028	14385
36029	14386
36030	14387
36031	14387
36032	14387
36033	14386
36034	14387
36035	14388
36036	14389
36037	14389
36038	14390
36039	14391
36040	14392
36041	14393
36042	14393
36043	14394
36044	14395
36045	14396
36046	14395
36047	14396
36048	14397
36049	14398
36050	14398
36051	14399
36052	14399
36053	14400
36054	14401
36055	14402
36056	14403
36057	14404
36058	14405
36059	14406
36060	14407
36061	14408
36062	14409
36063	14409
36064	14410
36065	14411
36066	14411
36067	14412
36068	14413
36069	14413
36070	14412
36071	14413
36072	14414
36073	14414
36074	14415
36075	14416
36076	14417
36077	14416
36078	14417
36079	14418
36080	14419
36081	14419
36082	14420
36083	14421
36084	14422
36085	14423
36086	14424
36087	14425
36088	14426
36089	14427
36090	14428
36091	14429
36092	14430
36093	14431
36094	14431
36095	14432
36096	14433
36097	14433
36098	14434
36099	14435
36100	14436
36101	14437
36102	14438
36103	14438
36104	14439
36105	14438
36106	14438
36107	14438
36108	14438
36109	14439
36110	14440
36111	14441
36112	14442
36113	14443
36114	14444
36115	14444
36116	14445
36117	14446
36118	14447
36119	14447
36120	14448
36121	14449
36122	14450
36123	14450
36124	14451
36125	14452
36126	14453
36127	14453
36128	14454
36129	14454
36130	14454
36131	14455
36132	14455
36133	14455
36134	14456
36135	14457
36136	14457
36137	14457
36138	14458
36139	14459
36140	14459
36141	14460
36142	14461
36143	14462
36144	14463
36145	14464
36146	14465
36147	14466
36148	14467
36149	14468
36150	14469
36151	14470
36152	14470
36153	14470
36154	14471
36155	14471
36156	14472
36157	14473
36158	14474
36159	14474
36160	14475
36161	14476
36162	14476
36163	14477
36164	14478
36165	14478
36166	14479
36167	14480
36168	14481
36169	14481
36170	14481
36171	14481
36172	14482
36173	14483
36174	14484
36175	14485
36176	14486
36177	14487
36178	14488
36179	14488
36180	14488
36181	14488
36182	14489
36183	14489
36184	14490
36185	14491
36186	14492
36187	14493
36188	14494
36189	14494
36190	14494
36191	14495
36192	14496
36193	14497
36194	14498
36195	14499
36196	14499
36197	14500
36198	14501
36199	14502
36200	14502
36201	14502
36202	14503
36203	14504
36204	14504
36205	14505
36206	14505
36207	14505
36208	14505
36209	14505
36210	14506
36211	14505
36212	14505
36213	14506
36214	14507
36215	14508
36216	14508
36217	14509
36218	14510
36219	14511
36220	14512
36221	14513
36222	14514
36223	14514
36224	14515
36225	14515
36226	14515
36227	14516
36228	14517
36229	14518
36230	14519
36231	14518
36232	14518
36233	14518
36234	14518
36235	14519
36236	14520
36237	14520
36238	14521
36239	14521
36240	14522
36241	14522
36242	14522
36243	14523
36244	14524
36245	14525
36246	14525
36247	14526
36248	14527
36249	14526
36250	14527
36251	14527
36252	14528
36253	14528
36254	14528
36255	14529
36256	14530
36257	14531
36258	14531
36259	14532
36260	14533
36261	14534
36262	14535
36263	14536
36264	14536
36265	14537
36266	14538
36267	14538
36268	14539
36269	14540
36270	14540
36271	14541
36272	14542
36273	14542
36274	14543
36275	14544
36276	14545
36277	14546
36278	14546
36279	14547
36280	14548
36281	14549
36282	14550
36283	14551
36284	14551
36285	14552
36286	14553
36287	14554
36288	14555
36289	14555
36290	14556
36291	14556
36292	14557
36293	14558
36294	14559
36295	14560
36296	14561
36297	14562
36298	14563
36299	14564
36300	14565
36301	14565
36302	14565
36303	14566
36304	14567
36305	14568
36306	14568
36307	14569
36308	14570
36309	14571
36310	14572
36311	14573
36312	14574
36313	14575
36314	14574
36315	14574
36316	14574
36317	14574
36318	14574
36319	14575
36320	14576
36321	14576
36322	14577
36323	14577
36324	14577
36325	14578
36326	14579
36327	14579
36328	14579
36329	14579
36330	14580
36331	14581
36332	14582
36333	14582
36334	14583
36335	14583
36336	14584
36337	14584
36338	14583
36339	14583
36340	14583
36341	14584
36342	14585
36343	14585
36344	14586
36345	14586
36346	14586
36347	14587
36348	14587
36349	14588
36350	14589
36351	14590
36352	14591
36353	14590
36354	14590
36355	14590
36356	14589
36357	14589
36358	14590
36359	14590
36360	14590
36361	14591
36362	14591
36363	14592
36364	14593
36365	14593
36366	14594
36367	14594
36368	14595
36369	14596
36370	14597
36371	14597
36372	14598
36373	14599
36374	14600
36375	14601
36376	14602
36377	14602
36378	14603
36379	14604
36380	14605
36381	14606
36382	14607
36383	14608
36384	14609
36385	14610
36386	14609
36387	14610
36388	14610
36389	14610
36390	14611
36391	14612
36392	14613
36393	14613
36394	14614
36395	14615
36396	14616
36397	14617
36398	14618
36399	14619
36400	14620
36401	14621
36402	14622
36403	14622
36404	14623
36405	14624
36406	14625
36407	14626
36408	14627
36409	14628
36410	14628
36411	14629
36412	14630
36413	14631
36414	14632
36415	14632
36416	14632
36417	14633
36418	14634
36419	14635
36420	14636
36421	14636
36422	14635
36423	14636
36424	14636
36425	14637
36426	14637
36427	14637
36428	14638
36429	14638
36430	14639
36431	14640
36432	14640
36433	14641
36434	14642
36435	14643
36436	14644
36437	14645
36438	14645
36439	14644
36440	14644
36441	14644
36442	14645
36443	14645
36444	14645
36445	14646
36446	14647
36447	14646
36448	14646
36449	14646
36450	14647
36451	14647
36452	14648
36453	14649
36454	14650
36455	14651
36456	14652
36457	14653
36458	14653
36459	14652
36460	14652
36461	14652
36462	14652
36463	14651
36464	14651
36465	14651
36466	14652
36467	14652
36468	14653
36469	14654
36470	14654
36471	14655
36472	14656
36473	14656
36474	14657
36475	14658
36476	14658
36477	14659
36478	14660
36479	14661
36480	14661
36481	14661
36482	14661
36483	14661
36484	14662
36485	14663
36486	14664
36487	14665
36488	14664
36489	14665
36490	14665
36491	14666
36492	14667
36493	14668
36494	14668
36495	14669
36496	14670
36497	14670
36498	14671
36499	14672
36500	14673
36501	14674
36502	14675
36503	14676
36504	14676
36505	14676
36506	14676
36507	14675
36508	14676
36509	14677
36510	14678
36511	14679
36512	14679
36513	14679
36514	14679
36515	14680
36516	14681
36517	14682
36518	14683
36519	14684
36520	14685
36521	14685
36522	14686
36523	14686
36524	14686
36525	14686
36526	14687
36527	14688
36528	14689
36529	14690
36530	14691
36531	14691
36532	14692
36533	14693
36534	14693
36535	14694
36536	14695
36537	14696
36538	14696
36539	14697
36540	14698
36541	14699
36542	14700
36543	14699
36544	14700
36545	14700
36546	14700
36547	14700
36548	14700
36549	14701
36550	14702
36551	14703
36552	14704
36553	14704
36554	14705
36555	14706
36556	14707
36557	14708
36558	14709
36559	14709
36560	14710
36561	14710
36562	14711
36563	14711
36564	14711
36565	14711
36566	14712
36567	14712
36568	14711
36569	14710
36570	14710
36571	14709
36572	14709
36573	14710
36574	14709
36575	14709
36576	14708
36577	14708
36578	14709
36579	14709
36580	14710
36581	14711
36582	14712
36583	14713
36584	14714
36585	14715
36586	14715
36587	14714
36588	14714
36589	14715
36590	14716
36591	14717
36592	14718
36593	14718
36594	14719
36595	14720
36596	14721
36597	14722
36598	14723
36599	14724
36600	14724
36601	14724
36602	14724
36603	14725
36604	14725
36605	14726
36606	14727
36607	14727
36608	14728
36609	14729
36610	14730
36611	14731
36612	14731
36613	14732
36614	14733
36615	14734
36616	14735
36617	14735
36618	14736
36619	14737
36620	14738
36621	14739
36622	14739
36623	14739
36624	14740
36625	14741
36626	14740
36627	14741
36628	14742
36629	14743
36630	14743
36631	14743
36632	14744
36633	14744
36634	14745
36635	14745
36636	14745
36637	14746
36638	14747
36639	14748
36640	14747
36641	14747
36642	14748
36643	14747
36644	14747
36645	14748
36646	14749
36647	14748
36648	14749
36649	14749
36650	14749
36651	14750
36652	14749
36653	14749
36654	14750
36655	14751
36656	14751
36657	14751
36658	14751
36659	14752
36660	14752
36661	14753
36662	14754
36663	14755
36664	14754
36665	14755
36666	14756
36667	14756
36668	14757
36669	14758
36670	14759
36671	14759
36672	14759
36673	14760
36674	14759
36675	14760
36676	14761
36677	14760
36678	14761
36679	14762
36680	14763
36681	14764
36682	14765
36683	14766
36684	14767
36685	14767
36686	14768
36687	14769
36688	14769
36689	14770
36690	14770
36691	14771
36692	14772
36693	14773
36694	14774
36695	14775
36696	14776
36697	14776
36698	14777
36699	14778
36700	14779
36701	14779
36702	14779
36703	14779
36704	14779
36705	14780
36706	14779
36707	14779
36708	14780
36709	14781
36710	14782
36711	14783
36712	14784
36713	14785
36714	14784
36715	14785
36716	14785
36717	14785
36718	14784
36719	14785
36720	14786
36721	14787
36722	14787
36723	14788
36724	14789
36725	14788
36726	14789
36727	14789
36728	14790
36729	14791
36730	14790
36731	14791
36732	14790
36733	14790
36734	14791
36735	14791
36736	14792
36737	14793
36738	14794
36739	14795
36740	14795
36741	14795
36742	14795
36743	14795
36744	14796
36745	14796
36746	14797
36747	14798
36748	14798
36749	14799
36750	14800
36751	14801
36752	14802
36753	14803
36754	14804
36755	14805
36756	14806
36757	14806
36758	14807
36759	14807
36760	14808
36761	14809
36762	14809
36763	14809
36764	14810
36765	14811
36766	14812
36767	14812
36768	14812
36769	14813
36770	14813
36771	14814
36772	14815
36773	14815
36774	14815
36775	14816
36776	14817
36777	14818
36778	14819
36779	14819
36780	14820
36781	14821
36782	14822
36783	14823
36784	14824
36785	14824
36786	14825
36787	14826
36788	14827
36789	14828
36790	14829
36791	14829
36792	14829
36793	14829
36794	14829
36795	14830
36796	14831
36797	14830
36798	14831
36799	14832
36800	14833
36801	14834
36802	14834
36803	14833
36804	14833
36805	14834
36806	14834
36807	14835
36808	14836
36809	14837
36810	14838
36811	14837
36812	14838
36813	14839
36814	14839
36815	14838
36816	14839
36817	14839
36818	14840
36819	14840
36820	14840
36821	14841
36822	14842
36823	14843
36824	14844
36825	14845
36826	14845
36827	14846
36828	14847
36829	14848
36830	14849
36831	14849
36832	14850
36833	14849
36834	14850
36835	14849
36836	14848
36837	14848
36838	14849
36839	14850
36840	14850
36841	14850
36842	14851
36843	14852
36844	14853
36845	14853
36846	14854
36847	14855
36848	14855
36849	14856
36850	14857
36851	14857
36852	14857
36853	14856
36854	14856
36855	14856
36856	14857
36857	14857
36858	14858
36859	14859
36860	14860
36861	14860
36862	14861
36863	14862
36864	14863
36865	14864
36866	14864
36867	14865
36868	14866
36869	14867
36870	14868
36871	14869
36872	14869
36873	14868
36874	14868
36875	14868
36876	14869
36877	14869
36878	14870
36879	14871
36880	14872
36881	14872
36882	14872
36883	14872
36884	14873
36885	14874
36886	14873
36887	14874
36888	14873
36889	14874
36890	14874
36891	14873
36892	14874
36893	14874
36894	14875
36895	14875
36896	14876
36897	14877
36898	14878
36899	14877
36900	14876
36901	14876
36902	14876
36903	14877
36904	14877
36905	14877
36906	14878
36907	14878
36908	14879
36909	14879
36910	14880
36911	14880
36912	14880
36913	14881
36914	14882
36915	14883
36916	14884
36917	14885
36918	14886
36919	14887
36920	14888
36921	14888
36922	14889
36923	14890
36924	14891
36925	14892
36926	14893
36927	14892
36928	14892
36929	14893
36930	14893
36931	14893
36932	14894
36933	14895
36934	14896
36935	14897
36936	14898
36937	14899
36938	14900
36939	14901
36940	14901
36941	14902
36942	14902
36943	14903
36944	14904
36945	14905
36946	14906
36947	14906
36948	14907
36949	14908
36950	14907
36951	14907
36952	14907
36953	14908
36954	14909
36955	14909
36956	14909
36957	14909
36958	14909
36959	14909
36960	14910
36961	14910
36962	14911
36963	14911
36964	14911
36965	14912
36966	14913
36967	14913
36968	14914
36969	14915
36970	14916
36971	14916
36972	14916
36973	14917
36974	14917
36975	14918
36976	14917
36977	14917
36978	14917
36979	14918
36980	14917
36981	14918
36982	14917
36983	14917
36984	14918
36985	14918
36986	14919
36987	14920
36988	14920
36989	14920
36990	14920
36991	14921
36992	14922
36993	14921
36994	14922
36995	14923
36996	14924
36997	14924
36998	14923
36999	14923
37000	14924
37001	14925
37002	14926
37003	14927
37004	14928
37005	14929
37006	14930
37007	14931
37008	14931
37009	14932
37010	14932
37011	14932
37012	14933
37013	14933
37014	14934
37015	14935
37016	14936
37017	14937
37018	14937
37019	14937
37020	14937
37021	14937
37022	14938
37023	14938
37024	14938
37025	14939
37026	14939
37027	14940
37028	14939
37029	14940
37030	14939
37031	14939
37032	14940
37033	14940
37034	14941
37035	14942
37036	14941
37037	14941
37038	14941
37039	14942
37040	14942
37041	14942
37042	14942
37043	14942
37044	14942
37045	14943
37046	14944
37047	14945
37048	14946
37049	14946
37050	14947
37051	14948
37052	14949
37053	14949
37054	14950
37055	14951
37056	14952
37057	14953
37058	14954
37059	14953
37060	14953
37061	14953
37062	14953
37063	14953
37064	14953
37065	14954
37066	14955
37067	14956
37068	14955
37069	14955
37070	14955
37071	14956
37072	14957
37073	14957
37074	14957
37075	14956
37076	14955
37077	14955
37078	14954
37079	14954
37080	14954
37081	14955
37082	14956
37083	14956
37084	14957
37085	14957
37086	14958
37087	14959
37088	14959
37089	14959
37090	14959
37091	14959
37092	14958
37093	14957
37094	14958
37095	14959
37096	14960
37097	14960
37098	14961
37099	14960
37100	14960
37101	14961
37102	14961
37103	14961
37104	14962
37105	14963
37106	14964
37107	14964
37108	14965
37109	14965
37110	14966
37111	14966
37112	14966
37113	14966
37114	14966
37115	14967
37116	14968
37117	14969
37118	14969
37119	14970
37120	14969
37121	14970
37122	14970
37123	14971
37124	14972
37125	14972
37126	14972
37127	14973
37128	14973
37129	14974
37130	14975
37131	14974
37132	14975
37133	14976
37134	14977
37135	14978
37136	14979
37137	14980
37138	14980
37139	14981
37140	14981
37141	14981
37142	14981
37143	14982
37144	14983
37145	14982
37146	14982
37147	14982
37148	14981
37149	14982
37150	14983
37151	14983
37152	14982
37153	14983
37154	14984
37155	14984
37156	14985
37157	14986
37158	14985
37159	14986
37160	14987
37161	14987
37162	14988
37163	14989
37164	14990
37165	14991
37166	14992
37167	14993
37168	14993
37169	14994
37170	14995
37171	14996
37172	14997
37173	14998
37174	14998
37175	14999
37176	14999
37177	15000
37178	14999
37179	15000
37180	15001
37181	15001
37182	15002
37183	15002
37184	15002
37185	15003
37186	15004
37187	15004
37188	15004
37189	15004
37190	15004
37191	15005
37192	15006
37193	15007
37194	15008
37195	15008
37196	15009
37197	15010
37198	15010
37199	15011
37200	15011
37201	15012
37202	15012
37203	15013
37204	15014
37205	15015
37206	15016
37207	15016
37208	15017
37209	15016
37210	15016
37211	15016
37212	15017
37213	15016
37214	15017
37215	15017
37216	15017
37217	15017
37218	15017
37219	15018
37220	15019
37221	15020
37222	15021
37223	15021
37224	15021
37225	15022
37226	15022
37227	15023
37228	15024
37229	15024
37230	15025
37231	15026
37232	15026
37233	15027
37234	15028
37235	15028
37236	15027
37237	15026
37238	15027
37239	15028
37240	15028
37241	15029
37242	15029
37243	15029
37244	15030
37245	15030
37246	15031
37247	15032
37248	15033
37249	15033
37250	15034
37251	15035
37252	15035
37253	15035
37254	15035
37255	15036
37256	15037
37257	15038
37258	15037
37259	15038
37260	15038
37261	15039
37262	15040
37263	15041
37264	15042
37265	15043
37266	15044
37267	15045
37268	15045
37269	15045
37270	15046
37271	15047
37272	15047
37273	15048
37274	15048
37275	15048
37276	15049
37277	15050
37278	15051
37279	15052
37280	15053
37281	15054
37282	15055
37283	15056
37284	15056
37285	15055
37286	15056
37287	15056
37288	15057
37289	15057
37290	15057
37291	15058
37292	15059
37293	15059
37294	15060
37295	15060
37296	15061
37297	15061
37298	15062
37299	15063
37300	15062
37301	15063
37302	15064
37303	15065
37304	15065
37305	15065
37306	15064
37307	15065
37308	15065
37309	15066
37310	15067
37311	15068
37312	15069
37313	15069
37314	15070
37315	15070
37316	15071
37317	15071
37318	15071
37319	15071
37320	15071
37321	15071
37322	15071
37323	15072
37324	15071
37325	15072
37326	15071
37327	15072
37328	15073
37329	15074
37330	15075
37331	15075
37332	15075
37333	15076
37334	15076
37335	15076
37336	15077
37337	15078
37338	15078
37339	15079
37340	15079
37341	15080
37342	15080
37343	15080
37344	15081
37345	15081
37346	15082
37347	15082
37348	15083
37349	15084
37350	15083
37351	15084
37352	15085
37353	15086
37354	15087
37355	15088
37356	15089
37357	15090
37358	15091
37359	15091
37360	15092
37361	15093
37362	15094
37363	15095
37364	15095
37365	15095
37366	15096
37367	15097
37368	15098
37369	15099
37370	15099
37371	15100
37372	15100
37373	15101
37374	15102
37375	15103
37376	15104
37377	15104
37378	15105
37379	15105
37380	15105
37381	15106
37382	15107
37383	15107
37384	15108
37385	15108
37386	15107
37387	15108
37388	15108
37389	15109
37390	15110
37391	15110
37392	15110
37393	15110
37394	15110
37395	15110
37396	15109
37397	15108
37398	15109
37399	15110
37400	15110
37401	15111
37402	15112
37403	15112
37404	15112
37405	15113
37406	15114
37407	15115
37408	15116
37409	15117
37410	15118
37411	15119
37412	15120
37413	15120
37414	15120
37415	15121
37416	15120
37417	15119
37418	15119
37419	15120
37420	15121
37421	15122
37422	15123
37423	15122
37424	15122
37425	15122
37426	15123
37427	15123
37428	15123
37429	15124
37430	15124
37431	15124
37432	15124
37433	15125
37434	15125
37435	15126
37436	15127
37437	15127
37438	15127
37439	15128
37440	15128
37441	15128
37442	15129
37443	15129
37444	15130
37445	15131
37446	15131
37447	15132
37448	15133
37449	15133
37450	15134
37451	15135
37452	15136
37453	15137
37454	15138
37455	15139
37456	15140
37457	15141
37458	15141
37459	15142
37460	15143
37461	15144
37462	15145
37463	15146
37464	15147
37465	15148
37466	15149
37467	15150
37468	15150
37469	15150
37470	15150
37471	15151
37472	15151
37473	15151
37474	15152
37475	15153
37476	15153
37477	15154
37478	15154
37479	15155
37480	15156
37481	15157
37482	15157
37483	15158
37484	15159
37485	15159
37486	15158
37487	15159
37488	15160
37489	15161
37490	15162
37491	15161
37492	15162
37493	15162
37494	15161
37495	15161
37496	15162
37497	15162
37498	15161
37499	15161
37500	15160
37501	15160
37502	15161
37503	15161
37504	15162
37505	15162
37506	15162
37507	15163
37508	15164
37509	15165
37510	15165
37511	15166
37512	15167
37513	15166
37514	15166
37515	15167
37516	15168
37517	15169
37518	15170
37519	15170
37520	15171
37521	15172
37522	15173
37523	15174
37524	15175
37525	15176
37526	15177
37527	15178
37528	15178
37529	15179
37530	15180
37531	15180
37532	15181
37533	15182
37534	15183
37535	15183
37536	15184
37537	15185
37538	15186
37539	15187
37540	15187
37541	15186
37542	15186
37543	15187
37544	15188
37545	15188
37546	15188
37547	15189
37548	15190
37549	15190
37550	15191
37551	15192
37552	15193
37553	15193
37554	15193
37555	15193
37556	15194
37557	15195
37558	15196
37559	15197
37560	15198
37561	15198
37562	15199
37563	15200
37564	15201
37565	15202
37566	15203
37567	15204
37568	15204
37569	15205
37570	15206
37571	15206
37572	15206
37573	15207
37574	15208
37575	15209
37576	15209
37577	15210
37578	15209
37579	15210
37580	15211
37581	15210
37582	15211
37583	15211
37584	15212
37585	15212
37586	15212
37587	15213
37588	15213
37589	15213
37590	15212
37591	15213
37592	15213
37593	15214
37594	15215
37595	15215
37596	15216
37597	15217
37598	15217
37599	15218
37600	15218
37601	15218
37602	15219
37603	15219
37604	15219
37605	15220
37606	15220
37607	15221
37608	15222
37609	15223
37610	15224
37611	15225
37612	15226
37613	15227
37614	15227
37615	15228
37616	15229
37617	15230
37618	15231
37619	15232
37620	15233
37621	15233
37622	15234
37623	15233
37624	15233
37625	15233
37626	15234
37627	15235
37628	15234
37629	15234
37630	15235
37631	15236
37632	15237
37633	15237
37634	15238
37635	15238
37636	15239
37637	15239
37638	15240
37639	15240
37640	15241
37641	15241
37642	15240
37643	15240
37644	15241
37645	15242
37646	15241
37647	15241
37648	15241
37649	15242
37650	15241
37651	15242
37652	15243
37653	15244
37654	15245
37655	15246
37656	15247
37657	15248
37658	15248
37659	15249
37660	15250
37661	15251
37662	15251
37663	15252
37664	15253
37665	15253
37666	15254
37667	15255
37668	15255
37669	15256
37670	15257
37671	15258
37672	15259
37673	15260
37674	15261
37675	15261
37676	15262
37677	15263
37678	15263
37679	15263
37680	15264
37681	15265
37682	15265
37683	15265
37684	15265
37685	15266
37686	15267
37687	15267
37688	15268
37689	15267
37690	15267
37691	15267
37692	15266
37693	15266
37694	15267
37695	15267
37696	15268
37697	15269
37698	15270
37699	15270
37700	15270
37701	15271
37702	15271
37703	15271
37704	15272
37705	15272
37706	15273
37707	15274
37708	15273
37709	15273
37710	15274
37711	15275
37712	15276
37713	15277
37714	15277
37715	15278
37716	15279
37717	15279
37718	15280
37719	15281
37720	15282
37721	15281
37722	15282
37723	15282
37724	15282
37725	15282
37726	15283
37727	15284
37728	15284
37729	15284
37730	15284
37731	15285
37732	15285
37733	15286
37734	15287
37735	15288
37736	15289
37737	15290
37738	15290
37739	15291
37740	15292
37741	15293
37742	15294
37743	15294
37744	15294
37745	15295
37746	15296
37747	15297
37748	15297
37749	15298
37750	15299
37751	15300
37752	15300
37753	15301
37754	15300
37755	15301
37756	15301
37757	15301
37758	15302
37759	15303
37760	15303
37761	15304
37762	15304
37763	15305
37764	15306
37765	15307
37766	15308
37767	15309
37768	15308
37769	15309
37770	15309
37771	15310
37772	15310
37773	15311
37774	15312
37775	15311
37776	15312
37777	15313
37778	15313
37779	15314
37780	15315
37781	15316
37782	15317
37783	15318
37784	15319
37785	15319
37786	15320
37787	15319
37788	15319
37789	15320
37790	15321
37791	15322
37792	15323
37793	15323
37794	15324
37795	15325
37796	15325
37797	15326
37798	15327
37799	15328
37800	15328
37801	15328
37802	15328
37803	15329
37804	15328
37805	15328
37806	15328
37807	15327
37808	15328
37809	15329
37810	15329
37811	15330
37812	15331
37813	15330
37814	15329
37815	15330
37816	15331
37817	15332
37818	15332
37819	15333
37820	15333
37821	15334
37822	15334
37823	15334
37824	15334
37825	15335
37826	15334
37827	15335
37828	15336
37829	15337
37830	15338
37831	15339
37832	15340
37833	15340
37834	15341
37835	15342
37836	15343
37837	15344
37838	15345
37839	15346
37840	15347
37841	15348
37842	15348
37843	15348
37844	15349
37845	15350
37846	15351
37847	15352
37848	15352
37849	15352
37850	15353
37851	15353
37852	15354
37853	15353
37854	15354
37855	15355
37856	15356
37857	15356
37858	15357
37859	15358
37860	15358
37861	15359
37862	15359
37863	15358
37864	15359
37865	15360
37866	15360
37867	15360
37868	15361
37869	15361
37870	15362
37871	15362
37872	15363
37873	15363
37874	15364
37875	15363
37876	15364
37877	15365
37878	15366
37879	15366
37880	15367
37881	15367
37882	15367
37883	15368
37884	15369
37885	15370
37886	15371
37887	15372
37888	15373
37889	15374
37890	15375
37891	15375
37892	15375
37893	15376
37894	15377
37895	15378
37896	15378
37897	15378
37898	15379
37899	15380
37900	15381
37901	15382
37902	15383
37903	15383
37904	15384
37905	15385
37906	15385
37907	15386
37908	15387
37909	15387
37910	15387
37911	15387
37912	15388
37913	15388
37914	15388
37915	15388
37916	15388
37917	15389
37918	15390
37919	15390
37920	15389
37921	15389
37922	15390
37923	15391
37924	15392
37925	15393
37926	15394
37927	15394
37928	15395
37929	15396
37930	15395
37931	15395
37932	15396
37933	15397
37934	15397
37935	15398
37936	15397
37937	15398
37938	15399
37939	15400
37940	15400
37941	15401
37942	15402
37943	15403
37944	15404
37945	15405
37946	15406
37947	15406
37948	15407
37949	15407
37950	15408
37951	15409
37952	15410
37953	15410
37954	15410
37955	15411
37956	15412
37957	15413
37958	15414
37959	15414
37960	15415
37961	15416
37962	15417
37963	15417
37964	15418
37965	15418
37966	15419
37967	15420
37968	15421
37969	15420
37970	15421
37971	15422
37972	15423
37973	15424
37974	15425
37975	15426
37976	15425
37977	15426
37978	15427
37979	15427
37980	15427
37981	15428
37982	15427
37983	15427
37984	15428
37985	15427
37986	15428
37987	15429
37988	15430
37989	15431
37990	15432
37991	15432
37992	15433
37993	15433
37994	15434
37995	15434
37996	15435
37997	15436
37998	15437
37999	15438
38000	15438
38001	15439
38002	15440
38003	15440
38004	15440
38005	15440
38006	15440
38007	15441
38008	15442
38009	15443
38010	15444
38011	15445
38012	15446
38013	15446
38014	15447
38015	15447
38016	15448
38017	15449
38018	15450
38019	15451
38020	15452
38021	15453
38022	15454
38023	15455
38024	15456
38025	15456
38026	15457
38027	15458
38028	15458
38029	15459
38030	15459
38031	15459
38032	15459
38033	15460
38034	15460
38035	15461
38036	15462
38037	15462
38038	15463
38039	15464
38040	15465
38041	15465
38042	15465
38043	15466
38044	15467
38045	15468
38046	15469
38047	15470
38048	15470
38049	15470
38050	15471
38051	15471
38052	15472
38053	15473
38054	15473
38055	15472
38056	15471
38057	15471
38058	15471
38059	15472
38060	15472
38061	15472
38062	15472
38063	15473
38064	15474
38065	15474
38066	15475
38067	15475
38068	15476
38069	15477
38070	15478
38071	15478
38072	15478
38073	15478
38074	15479
38075	15480
38076	15481
38077	15482
38078	15483
38079	15482
38080	15483
38081	15484
38082	15485
38083	15485
38084	15486
38085	15487
38086	15488
38087	15488
38088	15489
38089	15490
38090	15491
38091	15492
38092	15493
38093	15493
38094	15494
38095	15494
38096	15494
38097	15495
38098	15495
38099	15496
38100	15496
38101	15497
38102	15497
38103	15498
38104	15499
38105	15500
38106	15501
38107	15502
38108	15503
38109	15503
38110	15504
38111	15505
38112	15506
38113	15507
38114	15507
38115	15507
38116	15508
38117	15508
38118	15509
38119	15510
38120	15510
38121	15509
38122	15509
38123	15510
38124	15511
38125	15511
38126	15512
38127	15512
38128	15512
38129	15513
38130	15514
38131	15514
38132	15515
38133	15515
38134	15516
38135	15516
38136	15516
38137	15516
38138	15517
38139	15518
38140	15519
38141	15519
38142	15519
38143	15520
38144	15521
38145	15521
38146	15522
38147	15522
38148	15523
38149	15522
38150	15522
38151	15522
38152	15523
38153	15523
38154	15523
38155	15523
38156	15523
38157	15523
38158	15524
38159	15525
38160	15526
38161	15527
38162	15528
38163	15529
38164	15529
38165	15530
38166	15531
38167	15532
38168	15533
38169	15533
38170	15534
38171	15535
38172	15536
38173	15537
38174	15538
38175	15539
38176	15540
38177	15541
38178	15542
38179	15541
38180	15542
38181	15542
38182	15543
38183	15543
38184	15544
38185	15544
38186	15545
38187	15546
38188	15547
38189	15548
38190	15549
38191	15550
38192	15551
38193	15552
38194	15553
38195	15554
38196	15554
38197	15554
38198	15555
38199	15554
38200	15554
38201	15555
38202	15555
38203	15556
38204	15555
38205	15556
38206	15557
38207	15558
38208	15559
38209	15560
38210	15561
38211	15562
38212	15562
38213	15563
38214	15564
38215	15565
38216	15565
38217	15565
38218	15566
38219	15567
38220	15568
38221	15569
38222	15568
38223	15568
38224	15569
38225	15570
38226	15570
38227	15570
38228	15570
38229	15571
38230	15572
38231	15573
38232	15573
38233	15574
38234	15575
38235	15575
38236	15576
38237	15576
38238	15575
38239	15576
38240	15577
38241	15578
38242	15579
38243	15580
38244	15581
38245	15582
38246	15582
38247	15583
38248	15583
38249	15583
38250	15584
38251	15585
38252	15585
38253	15584
38254	15585
38255	15585
38256	15586
38257	15587
38258	15588
38259	15589
38260	15589
38261	15590
38262	15591
38263	15590
38264	15591
38265	15591
38266	15592
38267	15592
38268	15593
38269	15592
38270	15593
38271	15594
38272	15594
38273	15594
38274	15594
38275	15594
38276	15595
38277	15596
38278	15597
38279	15598
38280	15599
38281	15599
38282	15599
38283	15600
38284	15601
38285	15601
38286	15601
38287	15602
38288	15602
38289	15603
38290	15604
38291	15604
38292	15605
38293	15605
38294	15606
38295	15606
38296	15607
38297	15608
38298	15608
38299	15609
38300	15609
38301	15609
38302	15610
38303	15611
38304	15612
38305	15613
38306	15613
38307	15613
38308	15614
38309	15615
38310	15616
38311	15617
38312	15618
38313	15618
38314	15618
38315	15619
38316	15619
38317	15620
38318	15621
38319	15622
38320	15622
38321	15623
38322	15624
38323	15625
38324	15626
38325	15627
38326	15627
38327	15628
38328	15628
38329	15628
38330	15628
38331	15627
38332	15628
38333	15628
38334	15628
38335	15629
38336	15630
38337	15630
38338	15631
38339	15630
38340	15630
38341	15630
38342	15631
38343	15632
38344	15633
38345	15634
38346	15635
38347	15636
38348	15637
38349	15638
38350	15638
38351	15639
38352	15639
38353	15640
38354	15640
38355	15641
38356	15642
38357	15643
38358	15644
38359	15645
38360	15646
38361	15647
38362	15647
38363	15648
38364	15649
38365	15650
38366	15650
38367	15651
38368	15652
38369	15653
38370	15654
38371	15655
38372	15655
38373	15655
38374	15656
38375	15656
38376	15656
38377	15657
38378	15657
38379	15658
38380	15659
38381	15659
38382	15660
38383	15660
38384	15661
38385	15662
38386	15663
38387	15664
38388	15664
38389	15664
38390	15664
38391	15664
38392	15665
38393	15666
38394	15667
38395	15668
38396	15669
38397	15670
38398	15671
38399	15671
38400	15671
38401	15672
38402	15672
38403	15673
38404	15674
38405	15674
38406	15674
38407	15674
38408	15675
38409	15675
38410	15674
38411	15674
38412	15675
38413	15675
38414	15676
38415	15677
38416	15678
38417	15679
38418	15680
38419	15680
38420	15680
38421	15681
38422	15681
38423	15682
38424	15682
38425	15683
38426	15684
38427	15685
38428	15686
38429	15687
38430	15687
38431	15687
38432	15688
38433	15689
38434	15690
38435	15691
38436	15692
38437	15693
38438	15694
38439	15694
38440	15695
38441	15696
38442	15697
38443	15698
38444	15699
38445	15700
38446	15700
38447	15699
38448	15699
38449	15699
38450	15700
38451	15700
38452	15701
38453	15702
38454	15702
38455	15703
38456	15703
38457	15704
38458	15705
38459	15705
38460	15706
38461	15706
38462	15707
38463	15707
38464	15707
38465	15707
38466	15708
38467	15709
38468	15709
38469	15709
38470	15709
38471	15710
38472	15710
38473	15711
38474	15711
38475	15712
38476	15712
38477	15713
38478	15714
38479	15714
38480	15715
38481	15715
38482	15715
38483	15714
38484	15715
38485	15716
38486	15716
38487	15717
38488	15717
38489	15717
38490	15718
38491	15717
38492	15718
38493	15719
38494	15720
38495	15720
38496	15721
38497	15722
38498	15723
38499	15723
38500	15724
38501	15725
38502	15726
38503	15725
38504	15726
38505	15726
38506	15727
38507	15728
38508	15729
38509	15729
38510	15730
38511	15731
38512	15732
38513	15731
38514	15731
38515	15731
38516	15731
38517	15732
38518	15732
38519	15733
38520	15734
38521	15733
38522	15734
38523	15735
38524	15736
38525	15737
38526	15737
38527	15736
38528	15737
38529	15737
38530	15737
38531	15738
38532	15739
38533	15740
38534	15741
38535	15742
38536	15742
38537	15743
38538	15744
38539	15744
38540	15745
38541	15746
38542	15746
38543	15747
38544	15746
38545	15747
38546	15748
38547	15749
38548	15750
38549	15751
38550	15752
38551	15753
38552	15754
38553	15755
38554	15756
38555	15757
38556	15758
38557	15757
38558	15757
38559	15758
38560	15759
38561	15759
38562	15760
38563	15761
38564	15761
38565	15762
38566	15763
38567	15763
38568	15763
38569	15762
38570	15763
38571	15764
38572	15765
38573	15766
38574	15766
38575	15767
38576	15768
38577	15769
38578	15770
38579	15771
38580	15771
38581	15772
38582	15772
38583	15773
38584	15772
38585	15773
38586	15773
38587	15774
38588	15775
38589	15774
38590	15774
38591	15774
38592	15775
38593	15775
38594	15776
38595	15777
38596	15777
38597	15777
38598	15777
38599	15778
38600	15778
38601	15779
38602	15779
38603	15780
38604	15780
38605	15781
38606	15781
38607	15782
38608	15783
38609	15784
38610	15785
38611	15785
38612	15785
38613	15785
38614	15786
38615	15786
38616	15785
38617	15785
38618	15785
38619	15786
38620	15787
38621	15788
38622	15789
38623	15790
38624	15790
38625	15790
38626	15790
38627	15790
38628	15791
38629	15791
38630	15792
38631	15792
38632	15793
38633	15792
38634	15792
38635	15791
38636	15792
38637	15791
38638	15792
38639	15792
38640	15792
38641	15792
38642	15792
38643	15792
38644	15793
38645	15793
38646	15794
38647	15795
38648	15796
38649	15797
38650	15798
38651	15799
38652	15799
38653	15800
38654	15801
38655	15802
38656	15803
38657	15804
38658	15804
38659	15804
38660	15804
38661	15805
38662	15805
38663	15806
38664	15806
38665	15806
38666	15807
38667	15808
38668	15807
38669	15806
38670	15806
38671	15806
38672	15807
38673	15807
38674	15808
38675	15808
38676	15809
38677	15810
38678	15811
38679	15812
38680	15813
38681	15814
38682	15815
38683	15816
38684	15816
38685	15817
38686	15818
38687	15818
38688	15818
38689	15818
38690	15819
38691	15820
38692	15819
38693	15820
38694	15821
38695	15821
38696	15822
38697	15823
38698	15824
38699	15825
38700	15826
38701	15827
38702	15828
38703	15828
38704	15828
38705	15829
38706	15830
38707	15830
38708	15831
38709	15832
38710	15832
38711	15833
38712	15833
38713	15833
38714	15834
38715	15835
38716	15834
38717	15835
38718	15836
38719	15837
38720	15837
38721	15838
38722	15838
38723	15837
38724	15838
38725	15839
38726	15839
38727	15840
38728	15841
38729	15841
38730	15841
38731	15842
38732	15842
38733	15843
38734	15843
38735	15843
38736	15843
38737	15844
38738	15844
38739	15845
38740	15845
38741	15846
38742	15846
38743	15846
38744	15847
38745	15846
38746	15845
38747	15846
38748	15847
38749	15848
38750	15848
38751	15849
38752	15850
38753	15850
38754	15851
38755	15852
38756	15852
38757	15852
38758	15853
38759	15853
38760	15853
38761	15854
38762	15854
38763	15854
38764	15854
38765	15855
38766	15856
38767	15857
38768	15857
38769	15857
38770	15858
38771	15859
38772	15859
38773	15860
38774	15860
38775	15860
38776	15861
38777	15862
38778	15863
38779	15864
38780	15865
38781	15865
38782	15865
38783	15866
38784	15867
38785	15868
38786	15868
38787	15869
38788	15869
38789	15870
38790	15870
38791	15869
38792	15869
38793	15870
38794	15871
38795	15870
38796	15870
38797	15871
38798	15871
38799	15871
38800	15872
38801	15873
38802	15873
38803	15874
38804	15875
38805	15875
38806	15875
38807	15876
38808	15877
38809	15877
38810	15878
38811	15879
38812	15879
38813	15879
38814	15879
38815	15879
38816	15880
38817	15880
38818	15880
38819	15880
38820	15881
38821	15881
38822	15882
38823	15883
38824	15884
38825	15885
38826	15886
38827	15885
38828	15886
38829	15887
38830	15887
38831	15888
38832	15887
38833	15888
38834	15889
38835	15890
38836	15890
38837	15890
38838	15891
38839	15891
38840	15892
38841	15892
38842	15892
38843	15892
38844	15891
38845	15892
38846	15893
38847	15894
38848	15895
38849	15894
38850	15895
38851	15896
38852	15897
38853	15897
38854	15898
38855	15899
38856	15900
38857	15901
38858	15902
38859	15903
38860	15904
38861	15905
38862	15906
38863	15906
38864	15907
38865	15907
38866	15908
38867	15908
38868	15909
38869	15909
38870	15910
38871	15910
38872	15911
38873	15912
38874	15913
38875	15913
38876	15914
38877	15913
38878	15914
38879	15914
38880	15913
38881	15914
38882	15914
38883	15914
38884	15915
38885	15916
38886	15917
38887	15917
38888	15917
38889	15918
38890	15918
38891	15918
38892	15919
38893	15920
38894	15920
38895	15921
38896	15922
38897	15922
38898	15923
38899	15923
38900	15924
38901	15925
38902	15925
38903	15926
38904	15927
38905	15926
38906	15926
38907	15927
38908	15927
38909	15927
38910	15928
38911	15929
38912	15929
38913	15930
38914	15931
38915	15931
38916	15932
38917	15933
38918	15933
38919	15933
38920	15933
38921	15934
38922	15934
38923	15934
38924	15935
38925	15936
38926	15937
38927	15937
38928	15938
38929	15939
38930	15939
38931	15939
38932	15939
38933	15940
38934	15941
38935	15942
38936	15943
38937	15943
38938	15944
38939	15944
38940	15945
38941	15946
38942	15946
38943	15946
38944	15947
38945	15948
38946	15949
38947	15948
38948	15949
38949	15950
38950	15951
38951	15952
38952	15953
38953	15954
38954	15954
38955	15955
38956	15956
38957	15957
38958	15958
38959	15959
38960	15960
38961	15961
38962	15962
38963	15963
38964	15963
38965	15963
38966	15964
38967	15965
38968	15965
38969	15965
38970	15966
38971	15966
38972	15967
38973	15968
38974	15968
38975	15968
38976	15969
38977	15968
38978	15969
38979	15970
38980	15970
38981	15971
38982	15970
38983	15971
38984	15970
38985	15970
38986	15970
38987	15971
38988	15971
38989	15971
38990	15971
38991	15972
38992	15973
38993	15974
38994	15974
38995	15974
38996	15975
38997	15976
38998	15976
38999	15976
39000	15977
39001	15978
39002	15979
39003	15980
39004	15980
39005	15980
39006	15981
39007	15982
39008	15982
39009	15982
39010	15983
39011	15984
39012	15985
39013	15985
39014	15986
39015	15986
39016	15986
39017	15987
39018	15988
39019	15989
39020	15990
39021	15991
39022	15991
39023	15992
39024	15991
39025	15992
39026	15992
39027	15993
39028	15994
39029	15995
39030	15995
39031	15994
39032	15994
39033	15995
39034	15994
39035	15995
39036	15995
39037	15995
39038	15994
39039	15995
39040	15995
39041	15995
39042	15995
39043	15996
39044	15995
39045	15996
39046	15996
39047	15997
39048	15998
39049	15999
39050	15999
39051	16000
39052	16001
39053	16002
39054	16001
39055	16002
39056	16003
39057	16004
39058	16005
39059	16006
39060	16007
39061	16008
39062	16009
39063	16010
39064	16010
39065	16011
39066	16011
39067	16011
39068	16012
39069	16012
39070	16013
39071	16014
39072	16015
39073	16015
39074	16016
39075	16017
39076	16017
39077	16016
39078	16017
39079	16018
39080	16018
39081	16019
39082	16020
39083	16020
39084	16021
39085	16022
39086	16022
39087	16023
39088	16024
39089	16025
39090	16026
39091	16026
39092	16027
39093	16028
39094	16028
39095	16029
39096	16029
39097	16030
39098	16030
39099	16031
39100	16032
39101	16033
39102	16034
39103	16035
39104	16035
39105	16036
39106	16037
39107	16037
39108	16037
39109	16037
39110	16038
39111	16039
39112	16040
39113	16040
39114	16041
39115	16042
39116	16043
39117	16043
39118	16044
39119	16044
39120	16044
39121	16045
39122	16045
39123	16046
39124	16047
39125	16046
39126	16046
39127	16047
39128	16046
39129	16047
39130	16046
39131	16046
39132	16046
39133	16047
39134	16047
39135	16047
39136	16046
39137	16046
39138	16047
39139	16048
39140	16048
39141	16049
39142	16050
39143	16050
39144	16050
39145	16051
39146	16052
39147	16052
39148	16052
39149	16053
39150	16053
39151	16054
39152	16055
39153	16055
39154	16056
39155	16057
39156	16058
39157	16059
39158	16060
39159	16060
39160	16061
39161	16062
39162	16063
39163	16064
39164	16065
39165	16066
39166	16066
39167	16066
39168	16067
39169	16067
39170	16067
39171	16068
39172	16069
39173	16069
39174	16070
39175	16071
39176	16072
39177	16072
39178	16073
39179	16073
39180	16074
39181	16075
39182	16076
39183	16076
39184	16076
39185	16076
39186	16076
39187	16077
39188	16078
39189	16078
39190	16079
39191	16080
39192	16081
39193	16082
39194	16082
39195	16082
39196	16082
39197	16081
39198	16082
39199	16083
39200	16084
39201	16085
39202	16086
39203	16086
39204	16087
39205	16087
39206	16088
39207	16089
39208	16089
39209	16090
39210	16091
39211	16092
39212	16093
39213	16094
39214	16095
39215	16096
39216	16097
39217	16097
39218	16098
39219	16099
39220	16099
39221	16099
39222	16100
39223	16100
39224	16100
39225	16101
39226	16101
39227	16100
39228	16101
39229	16102
39230	16103
39231	16103
39232	16103
39233	16103
39234	16104
39235	16104
39236	16105
39237	16106
39238	16107
39239	16108
39240	16109
39241	16108
39242	16108
39243	16108
39244	16109
39245	16110
39246	16111
39247	16112
39248	16113
39249	16113
39250	16114
39251	16115
39252	16116
39253	16117
39254	16118
39255	16118
39256	16118
39257	16119
39258	16120
39259	16120
39260	16120
39261	16120
39262	16121
39263	16122
39264	16123
39265	16124
39266	16124
39267	16125
39268	16126
39269	16127
39270	16128
39271	16128
39272	16129
39273	16128
39274	16129
39275	16129
39276	16129
39277	16130
39278	16131
39279	16131
39280	16132
39281	16132
39282	16132
39283	16133
39284	16134
39285	16135
39286	16136
39287	16136
39288	16137
39289	16138
39290	16138
39291	16139
39292	16140
39293	16141
39294	16142
39295	16143
39296	16144
39297	16145
39298	16144
39299	16144
39300	16145
39301	16146
39302	16147
39303	16147
39304	16146
39305	16147
39306	16148
39307	16148
39308	16149
39309	16150
39310	16151
39311	16152
39312	16153
39313	16153
39314	16154
39315	16155
39316	16154
39317	16155
39318	16155
39319	16156
39320	16157
39321	16158
39322	16158
39323	16159
39324	16160
39325	16160
39326	16161
39327	16162
39328	16163
39329	16163
39330	16164
39331	16163
39332	16163
39333	16163
39334	16163
39335	16164
39336	16165
39337	16166
39338	16167
39339	16168
39340	16169
39341	16170
39342	16170
39343	16171
39344	16172
39345	16173
39346	16174
39347	16175
39348	16176
39349	16177
39350	16178
39351	16178
39352	16178
39353	16179
39354	16180
39355	16181
39356	16182
39357	16182
39358	16182
39359	16183
39360	16184
39361	16184
39362	16184
39363	16185
39364	16185
39365	16185
39366	16184
39367	16185
39368	16185
39369	16186
39370	16186
39371	16187
39372	16187
39373	16186
39374	16187
39375	16188
39376	16187
39377	16186
39378	16187
39379	16188
39380	16189
39381	16190
39382	16190
39383	16190
39384	16190
39385	16191
39386	16192
39387	16193
39388	16194
39389	16195
39390	16196
39391	16197
39392	16198
39393	16199
39394	16199
39395	16200
39396	16200
39397	16201
39398	16202
39399	16203
39400	16204
39401	16205
39402	16206
39403	16207
39404	16207
39405	16207
39406	16208
39407	16208
39408	16209
39409	16210
39410	16211
39411	16211
39412	16212
39413	16213
39414	16214
39415	16214
39416	16215
39417	16216
39418	16217
39419	16217
39420	16217
39421	16218
39422	16218
39423	16219
39424	16220
39425	16219
39426	16220
39427	16221
39428	16222
39429	16222
39430	16222
39431	16222
39432	16221
39433	16221
39434	16222
39435	16223
39436	16223
39437	16223
39438	16223
39439	16222
39440	16223
39441	16224
39442	16225
39443	16225
39444	16226
39445	16227
39446	16228
39447	16227
39448	16228
39449	16229
39450	16230
39451	16230
39452	16231
39453	16232
39454	16233
39455	16234
39456	16235
39457	16236
39458	16237
39459	16238
39460	16238
39461	16238
39462	16239
39463	16240
39464	16241
39465	16242
39466	16243
39467	16243
39468	16244
39469	16245
39470	16245
39471	16246
39472	16247
39473	16246
39474	16247
39475	16248
39476	16249
39477	16250
39478	16251
39479	16252
39480	16251
39481	16252
39482	16253
39483	16254
39484	16255
39485	16256
39486	16256
39487	16257
39488	16258
39489	16259
39490	16259
39491	16260
39492	16261
39493	16261
39494	16262
39495	16262
39496	16263
39497	16262
39498	16263
39499	16262
39500	16262
39501	16263
39502	16264
39503	16265
39504	16266
39505	16266
39506	16267
39507	16268
39508	16269
39509	16270
39510	16270
39511	16271
39512	16272
39513	16272
39514	16273
39515	16274
39516	16274
39517	16275
39518	16274
39519	16274
39520	16274
39521	16274
39522	16275
39523	16276
39524	16276
39525	16275
39526	16275
39527	16276
39528	16277
39529	16277
39530	16278
39531	16279
39532	16280
39533	16280
39534	16280
39535	16281
39536	16281
39537	16282
39538	16283
39539	16283
39540	16284
39541	16284
39542	16285
39543	16285
39544	16285
39545	16286
39546	16287
39547	16288
39548	16289
39549	16290
39550	16290
39551	16291
39552	16291
39553	16292
39554	16293
39555	16293
39556	16294
39557	16295
39558	16296
39559	16295
39560	16296
39561	16295
39562	16296
39563	16296
39564	16297
39565	16298
39566	16298
39567	16298
39568	16298
39569	16297
39570	16297
39571	16298
39572	16297
39573	16297
39574	16298
39575	16299
39576	16299
39577	16299
39578	16300
39579	16300
39580	16300
39581	16299
39582	16300
39583	16301
39584	16301
39585	16301
39586	16302
39587	16303
39588	16304
39589	16304
39590	16305
39591	16306
39592	16307
39593	16308
39594	16308
39595	16308
39596	16308
39597	16308
39598	16309
39599	16309
39600	16308
39601	16307
39602	16306
39603	16307
39604	16307
39605	16308
39606	16309
39607	16309
39608	16310
39609	16311
39610	16312
39611	16313
39612	16314
39613	16315
39614	16316
39615	16315
39616	16316
39617	16316
39618	16316
39619	16316
39620	16317
39621	16318
39622	16319
39623	16319
39624	16318
39625	16318
39626	16319
39627	16320
39628	16321
39629	16322
39630	16323
39631	16322
39632	16323
39633	16324
39634	16325
39635	16326
39636	16327
39637	16328
39638	16329
39639	16329
39640	16329
39641	16330
39642	16331
39643	16332
39644	16333
39645	16334
39646	16335
39647	16334
39648	16335
39649	16336
39650	16336
39651	16337
39652	16337
39653	16338
39654	16338
39655	16338
39656	16339
39657	16340
39658	16341
39659	16342
39660	16343
39661	16343
39662	16344
39663	16344
39664	16343
39665	16344
39666	16345
39667	16345
39668	16345
39669	16346
39670	16346
39671	16347
39672	16348
39673	16348
39674	16349
39675	16350
39676	16351
39677	16351
39678	16352
39679	16352
39680	16353
39681	16353
39682	16352
39683	16353
39684	16353
39685	16354
39686	16355
39687	16355
39688	16356
39689	16357
39690	16358
39691	16359
39692	16360
39693	16360
39694	16360
39695	16360
39696	16360
39697	16361
39698	16362
39699	16361
39700	16362
39701	16363
39702	16364
39703	16365
39704	16366
39705	16367
39706	16367
39707	16368
39708	16369
39709	16369
39710	16370
39711	16370
39712	16371
39713	16372
39714	16372
39715	16372
39716	16372
39717	16373
39718	16374
39719	16374
39720	16375
39721	16374
39722	16374
39723	16375
39724	16374
39725	16374
39726	16375
39727	16376
39728	16377
39729	16378
39730	16379
39731	16379
39732	16380
39733	16380
39734	16381
39735	16382
39736	16382
39737	16382
39738	16383
39739	16382
39740	16381
39741	16382
39742	16383
39743	16384
39744	16385
39745	16386
39746	16386
39747	16386
39748	16387
39749	16387
39750	16388
39751	16389
39752	16390
39753	16391
39754	16392
39755	16393
39756	16394
39757	16393
39758	16392
39759	16393
39760	16393
39761	16393
39762	16393
39763	16392
39764	16393
39765	16393
39766	16394
39767	16394
39768	16394
39769	16395
39770	16395
39771	16394
39772	16394
39773	16393
39774	16393
39775	16394
39776	16394
39777	16395
39778	16396
39779	16397
39780	16396
39781	16397
39782	16397
39783	16398
39784	16397
39785	16396
39786	16397
39787	16397
39788	16398
39789	16398
39790	16399
39791	16399
39792	16398
39793	16398
39794	16399
39795	16399
39796	16400
39797	16401
39798	16401
39799	16400
39800	16401
39801	16401
39802	16402
39803	16403
39804	16403
39805	16402
39806	16403
39807	16404
39808	16404
39809	16405
39810	16404
39811	16404
39812	16405
39813	16405
39814	16405
39815	16405
39816	16404
39817	16405
39818	16405
39819	16406
39820	16407
39821	16408
39822	16409
39823	16410
39824	16411
39825	16412
39826	16413
39827	16414
39828	16415
39829	16416
39830	16416
39831	16417
39832	16418
39833	16419
39834	16420
39835	16419
39836	16419
39837	16420
39838	16419
39839	16420
39840	16420
39841	16421
39842	16421
39843	16421
39844	16422
39845	16422
39846	16423
39847	16424
39848	16424
39849	16423
39850	16424
39851	16425
39852	16425
39853	16426
39854	16427
39855	16427
39856	16428
39857	16428
39858	16429
39859	16430
39860	16431
39861	16432
39862	16433
39863	16434
39864	16435
39865	16436
39866	16437
39867	16438
39868	16439
39869	16439
39870	16439
39871	16439
39872	16439
39873	16439
39874	16440
39875	16440
39876	16441
39877	16441
39878	16442
39879	16443
39880	16444
39881	16444
39882	16444
39883	16444
39884	16445
39885	16446
39886	16447
39887	16448
39888	16448
39889	16449
39890	16449
39891	16450
39892	16450
39893	16451
39894	16452
39895	16453
39896	16453
39897	16454
39898	16455
39899	16455
39900	16456
39901	16457
39902	16457
39903	16457
39904	16458
39905	16458
39906	16459
39907	16460
39908	16461
39909	16461
39910	16460
39911	16461
39912	16462
39913	16462
39914	16463
39915	16464
39916	16463
39917	16464
39918	16465
39919	16466
39920	16465
39921	16466
39922	16466
39923	16465
39924	16466
39925	16467
39926	16468
39927	16469
39928	16470
39929	16471
39930	16471
39931	16472
39932	16473
39933	16474
39934	16475
39935	16476
39936	16476
39937	16477
39938	16478
39939	16478
39940	16478
39941	16479
39942	16480
39943	16481
39944	16482
39945	16483
39946	16483
39947	16482
39948	16481
39949	16481
39950	16480
39951	16481
39952	16481
39953	16482
39954	16482
39955	16482
39956	16482
39957	16481
39958	16482
39959	16481
39960	16482
39961	16483
39962	16482
39963	16482
39964	16481
39965	16481
39966	16482
39967	16482
39968	16483
39969	16484
39970	16485
39971	16485
39972	16486
39973	16486
39974	16487
39975	16488
39976	16489
39977	16490
39978	16491
39979	16491
39980	16491
39981	16491
39982	16492
39983	16493
39984	16493
39985	16494
39986	16494
39987	16494
39988	16495
39989	16496
39990	16496
39991	16497
39992	16497
39993	16497
39994	16497
39995	16497
39996	16498
39997	16497
39998	16498
39999	16498
40000	16498
40001	16498
40002	16498
40003	16498
40004	16499
40005	16500
40006	16500
40007	16500
40008	16501
40009	16500
40010	16500
40011	16501
40012	16502
40013	16502
40014	16503
40015	16504
40016	16505
40017	16505
40018	16505
40019	16505
40020	16505
40021	16506
40022	16506
40023	16505
40024	16504
40025	16505
40026	16506
40027	16506
40028	16506
40029	16507
40030	16508
40031	16509
40032	16510
40033	16511
40034	16512
40035	16511
40036	16511
40037	16511
40038	16511
40039	16512
40040	16513
40041	16514
40042	16514
40043	16514
40044	16515
40045	16515
40046	16515
40047	16516
40048	16517
40049	16518
40050	16519
40051	16519
40052	16520
40053	16521
40054	16522
40055	16523
40056	16522
40057	16523
40058	16524
40059	16523
40060	16524
40061	16524
40062	16523
40063	16523
40064	16524
40065	16525
40066	16526
40067	16525
40068	16525
40069	16525
40070	16526
40071	16527
40072	16528
40073	16529
40074	16529
40075	16530
40076	16531
40077	16531
40078	16532
40079	16532
40080	16532
40081	16531
40082	16531
40083	16531
40084	16532
40085	16533
40086	16533
40087	16534
40088	16535
40089	16535
40090	16534
40091	16535
40092	16535
40093	16535
40094	16536
40095	16537
40096	16538
40097	16539
40098	16540
40099	16540
40100	16541
40101	16541
40102	16542
40103	16543
40104	16544
40105	16545
40106	16545
40107	16546
40108	16546
40109	16547
40110	16547
40111	16548
40112	16549
40113	16549
40114	16548
40115	16549
40116	16550
40117	16551
40118	16552
40119	16553
40120	16553
40121	16553
40122	16554
40123	16554
40124	16555
40125	16554
40126	16554
40127	16555
40128	16556
40129	16556
40130	16557
40131	16558
40132	16558
40133	16559
40134	16559
40135	16560
40136	16560
40137	16561
40138	16561
40139	16562
40140	16563
40141	16564
40142	16565
40143	16565
40144	16566
40145	16567
40146	16568
40147	16568
40148	16568
40149	16568
40150	16569
40151	16570
40152	16571
40153	16571
40154	16572
40155	16573
40156	16574
40157	16575
40158	16575
40159	16576
40160	16576
40161	16577
40162	16578
40163	16579
40164	16578
40165	16578
40166	16579
40167	16580
40168	16580
40169	16581
40170	16581
40171	16582
40172	16582
40173	16583
40174	16584
40175	16584
40176	16585
40177	16586
40178	16585
40179	16586
40180	16586
40181	16587
40182	16587
40183	16588
40184	16587
40185	16588
40186	16589
40187	16590
40188	16591
40189	16590
40190	16589
40191	16590
40192	16591
40193	16591
40194	16592
40195	16593
40196	16594
40197	16594
40198	16593
40199	16594
40200	16595
40201	16594
40202	16594
40203	16594
40204	16595
40205	16595
40206	16594
40207	16593
40208	16594
40209	16595
40210	16596
40211	16595
40212	16595
40213	16595
40214	16595
40215	16596
40216	16596
40217	16597
40218	16598
40219	16599
40220	16600
40221	16600
40222	16600
40223	16601
40224	16601
40225	16602
40226	16603
40227	16603
40228	16602
40229	16602
40230	16602
40231	16602
40232	16602
40233	16602
40234	16602
40235	16603
40236	16603
40237	16603
40238	16602
40239	16602
40240	16603
40241	16602
40242	16602
40243	16603
40244	16603
40245	16604
40246	16605
40247	16605
40248	16606
40249	16607
40250	16607
40251	16607
40252	16608
40253	16607
40254	16608
40255	16608
40256	16609
40257	16609
40258	16610
40259	16610
40260	16611
40261	16612
40262	16613
40263	16613
40264	16614
40265	16615
40266	16616
40267	16617
40268	16618
40269	16619
40270	16620
40271	16620
40272	16621
40273	16621
40274	16622
40275	16623
40276	16624
40277	16625
40278	16624
40279	16623
40280	16623
40281	16623
40282	16624
40283	16625
40284	16626
40285	16627
40286	16627
40287	16628
40288	16629
40289	16630
40290	16631
40291	16631
40292	16632
40293	16632
40294	16633
40295	16633
40296	16634
40297	16635
40298	16635
40299	16636
40300	16636
40301	16636
40302	16636
40303	16637
40304	16638
40305	16638
40306	16639
40307	16640
40308	16641
40309	16641
40310	16642
40311	16642
40312	16642
40313	16643
40314	16642
40315	16643
40316	16643
40317	16643
40318	16643
40319	16644
40320	16644
40321	16645
40322	16645
40323	16646
40324	16647
40325	16648
40326	16649
40327	16650
40328	16650
40329	16651
40330	16651
40331	16651
40332	16652
40333	16652
40334	16653
40335	16653
40336	16654
40337	16655
40338	16656
40339	16657
40340	16658
40341	16658
40342	16659
40343	16659
40344	16659
40345	16660
40346	16661
40347	16662
40348	16663
40349	16664
40350	16665
40351	16665
40352	16665
40353	16666
40354	16666
40355	16666
40356	16666
40357	16667
40358	16668
40359	16668
40360	16669
40361	16670
40362	16671
40363	16672
40364	16673
40365	16673
40366	16674
40367	16674
40368	16674
40369	16674
40370	16674
40371	16675
40372	16674
40373	16674
40374	16675
40375	16676
40376	16675
40377	16675
40378	16676
40379	16677
40380	16677
40381	16678
40382	16677
40383	16677
40384	16678
40385	16679
40386	16679
40387	16680
40388	16681
40389	16682
40390	16682
40391	16683
40392	16684
40393	16684
40394	16684
40395	16685
40396	16686
40397	16686
40398	16687
40399	16688
40400	16689
40401	16690
40402	16690
40403	16691
40404	16692
40405	16691
40406	16691
40407	16690
40408	16690
40409	16690
40410	16691
40411	16691
40412	16692
40413	16692
40414	16693
40415	16694
40416	16695
40417	16696
40418	16696
40419	16697
40420	16698
40421	16699
40422	16700
40423	16701
40424	16702
40425	16703
40426	16704
40427	16704
40428	16705
40429	16706
40430	16707
40431	16708
40432	16709
40433	16710
40434	16711
40435	16712
40436	16713
40437	16714
40438	16714
40439	16715
40440	16715
40441	16715
40442	16714
40443	16714
40444	16715
40445	16715
40446	16716
40447	16717
40448	16718
40449	16719
40450	16720
40451	16721
40452	16722
40453	16723
40454	16724
40455	16725
40456	16724
40457	16724
40458	16723
40459	16724
40460	16724
40461	16724
40462	16725
40463	16725
40464	16726
40465	16725
40466	16726
40467	16726
40468	16726
40469	16727
40470	16727
40471	16727
40472	16728
40473	16729
40474	16730
40475	16731
40476	16732
40477	16732
40478	16732
40479	16733
40480	16733
40481	16734
40482	16735
40483	16735
40484	16735
40485	16736
40486	16737
40487	16738
40488	16738
40489	16739
40490	16738
40491	16738
40492	16738
40493	16738
40494	16739
40495	16740
40496	16739
40497	16740
40498	16741
40499	16741
40500	16740
40501	16739
40502	16740
40503	16741
40504	16741
40505	16742
40506	16741
40507	16742
40508	16743
40509	16744
40510	16745
40511	16746
40512	16747
40513	16747
40514	16748
40515	16749
40516	16750
40517	16749
40518	16750
40519	16751
40520	16751
40521	16752
40522	16752
40523	16753
40524	16753
40525	16753
40526	16753
40527	16754
40528	16755
40529	16756
40530	16757
40531	16758
40532	16759
40533	16758
40534	16759
40535	16759
40536	16759
40537	16760
40538	16760
40539	16760
40540	16760
40541	16761
40542	16761
40543	16762
40544	16763
40545	16764
40546	16765
40547	16766
40548	16767
40549	16766
40550	16767
40551	16768
40552	16769
40553	16770
40554	16770
40555	16770
40556	16771
40557	16771
40558	16771
40559	16772
40560	16773
40561	16773
40562	16774
40563	16774
40564	16775
40565	16775
40566	16776
40567	16776
40568	16777
40569	16778
40570	16778
40571	16778
40572	16779
40573	16779
40574	16780
40575	16781
40576	16780
40577	16780
40578	16779
40579	16779
40580	16780
40581	16780
40582	16781
40583	16782
40584	16783
40585	16784
40586	16784
40587	16785
40588	16785
40589	16786
40590	16785
40591	16785
40592	16786
40593	16787
40594	16786
40595	16786
40596	16787
40597	16787
40598	16787
40599	16788
40600	16788
40601	16789
40602	16790
40603	16791
40604	16792
40605	16792
40606	16792
40607	16793
40608	16794
40609	16794
40610	16795
40611	16795
40612	16796
40613	16796
40614	16796
40615	16796
40616	16797
40617	16797
40618	16797
40619	16798
40620	16798
40621	16798
40622	16798
40623	16799
40624	16800
40625	16801
40626	16802
40627	16802
40628	16802
40629	16801
40630	16801
40631	16802
40632	16802
40633	16802
40634	16803
40635	16803
40636	16804
40637	16805
40638	16805
40639	16805
40640	16806
40641	16806
40642	16807
40643	16808
40644	16809
40645	16809
40646	16808
40647	16808
40648	16808
40649	16808
40650	16809
40651	16810
40652	16811
40653	16812
40654	16812
40655	16813
40656	16814
40657	16814
40658	16814
40659	16814
40660	16813
40661	16812
40662	16813
40663	16814
40664	16815
40665	16816
40666	16817
40667	16818
40668	16817
40669	16817
40670	16817
40671	16817
40672	16818
40673	16819
40674	16820
40675	16821
40676	16821
40677	16821
40678	16822
40679	16822
40680	16823
40681	16823
40682	16822
40683	16822
40684	16821
40685	16820
40686	16821
40687	16820
40688	16821
40689	16822
40690	16823
40691	16822
40692	16823
40693	16824
40694	16825
40695	16825
40696	16826
40697	16826
40698	16826
40699	16825
40700	16825
40701	16825
40702	16825
40703	16826
40704	16826
40705	16827
40706	16828
40707	16828
40708	16829
40709	16830
40710	16831
40711	16831
40712	16832
40713	16832
40714	16833
40715	16833
40716	16834
40717	16835
40718	16836
40719	16837
40720	16837
40721	16837
40722	16837
40723	16838
40724	16838
40725	16839
40726	16840
40727	16840
40728	16840
40729	16841
40730	16840
40731	16841
40732	16842
40733	16842
40734	16842
40735	16842
40736	16842
40737	16843
40738	16844
40739	16845
40740	16845
40741	16846
40742	16845
40743	16846
40744	16845
40745	16846
40746	16846
40747	16847
40748	16848
40749	16849
40750	16850
40751	16850
40752	16850
40753	16850
40754	16849
40755	16850
40756	16851
40757	16852
40758	16852
40759	16853
40760	16853
40761	16853
40762	16853
40763	16854
40764	16855
40765	16855
40766	16854
40767	16855
40768	16856
40769	16856
40770	16856
40771	16856
40772	16855
40773	16854
40774	16854
40775	16854
40776	16855
40777	16855
40778	16856
40779	16857
40780	16858
40781	16858
40782	16858
40783	16858
40784	16859
40785	16859
40786	16858
40787	16859
40788	16859
40789	16860
40790	16860
40791	16861
40792	16861
40793	16861
40794	16860
40795	16860
40796	16860
40797	16860
40798	16861
40799	16861
40800	16862
40801	16861
40802	16862
40803	16863
40804	16864
40805	16865
40806	16866
40807	16865
40808	16866
40809	16867
40810	16866
40811	16866
40812	16867
40813	16866
40814	16867
40815	16867
40816	16868
40817	16868
40818	16869
40819	16869
40820	16870
40821	16871
40822	16871
40823	16871
40824	16871
40825	16871
40826	16872
40827	16872
40828	16873
40829	16874
40830	16875
40831	16875
40832	16876
40833	16876
40834	16875
40835	16876
40836	16877
40837	16878
40838	16878
40839	16879
40840	16880
40841	16880
40842	16880
40843	16880
40844	16880
40845	16881
40846	16882
40847	16883
40848	16882
40849	16882
40850	16882
40851	16883
40852	16884
40853	16885
40854	16886
40855	16887
40856	16887
40857	16887
40858	16888
40859	16889
40860	16890
40861	16891
40862	16890
40863	16889
40864	16890
40865	16891
40866	16892
40867	16893
40868	16894
40869	16893
40870	16892
40871	16891
40872	16892
40873	16893
40874	16894
40875	16895
40876	16896
40877	16897
40878	16897
40879	16898
40880	16899
40881	16900
40882	16901
40883	16902
40884	16903
40885	16903
40886	16904
40887	16905
40888	16906
40889	16906
40890	16907
40891	16908
40892	16908
40893	16909
40894	16910
40895	16911
40896	16911
40897	16911
40898	16912
40899	16912
40900	16913
40901	16913
40902	16913
40903	16913
40904	16914
40905	16914
40906	16915
40907	16914
40908	16915
40909	16916
40910	16916
40911	16917
40912	16916
40913	16917
40914	16918
40915	16919
40916	16919
40917	16920
40918	16921
40919	16922
40920	16923
40921	16923
40922	16924
40923	16924
40924	16925
40925	16926
40926	16927
40927	16928
40928	16928
40929	16928
40930	16928
40931	16929
40932	16929
40933	16930
40934	16931
40935	16932
40936	16933
40937	16933
40938	16934
40939	16935
40940	16936
40941	16936
40942	16936
40943	16936
40944	16936
40945	16936
40946	16936
40947	16936
40948	16936
40949	16937
40950	16938
40951	16939
40952	16940
40953	16941
40954	16941
40955	16941
40956	16942
40957	16942
40958	16943
40959	16943
40960	16942
40961	16943
40962	16942
40963	16943
40964	16942
40965	16942
40966	16943
40967	16942
40968	16942
40969	16943
40970	16943
40971	16943
40972	16943
40973	16944
40974	16945
40975	16944
40976	16945
40977	16945
40978	16946
40979	16946
40980	16946
40981	16946
40982	16947
40983	16948
40984	16949
40985	16948
40986	16949
40987	16950
40988	16950
40989	16950
40990	16951
40991	16951
40992	16952
40993	16953
40994	16954
40995	16955
40996	16956
40997	16956
40998	16957
40999	16957
41000	16958
41001	16958
41002	16958
41003	16958
41004	16959
41005	16959
41006	16960
41007	16959
41008	16959
41009	16960
41010	16961
41011	16962
41012	16962
41013	16963
41014	16963
41015	16963
41016	16964
41017	16964
41018	16964
41019	16965
41020	16966
41021	16966
41022	16967
41023	16966
41024	16966
41025	16967
41026	16968
41027	16969
41028	16969
41029	16969
41030	16969
41031	16968
41032	16969
41033	16969
41034	16969
41035	16970
41036	16971
41037	16972
41038	16973
41039	16973
41040	16974
41041	16974
41042	16975
41043	16976
41044	16977
41045	16977
41046	16978
41047	16979
41048	16980
41049	16981
41050	16980
41051	16980
41052	16981
41053	16982
41054	16982
41055	16982
41056	16983
41057	16983
41058	16983
41059	16983
41060	16983
41061	16984
41062	16985
41063	16986
41064	16987
41065	16988
41066	16989
41067	16990
41068	16991
41069	16991
41070	16991
41071	16992
41072	16992
41073	16993
41074	16994
41075	16994
41076	16995
41077	16996
41078	16997
41079	16998
41080	16999
41081	16999
41082	16999
41083	16999
41084	17000
41085	16999
41086	17000
41087	17001
41088	17002
41089	17002
41090	17003
41091	17003
41092	17004
41093	17005
41094	17006
41095	17007
41096	17008
41097	17009
41098	17010
41099	17011
41100	17012
41101	17013
41102	17013
41103	17014
41104	17013
41105	17012
41106	17012
41107	17013
41108	17014
41109	17015
41110	17016
41111	17017
41112	17017
41113	17017
41114	17017
41115	17018
41116	17019
41117	17019
41118	17020
41119	17020
41120	17021
41121	17022
41122	17023
41123	17024
41124	17025
41125	17026
41126	17026
41127	17026
41128	17026
41129	17026
41130	17027
41131	17028
41132	17027
41133	17028
41134	17029
41135	17030
41136	17031
41137	17032
41138	17032
41139	17033
41140	17034
41141	17034
41142	17035
41143	17036
41144	17036
41145	17036
41146	17036
41147	17037
41148	17037
41149	17038
41150	17039
41151	17040
41152	17041
41153	17042
41154	17043
41155	17042
41156	17043
41157	17044
41158	17044
41159	17044
41160	17045
41161	17045
41162	17045
41163	17046
41164	17047
41165	17048
41166	17049
41167	17050
41168	17050
41169	17050
41170	17051
41171	17052
41172	17051
41173	17052
41174	17052
41175	17052
41176	17053
41177	17054
41178	17054
41179	17055
41180	17056
41181	17057
41182	17057
41183	17058
41184	17058
41185	17059
41186	17060
41187	17061
41188	17062
41189	17062
41190	17061
41191	17062
41192	17062
41193	17061
41194	17061
41195	17062
41196	17063
41197	17064
41198	17065
41199	17066
41200	17066
41201	17067
41202	17067
41203	17068
41204	17069
41205	17069
41206	17070
41207	17070
41208	17071
41209	17072
41210	17073
41211	17074
41212	17073
41213	17074
41214	17074
41215	17075
41216	17076
41217	17077
41218	17077
41219	17077
41220	17078
41221	17078
41222	17079
41223	17079
41224	17079
41225	17080
41226	17080
41227	17080
41228	17079
41229	17080
41230	17081
41231	17082
41232	17083
41233	17084
41234	17083
41235	17082
41236	17083
41237	17083
41238	17083
41239	17083
41240	17082
41241	17082
41242	17083
41243	17083
41244	17084
41245	17085
41246	17086
41247	17085
41248	17086
41249	17087
41250	17087
41251	17086
41252	17087
41253	17088
41254	17088
41255	17088
41256	17089
41257	17090
41258	17090
41259	17091
41260	17092
41261	17093
41262	17093
41263	17094
41264	17095
41265	17095
41266	17094
41267	17095
41268	17096
41269	17096
41270	17096
41271	17097
41272	17097
41273	17098
41274	17098
41275	17098
41276	17099
41277	17100
41278	17101
41279	17102
41280	17103
41281	17104
41282	17105
41283	17106
41284	17107
41285	17107
41286	17108
41287	17109
41288	17110
41289	17111
41290	17110
41291	17110
41292	17110
41293	17111
41294	17110
41295	17111
41296	17111
41297	17112
41298	17113
41299	17112
41300	17113
41301	17112
41302	17113
41303	17114
41304	17115
41305	17116
41306	17117
41307	17118
41308	17118
41309	17119
41310	17119
41311	17120
41312	17121
41313	17121
41314	17122
41315	17123
41316	17124
41317	17125
41318	17126
41319	17127
41320	17127
41321	17127
41322	17127
41323	17127
41324	17127
41325	17128
41326	17129
41327	17130
41328	17131
41329	17131
41330	17131
41331	17131
41332	17132
41333	17133
41334	17132
41335	17133
41336	17134
41337	17135
41338	17135
41339	17136
41340	17136
41341	17137
41342	17138
41343	17138
41344	17139
41345	17140
41346	17141
41347	17142
41348	17143
41349	17144
41350	17145
41351	17146
41352	17146
41353	17147
41354	17147
41355	17148
41356	17148
41357	17149
41358	17150
41359	17151
41360	17152
41361	17153
41362	17152
41363	17152
41364	17152
41365	17151
41366	17151
41367	17150
41368	17150
41369	17149
41370	17150
41371	17150
41372	17150
41373	17151
41374	17152
41375	17151
41376	17152
41377	17152
41378	17151
41379	17152
41380	17153
41381	17154
41382	17155
41383	17155
41384	17156
41385	17156
41386	17157
41387	17158
41388	17158
41389	17159
41390	17160
41391	17161
41392	17161
41393	17162
41394	17162
41395	17163
41396	17163
41397	17164
41398	17165
41399	17165
41400	17165
41401	17166
41402	17167
41403	17168
41404	17167
41405	17168
41406	17168
41407	17169
41408	17169
41409	17170
41410	17171
41411	17170
41412	17171
41413	17171
41414	17172
41415	17172
41416	17173
41417	17174
41418	17174
41419	17174
41420	17175
41421	17175
41422	17175
41423	17176
41424	17177
41425	17178
41426	17179
41427	17179
41428	17179
41429	17180
41430	17179
41431	17180
41432	17181
41433	17181
41434	17181
41435	17181
41436	17181
41437	17181
41438	17181
41439	17181
41440	17182
41441	17181
41442	17181
41443	17182
41444	17183
41445	17182
41446	17182
41447	17181
41448	17182
41449	17183
41450	17184
41451	17185
41452	17185
41453	17185
41454	17186
41455	17186
41456	17185
41457	17185
41458	17185
41459	17185
41460	17185
41461	17186
41462	17187
41463	17187
41464	17188
41465	17187
41466	17187
41467	17188
41468	17188
41469	17188
41470	17189
41471	17190
41472	17191
41473	17192
41474	17192
41475	17193
41476	17194
41477	17195
41478	17194
41479	17195
41480	17196
41481	17197
41482	17198
41483	17199
41484	17198
41485	17198
41486	17198
41487	17198
41488	17199
41489	17200
41490	17201
41491	17201
41492	17201
41493	17202
41494	17203
41495	17204
41496	17205
41497	17206
41498	17205
41499	17205
41500	17205
41501	17206
41502	17207
41503	17208
41504	17208
41505	17209
41506	17210
41507	17210
41508	17211
41509	17212
41510	17212
41511	17213
41512	17214
41513	17215
41514	17216
41515	17216
41516	17217
41517	17217
41518	17218
41519	17218
41520	17218
41521	17219
41522	17219
41523	17219
41524	17220
41525	17221
41526	17222
41527	17223
41528	17223
41529	17223
41530	17224
41531	17223
41532	17224
41533	17224
41534	17224
41535	17224
41536	17225
41537	17226
41538	17226
41539	17227
41540	17228
41541	17228
41542	17229
41543	17230
41544	17231
41545	17232
41546	17232
41547	17232
41548	17233
41549	17233
41550	17233
41551	17233
41552	17234
41553	17234
41554	17235
41555	17236
41556	17237
41557	17237
41558	17238
41559	17238
41560	17239
41561	17239
41562	17240
41563	17240
41564	17241
41565	17242
41566	17243
41567	17243
41568	17244
41569	17245
41570	17245
41571	17246
41572	17246
41573	17246
41574	17246
41575	17247
41576	17248
41577	17248
41578	17249
41579	17250
41580	17251
41581	17252
41582	17253
41583	17254
41584	17254
41585	17254
41586	17254
41587	17255
41588	17256
41589	17256
41590	17257
41591	17257
41592	17256
41593	17257
41594	17257
41595	17258
41596	17259
41597	17260
41598	17260
41599	17261
41600	17261
41601	17262
41602	17262
41603	17263
41604	17264
41605	17263
41606	17264
41607	17264
41608	17264
41609	17265
41610	17265
41611	17266
41612	17266
41613	17267
41614	17268
41615	17269
41616	17270
41617	17271
41618	17271
41619	17272
41620	17272
41621	17272
41622	17273
41623	17274
41624	17274
41625	17275
41626	17276
41627	17277
41628	17278
41629	17278
41630	17278
41631	17277
41632	17277
41633	17277
41634	17278
41635	17277
41636	17277
41637	17276
41638	17277
41639	17278
41640	17278
41641	17278
41642	17279
41643	17279
41644	17279
41645	17280
41646	17280
41647	17281
41648	17282
41649	17283
41650	17284
41651	17285
41652	17286
41653	17287
41654	17288
41655	17289
41656	17290
41657	17291
41658	17292
41659	17293
41660	17294
41661	17294
41662	17295
41663	17296
41664	17297
41665	17298
41666	17299
41667	17300
41668	17301
41669	17302
41670	17303
41671	17304
41672	17305
41673	17304
41674	17305
41675	17305
41676	17304
41677	17304
41678	17305
41679	17305
41680	17305
41681	17306
41682	17307
41683	17308
41684	17307
41685	17308
41686	17309
41687	17310
41688	17311
41689	17311
41690	17312
41691	17312
41692	17312
41693	17312
41694	17313
41695	17314
41696	17315
41697	17315
41698	17315
41699	17314
41700	17314
41701	17315
41702	17316
41703	17315
41704	17316
41705	17317
41706	17318
41707	17319
41708	17320
41709	17321
41710	17322
41711	17322
41712	17322
41713	17322
41714	17323
41715	17323
41716	17324
41717	17324
41718	17325
41719	17326
41720	17326
41721	17327
41722	17328
41723	17329
41724	17330
41725	17331
41726	17332
41727	17333
41728	17333
41729	17334
41730	17334
41731	17335
41732	17336
41733	17336
41734	17336
41735	17337
41736	17338
41737	17339
41738	17339
41739	17339
41740	17340
41741	17339
41742	17340
41743	17341
41744	17342
41745	17343
41746	17343
41747	17344
41748	17344
41749	17345
41750	17346
41751	17346
41752	17347
41753	17348
41754	17348
41755	17349
41756	17349
41757	17348
41758	17348
41759	17348
41760	17349
41761	17350
41762	17350
41763	17351
41764	17351
41765	17352
41766	17353
41767	17354
41768	17355
41769	17355
41770	17356
41771	17357
41772	17358
41773	17357
41774	17358
41775	17358
41776	17359
41777	17360
41778	17360
41779	17360
41780	17360
41781	17361
41782	17361
41783	17361
41784	17361
41785	17362
41786	17363
41787	17364
41788	17365
41789	17365
41790	17364
41791	17365
41792	17366
41793	17366
41794	17366
41795	17367
41796	17368
41797	17368
41798	17369
41799	17370
41800	17369
41801	17370
41802	17370
41803	17371
41804	17372
41805	17371
41806	17372
41807	17373
41808	17374
41809	17374
41810	17375
41811	17375
41812	17375
41813	17375
41814	17375
41815	17376
41816	17376
41817	17375
41818	17375
41819	17376
41820	17376
41821	17376
41822	17376
41823	17377
41824	17377
41825	17377
41826	17378
41827	17377
41828	17378
41829	17378
41830	17378
41831	17379
41832	17380
41833	17381
41834	17382
41835	17382
41836	17382
41837	17383
41838	17384
41839	17383
41840	17384
41841	17384
41842	17384
41843	17384
41844	17384
41845	17384
41846	17385
41847	17385
41848	17385
41849	17384
41850	17385
41851	17386
41852	17385
41853	17386
41854	17386
41855	17387
41856	17388
41857	17389
41858	17390
41859	17391
41860	17391
41861	17392
41862	17391
41863	17392
41864	17392
41865	17393
41866	17394
41867	17394
41868	17395
41869	17395
41870	17396
41871	17397
41872	17397
41873	17398
41874	17398
41875	17398
41876	17399
41877	17399
41878	17399
41879	17400
41880	17401
41881	17402
41882	17402
41883	17403
41884	17404
41885	17405
41886	17406
41887	17406
41888	17407
41889	17407
41890	17407
41891	17408
41892	17409
41893	17409
41894	17409
41895	17410
41896	17411
41897	17411
41898	17410
41899	17411
41900	17412
41901	17412
41902	17412
41903	17413
41904	17414
41905	17414
41906	17415
41907	17416
41908	17417
41909	17417
41910	17418
41911	17417
41912	17418
41913	17419
41914	17420
41915	17421
41916	17422
41917	17423
41918	17423
41919	17424
41920	17425
41921	17426
41922	17427
41923	17428
41924	17428
41925	17428
41926	17428
41927	17429
41928	17429
41929	17429
41930	17430
41931	17430
41932	17431
41933	17431
41934	17432
41935	17432
41936	17433
41937	17434
41938	17433
41939	17434
41940	17435
41941	17436
41942	17436
41943	17437
41944	17436
41945	17437
41946	17438
41947	17437
41948	17438
41949	17439
41950	17440
41951	17441
41952	17442
41953	17442
41954	17442
41955	17443
41956	17443
41957	17443
41958	17444
41959	17445
41960	17444
41961	17445
41962	17445
41963	17445
41964	17446
41965	17446
41966	17447
41967	17447
41968	17447
41969	17448
41970	17449
41971	17449
41972	17450
41973	17450
41974	17450
41975	17450
41976	17451
41977	17452
41978	17453
41979	17454
41980	17454
41981	17454
41982	17455
41983	17455
41984	17455
41985	17456
41986	17456
41987	17457
41988	17458
41989	17459
41990	17460
41991	17461
41992	17462
41993	17462
41994	17461
41995	17462
41996	17462
41997	17462
41998	17461
41999	17462
42000	17463
42001	17464
42002	17465
42003	17466
42004	17466
42005	17466
42006	17466
42007	17466
42008	17466
42009	17467
42010	17467
42011	17468
42012	17469
42013	17469
42014	17469
42015	17470
42016	17471
42017	17470
42018	17470
42019	17470
42020	17470
42021	17471
42022	17472
42023	17473
42024	17472
42025	17473
42026	17474
42027	17475
42028	17476
42029	17477
42030	17478
42031	17478
42032	17478
42033	17477
42034	17478
42035	17479
42036	17480
42037	17481
42038	17481
42039	17481
42040	17482
42041	17482
42042	17482
42043	17482
42044	17481
42045	17482
42046	17483
42047	17484
42048	17485
42049	17486
42050	17486
42051	17486
42052	17486
42053	17486
42054	17487
42055	17487
42056	17486
42057	17486
42058	17487
42059	17488
42060	17488
42061	17487
42062	17487
42063	17487
42064	17487
42065	17487
42066	17488
42067	17489
42068	17490
42069	17490
42070	17490
42071	17490
42072	17491
42073	17492
42074	17491
42075	17491
42076	17491
42077	17491
42078	17491
42079	17491
42080	17492
42081	17493
42082	17492
42083	17493
42084	17494
42085	17495
42086	17495
42087	17496
42088	17497
42089	17498
42090	17499
42091	17499
42092	17499
42093	17500
42094	17501
42095	17500
42096	17501
42097	17502
42098	17503
42099	17503
42100	17503
42101	17502
42102	17503
42103	17503
42104	17504
42105	17505
42106	17505
42107	17505
42108	17506
42109	17507
42110	17507
42111	17507
42112	17508
42113	17507
42114	17508
42115	17509
42116	17510
42117	17511
42118	17512
42119	17512
42120	17513
42121	17512
42122	17511
42123	17512
42124	17513
42125	17513
42126	17513
42127	17514
42128	17514
42129	17515
42130	17516
42131	17517
42132	17518
42133	17519
42134	17520
42135	17521
42136	17521
42137	17521
42138	17522
42139	17523
42140	17524
42141	17525
42142	17524
42143	17523
42144	17524
42145	17525
42146	17526
42147	17526
42148	17526
42149	17527
42150	17528
42151	17529
42152	17528
42153	17528
42154	17528
42155	17529
42156	17529
42157	17529
42158	17529
42159	17528
42160	17528
42161	17529
42162	17529
42163	17530
42164	17531
42165	17530
42166	17530
42167	17531
42168	17532
42169	17532
42170	17533
42171	17532
42172	17532
42173	17532
42174	17533
42175	17534
42176	17534
42177	17535
42178	17536
42179	17536
42180	17536
42181	17536
42182	17537
42183	17537
42184	17538
42185	17539
42186	17539
42187	17539
42188	17539
42189	17539
42190	17540
42191	17541
42192	17542
42193	17542
42194	17543
42195	17542
42196	17543
42197	17544
42198	17545
42199	17545
42200	17546
42201	17547
42202	17548
42203	17548
42204	17548
42205	17548
42206	17548
42207	17549
42208	17550
42209	17551
42210	17551
42211	17552
42212	17551
42213	17552
42214	17553
42215	17553
42216	17553
42217	17554
42218	17554
42219	17554
42220	17555
42221	17556
42222	17557
42223	17558
42224	17559
42225	17560
42226	17560
42227	17561
42228	17561
42229	17561
42230	17561
42231	17561
42232	17561
42233	17561
42234	17561
42235	17562
42236	17563
42237	17564
42238	17565
42239	17566
42240	17567
42241	17567
42242	17566
42243	17566
42244	17567
42245	17566
42246	17567
42247	17566
42248	17567
42249	17568
42250	17569
42251	17570
42252	17571
42253	17571
42254	17571
42255	17572
42256	17573
42257	17574
42258	17575
42259	17575
42260	17575
42261	17576
42262	17576
42263	17577
42264	17577
42265	17578
42266	17577
42267	17578
42268	17578
42269	17579
42270	17579
42271	17580
42272	17581
42273	17582
42274	17583
42275	17584
42276	17585
42277	17584
42278	17583
42279	17582
42280	17583
42281	17584
42282	17585
42283	17586
42284	17587
42285	17587
42286	17588
42287	17589
42288	17590
42289	17591
42290	17592
42291	17593
42292	17594
42293	17594
42294	17595
42295	17596
42296	17597
42297	17597
42298	17598
42299	17599
42300	17599
42301	17600
42302	17601
42303	17601
42304	17602
42305	17602
42306	17603
42307	17602
42308	17602
42309	17603
42310	17603
42311	17604
42312	17603
42313	17603
42314	17604
42315	17604
42316	17605
42317	17605
42318	17606
42319	17607
42320	17608
42321	17608
42322	17609
42323	17610
42324	17611
42325	17612
42326	17613
42327	17613
42328	17614
42329	17614
42330	17615
42331	17615
42332	17616
42333	17617
42334	17616
42335	17616
42336	17617
42337	17616
42338	17617
42339	17618
42340	17619
42341	17619
42342	17620
42343	17620
42344	17620
42345	17621
42346	17622
42347	17622
42348	17623
42349	17624
42350	17625
42351	17625
42352	17626
42353	17625
42354	17624
42355	17625
42356	17624
42357	17624
42358	17625
42359	17626
42360	17627
42361	17628
42362	17628
42363	17629
42364	17630
42365	17630
42366	17631
42367	17631
42368	17631
42369	17632
42370	17633
42371	17633
42372	17634
42373	17633
42374	17634
42375	17634
42376	17635
42377	17636
42378	17637
42379	17638
42380	17639
42381	17640
42382	17640
42383	17639
42384	17638
42385	17639
42386	17638
42387	17638
42388	17638
42389	17639
42390	17640
42391	17640
42392	17641
42393	17641
42394	17640
42395	17640
42396	17640
42397	17641
42398	17640
42399	17640
42400	17641
42401	17641
42402	17642
42403	17641
42404	17641
42405	17641
42406	17641
42407	17641
42408	17640
42409	17640
42410	17641
42411	17642
42412	17642
42413	17643
42414	17642
42415	17642
42416	17643
42417	17644
42418	17645
42419	17646
42420	17646
42421	17645
42422	17646
42423	17645
42424	17645
42425	17646
42426	17647
42427	17647
42428	17648
42429	17648
42430	17648
42431	17649
42432	17650
42433	17650
42434	17651
42435	17651
42436	17652
42437	17652
42438	17652
42439	17651
42440	17651
42441	17652
42442	17652
42443	17653
42444	17653
42445	17654
42446	17655
42447	17656
42448	17657
42449	17657
42450	17658
42451	17658
42452	17659
42453	17660
42454	17661
42455	17661
42456	17662
42457	17663
42458	17664
42459	17663
42460	17664
42461	17664
42462	17665
42463	17665
42464	17666
42465	17665
42466	17665
42467	17664
42468	17664
42469	17665
42470	17666
42471	17666
42472	17666
42473	17667
42474	17666
42475	17666
42476	17667
42477	17667
42478	17667
42479	17666
42480	17667
42481	17668
42482	17669
42483	17670
42484	17671
42485	17672
42486	17672
42487	17673
42488	17674
42489	17674
42490	17674
42491	17674
42492	17675
42493	17675
42494	17675
42495	17674
42496	17673
42497	17673
42498	17673
42499	17673
42500	17674
42501	17675
42502	17676
42503	17677
42504	17678
42505	17678
42506	17678
42507	17678
42508	17679
42509	17680
42510	17681
42511	17681
42512	17682
42513	17681
42514	17682
42515	17683
42516	17682
42517	17682
42518	17683
42519	17683
42520	17684
42521	17685
42522	17686
42523	17687
42524	17686
42525	17687
42526	17688
42527	17689
42528	17690
42529	17691
42530	17692
42531	17693
42532	17693
42533	17693
42534	17694
42535	17695
42536	17696
42537	17696
42538	17697
42539	17698
42540	17699
42541	17698
42542	17699
42543	17699
42544	17700
42545	17701
42546	17701
42547	17702
42548	17702
42549	17702
42550	17703
42551	17704
42552	17705
42553	17706
42554	17706
42555	17705
42556	17706
42557	17705
42558	17705
42559	17705
42560	17706
42561	17705
42562	17706
42563	17707
42564	17707
42565	17708
42566	17709
42567	17710
42568	17710
42569	17711
42570	17712
42571	17712
42572	17713
42573	17713
42574	17713
42575	17714
42576	17715
42577	17715
42578	17716
42579	17717
42580	17718
42581	17719
42582	17719
42583	17719
42584	17720
42585	17721
42586	17721
42587	17720
42588	17721
42589	17722
42590	17723
42591	17724
42592	17725
42593	17725
42594	17724
42595	17725
42596	17725
42597	17726
42598	17727
42599	17727
42600	17727
42601	17728
42602	17728
42603	17729
42604	17729
42605	17730
42606	17730
42607	17730
42608	17729
42609	17729
42610	17730
42611	17730
42612	17731
42613	17731
42614	17732
42615	17732
42616	17733
42617	17732
42618	17733
42619	17734
42620	17734
42621	17735
42622	17735
42623	17736
42624	17737
42625	17737
42626	17738
42627	17739
42628	17739
42629	17740
42630	17740
42631	17741
42632	17742
42633	17742
42634	17743
42635	17744
42636	17743
42637	17744
42638	17744
42639	17744
42640	17745
42641	17746
42642	17745
42643	17745
42644	17745
42645	17745
42646	17746
42647	17747
42648	17748
42649	17748
42650	17749
42651	17749
42652	17749
42653	17749
42654	17750
42655	17751
42656	17751
42657	17751
42658	17752
42659	17752
42660	17753
42661	17754
42662	17754
42663	17754
42664	17755
42665	17755
42666	17756
42667	17757
42668	17756
42669	17756
42670	17757
42671	17758
42672	17758
42673	17758
42674	17757
42675	17758
42676	17758
42677	17759
42678	17759
42679	17760
42680	17759
42681	17760
42682	17761
42683	17762
42684	17763
42685	17762
42686	17761
42687	17762
42688	17762
42689	17763
42690	17764
42691	17765
42692	17766
42693	17766
42694	17766
42695	17767
42696	17768
42697	17769
42698	17770
42699	17770
42700	17769
42701	17769
42702	17770
42703	17771
42704	17770
42705	17770
42706	17771
42707	17771
42708	17772
42709	17773
42710	17774
42711	17775
42712	17775
42713	17776
42714	17777
42715	17777
42716	17776
42717	17777
42718	17777
42719	17777
42720	17778
42721	17778
42722	17778
42723	17779
42724	17780
42725	17781
42726	17781
42727	17781
42728	17782
42729	17783
42730	17784
42731	17784
42732	17784
42733	17785
42734	17785
42735	17786
42736	17787
42737	17788
42738	17788
42739	17789
42740	17788
42741	17788
42742	17788
42743	17789
42744	17790
42745	17791
42746	17792
42747	17793
42748	17793
42749	17793
42750	17793
42751	17793
42752	17794
42753	17795
42754	17796
42755	17796
42756	17796
42757	17796
42758	17796
42759	17797
42760	17797
42761	17798
42762	17799
42763	17799
42764	17800
42765	17799
42766	17798
42767	17799
42768	17800
42769	17800
42770	17801
42771	17801
42772	17802
42773	17802
42774	17803
42775	17804
42776	17805
42777	17804
42778	17803
42779	17803
42780	17803
42781	17804
42782	17804
42783	17804
42784	17804
42785	17805
42786	17806
42787	17807
42788	17807
42789	17807
42790	17808
42791	17808
42792	17808
42793	17808
42794	17809
42795	17810
42796	17811
42797	17811
42798	17812
42799	17813
42800	17812
42801	17811
42802	17812
42803	17813
42804	17814
42805	17814
42806	17814
42807	17814
42808	17814
42809	17815
42810	17815
42811	17815
42812	17816
42813	17817
42814	17818
42815	17818
42816	17819
42817	17819
42818	17820
42819	17819
42820	17820
42821	17820
42822	17820
42823	17821
42824	17822
42825	17823
42826	17823
42827	17823
42828	17824
42829	17825
42830	17826
42831	17826
42832	17827
42833	17827
42834	17828
42835	17829
42836	17830
42837	17830
42838	17831
42839	17832
42840	17833
42841	17833
42842	17834
42843	17835
42844	17834
42845	17835
42846	17836
42847	17837
42848	17837
42849	17838
42850	17838
42851	17838
42852	17838
42853	17838
42854	17838
42855	17839
42856	17840
42857	17839
42858	17840
42859	17841
42860	17842
42861	17843
42862	17844
42863	17844
42864	17845
42865	17844
42866	17845
42867	17846
42868	17847
42869	17848
42870	17849
42871	17850
42872	17850
42873	17849
42874	17849
42875	17850
42876	17851
42877	17851
42878	17850
42879	17851
42880	17851
42881	17850
42882	17851
42883	17851
42884	17852
42885	17853
42886	17854
42887	17855
42888	17856
42889	17857
42890	17858
42891	17857
42892	17857
42893	17857
42894	17858
42895	17858
42896	17857
42897	17858
42898	17859
42899	17860
42900	17861
42901	17861
42902	17862
42903	17863
42904	17864
42905	17865
42906	17865
42907	17866
42908	17867
42909	17868
42910	17869
42911	17868
42912	17868
42913	17868
42914	17868
42915	17869
42916	17870
42917	17871
42918	17872
42919	17873
42920	17874
42921	17875
42922	17876
42923	17877
42924	17878
42925	17879
42926	17879
42927	17880
42928	17880
42929	17881
42930	17882
42931	17883
42932	17882
42933	17882
42934	17881
42935	17880
42936	17881
42937	17881
42938	17881
42939	17881
42940	17880
42941	17881
42942	17880
42943	17881
42944	17881
42945	17881
42946	17881
42947	17882
42948	17882
42949	17883
42950	17884
42951	17885
42952	17885
42953	17885
42954	17885
42955	17886
42956	17887
42957	17888
42958	17889
42959	17889
42960	17890
42961	17890
42962	17890
42963	17889
42964	17890
42965	17891
42966	17892
42967	17893
42968	17893
42969	17893
42970	17894
42971	17894
42972	17894
42973	17894
42974	17895
42975	17895
42976	17896
42977	17896
42978	17897
42979	17898
42980	17899
42981	17899
42982	17900
42983	17900
42984	17901
42985	17902
42986	17903
42987	17903
42988	17904
42989	17905
42990	17906
42991	17907
42992	17907
42993	17906
42994	17905
42995	17905
42996	17906
42997	17906
42998	17907
42999	17907
43000	17908
43001	17908
43002	17908
43003	17908
43004	17909
43005	17909
43006	17909
43007	17910
43008	17910
43009	17911
43010	17912
43011	17912
43012	17912
43013	17913
43014	17914
43015	17914
43016	17913
43017	17914
43018	17914
43019	17914
43020	17915
43021	17915
43022	17914
43023	17914
43024	17914
43025	17915
43026	17916
43027	17917
43028	17918
43029	17919
43030	17919
43031	17919
43032	17919
43033	17919
43034	17919
43035	17919
43036	17919
43037	17920
43038	17921
43039	17921
43040	17921
43041	17922
43042	17923
43043	17923
43044	17922
43045	17921
43046	17921
43047	17922
43048	17922
43049	17923
43050	17924
43051	17925
43052	17926
43053	17927
43054	17926
43055	17926
43056	17926
43057	17926
43058	17927
43059	17927
43060	17928
43061	17928
43062	17929
43063	17929
43064	17929
43065	17930
43066	17930
43067	17930
43068	17931
43069	17931
43070	17932
43071	17933
43072	17934
43073	17935
43074	17936
43075	17937
43076	17936
43077	17937
43078	17936
43079	17936
43080	17936
43081	17937
43082	17937
43083	17938
43084	17939
43085	17940
43086	17940
43087	17941
43088	17941
43089	17940
43090	17941
43091	17941
43092	17941
43093	17940
43094	17941
43095	17942
43096	17942
43097	17941
43098	17941
43099	17941
43100	17942
43101	17943
43102	17944
43103	17945
43104	17946
43105	17946
43106	17947
43107	17948
43108	17948
43109	17948
43110	17948
43111	17947
43112	17946
43113	17945
43114	17945
43115	17946
43116	17946
43117	17947
43118	17947
43119	17947
43120	17946
43121	17946
43122	17946
43123	17946
43124	17947
43125	17947
43126	17948
43127	17949
43128	17950
43129	17951
43130	17952
43131	17952
43132	17952
43133	17952
43134	17953
43135	17953
43136	17954
43137	17953
43138	17954
43139	17954
43140	17955
43141	17956
43142	17957
43143	17958
43144	17959
43145	17960
43146	17960
43147	17961
43148	17961
43149	17962
43150	17963
43151	17963
43152	17963
43153	17964
43154	17964
43155	17964
43156	17965
43157	17966
43158	17967
43159	17967
43160	17968
43161	17968
43162	17967
43163	17967
43164	17968
43165	17969
43166	17969
43167	17970
43168	17971
43169	17972
43170	17973
43171	17974
43172	17975
43173	17974
43174	17974
43175	17975
43176	17975
43177	17975
43178	17975
43179	17975
43180	17976
43181	17975
43182	17976
43183	17976
43184	17976
43185	17977
43186	17978
43187	17978
43188	17979
43189	17979
43190	17980
43191	17981
43192	17981
43193	17982
43194	17981
43195	17982
43196	17983
43197	17983
43198	17984
43199	17984
43200	17985
43201	17986
43202	17986
43203	17986
43204	17987
43205	17988
43206	17988
43207	17988
43208	17989
43209	17989
43210	17989
43211	17989
43212	17990
43213	17991
43214	17990
43215	17991
43216	17992
43217	17992
43218	17992
43219	17992
43220	17992
43221	17992
43222	17992
43223	17992
43224	17992
43225	17992
43226	17992
43227	17993
43228	17994
43229	17995
43230	17996
43231	17996
43232	17996
43233	17996
43234	17996
43235	17996
43236	17996
43237	17995
43238	17995
43239	17996
43240	17997
43241	17998
43242	17998
43243	17997
43244	17997
43245	17997
43246	17998
43247	17998
43248	17998
43249	17999
43250	18000
43251	18000
43252	18001
43253	18001
43254	18002
43255	18003
43256	18003
43257	18004
43258	18003
43259	18002
43260	18001
43261	18002
43262	18003
43263	18004
43264	18005
43265	18006
43266	18005
43267	18005
43268	18005
43269	18004
43270	18005
43271	18006
43272	18006
43273	18006
43274	18006
43275	18007
43276	18007
43277	18007
43278	18007
43279	18006
43280	18007
43281	18006
43282	18005
43283	18004
43284	18004
43285	18005
43286	18006
43287	18007
43288	18006
43289	18007
43290	18008
43291	18009
43292	18009
43293	18010
43294	18009
43295	18009
43296	18009
43297	18009
43298	18009
43299	18010
43300	18010
43301	18011
43302	18012
43303	18013
43304	18014
43305	18014
43306	18015
43307	18015
43308	18016
43309	18017
43310	18017
43311	18016
43312	18017
43313	18017
43314	18017
43315	18017
43316	18018
43317	18018
43318	18019
43319	18020
43320	18020
43321	18021
43322	18022
43323	18023
43324	18024
43325	18025
43326	18026
43327	18026
43328	18026
43329	18026
43330	18026
43331	18027
43332	18028
43333	18029
43334	18030
43335	18030
43336	18031
43337	18030
43338	18029
43339	18029
43340	18028
43341	18027
43342	18028
43343	18029
43344	18030
43345	18031
43346	18031
43347	18031
43348	18030
43349	18031
43350	18032
43351	18032
43352	18033
43353	18033
43354	18033
43355	18034
43356	18034
43357	18035
43358	18036
43359	18037
43360	18036
43361	18037
43362	18038
43363	18038
43364	18039
43365	18040
43366	18040
43367	18041
43368	18041
43369	18041
43370	18041
43371	18042
43372	18042
43373	18042
43374	18043
43375	18043
43376	18043
43377	18042
43378	18043
43379	18043
43380	18043
43381	18044
43382	18044
43383	18045
43384	18046
43385	18047
43386	18048
43387	18049
43388	18048
43389	18048
43390	18049
43391	18049
43392	18050
43393	18049
43394	18049
43395	18050
43396	18051
43397	18051
43398	18052
43399	18052
43400	18053
43401	18053
43402	18052
43403	18053
43404	18054
43405	18055
43406	18055
43407	18056
43408	18056
43409	18057
43410	18057
43411	18056
43412	18055
43413	18055
43414	18055
43415	18054
43416	18054
43417	18055
43418	18055
43419	18056
43420	18056
43421	18057
43422	18058
43423	18058
43424	18058
43425	18058
43426	18057
43427	18057
43428	18057
43429	18058
43430	18058
43431	18058
43432	18059
43433	18059
43434	18059
43435	18058
43436	18058
43437	18059
43438	18059
43439	18060
43440	18061
43441	18062
43442	18063
43443	18062
43444	18061
43445	18062
43446	18063
43447	18064
43448	18065
43449	18065
43450	18066
43451	18067
43452	18068
43453	18069
43454	18069
43455	18068
43456	18067
43457	18066
43458	18067
43459	18068
43460	18069
43461	18070
43462	18071
43463	18072
43464	18072
43465	18073
43466	18073
43467	18073
43468	18074
43469	18075
43470	18076
43471	18077
43472	18078
43473	18078
43474	18079
43475	18080
43476	18079
43477	18079
43478	18080
43479	18081
43480	18081
43481	18082
43482	18083
43483	18083
43484	18082
43485	18081
43486	18082
43487	18083
43488	18084
43489	18085
43490	18085
43491	18086
43492	18087
43493	18088
43494	18088
43495	18089
43496	18089
43497	18090
43498	18091
43499	18091
43500	18092
43501	18092
43502	18093
43503	18093
43504	18093
43505	18093
43506	18094
43507	18095
43508	18095
43509	18096
43510	18097
43511	18098
43512	18099
43513	18099
43514	18099
43515	18099
43516	18099
43517	18099
43518	18099
43519	18099
43520	18099
43521	18100
43522	18101
43523	18102
43524	18103
43525	18103
43526	18103
43527	18103
43528	18104
43529	18103
43530	18102
43531	18103
43532	18103
43533	18102
43534	18103
43535	18104
43536	18103
43537	18102
43538	18103
43539	18103
43540	18102
43541	18103
43542	18103
43543	18103
43544	18102
43545	18102
43546	18102
43547	18102
43548	18103
43549	18104
43550	18103
43551	18104
43552	18105
43553	18105
43554	18106
43555	18107
43556	18108
43557	18108
43558	18108
43559	18109
43560	18109
43561	18110
43562	18110
43563	18111
43564	18112
43565	18113
43566	18114
43567	18114
43568	18115
43569	18116
43570	18116
43571	18117
43572	18117
43573	18117
43574	18117
43575	18118
43576	18119
43577	18118
43578	18119
43579	18119
43580	18120
43581	18121
43582	18122
43583	18122
43584	18123
43585	18124
43586	18124
43587	18125
43588	18126
43589	18126
43590	18126
43591	18127
43592	18128
43593	18129
43594	18129
43595	18128
43596	18129
43597	18128
43598	18127
43599	18127
43600	18128
43601	18129
43602	18130
43603	18131
43604	18131
43605	18132
43606	18133
43607	18133
43608	18134
43609	18135
43610	18136
43611	18136
43612	18137
43613	18137
43614	18137
43615	18136
43616	18137
43617	18138
43618	18138
43619	18138
43620	18138
43621	18139
43622	18140
43623	18140
43624	18141
43625	18141
43626	18141
43627	18140
43628	18141
43629	18142
43630	18143
43631	18144
43632	18145
43633	18145
43634	18144
43635	18145
43636	18144
43637	18145
43638	18145
43639	18146
43640	18146
43641	18147
43642	18147
43643	18147
43644	18147
43645	18146
43646	18147
43647	18147
43648	18148
43649	18149
43650	18149
43651	18150
43652	18151
43653	18152
43654	18153
43655	18153
43656	18154
43657	18155
43658	18156
43659	18156
43660	18156
43661	18156
43662	18157
43663	18157
43664	18157
43665	18158
43666	18159
43667	18159
43668	18160
43669	18160
43670	18160
43671	18161
43672	18161
43673	18160
43674	18160
43675	18161
43676	18160
43677	18161
43678	18161
43679	18162
43680	18162
43681	18161
43682	18162
43683	18162
43684	18161
43685	18162
43686	18162
43687	18163
43688	18164
43689	18165
43690	18166
43691	18166
43692	18167
43693	18167
43694	18168
43695	18169
43696	18169
43697	18170
43698	18171
43699	18172
43700	18173
43701	18174
43702	18174
43703	18174
43704	18175
43705	18175
43706	18176
43707	18176
43708	18176
43709	18177
43710	18178
43711	18179
43712	18180
43713	18181
43714	18182
43715	18183
43716	18183
43717	18183
43718	18183
43719	18184
43720	18184
43721	18184
43722	18185
43723	18186
43724	18187
43725	18188
43726	18189
43727	18189
43728	18189
43729	18189
43730	18190
43731	18191
43732	18191
43733	18192
43734	18193
43735	18193
43736	18194
43737	18195
43738	18194
43739	18195
43740	18195
43741	18196
43742	18197
43743	18198
43744	18199
43745	18200
43746	18201
43747	18202
43748	18203
43749	18204
43750	18205
43751	18205
43752	18204
43753	18205
43754	18205
43755	18206
43756	18205
43757	18206
43758	18207
43759	18207
43760	18208
43761	18209
43762	18209
43763	18209
43764	18210
43765	18210
43766	18211
43767	18212
43768	18213
43769	18214
43770	18215
43771	18215
43772	18215
43773	18216
43774	18217
43775	18217
43776	18216
43777	18217
43778	18218
43779	18219
43780	18218
43781	18219
43782	18219
43783	18220
43784	18221
43785	18221
43786	18221
43787	18222
43788	18222
43789	18223
43790	18224
43791	18224
43792	18225
43793	18226
43794	18227
43795	18228
43796	18227
43797	18228
43798	18228
43799	18229
43800	18229
43801	18230
43802	18230
43803	18230
43804	18231
43805	18232
43806	18233
43807	18234
43808	18234
43809	18235
43810	18234
43811	18234
43812	18233
43813	18232
43814	18233
43815	18234
43816	18234
43817	18235
43818	18236
43819	18237
43820	18237
43821	18238
43822	18238
43823	18239
43824	18240
43825	18241
43826	18241
43827	18242
43828	18242
43829	18242
43830	18242
43831	18242
43832	18243
43833	18244
43834	18245
43835	18245
43836	18245
43837	18245
43838	18245
43839	18246
43840	18247
43841	18247
43842	18248
43843	18247
43844	18248
43845	18247
43846	18248
43847	18248
43848	18249
43849	18249
43850	18250
43851	18251
43852	18252
43853	18252
43854	18252
43855	18253
43856	18254
43857	18254
43858	18255
43859	18254
43860	18255
43861	18255
43862	18256
43863	18256
43864	18257
43865	18258
43866	18259
43867	18259
43868	18260
43869	18260
43870	18260
43871	18260
43872	18260
43873	18260
43874	18261
43875	18261
43876	18261
43877	18261
43878	18261
43879	18262
43880	18263
43881	18264
43882	18265
43883	18266
43884	18267
43885	18268
43886	18268
43887	18267
43888	18268
43889	18269
43890	18270
43891	18270
43892	18271
43893	18272
43894	18272
43895	18273
43896	18274
43897	18275
43898	18275
43899	18276
43900	18275
43901	18276
43902	18277
43903	18278
43904	18279
43905	18280
43906	18281
43907	18281
43908	18281
43909	18281
43910	18282
43911	18282
43912	18283
43913	18284
43914	18284
43915	18284
43916	18283
43917	18283
43918	18284
43919	18285
43920	18284
43921	18285
43922	18286
43923	18286
43924	18287
43925	18288
43926	18288
43927	18289
43928	18289
43929	18289
43930	18290
43931	18290
43932	18291
43933	18292
43934	18293
43935	18293
43936	18294
43937	18295
43938	18296
43939	18295
43940	18296
43941	18296
43942	18296
43943	18297
43944	18297
43945	18297
43946	18298
43947	18299
43948	18298
43949	18298
43950	18299
43951	18300
43952	18300
43953	18301
43954	18301
43955	18301
43956	18301
43957	18302
43958	18303
43959	18303
43960	18303
43961	18303
43962	18303
43963	18304
43964	18305
43965	18305
43966	18306
43967	18305
43968	18306
43969	18306
43970	18307
43971	18308
43972	18309
43973	18309
43974	18309
43975	18309
43976	18310
43977	18310
43978	18309
43979	18310
43980	18311
43981	18311
43982	18311
43983	18312
43984	18312
43985	18313
43986	18314
43987	18315
43988	18314
43989	18315
43990	18315
43991	18316
43992	18317
43993	18318
43994	18319
43995	18320
43996	18320
43997	18321
43998	18320
43999	18319
44000	18319
44001	18320
44002	18320
44003	18321
44004	18321
44005	18322
44006	18323
44007	18324
44008	18323
44009	18323
44010	18324
44011	18325
44012	18325
44013	18326
44014	18326
44015	18327
44016	18328
44017	18328
44018	18329
44019	18330
44020	18330
44021	18330
44022	18331
44023	18332
44024	18333
44025	18333
44026	18334
44027	18335
44028	18336
44029	18336
44030	18335
44031	18335
44032	18334
44033	18334
44034	18335
44035	18336
44036	18336
44037	18336
44038	18336
44039	18337
44040	18338
44041	18339
44042	18340
44043	18341
44044	18341
44045	18341
44046	18341
44047	18341
44048	18341
44049	18342
44050	18342
44051	18342
44052	18343
44053	18344
44054	18345
44055	18345
44056	18344
44057	18343
44058	18344
44059	18345
44060	18346
44061	18346
44062	18347
44063	18347
44064	18347
44065	18347
44066	18348
44067	18349
44068	18350
44069	18350
44070	18350
44071	18350
44072	18351
44073	18351
44074	18352
44075	18352
44076	18353
44077	18354
44078	18355
44079	18356
44080	18357
44081	18358
44082	18358
44083	18357
44084	18358
44085	18359
44086	18359
44087	18358
44088	18358
44089	18358
44090	18359
44091	18359
44092	18359
44093	18360
44094	18361
44095	18362
44096	18363
44097	18364
44098	18365
44099	18366
44100	18366
44101	18367
44102	18367
44103	18368
44104	18369
44105	18370
44106	18369
44107	18369
44108	18369
44109	18369
44110	18370
44111	18371
44112	18372
44113	18373
44114	18374
44115	18375
44116	18375
44117	18376
44118	18377
44119	18377
44120	18378
44121	18379
44122	18380
44123	18381
44124	18382
44125	18383
44126	18384
44127	18384
44128	18383
44129	18382
44130	18381
44131	18381
44132	18380
44133	18380
44134	18381
44135	18381
44136	18382
44137	18381
44138	18382
44139	18381
44140	18381
44141	18382
44142	18382
44143	18382
44144	18381
44145	18382
44146	18383
44147	18384
44148	18385
44149	18385
44150	18386
44151	18387
44152	18388
44153	18389
44154	18390
44155	18390
44156	18391
44157	18392
44158	18393
44159	18393
44160	18393
44161	18393
44162	18394
44163	18395
44164	18395
44165	18395
44166	18394
44167	18395
44168	18394
44169	18395
44170	18396
44171	18397
44172	18397
44173	18397
44174	18398
44175	18398
44176	18398
44177	18398
44178	18399
44179	18400
44180	18401
44181	18402
44182	18402
44183	18402
44184	18402
44185	18403
44186	18404
44187	18404
44188	18405
44189	18405
44190	18406
44191	18406
44192	18406
44193	18407
44194	18408
44195	18409
44196	18408
44197	18409
44198	18409
44199	18410
44200	18410
44201	18410
44202	18410
44203	18411
44204	18411
44205	18412
44206	18412
44207	18413
44208	18412
44209	18413
44210	18413
44211	18414
44212	18414
44213	18414
44214	18414
44215	18413
44216	18413
44217	18414
44218	18414
44219	18415
44220	18416
44221	18415
44222	18415
44223	18414
44224	18415
44225	18415
44226	18416
44227	18417
44228	18417
44229	18417
44230	18418
44231	18419
44232	18419
44233	18419
44234	18420
44235	18419
44236	18419
44237	18418
44238	18418
44239	18418
44240	18419
44241	18419
44242	18419
44243	18420
44244	18420
44245	18420
44246	18421
44247	18421
44248	18422
44249	18423
44250	18424
44251	18425
44252	18426
44253	18427
44254	18428
44255	18429
44256	18430
44257	18429
44258	18429
44259	18429
44260	18429
44261	18429
44262	18430
44263	18431
44264	18431
44265	18430
44266	18431
44267	18432
44268	18432
44269	18433
44270	18434
44271	18434
44272	18434
44273	18435
44274	18435
44275	18436
44276	18437
44277	18437
44278	18437
44279	18438
44280	18439
44281	18438
44282	18438
44283	18439
44284	18440
44285	18440
44286	18441
44287	18442
44288	18442
44289	18442
44290	18441
44291	18441
44292	18441
44293	18442
44294	18443
44295	18444
44296	18444
44297	18443
44298	18443
44299	18442
44300	18443
44301	18443
44302	18444
44303	18444
44304	18444
44305	18444
44306	18445
44307	18445
44308	18446
44309	18446
44310	18446
44311	18447
44312	18447
44313	18448
44314	18449
44315	18450
44316	18451
44317	18451
44318	18451
44319	18451
44320	18452
44321	18452
44322	18452
44323	18453
44324	18454
44325	18455
44326	18455
44327	18455
44328	18456
44329	18456
44330	18457
44331	18458
44332	18459
44333	18459
44334	18460
44335	18460
44336	18461
44337	18462
44338	18463
44339	18464
44340	18465
44341	18466
44342	18466
44343	18467
44344	18467
44345	18468
44346	18469
44347	18468
44348	18469
44349	18470
44350	18471
44351	18472
44352	18472
44353	18472
44354	18473
44355	18473
44356	18474
44357	18474
44358	18473
44359	18474
44360	18475
44361	18475
44362	18476
44363	18476
44364	18476
44365	18477
44366	18476
44367	18477
44368	18478
44369	18479
44370	18480
44371	18479
44372	18479
44373	18480
44374	18481
44375	18481
44376	18482
44377	18483
44378	18484
44379	18484
44380	18483
44381	18483
44382	18483
44383	18483
44384	18484
44385	18483
44386	18484
44387	18484
44388	18485
44389	18485
44390	18484
44391	18484
44392	18484
44393	18485
44394	18486
44395	18487
44396	18488
44397	18488
44398	18488
44399	18488
44400	18488
44401	18488
44402	18487
44403	18487
44404	18488
44405	18489
44406	18490
44407	18489
44408	18489
44409	18489
44410	18489
44411	18489
44412	18490
44413	18490
44414	18491
44415	18492
44416	18492
44417	18493
44418	18494
44419	18495
44420	18496
44421	18497
44422	18496
44423	18496
44424	18495
44425	18496
44426	18497
44427	18497
44428	18497
44429	18498
44430	18497
44431	18496
44432	18497
44433	18498
44434	18499
44435	18500
44436	18500
44437	18500
44438	18501
44439	18501
44440	18502
44441	18502
44442	18503
44443	18504
44444	18504
44445	18505
44446	18506
44447	18507
44448	18506
44449	18507
44450	18508
44451	18507
44452	18507
44453	18507
44454	18508
44455	18509
44456	18509
44457	18510
44458	18510
44459	18511
44460	18510
44461	18511
44462	18512
44463	18513
44464	18513
44465	18514
44466	18515
44467	18516
44468	18517
44469	18518
44470	18517
44471	18517
44472	18518
44473	18518
44474	18519
44475	18518
44476	18518
44477	18519
44478	18520
44479	18520
44480	18521
44481	18521
44482	18521
44483	18520
44484	18521
44485	18521
44486	18521
44487	18521
44488	18522
44489	18522
44490	18522
44491	18521
44492	18521
44493	18522
44494	18523
44495	18524
44496	18525
44497	18525
44498	18525
44499	18526
44500	18526
44501	18526
44502	18525
44503	18525
44504	18525
44505	18525
44506	18526
44507	18527
44508	18527
44509	18528
44510	18529
44511	18529
44512	18529
44513	18528
44514	18528
44515	18528
44516	18528
44517	18528
44518	18529
44519	18530
44520	18531
44521	18532
44522	18533
44523	18532
44524	18532
44525	18532
44526	18533
44527	18533
44528	18534
44529	18535
44530	18535
44531	18535
44532	18536
44533	18536
44534	18536
44535	18536
44536	18535
44537	18535
44538	18536
44539	18536
44540	18537
44541	18538
44542	18537
44543	18537
44544	18537
44545	18538
44546	18538
44547	18539
44548	18539
44549	18539
44550	18540
44551	18541
44552	18542
44553	18542
44554	18542
44555	18541
44556	18542
44557	18542
44558	18543
44559	18544
44560	18544
44561	18545
44562	18546
44563	18547
44564	18547
44565	18547
44566	18547
44567	18547
44568	18548
44569	18549
44570	18550
44571	18551
44572	18551
44573	18552
44574	18551
44575	18552
44576	18552
44577	18552
44578	18552
44579	18552
44580	18553
44581	18554
44582	18554
44583	18555
44584	18556
44585	18556
44586	18556
44587	18556
44588	18556
44589	18557
44590	18558
44591	18558
44592	18559
44593	18560
44594	18561
44595	18562
44596	18562
44597	18562
44598	18562
44599	18562
44600	18562
44601	18562
44602	18562
44603	18563
44604	18564
44605	18565
44606	18566
44607	18566
44608	18567
44609	18567
44610	18566
44611	18567
44612	18567
44613	18566
44614	18567
44615	18568
44616	18567
44617	18568
44618	18569
44619	18569
44620	18569
44621	18570
44622	18570
44623	18570
44624	18571
44625	18571
44626	18572
44627	18573
44628	18574
44629	18575
44630	18575
44631	18575
44632	18576
44633	18577
44634	18576
44635	18577
44636	18577
44637	18578
44638	18578
44639	18579
44640	18580
44641	18581
44642	18582
44643	18581
44644	18582
44645	18583
44646	18584
44647	18585
44648	18585
44649	18586
44650	18587
44651	18588
44652	18589
44653	18589
44654	18588
44655	18587
44656	18586
44657	18587
44658	18588
44659	18589
44660	18590
44661	18591
44662	18591
44663	18592
44664	18593
44665	18593
44666	18593
44667	18594
44668	18595
44669	18596
44670	18597
44671	18597
44672	18598
44673	18598
44674	18599
44675	18600
44676	18600
44677	18601
44678	18602
44679	18603
44680	18603
44681	18602
44682	18602
44683	18603
44684	18604
44685	18605
44686	18606
44687	18607
44688	18607
44689	18608
44690	18609
44691	18609
44692	18610
44693	18611
44694	18611
44695	18612
44696	18613
44697	18613
44698	18614
44699	18614
44700	18614
44701	18614
44702	18614
44703	18613
44704	18613
44705	18613
44706	18613
44707	18612
44708	18613
44709	18613
44710	18612
44711	18612
44712	18612
44713	18612
44714	18614
44715	18614
44716	18615
44717	18615
44718	18615
44719	18615
44720	18615
44721	18615
44722	18615
44723	18615
44724	18615
44725	18617
44726	18617
44727	18619
44728	18619
44729	18621
44730	18621
44731	18621
44732	18621
44733	18621
44734	18620
44735	18620
44736	18620
44737	18621
44738	18621
44739	18623
44740	18623
44741	18623
44742	18623
44743	18623
44744	18623
44745	18623
44746	18623
44747	18623
44748	18623
44749	18623
44750	18622
44751	18622
44752	18622
44753	18621
44754	18622
44755	18621
44756	18621
44757	18621
44758	18621
44759	18621
44760	18621
44761	18621
44762	18621
44763	18621
44764	18620
44765	18619
44766	18619
44767	18618
44768	18617
44769	18618
44770	18617
44771	18617
44772	18616
44773	18615
44774	18615
44775	18617
44776	18616
44777	18618
44778	18618
44779	18620
44780	18620
44781	18622
44782	18622
44783	18624
44784	18623
44785	18623
44786	18623
44787	18623
44788	18623
44789	18623
44790	18625
44791	18625
44792	18625
44793	18625
44794	18625
44795	18624
44796	18623
44797	18623
44798	18623
44799	18623
44800	18623
44801	18623
44802	18623
44803	18622
44804	18622
44805	18622
44806	18621
44807	18621
44808	18621
44809	18621
44810	18621
44811	18621
44812	18621
44813	18623
44814	18623
44815	18623
44816	18623
44817	18623
44818	18623
44819	18623
44820	18623
44821	18625
44822	18624
44823	18625
44824	18624
44825	18624
44826	18623
44827	18623
44828	18624
44829	18624
44830	18625
44831	18625
44832	18626
44833	18626
44834	18626
44835	18625
44836	18625
44837	18625
44838	18625
44839	18624
44840	18624
44841	18624
44842	18624
44843	18624
44844	18624
44845	18624
44846	18626
44847	18626
44848	18626
44849	18626
44850	18626
44851	18626
44852	18626
44853	18625
44854	18627
44855	18627
44856	18628
44857	18628
44858	18629
44859	18629
44860	18631
44861	18632
44862	18632
44863	18633
44864	18632
44865	18632
44866	18632
44867	18632
44868	18632
44869	18632
44870	18632
44871	18632
44872	18634
44873	18634
44874	18635
44875	18634
44876	18635
44877	18637
44878	18637
44879	18637
44880	18637
44881	18636
44882	18636
44883	18636
44884	18635
44885	18634
44886	18634
44887	18634
44888	18636
44889	18635
44890	18637
44891	18637
44892	18638
44893	18638
44894	18638
44895	18640
44896	18639
44897	18641
44898	18641
44899	18641
44900	18643
44901	18643
44902	18643
44903	18642
44904	18641
44905	18641
44906	18641
44907	18640
44908	18642
44909	18642
44910	18643
44911	18644
44912	18645
44913	18645
44914	18645
44915	18645
44916	18645
44917	18644
44918	18644
44919	18646
44920	18646
44921	18646
44922	18646
44923	18647
44924	18647
44925	18646
44926	18646
44927	18646
44928	18646
44929	18648
44930	18648
44931	18648
44932	18648
44933	18647
44934	18646
44935	18645
44936	18646
44937	18645
44938	18647
44939	18646
44940	18646
44941	18645
44942	18645
44943	18645
44944	18645
44945	18645
44946	18645
44947	18645
44948	18645
44949	18644
44950	18644
44951	18643
44952	18642
44953	18642
44954	18641
44955	18640
44956	18640
44957	18639
44958	18638
44959	18637
44960	18636
44961	18637
44962	18637
44963	18638
44964	18638
44965	18640
44966	18640
44967	18640
44968	18640
44969	18640
44970	18642
44971	18644
44972	18644
44973	18644
44974	18644
44975	18644
44976	18643
44977	18643
44978	18643
44979	18644
44980	18644
44981	18644
44982	18644
44983	18643
44984	18642
44985	18641
44986	18641
44987	18640
44988	18640
44989	18640
44990	18641
44991	18641
44992	18640
44993	18639
44994	18638
44995	18638
44996	18637
44997	18639
44998	18638
44999	18638
45000	18637
45001	18637
45002	18639
45003	18638
45004	18638
45005	18638
45006	18638
45007	18638
45008	18638
45009	18640
45010	18640
45011	18640
45012	18640
45013	18639
45014	18639
45015	18639
45016	18641
45017	18641
45018	18640
45019	18640
45020	18639
45021	18641
45022	18641
45023	18641
45024	18641
45025	18641
45026	18643
45027	18643
45028	18643
45029	18642
45030	18642
45031	18642
45032	18643
45033	18642
45034	18642
45035	18642
45036	18642
45037	18642
45038	18642
45039	18641
45040	18643
45041	18643
45042	18644
45043	18644
45044	18645
45045	18645
45046	18646
45047	18648
45048	18648
45049	18649
45050	18649
45051	18649
45052	18649
45053	18649
45054	18648
45055	18648
45056	18648
45057	18648
45058	18650
45059	18650
45060	18651
45061	18651
45062	18652
45063	18652
45064	18654
45065	18654
45066	18656
45067	18656
45068	18657
45069	18656
45070	18655
45071	18656
45072	18655
45073	18654
45074	18654
45075	18655
45076	18655
45077	18654
45078	18654
45079	18653
45080	18655
45081	18654
45082	18655
45083	18654
45084	18654
45085	18654
45086	18654
45087	18655
45088	18655
45089	18655
45090	18655
45091	18657
45092	18656
45093	18656
45094	18656
45095	18656
45096	18656
45097	18656
45098	18656
45099	18656
45100	18656
45101	18656
45102	18655
45103	18655
45104	18655
45105	18656
45106	18656
45107	18657
45108	18657
45109	18657
45110	18659
45111	18659
45112	18659
45113	18658
45114	18658
45115	18657
45116	18657
45117	18656
45118	18655
45119	18655
45120	18655
45121	18655
45122	18654
45123	18654
45124	18654
45125	18655
45126	18655
45127	18655
45128	18655
45129	18655
45130	18655
45131	18655
45132	18657
45133	18657
45134	18657
45135	18657
45136	18657
45137	18657
45138	18657
45139	18659
45140	18659
45141	18660
45142	18659
45143	18660
45144	18660
45145	18661
45146	18660
45147	18661
45148	18661
45149	18660
45150	18660
45151	18660
45152	18660
45153	18660
45154	18662
45155	18661
45156	18661
45157	18661
45158	18661
45159	18661
45160	18661
45161	18663
45162	18663
45163	18663
45164	18662
45165	18662
45166	18662
45167	18662
45168	18662
45169	18664
45170	18664
45171	18665
45172	18665
45173	18666
45174	18666
45175	18665
45176	18665
45177	18664
45178	18664
45179	18664
45180	18665
45181	18664
45182	18664
45183	18663
45184	18663
45185	18662
45186	18662
45187	18662
45188	18661
45189	18661
45190	18661
45191	18661
45192	18661
45193	18661
45194	18661
45195	18660
45196	18660
45197	18659
45198	18659
45199	18659
45200	18659
45201	18658
45202	18657
45203	18657
45204	18656
45205	18655
45206	18656
45207	18655
45208	18656
45209	18657
45210	18657
45211	18657
45212	18657
45213	18657
45214	18656
45215	18655
45216	18655
45217	18657
45218	18657
45219	18658
45220	18657
45221	18657
45222	18657
45223	18657
45224	18656
45225	18656
45226	18655
45227	18655
45228	18655
45229	18656
45230	18656
45231	18655
45232	18654
45233	18654
45234	18654
45235	18654
45236	18654
45237	18656
45238	18658
45239	18657
45240	18657
45241	18657
45242	18657
45243	18657
45244	18658
45245	18658
45246	18657
45247	18656
45248	18656
45249	18656
45250	18658
45251	18658
45252	18658
45253	18658
45254	18658
45255	18657
45256	18657
45257	18657
45258	18656
45259	18656
45260	18656
45261	18656
45262	18655
45263	18655
45264	18655
45265	18655
45266	18656
45267	18656
45268	18658
45269	18658
45270	18658
45271	18658
45272	18658
45273	18657
45274	18656
45275	18656
45276	18655
45277	18656
45278	18656
45279	18656
45280	18657
45281	18658
45282	18658
45283	18659
45284	18658
45285	18657
45286	18657
45287	18656
45288	18656
45289	18657
45290	18657
45291	18658
45292	18658
45293	18659
45294	18659
45295	18659
45296	18659
45297	18658
45298	18658
45299	18658
45300	18658
45301	18658
45302	18658
45303	18659
45304	18661
45305	18661
45306	18661
45307	18661
45308	18661
45309	18661
45310	18660
45311	18660
45312	18660
45313	18661
45314	18661
45315	18662
45316	18662
45317	18662
45318	18662
45319	18662
45320	18661
45321	18661
45322	18661
45323	18661
45324	18661
45325	18662
45326	18662
45327	18661
45328	18661
45329	18662
45330	18661
45331	18661
45332	18661
45333	18660
45334	18659
45335	18661
45336	18661
45337	18660
45338	18660
45339	18660
45340	18660
45341	18662
45342	18661
45343	18661
45344	18661
45345	18661
45346	18661
45347	18660
45348	18660
45349	18660
45350	18660
45351	18661
45352	18661
45353	18661
45354	18660
45355	18660
45356	18660
45357	18659
45358	18659
45359	18660
45360	18659
45361	18659
45362	18659
45363	18659
45364	18659
45365	18659
45366	18658
45367	18658
45368	18658
45369	18660
45370	18659
45371	18659
45372	18661
45373	18661
45374	18663
45375	18663
45376	18665
45377	18664
45378	18664
45379	18663
45380	18663
45381	18663
45382	18662
45383	18663
45384	18663
45385	18663
45386	18663
45387	18663
45388	18663
45389	18663
45390	18665
45391	18665
45392	18665
45393	18665
45394	18665
45395	18665
45396	18664
45397	18666
45398	18666
45399	18666
45400	18666
45401	18666
45402	18666
45403	18665
45404	18664
45405	18665
45406	18664
45407	18664
45408	18664
45409	18664
45410	18664
45411	18664
45412	18663
45413	18663
45414	18663
45415	18663
45416	18663
45417	18662
45418	18662
45419	18661
45420	18660
45421	18660
45422	18660
45423	18660
45424	18662
45425	18661
45426	18661
45427	18660
45428	18660
45429	18660
45430	18662
45431	18662
45432	18662
45433	18661
45434	18661
45435	18661
45436	18661
45437	18660
45438	18660
45439	18660
45440	18660
45441	18660
45442	18660
45443	18661
45444	18660
45445	18660
45446	18661
45447	18662
45448	18662
45449	18662
45450	18662
45451	18662
45452	18663
45453	18663
45454	18663
45455	18662
45456	18662
45457	18662
45458	18661
45459	18663
45460	18665
45461	18665
45462	18667
45463	18667
45464	18666
45465	18666
45466	18666
45467	18665
45468	18665
45469	18664
45470	18664
45471	18666
45472	18666
45473	18666
45474	18665
45475	18664
45476	18664
45477	18664
45478	18663
45479	18663
45480	18664
45481	18664
45482	18665
45483	18666
45484	18667
45485	18667
45486	18668
45487	18667
45488	18666
45489	18666
45490	18666
45491	18666
45492	18665
45493	18665
45494	18667
45495	18667
45496	18669
45497	18669
45498	18670
45499	18670
45500	18671
45501	18670
45502	18669
45503	18668
45504	18670
45505	18670
45506	18669
45507	18669
45508	18669
45509	18669
45510	18668
45511	18667
45512	18667
45513	18666
45514	18666
45515	18666
45516	18666
45517	18666
45518	18666
45519	18666
45520	18665
45521	18664
45522	18666
45523	18666
45524	18665
45525	18665
45526	18665
45527	18667
45528	18667
45529	18667
45530	18666
45531	18665
45532	18666
45533	18666
45534	18668
45535	18669
45536	18669
45537	18668
45538	18670
45539	18670
45540	18669
45541	18669
45542	18669
45543	18669
45544	18669
45545	18669
45546	18670
45547	18670
45548	18669
45549	18669
45550	18669
45551	18669
45552	18669
45553	18669
45554	18668
45555	18667
45556	18668
45557	18668
45558	18668
45559	18668
45560	18668
45561	18668
45562	18667
45563	18667
45564	18667
45565	18667
45566	18667
45567	18668
45568	18668
45569	18669
45570	18670
45571	18670
45572	18672
45573	18671
45574	18671
45575	18671
45576	18671
45577	18671
45578	18671
45579	18671
45580	18671
45581	18671
45582	18671
45583	18673
45584	18673
45585	18675
45586	18674
45587	18674
45588	18673
45589	18673
45590	18673
45591	18674
45592	18675
45593	18675
45594	18677
45595	18677
45596	18677
45597	18676
45598	18675
45599	18675
45600	18675
45601	18676
45602	18676
45603	18676
45604	18675
45605	18675
45606	18675
45607	18675
45608	18675
45609	18675
45610	18675
45611	18675
45612	18674
45613	18674
45614	18675
45615	18674
45616	18675
45617	18675
45618	18675
45619	18675
45620	18675
45621	18676
45622	18676
45623	18675
45624	18675
45625	18675
45626	18675
45627	18675
45628	18674
45629	18674
45630	18674
45631	18674
45632	18674
45633	18674
45634	18674
45635	18675
45636	18674
45637	18673
45638	18674
45639	18675
45640	18674
45641	18673
45642	18672
45643	18672
45644	18672
45645	18672
45646	18671
45647	18671
45648	18671
45649	18671
45650	18670
45651	18669
45652	18668
45653	18668
45654	18670
45655	18670
45656	18669
45657	18669
45658	18671
45659	18671
45660	18671
45661	18671
45662	18673
45663	18673
45664	18675
45665	18675
45666	18675
45667	18674
45668	18674
45669	18674
45670	18674
45671	18674
45672	18673
45673	18673
45674	18674
45675	18673
45676	18672
45677	18671
45678	18671
45679	18670
45680	18669
45681	18669
45682	18668
45683	18668
45684	18668
45685	18670
45686	18670
45687	18670
45688	18670
45689	18669
45690	18669
45691	18669
45692	18671
45693	18673
45694	18672
45695	18672
45696	18672
45697	18672
45698	18672
45699	18674
45700	18674
45701	18673
45702	18672
45703	18672
45704	18672
45705	18672
45706	18673
45707	18673
45708	18673
45709	18672
45710	18672
45711	18671
45712	18671
45713	18672
45714	18672
45715	18672
45716	18671
45717	18671
45718	18671
45719	18671
45720	18671
45721	18670
45722	18670
45723	18670
45724	18670
45725	18670
45726	18670
45727	18669
45728	18670
45729	18670
45730	18672
45731	18672
45732	18672
45733	18672
45734	18672
45735	18672
45736	18672
45737	18673
45738	18672
45739	18672
45740	18672
45741	18672
45742	18672
45743	18672
45744	18672
45745	18672
45746	18673
45747	18673
45748	18674
45749	18674
45750	18674
45751	18674
45752	18673
45753	18673
45754	18673
45755	18673
45756	18673
45757	18674
45758	18674
45759	18675
45760	18674
45761	18674
45762	18674
45763	18676
45764	18676
45765	18675
45766	18675
45767	18675
45768	18677
45769	18677
45770	18679
45771	18679
45772	18679
45773	18679
45774	18679
45775	18679
45776	18678
45777	18677
45778	18677
45779	18677
45780	18676
45781	18676
45782	18676
45783	18677
45784	18677
45785	18676
45786	18676
45787	18676
45788	18676
45789	18676
45790	18676
45791	18676
45792	18676
45793	18678
45794	18678
45795	18678
45796	18677
45797	18678
45798	18680
45799	18679
45800	18678
45801	18678
45802	18678
45803	18678
45804	18678
45805	18678
45806	18678
45807	18678
45808	18678
45809	18677
45810	18677
45811	18677
45812	18677
45813	18678
45814	18678
45815	18677
45816	18677
45817	18677
45818	18677
45819	18679
45820	18679
45821	18679
45822	18678
45823	18678
45824	18678
45825	18677
45826	18677
45827	18677
45828	18678
45829	18678
45830	18678
45831	18678
45832	18677
45833	18676
45834	18676
45835	18676
45836	18675
45837	18675
45838	18675
45839	18677
45840	18677
45841	18678
45842	18679
45843	18678
45844	18678
45845	18679
45846	18679
45847	18678
45848	18678
45849	18678
45850	18677
45851	18678
45852	18678
45853	18678
45854	18678
45855	18678
45856	18679
45857	18680
45858	18680
45859	18680
45860	18680
45861	18680
45862	18680
45863	18680
45864	18681
45865	18681
45866	18682
45867	18682
45868	18682
45869	18683
45870	18682
45871	18683
45872	18682
45873	18681
45874	18680
45875	18679
45876	18679
45877	18679
45878	18679
45879	18679
45880	18678
45881	18678
45882	18678
45883	18677
45884	18679
45885	18679
45886	18679
45887	18678
45888	18678
45889	18678
45890	18679
45891	18679
45892	18679
45893	18679
45894	18679
45895	18678
45896	18678
45897	18677
45898	18678
45899	18678
45900	18680
45901	18680
45902	18680
45903	18680
45904	18679
45905	18679
45906	18680
45907	18680
45908	18680
45909	18682
45910	18682
45911	18682
45912	18684
45913	18684
45914	18686
45915	18686
45916	18687
45917	18688
45918	18687
45919	18686
45920	18686
45921	18686
45922	18686
45923	18686
45924	18688
45925	18688
45926	18689
45927	18689
45928	18689
45929	18689
45930	18689
45931	18688
45932	18688
45933	18688
45934	18689
45935	18688
45936	18687
45937	18687
45938	18688
45939	18688
45940	18688
45941	18688
45942	18688
45943	18687
45944	18687
45945	18687
45946	18687
45947	18687
45948	18687
45949	18687
45950	18687
45951	18686
45952	18688
45953	18688
45954	18689
45955	18689
45956	18689
45957	18688
45958	18688
45959	18687
45960	18686
45961	18686
45962	18685
45963	18685
45964	18686
45965	18686
45966	18686
45967	18685
45968	18685
45969	18684
45970	18684
45971	18686
45972	18686
45973	18686
45974	18687
45975	18687
45976	18687
45977	18687
45978	18687
45979	18687
45980	18687
45981	18687
45982	18688
45983	18687
45984	18688
45985	18688
45986	18688
45987	18688
45988	18687
45989	18688
45990	18688
45991	18688
45992	18687
45993	18688
45994	18688
45995	18688
45996	18687
45997	18687
45998	18687
45999	18687
46000	18687
46001	18686
46002	18685
46003	18684
46004	18684
46005	18684
46006	18684
46007	18683
46008	18682
46009	18682
46010	18682
46011	18682
46012	18681
46013	18680
46014	18679
46015	18678
46016	18677
46017	18679
46018	18679
46019	18679
46020	18679
46021	18679
46022	18679
46023	18679
46024	18679
46025	18680
46026	18679
46027	18681
46028	18680
46029	18680
46030	18679
46031	18679
46032	18680
46033	18680
46034	18679
46035	18679
46036	18679
46037	18679
46038	18679
46039	18679
46040	18680
46041	18679
46042	18680
46043	18680
46044	18681
46045	18682
46046	18681
46047	18680
46048	18680
46049	18680
46050	18680
46051	18679
46052	18680
46053	18681
46054	18681
46055	18680
46056	18680
46057	18681
46058	18681
46059	18682
46060	18684
46061	18685
46062	18685
46063	18685
46064	18685
46065	18684
46066	18684
46067	18686
46068	18686
46069	18685
46070	18685
46071	18685
46072	18684
46073	18685
46074	18685
46075	18685
46076	18685
46077	18685
46078	18684
46079	18684
46080	18684
46081	18684
46082	18683
46083	18683
46084	18683
46085	18683
46086	18683
46087	18683
46088	18683
46089	18684
46090	18686
46091	18686
46092	18686
46093	18688
46094	18688
46095	18689
46096	18689
46097	18689
46098	18688
46099	18687
46100	18688
46101	18688
46102	18688
46103	18687
46104	18687
46105	18686
46106	18685
46107	18684
46108	18684
46109	18684
46110	18684
46111	18684
46112	18684
46113	18683
46114	18683
46115	18683
46116	18685
46117	18685
46118	18687
46119	18687
46120	18689
46121	18689
46122	18691
46123	18691
46124	18693
46125	18693
46126	18693
46127	18693
46128	18695
46129	18695
46130	18695
46131	18695
46132	18694
46133	18693
46134	18693
46135	18693
46136	18694
46137	18694
46138	18693
46139	18693
46140	18693
46141	18693
46142	18692
46143	18691
46144	18691
46145	18691
46146	18690
46147	18689
46148	18688
46149	18688
46150	18688
46151	18688
46152	18687
46153	18687
46154	18687
46155	18689
46156	18689
46157	18688
46158	18688
46159	18688
46160	18690
46161	18689
46162	18689
46163	18689
46164	18688
46165	18687
46166	18687
46167	18687
46168	18687
46169	18687
46170	18687
46171	18686
46172	18685
46173	18685
46174	18685
46175	18687
46176	18687
46177	18687
46178	18688
46179	18688
46180	18688
46181	18687
46182	18687
46183	18687
46184	18687
46185	18687
46186	18687
46187	18686
46188	18686
46189	18686
46190	18686
46191	18685
46192	18685
46193	18684
46194	18684
46195	18684
46196	18686
46197	18686
46198	18686
46199	18686
46200	18686
46201	18688
46202	18687
46203	18687
46204	18687
46205	18686
46206	18687
46207	18686
46208	18686
46209	18688
46210	18688
46211	18688
46212	18688
46213	18688
46214	18688
46215	18688
46216	18688
46217	18688
46218	18688
46219	18690
46220	18690
46221	18691
46222	18691
46223	18692
46224	18692
46225	18693
46226	18693
46227	18694
46228	18693
46229	18693
46230	18694
46231	18694
46232	18693
46233	18692
46234	18692
46235	18692
46236	18692
46237	18692
46238	18692
46239	18691
46240	18693
46241	18693
46242	18693
46243	18693
46244	18693
46245	18692
46246	18693
46247	18693
46248	18693
46249	18693
46250	18692
46251	18693
46252	18693
46253	18692
46254	18692
46255	18692
46256	18692
46257	18692
46258	18692
46259	18692
46260	18694
46261	18694
46262	18694
46263	18694
46264	18694
46265	18694
46266	18693
46267	18692
46268	18692
46269	18692
46270	18692
46271	18693
46272	18693
46273	18695
46274	18695
46275	18696
46276	18696
46277	18696
46278	18696
46279	18696
46280	18698
46281	18700
46282	18700
46283	18700
46284	18699
46285	18698
46286	18698
46287	18698
46288	18698
46289	18698
46290	18698
46291	18700
46292	18701
46293	18700
46294	18702
46295	18701
46296	18702
46297	18702
46298	18702
46299	18702
46300	18701
46301	18700
46302	18700
46303	18700
46304	18702
46305	18702
46306	18701
46307	18700
46308	18700
46309	18701
46310	18700
46311	18700
46312	18700
46313	18700
46314	18699
46315	18699
46316	18699
46317	18699
46318	18699
46319	18699
46320	18701
46321	18701
46322	18703
46323	18703
46324	18703
46325	18703
46326	18703
46327	18703
46328	18703
46329	18703
46330	18702
46331	18702
46332	18701
46333	18701
46334	18700
46335	18700
46336	18701
46337	18701
46338	18700
46339	18702
46340	18703
46341	18703
46342	18705
46343	18705
46344	18705
46345	18705
46346	18704
46347	18703
46348	18703
46349	18703
46350	18702
46351	18703
46352	18703
46353	18703
46354	18703
46355	18703
46356	18703
46357	18704
46358	18703
46359	18703
46360	18703
46361	18702
46362	18701
46363	18701
46364	18700
46365	18702
46366	18702
46367	18703
46368	18703
46369	18703
46370	18703
46371	18705
46372	18705
46373	18705
46374	18705
46375	18705
46376	18705
46377	18705
46378	18705
46379	18707
46380	18707
46381	18708
46382	18708
46383	18708
46384	18709
46385	18710
46386	18710
46387	18710
46388	18709
46389	18709
46390	18709
46391	18709
46392	18711
46393	18711
46394	18711
46395	18710
46396	18709
46397	18709
46398	18708
46399	18710
46400	18710
46401	18710
46402	18710
46403	18710
46404	18710
46405	18709
46406	18709
46407	18709
46408	18709
46409	18709
46410	18709
46411	18709
46412	18709
46413	18709
46414	18708
46415	18709
46416	18709
46417	18710
46418	18710
46419	18711
46420	18711
46421	18712
46422	18713
46423	18713
46424	18713
46425	18712
46426	18711
46427	18711
46428	18711
46429	18711
46430	18710
46431	18712
46432	18711
46433	18712
46434	18712
46435	18713
46436	18712
46437	18711
46438	18713
46439	18713
46440	18712
46441	18711
46442	18710
46443	18710
46444	18709
46445	18709
46446	18708
46447	18707
46448	18707
46449	18707
46450	18706
46451	18705
46452	18704
46453	18704
46454	18704
46455	18703
46456	18703
46457	18705
46458	18705
46459	18705
46460	18704
46461	18704
46462	18704
46463	18703
46464	18703
46465	18702
46466	18703
46467	18703
46468	18704
46469	18706
46470	18706
46471	18705
46472	18705
46473	18705
46474	18705
46475	18704
46476	18703
46477	18703
46478	18705
46479	18705
46480	18705
46481	18704
46482	18704
46483	18704
46484	18704
46485	18704
46486	18705
46487	18707
46488	18707
46489	18707
46490	18707
46491	18709
46492	18709
46493	18708
46494	18707
46495	18707
46496	18707
46497	18707
46498	18707
46499	18707
46500	18709
46501	18708
46502	18710
46503	18710
46504	18710
46505	18710
46506	18710
46507	18709
46508	18709
46509	18709
46510	18709
46511	18710
46512	18710
46513	18710
46514	18710
46515	18710
46516	18710
46517	18709
46518	18711
46519	18712
46520	18711
46521	18711
46522	18710
46523	18710
46524	18710
46525	18709
46526	18711
46527	18710
46528	18710
46529	18710
46530	18709
46531	18708
46532	18708
46533	18707
46534	18707
46535	18707
46536	18707
46537	18707
46538	18706
46539	18705
46540	18704
46541	18703
46542	18702
46543	18702
46544	18702
46545	18704
46546	18703
46547	18703
46548	18703
46549	18703
46550	18703
46551	18703
46552	18703
46553	18705
46554	18707
46555	18706
46556	18708
46557	18708
46558	18709
46559	18709
46560	18710
46561	18710
46562	18709
46563	18709
46564	18709
46565	18709
46566	18708
46567	18707
46568	18706
46569	18705
46570	18704
46571	18704
46572	18703
46573	18703
46574	18703
46575	18705
46576	18704
46577	18704
46578	18704
46579	18705
46580	18705
46581	18705
46582	18705
46583	18705
46584	18705
46585	18705
46586	18704
46587	18704
46588	18704
46589	18705
46590	18705
46591	18705
46592	18704
46593	18704
46594	18704
46595	18704
46596	18705
46597	18705
46598	18706
46599	18706
46600	18706
46601	18706
46602	18705
46603	18705
46604	18705
46605	18705
46606	18705
46607	18704
46608	18704
46609	18704
46610	18703
46611	18704
46612	18704
46613	18704
46614	18704
46615	18704
46616	18704
46617	18704
46618	18703
46619	18702
46620	18702
46621	18702
46622	18702
46623	18702
46624	18702
46625	18703
46626	18702
46627	18703
46628	18703
46629	18703
46630	18705
46631	18704
46632	18703
46633	18703
46634	18703
46635	18704
46636	18704
46637	18704
46638	18703
46639	18703
46640	18703
46641	18705
46642	18704
46643	18704
46644	18704
46645	18704
46646	18705
46647	18704
46648	18704
46649	18703
46650	18702
46651	18702
46652	18702
46653	18702
46654	18701
46655	18701
46656	18700
46657	18700
46658	18699
46659	18699
46660	18699
46661	18701
46662	18701
46663	18700
46664	18699
46665	18699
46666	18699
46667	18699
46668	18699
46669	18700
46670	18700
46671	18700
46672	18700
46673	18699
46674	18699
46675	18699
46676	18700
46677	18699
46678	18699
46679	18698
46680	18698
46681	18698
46682	18698
46683	18698
46684	18698
46685	18699
46686	18699
46687	18699
46688	18699
46689	18699
46690	18699
46691	18700
46692	18700
46693	18701
46694	18701
46695	18701
46696	18700
46697	18700
46698	18699
46699	18699
46700	18699
46701	18700
46702	18699
46703	18699
46704	18699
46705	18699
46706	18699
46707	18699
46708	18699
46709	18699
46710	18699
46711	18701
46712	18701
46713	18703
46714	18703
46715	18702
46716	18702
46717	18702
46718	18703
46719	18702
46720	18702
46721	18702
46722	18702
46723	18704
46724	18706
46725	18706
46726	18707
46727	18707
46728	18707
46729	18707
46730	18707
46731	18707
46732	18709
46733	18709
46734	18710
46735	18710
46736	18710
46737	18710
46738	18709
46739	18709
46740	18709
46741	18711
46742	18710
46743	18710
46744	18710
46745	18709
46746	18711
46747	18711
46748	18711
46749	18710
46750	18710
46751	18710
46752	18710
46753	18709
46754	18709
46755	18709
46756	18709
46757	18709
46758	18708
46759	18709
46760	18709
46761	18709
46762	18709
46763	18710
46764	18710
46765	18711
46766	18711
46767	18712
46768	18713
46769	18713
46770	18713
46771	18713
46772	18713
46773	18715
46774	18714
46775	18716
46776	18718
46777	18718
46778	18720
46779	18720
46780	18720
46781	18720
46782	18719
46783	18718
46784	18718
46785	18718
46786	18718
46787	18717
46788	18719
46789	18719
46790	18721
46791	18721
46792	18721
46793	18720
46794	18719
46795	18719
46796	18718
46797	18717
46798	18716
46799	18716
46800	18715
46801	18714
46802	18713
46803	18713
46804	18712
46805	18712
46806	18712
46807	18712
46808	18711
46809	18711
46810	18711
46811	18710
46812	18710
46813	18710
46814	18709
46815	18709
46816	18709
46817	18708
46818	18708
46819	18708
46820	18707
46821	18708
46822	18708
46823	18708
46824	18707
46825	18707
46826	18707
46827	18707
46828	18706
46829	18706
46830	18705
46831	18705
46832	18707
46833	18707
46834	18709
46835	18708
46836	18707
46837	18707
46838	18709
46839	18709
46840	18710
46841	18710
46842	18709
46843	18710
46844	18710
46845	18711
46846	18710
46847	18710
46848	18709
46849	18708
46850	18708
46851	18708
46852	18708
46853	18710
46854	18710
46855	18710
46856	18712
46857	18712
46858	18714
46859	18714
46860	18713
46861	18712
46862	18711
46863	18711
46864	18711
46865	18711
46866	18710
46867	18710
46868	18712
46869	18712
46870	18712
46871	18712
46872	18711
46873	18711
46874	18710
46875	18710
46876	18709
46877	18708
46878	18708
46879	18708
46880	18708
46881	18709
46882	18709
46883	18709
46884	18708
46885	18707
46886	18707
46887	18706
46888	18705
46889	18704
46890	18704
46891	18704
46892	18706
46893	18706
46894	18708
46895	18708
46896	18710
46897	18709
46898	18711
46899	18711
46900	18713
46901	18713
46902	18714
46903	18713
46904	18712
46905	18711
46906	18710
46907	18709
46908	18709
46909	18708
46910	18707
46911	18707
46912	18707
46913	18707
46914	18709
46915	18709
46916	18709
46917	18709
46918	18709
46919	18708
46920	18707
46921	18707
46922	18707
46923	18709
46924	18709
46925	18709
46926	18708
46927	18708
46928	18708
46929	18708
46930	18710
46931	18710
46932	18712
46933	18714
46934	18713
46935	18715
46936	18715
46937	18714
46938	18714
46939	18716
46940	18716
46941	18715
46942	18715
46943	18715
46944	18715
46945	18715
46946	18715
46947	18715
46948	18714
46949	18716
46950	18716
46951	18716
46952	18716
46953	18715
46954	18715
46955	18714
46956	18713
46957	18713
46958	18712
46959	18712
46960	18712
46961	18713
46962	18712
46963	18711
46964	18711
46965	18710
46966	18709
46967	18709
46968	18709
46969	18708
46970	18707
46971	18707
46972	18707
46973	18707
46974	18706
46975	18706
46976	18706
46977	18708
46978	18708
46979	18707
46980	18707
46981	18706
46982	18706
46983	18708
46984	18708
46985	18708
46986	18708
46987	18708
46988	18708
46989	18707
46990	18707
46991	18707
46992	18707
46993	18707
46994	18707
46995	18708
46996	18708
46997	18709
46998	18709
46999	18710
47000	18710
47001	18709
47002	18708
47003	18708
47004	18708
47005	18707
47006	18707
47007	18708
47008	18708
47009	18710
47010	18710
47011	18709
47012	18708
47013	18707
47014	18707
47015	18707
47016	18709
47017	18709
47018	18711
47019	18711
47020	18710
47021	18710
47022	18710
47023	18709
47024	18708
47025	18707
47026	18706
47027	18706
47028	18705
47029	18707
47030	18707
47031	18707
47032	18707
47033	18706
47034	18706
47035	18707
47036	18707
47037	18707
47038	18707
47039	18707
47040	18706
47041	18705
47042	18707
47043	18707
47044	18707
47045	18706
47046	18706
47047	18706
47048	18706
47049	18706
47050	18705
47051	18705
47052	18705
47053	18705
47054	18705
47055	18705
47056	18705
47057	18706
47058	18705
47059	18705
47060	18705
47061	18707
47062	18707
47063	18707
47064	18707
47065	18707
47066	18706
47067	18705
47068	18705
47069	18705
47070	18706
47071	18706
47072	18707
47073	18707
47074	18709
47075	18709
47076	18709
47077	18711
47078	18712
47079	18712
47080	18712
47081	18712
47082	18712
47083	18712
47084	18713
47085	18715
47086	18715
47087	18714
47088	18713
47089	18712
47090	18711
47091	18710
47092	18710
47093	18710
47094	18712
47095	18711
47096	18711
47097	18711
47098	18710
47099	18710
47100	18709
47101	18708
47102	18708
47103	18708
47104	18707
47105	18707
47106	18707
47107	18707
47108	18707
47109	18707
47110	18707
47111	18706
47112	18708
47113	18707
47114	18707
47115	18707
47116	18706
47117	18705
47118	18707
47119	18706
47120	18707
47121	18707
47122	18708
47123	18708
47124	18710
47125	18711
47126	18711
47127	18713
47128	18713
47129	18713
47130	18713
47131	18712
47132	18711
47133	18711
47134	18711
47135	18713
47136	18713
47137	18715
47138	18715
47139	18715
47140	18716
47141	18716
47142	18716
47143	18718
47144	18718
47145	18718
47146	18719
47147	18719
47148	18720
47149	18720
47150	18719
47151	18720
47152	18719
47153	18719
47154	18719
47155	18718
47156	18718
47157	18718
47158	18718
47159	18717
47160	18717
47161	18717
47162	18716
47163	18718
47164	18717
47165	18717
47166	18717
47167	18717
47168	18717
47169	18719
47170	18719
47171	18718
47172	18718
47173	18718
47174	18718
47175	18718
47176	18718
47177	18718
47178	18718
47179	18720
47180	18720
47181	18720
47182	18720
47183	18719
47184	18718
47185	18720
47186	18720
47187	18721
47188	18721
47189	18722
47190	18724
47191	18724
47192	18725
47193	18725
47194	18725
47195	18725
47196	18725
47197	18725
47198	18726
47199	18726
47200	18726
47201	18728
47202	18728
47203	18728
47204	18728
47205	18728
47206	18728
47207	18727
47208	18726
47209	18725
47210	18725
47211	18727
47212	18727
47213	18727
47214	18726
47215	18726
47216	18726
47217	18726
47218	18726
47219	18727
47220	18727
47221	18727
47222	18728
47223	18728
47224	18729
47225	18729
47226	18728
47227	18729
47228	18729
47229	18728
47230	18727
47231	18727
47232	18727
47233	18729
47234	18729
47235	18729
47236	18728
47237	18728
47238	18728
47239	18728
47240	18728
47241	18728
47242	18727
47243	18727
47244	18727
47245	18727
47246	18727
47247	18727
47248	18727
47249	18727
47250	18726
47251	18726
47252	18725
47253	18725
47254	18725
47255	18725
47256	18724
47257	18724
47258	18724
47259	18725
47260	18725
47261	18725
47262	18724
47263	18726
47264	18725
47265	18725
47266	18724
47267	18724
47268	18724
47269	18724
47270	18724
47271	18724
47272	18724
47273	18724
47274	18724
47275	18724
47276	18723
47277	18723
47278	18722
47279	18722
47280	18722
47281	18724
47282	18723
47283	18723
47284	18723
47285	18723
47286	18723
47287	18723
47288	18722
47289	18722
47290	18723
47291	18723
47292	18724
47293	18724
47294	18725
47295	18727
47296	18726
47297	18727
47298	18726
47299	18726
47300	18726
47301	18726
47302	18726
47303	18726
47304	18726
47305	18726
47306	18726
47307	18726
47308	18726
47309	18728
47310	18728
47311	18729
47312	18728
47313	18728
47314	18730
47315	18729
47316	18729
47317	18731
47318	18733
47319	18733
47320	18732
47321	18732
47322	18731
47323	18731
47324	18730
47325	18732
47326	18734
47327	18734
47328	18734
47329	18733
47330	18732
47331	18732
47332	18732
47333	18731
47334	18732
47335	18733
47336	18734
47337	18734
47338	18735
47339	18736
47340	18736
47341	18736
47342	18735
47343	18734
47344	18734
47345	18734
47346	18734
47347	18734
47348	18734
47349	18736
47350	18736
47351	18737
47352	18736
47353	18737
47354	18736
47355	18736
47356	18735
47357	18735
47358	18735
47359	18735
47360	18734
47361	18733
47362	18732
47363	18732
47364	18733
47365	18733
47366	18732
47367	18731
47368	18731
47369	18731
47370	18731
47371	18731
47372	18731
47373	18731
47374	18730
47375	18730
47376	18731
47377	18730
47378	18732
47379	18731
47380	18730
47381	18732
47382	18734
47383	18734
47384	18735
47385	18735
47386	18737
47387	18737
47388	18736
47389	18736
47390	18735
47391	18735
47392	18736
47393	18738
47394	18737
47395	18737
47396	18738
47397	18738
47398	18740
47399	18740
47400	18739
47401	18739
47402	18739
47403	18738
47404	18738
47405	18738
47406	18738
47407	18740
47408	18740
47409	18742
47410	18741
47411	18742
47412	18743
47413	18743
47414	18745
47415	18745
47416	18745
47417	18745
47418	18744
47419	18744
47420	18744
47421	18744
47422	18744
47423	18745
47424	18745
47425	18744
47426	18743
47427	18742
47428	18742
47429	18743
47430	18743
47431	18743
47432	18742
47433	18741
47434	18740
47435	18739
47436	18738
47437	18738
47438	18738
47439	18737
47440	18739
47441	18739
47442	18739
47443	18738
47444	18738
47445	18738
47446	18738
47447	18740
47448	18739
47449	18738
47450	18738
47451	18738
47452	18740
47453	18739
47454	18738
47455	18737
47456	18739
47457	18739
47458	18740
47459	18740
47460	18739
47461	18738
47462	18737
47463	18736
47464	18737
47465	18737
47466	18737
47467	18737
47468	18739
47469	18739
47470	18740
47471	18740
47472	18739
47473	18738
47474	18739
47475	18739
47476	18739
47477	18739
47478	18738
47479	18737
47480	18737
47481	18737
47482	18738
47483	18738
47484	18738
47485	18739
47486	18739
47487	18739
47488	18738
47489	18737
47490	18737
47491	18737
47492	18737
47493	18739
47494	18739
47495	18741
47496	18741
47497	18742
47498	18742
47499	18741
47500	18741
47501	18740
47502	18740
47503	18740
47504	18739
47505	18739
47506	18738
47507	18738
47508	18737
47509	18737
47510	18737
47511	18737
47512	18736
47513	18735
47514	18735
47515	18734
47516	18733
47517	18734
47518	18734
47519	18734
47520	18734
47521	18733
47522	18733
47523	18732
47524	18734
47525	18734
47526	18736
47527	18736
47528	18736
47529	18736
47530	18735
47531	18734
47532	18736
47533	18736
47534	18735
47535	18734
47536	18734
47537	18734
47538	18735
47539	18735
47540	18737
47541	18736
47542	18737
47543	18737
47544	18736
47545	18736
47546	18736
47547	18736
47548	18736
47549	18735
47550	18734
47551	18734
47552	18735
47553	18735
47554	18735
47555	18734
47556	18734
47557	18734
47558	18734
47559	18735
47560	18735
47561	18736
47562	18736
47563	18738
47564	18739
47565	18739
47566	18739
47567	18739
47568	18738
47569	18738
47570	18737
47571	18737
47572	18737
47573	18736
47574	18735
47575	18735
47576	18735
47577	18735
47578	18735
47579	18734
47580	18734
47581	18736
47582	18736
47583	18737
47584	18737
47585	18737
47586	18736
47587	18736
47588	18735
47589	18735
47590	18734
47591	18734
47592	18734
47593	18734
47594	18734
47595	18733
47596	18733
47597	18733
47598	18734
47599	18734
47600	18734
47601	18734
47602	18734
47603	18735
47604	18735
47605	18735
47606	18735
47607	18734
47608	18734
47609	18734
47610	18733
47611	18733
47612	18733
47613	18733
47614	18733
47615	18734
47616	18734
47617	18734
47618	18733
47619	18734
47620	18734
47621	18736
47622	18737
47623	18737
47624	18739
47625	18739
47626	18741
47627	18740
47628	18739
47629	18739
47630	18739
47631	18739
47632	18739
47633	18739
47634	18739
47635	18739
47636	18738
47637	18738
47638	18738
47639	18738
47640	18738
47641	18738
47642	18738
47643	18738
47644	18737
47645	18738
47646	18737
47647	18736
47648	18736
47649	18736
47650	18736
47651	18735
47652	18735
47653	18735
47654	18736
47655	18736
47656	18737
47657	18737
47658	18739
47659	18740
47660	18740
47661	18742
47662	18742
47663	18742
47664	18742
47665	18742
47666	18742
47667	18742
47668	18742
47669	18742
47670	18744
47671	18744
47672	18746
47673	18745
47674	18746
47675	18745
47676	18745
47677	18745
47678	18745
47679	18744
47680	18743
47681	18744
47682	18744
47683	18746
47684	18746
47685	18745
47686	18744
47687	18744
47688	18744
47689	18743
47690	18743
47691	18743
47692	18743
47693	18743
47694	18743
47695	18743
47696	18743
47697	18743
47698	18742
47699	18742
47700	18742
47701	18742
47702	18743
47703	18743
47704	18743
47705	18743
47706	18742
47707	18743
47708	18743
47709	18744
47710	18745
47711	18745
47712	18745
47713	18744
47714	18743
47715	18745
47716	18744
47717	18745
47718	18745
47719	18747
47720	18747
47721	18747
47722	18746
47723	18745
47724	18745
47725	18745
47726	18745
47727	18745
47728	18747
47729	18747
47730	18749
47731	18750
47732	18749
47733	18749
47734	18751
47735	18751
47736	18752
47737	18752
47738	18751
47739	18751
47740	18751
47741	18751
47742	18750
47743	18750
47744	18749
47745	18749
47746	18748
47747	18747
47748	18746
47749	18747
47750	18747
47751	18747
47752	18747
47753	18747
47754	18747
47755	18747
47756	18747
47757	18746
47758	18745
47759	18745
47760	18745
47761	18744
47762	18744
47763	18744
47764	18744
47765	18746
47766	18746
47767	18746
47768	18747
47769	18746
47770	18746
47771	18747
47772	18747
47773	18749
47774	18749
47775	18748
47776	18747
47777	18746
47778	18746
47779	18745
47780	18744
47781	18744
47782	18744
47783	18744
47784	18744
47785	18743
47786	18742
47787	18742
47788	18742
47789	18741
47790	18740
47791	18741
47792	18741
47793	18741
47794	18741
47795	18741
47796	18743
47797	18745
47798	18745
47799	18745
47800	18746
47801	18745
47802	18744
47803	18744
47804	18744
47805	18743
47806	18743
47807	18743
47808	18744
47809	18744
47810	18745
47811	18744
47812	18744
47813	18743
47814	18742
47815	18741
47816	18741
47817	18740
47818	18742
47819	18742
47820	18743
47821	18743
47822	18742
47823	18741
47824	18740
47825	18741
47826	18741
47827	18741
47828	18741
47829	18741
47830	18741
47831	18740
47832	18739
47833	18740
47834	18740
47835	18739
47836	18741
47837	18740
47838	18740
47839	18741
47840	18741
47841	18741
47842	18741
47843	18741
47844	18741
47845	18742
47846	18742
47847	18741
47848	18741
47849	18741
47850	18741
47851	18740
47852	18740
47853	18740
47854	18741
47855	18741
47856	18741
47857	18743
47858	18742
47859	18743
47860	18743
47861	18744
47862	18743
47863	18744
47864	18744
47865	18744
47866	18744
47867	18743
47868	18743
47869	18743
47870	18743
47871	18743
47872	18742
47873	18742
47874	18742
47875	18742
47876	18741
47877	18740
47878	18740
47879	18741
47880	18741
47881	18743
47882	18743
47883	18743
47884	18742
47885	18742
47886	18742
47887	18741
47888	18741
47889	18743
47890	18743
47891	18742
47892	18742
47893	18742
47894	18741
47895	18743
47896	18743
47897	18743
47898	18743
47899	18742
47900	18741
47901	18741
47902	18741
47903	18741
47904	18740
47905	18740
47906	18740
47907	18740
47908	18740
47909	18741
47910	18740
47911	18739
47912	18738
47913	18738
47914	18738
47915	18737
47916	18738
47917	18739
47918	18739
47919	18740
47920	18740
47921	18741
47922	18743
47923	18743
47924	18744
47925	18744
47926	18745
47927	18745
47928	18747
47929	18747
47930	18747
47931	18746
47932	18746
47933	18745
47934	18745
47935	18745
47936	18744
47937	18744
47938	18743
47939	18743
47940	18743
47941	18744
47942	18743
47943	18743
47944	18742
47945	18742
47946	18742
47947	18741
47948	18742
47949	18742
47950	18743
47951	18743
47952	18744
47953	18744
47954	18744
47955	18743
47956	18743
47957	18742
47958	18742
47959	18742
47960	18742
47961	18744
47962	18743
47963	18745
47964	18745
47965	18746
47966	18746
47967	18746
47968	18746
47969	18746
47970	18746
47971	18746
47972	18746
47973	18745
47974	18746
47975	18746
47976	18747
47977	18746
47978	18747
47979	18749
47980	18748
47981	18748
47982	18747
47983	18747
47984	18749
47985	18749
47986	18749
47987	18749
47988	18749
47989	18749
47990	18748
47991	18748
47992	18748
47993	18749
47994	18748
47995	18748
47996	18748
47997	18747
47998	18749
47999	18749
48000	18749
48001	18750
48002	18749
48003	18751
48004	18751
48005	18750
48006	18750
48007	18750
48008	18749
48009	18749
48010	18748
48011	18749
48012	18750
48013	18750
48014	18750
48015	18750
48016	18750
48017	18749
48018	18749
48019	18749
48020	18748
48021	18747
48022	18747
48023	18747
48024	18746
48025	18746
48026	18745
48027	18744
48028	18744
48029	18746
48030	18746
48031	18747
48032	18747
48033	18747
48034	18747
48035	18747
48036	18749
48037	18749
48038	18749
48039	18749
48040	18748
48041	18748
48042	18748
48043	18748
48044	18749
48045	18749
48046	18749
48047	18748
48048	18748
48049	18747
48050	18746
48051	18747
48052	18747
48053	18746
48054	18746
48055	18746
48056	18745
48057	18744
48058	18744
48059	18743
48060	18745
48061	18744
48062	18743
48063	18743
48064	18743
48065	18745
48066	18744
48067	18743
48068	18744
48069	18744
48070	18744
48071	18743
48072	18743
48073	18743
48074	18742
48075	18742
48076	18744
48077	18744
48078	18744
48079	18744
48080	18743
48081	18743
48082	18743
48083	18743
48084	18743
48085	18743
48086	18744
48087	18744
48088	18744
48089	18744
48090	18746
48091	18746
48092	18745
48093	18744
48094	18744
48095	18744
48096	18744
48097	18743
48098	18745
48099	18745
48100	18746
48101	18745
48102	18746
48103	18746
48104	18747
48105	18749
48106	18749
48107	18750
48108	18750
48109	18750
48110	18750
48111	18750
48112	18750
48113	18750
48114	18749
48115	18749
48116	18751
48117	18751
48118	18752
48119	18752
48120	18753
48121	18753
48122	18755
48123	18755
48124	18757
48125	18757
48126	18757
48127	18757
48128	18757
48129	18757
48130	18757
48131	18756
48132	18756
48133	18755
48134	18756
48135	18757
48136	18757
48137	18758
48138	18758
48139	18758
48140	18760
48141	18760
48142	18760
48143	18760
48144	18761
48145	18761
48146	18761
48147	18761
48148	18761
48149	18761
48150	18761
48151	18761
48152	18763
48153	18763
48154	18765
48155	18765
48156	18765
48157	18767
48158	18767
48159	18767
48160	18767
48161	18766
48162	18766
48163	18765
48164	18764
48165	18763
48166	18763
48167	18765
48168	18765
48169	18765
48170	18765
48171	18765
48172	18765
48173	18765
48174	18765
48175	18766
48176	18766
48177	18766
48178	18766
48179	18766
48180	18766
48181	18766
48182	18766
48183	18765
48184	18764
48185	18764
48186	18764
48187	18764
48188	18764
48189	18763
48190	18762
48191	18762
48192	18761
48193	18761
48194	18760
48195	18759
48196	18759
48197	18761
48198	18761
48199	18763
48200	18762
48201	18764
48202	18764
48203	18763
48204	18765
48205	18765
48206	18765
48207	18765
48208	18764
48209	18764
48210	18766
48211	18766
48212	18766
48213	18766
48214	18765
48215	18764
48216	18763
48217	18763
48218	18763
48219	18763
48220	18763
48221	18762
48222	18762
48223	18761
48224	18761
48225	18761
48226	18761
48227	18761
48228	18761
48229	18761
48230	18762
48231	18761
48232	18761
48233	18761
48234	18761
48235	18761
48236	18761
48237	18761
48238	18763
48239	18762
48240	18763
48241	18762
48242	18762
48243	18761
48244	18761
48245	18762
48246	18762
48247	18763
48248	18763
48249	18764
48250	18764
48251	18763
48252	18763
48253	18763
48254	18763
48255	18763
48256	18762
48257	18762
48258	18762
48259	18762
48260	18762
48261	18762
48262	18762
48263	18764
48264	18764
48265	18764
48266	18763
48267	18763
48268	18763
48269	18763
48270	18762
48271	18764
48272	18763
48273	18764
48274	18764
48275	18765
48276	18765
48277	18767
48278	18768
48279	18767
48280	18768
48281	18767
48282	18766
48283	18766
48284	18766
48285	18765
48286	18764
48287	18764
48288	18764
48289	18764
48290	18766
48291	18766
48292	18765
48293	18764
48294	18764
48295	18764
48296	18766
48297	18766
48298	18766
48299	18765
48300	18766
48301	18766
48302	18766
48303	18766
48304	18766
48305	18766
48306	18766
48307	18768
48308	18768
48309	18768
48310	18767
48311	18766
48312	18766
48313	18766
48314	18767
48315	18766
48316	18766
48317	18766
48318	18768
48319	18768
48320	18768
48321	18767
48322	18767
48323	18767
48324	18767
48325	18766
48326	18767
48327	18767
48328	18768
48329	18768
48330	18768
48331	18767
48332	18767
48333	18769
48334	18769
48335	18769
48336	18768
48337	18767
48338	18766
48339	18766
48340	18766
48341	18767
48342	18766
48343	18766
48344	18766
48345	18766
48346	18766
48347	18766
48348	18766
48349	18766
48350	18766
48351	18768
48352	18769
48353	18769
48354	18769
48355	18771
48356	18771
48357	18773
48358	18773
48359	18773
48360	18772
48361	18772
48362	18771
48363	18771
48364	18771
48365	18771
48366	18770
48367	18770
48368	18770
48369	18769
48370	18769
48371	18769
48372	18768
48373	18768
48374	18770
48375	18770
48376	18770
48377	18770
48378	18769
48379	18769
48380	18769
48381	18768
48382	18768
48383	18770
48384	18769
48385	18769
48386	18769
48387	18769
48388	18769
48389	18769
48390	18768
48391	18768
48392	18768
48393	18769
48394	18769
48395	18769
48396	18769
48397	18769
48398	18768
48399	18768
48400	18768
48401	18768
48402	18769
48403	18768
48404	18767
48405	18769
48406	18769
48407	18771
48408	18771
48409	18773
48410	18773
48411	18772
48412	18772
48413	18772
48414	18772
48415	18772
48416	18771
48417	18771
48418	18773
48419	18773
48420	18772
48421	18772
48422	18772
48423	18771
48424	18771
48425	18770
48426	18770
48427	18770
48428	18772
48429	18774
48430	18774
48431	18775
48432	18775
48433	18776
48434	18775
48435	18774
48436	18776
48437	18776
48438	18776
48439	18775
48440	18775
48441	18775
48442	18774
48443	18773
48444	18772
48445	18772
48446	18772
48447	18772
48448	18772
48449	18772
48450	18772
48451	18771
48452	18771
48453	18770
48454	18772
48455	18771
48456	18771
48457	18771
48458	18771
48459	18773
48460	18773
48461	18774
48462	18774
48463	18775
48464	18776
48465	18776
48466	18777
48467	18776
48468	18777
48469	18776
48470	18776
48471	18776
48472	18776
48473	18775
48474	18777
48475	18776
48476	18776
48477	18776
48478	18776
48479	18776
48480	18776
48481	18776
48482	18778
48483	18777
48484	18777
48485	18777
48486	18779
48487	18778
48488	18778
48489	18777
48490	18777
48491	18778
48492	18778
48493	18780
48494	18780
48495	18780
48496	18779
48497	18779
48498	18779
48499	18779
48500	18779
48501	18781
48502	18780
48503	18780
48504	18780
48505	18780
48506	18780
48507	18782
48508	18781
48509	18781
48510	18781
48511	18782
48512	18782
48513	18784
48514	18785
48515	18785
48516	18784
48517	18785
48518	18785
48519	18787
48520	18787
48521	18787
48522	18786
48523	18786
48524	18786
48525	18786
48526	18786
48527	18787
48528	18787
48529	18787
48530	18787
48531	18787
48532	18786
48533	18785
48534	18785
48535	18784
48536	18783
48537	18782
48538	18782
48539	18782
48540	18782
48541	18782
48542	18782
48543	18783
48544	18783
48545	18784
48546	18785
48547	18785
48548	18784
48549	18783
48550	18782
48551	18782
48552	18782
48553	18782
48554	18783
48555	18782
48556	18781
48557	18781
48558	18781
48559	18781
48560	18782
48561	18782
48562	18782
48563	18782
48564	18782
48565	18781
48566	18781
48567	18781
48568	18780
48569	18780
48570	18781
48571	18781
48572	18781
48573	18780
48574	18780
48575	18780
48576	18780
48577	18780
48578	18780
48579	18779
48580	18779
48581	18779
48582	18779
48583	18778
48584	18779
48585	18779
48586	18778
48587	18777
48588	18778
48589	18777
48590	18777
48591	18778
48592	18777
48593	18777
48594	18777
48595	18776
48596	18775
48597	18775
48598	18775
48599	18775
48600	18775
48601	18774
48602	18774
48603	18774
48604	18774
48605	18776
48606	18775
48607	18774
48608	18774
48609	18774
48610	18774
48611	18773
48612	18773
48613	18774
48614	18774
48615	18774
48616	18774
48617	18774
48618	18774
48619	18774
48620	18774
48621	18775
48622	18775
48623	18776
48624	18775
48625	18776
48626	18775
48627	18776
48628	18776
48629	18776
48630	18776
48631	18775
48632	18775
48633	18774
48634	18774
48635	18773
48636	18775
48637	18775
48638	18776
48639	18776
48640	18776
48641	18776
48642	18776
48643	18778
48644	18777
48645	18777
48646	18777
48647	18777
48648	18777
48649	18777
48650	18778
48651	18778
48652	18778
48653	18777
48654	18777
48655	18777
48656	18777
48657	18777
48658	18778
48659	18778
48660	18778
48661	18778
48662	18778
48663	18780
48664	18780
48665	18781
48666	18781
48667	18781
48668	18781
48669	18781
48670	18781
48671	18780
48672	18779
48673	18778
48674	18778
48675	18777
48676	18776
48677	18775
48678	18775
48679	18775
48680	18775
48681	18774
48682	18773
48683	18774
48684	18773
48685	18774
48686	18774
48687	18774
48688	18774
48689	18774
48690	18775
48691	18775
48692	18775
48693	18775
48694	18774
48695	18773
48696	18773
48697	18773
48698	18772
48699	18772
48700	18771
48701	18770
48702	18770
48703	18772
48704	18771
48705	18771
48706	18771
48707	18771
48708	18770
48709	18772
48710	18772
48711	18772
48712	18772
48713	18771
48714	18771
48715	18771
48716	18771
48717	18771
48718	18770
48719	18769
48720	18769
48721	18769
48722	18769
48723	18771
48724	18770
48725	18770
48726	18770
48727	18769
48728	18768
48729	18768
48730	18767
48731	18767
48732	18767
48733	18767
48734	18767
48735	18766
48736	18766
48737	18767
48738	18766
48739	18766
48740	18765
48741	18765
48742	18765
48743	18766
48744	18767
48745	18767
48746	18768
48747	18767
48748	18767
48749	18767
48750	18767
48751	18767
48752	18767
48753	18766
48754	18766
48755	18767
48756	18767
48757	18767
48758	18769
48759	18769
48760	18769
48761	18769
48762	18768
48763	18767
48764	18767
48765	18767
48766	18768
48767	18768
48768	18769
48769	18769
48770	18769
48771	18769
48772	18769
48773	18768
48774	18767
48775	18768
48776	18768
48777	18768
48778	18769
48779	18769
48780	18769
48781	18769
48782	18768
48783	18768
48784	18768
48785	18768
48786	18769
48787	18769
48788	18769
48789	18768
48790	18768
48791	18768
48792	18768
48793	18768
48794	18770
48795	18770
48796	18772
48797	18772
48798	18772
48799	18771
48800	18771
48801	18771
48802	18770
48803	18770
48804	18771
48805	18771
48806	18770
48807	18769
48808	18768
48809	18768
48810	18768
48811	18767
48812	18768
48813	18768
48814	18768
48815	18767
48816	18767
48817	18767
48818	18767
48819	18769
48820	18768
48821	18768
48822	18769
48823	18768
48824	18768
48825	18768
48826	18768
48827	18767
48828	18767
48829	18767
48830	18766
48831	18766
48832	18765
48833	18764
48834	18764
48835	18766
48836	18765
48837	18764
48838	18765
48839	18765
48840	18765
48841	18764
48842	18764
48843	18764
48844	18764
48845	18764
48846	18765
48847	18765
48848	18766
48849	18765
48850	18767
48851	18767
48852	18769
48853	18769
48854	18769
48855	18769
48856	18769
48857	18769
48858	18768
48859	18767
48860	18767
48861	18767
48862	18768
48863	18767
48864	18766
48865	18766
48866	18766
48867	18766
48868	18767
48869	18767
48870	18767
48871	18766
48872	18765
48873	18765
48874	18765
48875	18767
48876	18766
48877	18766
48878	18766
48879	18765
48880	18765
48881	18764
48882	18765
48883	18765
48884	18765
48885	18765
48886	18766
48887	18766
48888	18765
48889	18765
48890	18765
48891	18765
48892	18765
48893	18765
48894	18765
48895	18766
48896	18766
48897	18767
48898	18767
48899	18767
48900	18766
48901	18765
48902	18765
48903	18767
48904	18767
48905	18768
48906	18768
48907	18768
48908	18768
48909	18767
48910	18767
48911	18767
48912	18767
48913	18767
48914	18767
48915	18767
48916	18767
48917	18769
48918	18768
48919	18767
48920	18768
48921	18768
48922	18769
48923	18769
48924	18771
48925	18770
48926	18770
48927	18770
48928	18770
48929	18770
48930	18769
48931	18768
48932	18769
48933	18768
48934	18767
48935	18766
48936	18766
48937	18765
48938	18766
48939	18766
48940	18766
48941	18765
48942	18764
48943	18764
48944	18763
48945	18762
48946	18764
48947	18764
48948	18764
48949	18763
48950	18763
48951	18763
48952	18763
48953	18763
48954	18763
48955	18763
48956	18765
48957	18765
48958	18765
48959	18765
48960	18764
48961	18764
48962	18765
48963	18765
48964	18767
48965	18767
48966	18767
48967	18769
48968	18770
48969	18772
48970	18772
48971	18773
48972	18772
48973	18772
48974	18772
48975	18772
48976	18772
48977	18774
48978	18774
48979	18775
48980	18775
48981	18775
48982	18775
48983	18774
48984	18774
48985	18774
48986	18774
48987	18776
48988	18776
48989	18776
48990	18775
48991	18775
48992	18776
48993	18776
48994	18776
48995	18775
48996	18775
48997	18775
48998	18775
48999	18774
49000	18774
49001	18774
49002	18773
49003	18772
49004	18771
49005	18771
49006	18771
49007	18771
49008	18772
49009	18771
49010	18771
49011	18771
49012	18773
49013	18774
49014	18774
49015	18775
49016	18775
49017	18776
49018	18776
49019	18775
49020	18775
49021	18774
49022	18775
49023	18775
49024	18775
49025	18776
49026	18776
49027	18776
49028	18776
49029	18776
49030	18776
49031	18776
49032	18776
49033	18775
49034	18776
49035	18775
49036	18775
49037	18776
49038	18776
49039	18777
49040	18776
49041	18776
49042	18775
49043	18775
49044	18775
49045	18774
49046	18773
49047	18774
49048	18774
49049	18774
49050	18774
49051	18774
49052	18774
49053	18774
49054	18773
49055	18775
49056	18775
49057	18776
49058	18776
49059	18776
49060	18775
49061	18774
49062	18773
49063	18773
49064	18775
49065	18775
49066	18775
49067	18774
49068	18774
49069	18774
49070	18774
49071	18773
49072	18774
49073	18773
49074	18774
49075	18774
49076	18774
49077	18773
49078	18773
49079	18774
49080	18774
49081	18775
49082	18775
49083	18775
49084	18775
49085	18775
49086	18775
49087	18774
49088	18774
49089	18774
49090	18774
49091	18773
49092	18772
49093	18772
49094	18771
49095	18770
49096	18769
49097	18768
49098	18767
49099	18766
49100	18768
49101	18768
49102	18767
49103	18767
49104	18766
49105	18766
49106	18765
49107	18766
49108	18766
49109	18766
49110	18766
49111	18766
49112	18766
49113	18766
49114	18766
49115	18767
49116	18766
49117	18768
49118	18767
49119	18766
49120	18766
49121	18766
49122	18767
49123	18767
49124	18766
49125	18767
49126	18767
49127	18768
49128	18768
49129	18767
49130	18767
49131	18766
49132	18767
49133	18767
49134	18768
49135	18767
49136	18767
49137	18767
49138	18767
49139	18767
49140	18769
49141	18770
49142	18770
49143	18770
49144	18769
49145	18770
49146	18770
49147	18770
49148	18770
49149	18770
49150	18772
49151	18772
49152	18772
49153	18771
49154	18770
49155	18770
49156	18770
49157	18769
49158	18768
49159	18767
49160	18767
49161	18767
49162	18767
49163	18767
49164	18767
49165	18767
49166	18769
49167	18769
49168	18769
49169	18770
49170	18770
49171	18772
49172	18772
49173	18774
49174	18774
49175	18774
49176	18774
49177	18773
49178	18773
49179	18773
49180	18774
49181	18774
49182	18774
49183	18773
49184	18773
49185	18772
49186	18771
49187	18770
49188	18770
49189	18770
49190	18769
49191	18769
49192	18769
49193	18768
49194	18768
49195	18768
49196	18767
49197	18769
49198	18769
49199	18770
49200	18769
49201	18771
49202	18771
49203	18772
49204	18772
49205	18773
49206	18773
49207	18772
49208	18772
49209	18771
49210	18772
49211	18772
49212	18771
49213	18771
49214	18770
49215	18770
49216	18769
49217	18768
49218	18768
49219	18768
49220	18768
49221	18768
49222	18767
49223	18767
49224	18769
49225	18769
49226	18771
49227	18770
49228	18770
49229	18770
49230	18770
49231	18770
49232	18770
49233	18772
49234	18771
49235	18771
49236	18770
49237	18770
49238	18770
49239	18770
49240	18770
49241	18770
49242	18770
49243	18769
49244	18768
49245	18769
49246	18768
49247	18768
49248	18770
49249	18770
49250	18770
49251	18770
49252	18770
49253	18770
49254	18770
49255	18770
49256	18770
49257	18770
49258	18772
49259	18772
49260	18773
49261	18773
49262	18774
49263	18773
49264	18774
49265	18774
49266	18775
49267	18774
49268	18774
49269	18773
49270	18773
49271	18773
49272	18773
49273	18773
49274	18773
49275	18773
49276	18772
49277	18772
49278	18771
49279	18770
49280	18770
49281	18769
49282	18768
49283	18768
49284	18768
49285	18768
49286	18768
49287	18767
49288	18768
49289	18768
49290	18768
49291	18768
49292	18768
49293	18767
49294	18768
49295	18767
49296	18768
49297	18768
49298	18768
49299	18768
49300	18768
49301	18768
49302	18768
49303	18767
49304	18767
49305	18767
49306	18769
49307	18768
49308	18769
49309	18768
49310	18768
49311	18768
49312	18770
49313	18770
49314	18770
49315	18770
49316	18770
49317	18770
49318	18770
49319	18769
49320	18771
49321	18773
49322	18773
49323	18772
49324	18772
49325	18772
49326	18772
49327	18774
49328	18774
49329	18776
49330	18775
49331	18775
49332	18775
49333	18775
49334	18775
49335	18774
49336	18773
49337	18773
49338	18773
49339	18774
49340	18773
49341	18773
49342	18773
49343	18773
49344	18775
49345	18775
49346	18774
49347	18773
49348	18773
49349	18773
49350	18773
49351	18773
49352	18773
49353	18773
49354	18773
49355	18772
49356	18771
49357	18771
49358	18771
49359	18771
49360	18773
49361	18773
49362	18775
49363	18774
49364	18774
49365	18774
49366	18774
49367	18773
49368	18772
49369	18772
49370	18772
49371	18773
49372	18772
49373	18774
49374	18775
49375	18775
49376	18777
49377	18777
49378	18776
49379	18776
49380	18776
49381	18776
49382	18775
49383	18774
49384	18773
49385	18772
49386	18772
49387	18773
49388	18773
49389	18773
49390	18773
49391	18773
49392	18773
49393	18773
49394	18773
49395	18773
49396	18775
49397	18775
49398	18776
49399	18776
49400	18775
49401	18774
49402	18773
49403	18773
49404	18772
49405	18771
49406	18773
49407	18773
49408	18773
49409	18774
49410	18773
49411	18775
49412	18774
49413	18773
49414	18772
49415	18772
49416	18771
49417	18771
49418	18773
49419	18773
49420	18772
49421	18771
49422	18770
49423	18770
49424	18770
49425	18772
49426	18772
49427	18771
49428	18771
49429	18771
49430	18771
49431	18770
49432	18770
49433	18769
49434	18768
49435	18768
49436	18767
49437	18767
49438	18766
49439	18766
49440	18766
49441	18767
49442	18766
49443	18767
49444	18769
49445	18769
49446	18768
49447	18767
49448	18767
49449	18767
49450	18767
49451	18767
49452	18767
49453	18768
49454	18768
49455	18769
49456	18769
49457	18769
49458	18768
49459	18768
49460	18768
49461	18767
49462	18767
49463	18766
49464	18766
49465	18768
49466	18770
49467	18770
49468	18769
49469	18768
49470	18767
49471	18767
49472	18767
49473	18766
49474	18766
49475	18768
49476	18770
49477	18770
49478	18769
49479	18769
49480	18769
49481	18768
49482	18770
49483	18770
49484	18770
49485	18769
49486	18769
49487	18769
49488	18769
49489	18768
49490	18768
49491	18767
49492	18767
49493	18767
49494	18767
49495	18766
49496	18765
49497	18767
49498	18767
49499	18767
49500	18767
49501	18767
49502	18767
49503	18767
49504	18767
49505	18767
49506	18767
49507	18766
49508	18767
49509	18767
49510	18768
49511	18767
49512	18768
49513	18768
49514	18769
49515	18770
49516	18770
49517	18770
49518	18769
49519	18769
49520	18768
49521	18768
49522	18768
49523	18767
49524	18769
49525	18769
49526	18768
49527	18769
49528	18770
49529	18769
49530	18769
49531	18769
49532	18768
49533	18768
49534	18768
49535	18767
49536	18769
49537	18769
49538	18769
49539	18769
49540	18770
49541	18769
49542	18768
49543	18768
49544	18768
49545	18768
49546	18768
49547	18770
49548	18769
49549	18768
49550	18768
49551	18768
49552	18767
49553	18766
49554	18766
49555	18768
49556	18767
49557	18767
49558	18769
49559	18768
49560	18770
49561	18770
49562	18772
49563	18772
49564	18772
49565	18771
49566	18771
49567	18771
49568	18771
49569	18771
49570	18771
49571	18773
49572	18773
49573	18773
49574	18773
49575	18773
49576	18772
49577	18771
49578	18770
49579	18770
49580	18770
49581	18770
49582	18771
49583	18770
49584	18769
49585	18768
49586	18767
49587	18767
49588	18767
49589	18767
49590	18767
49591	18769
49592	18769
49593	18770
49594	18772
49595	18772
49596	18773
49597	18772
49598	18771
49599	18773
49600	18773
49601	18772
49602	18771
49603	18770
49604	18769
49605	18768
49606	18768
49607	18768
49608	18767
49609	18767
49610	18767
49611	18769
49612	18769
49613	18769
49614	18769
49615	18768
49616	18768
49617	18767
49618	18767
49619	18767
49620	18769
49621	18768
49622	18768
49623	18768
49624	18767
49625	18767
49626	18766
49627	18768
49628	18768
49629	18768
49630	18768
49631	18767
49632	18767
49633	18767
49634	18767
49635	18767
49636	18766
49637	18766
49638	18766
49639	18767
49640	18767
49641	18768
49642	18768
49643	18767
49644	18766
49645	18766
49646	18766
49647	18768
49648	18767
49649	18767
49650	18766
49651	18766
49652	18766
49653	18767
49654	18766
49655	18766
49656	18765
49657	18765
49658	18764
49659	18764
49660	18766
49661	18766
49662	18768
49663	18768
49664	18767
49665	18766
49666	18766
49667	18765
49668	18765
49669	18765
49670	18765
49671	18765
49672	18767
49673	18767
49674	18769
49675	18768
49676	18767
49677	18766
49678	18765
49679	18765
49680	18764
49681	18764
49682	18764
49683	18764
49684	18763
49685	18763
49686	18763
49687	18763
49688	18764
49689	18764
49690	18764
49691	18763
49692	18763
49693	18762
49694	18762
49695	18763
49696	18762
49697	18764
49698	18764
49699	18764
49700	18764
49701	18764
49702	18764
49703	18764
49704	18764
49705	18764
49706	18763
49707	18763
49708	18763
49709	18763
49710	18762
49711	18762
49712	18762
49713	18761
49714	18761
49715	18762
49716	18762
49717	18763
49718	18763
49719	18765
49720	18765
49721	18765
49722	18765
49723	18765
49724	18764
49725	18764
49726	18765
49727	18765
49728	18765
49729	18767
49730	18767
49731	18767
49732	18769
49733	18769
49734	18770
49735	18770
49736	18770
49737	18770
49738	18770
49739	18770
49740	18770
49741	18772
49742	18772
49743	18771
49744	18770
49745	18769
49746	18768
49747	18768
49748	18768
49749	18768
49750	18767
49751	18766
49752	18766
49753	18766
49754	18768
49755	18768
49756	18768
49757	18767
49758	18767
49759	18766
49760	18766
49761	18765
49762	18764
49763	18766
49764	18766
49765	18766
49766	18766
49767	18766
49768	18766
49769	18765
49770	18767
49771	18766
49772	18767
49773	18767
49774	18768
49775	18767
49776	18769
49777	18770
49778	18770
49779	18772
49780	18772
49781	18772
49782	18773
49783	18773
49784	18773
49785	18773
49786	18775
49787	18775
49788	18775
49789	18775
49790	18774
49791	18773
49792	18772
49793	18772
49794	18774
49795	18774
49796	18776
49797	18776
49798	18776
49799	18777
49800	18776
49801	18777
49802	18777
49803	18776
49804	18776
49805	18776
49806	18775
49807	18775
49808	18775
49809	18774
49810	18773
49811	18772
49812	18772
49813	18772
49814	18772
49815	18772
49816	18771
49817	18771
49818	18770
49819	18770
49820	18770
49821	18770
49822	18770
49823	18770
49824	18772
49825	18771
49826	18771
49827	18771
49828	18773
49829	18772
49830	18772
49831	18772
49832	18771
49833	18771
49834	18771
49835	18770
49836	18770
49837	18770
49838	18772
49839	18771
49840	18772
49841	18771
49842	18772
49843	18774
49844	18774
49845	18775
49846	18775
49847	18775
49848	18775
49849	18774
49850	18773
49851	18772
49852	18771
49853	18773
49854	18773
49855	18773
49856	18773
49857	18773
49858	18773
49859	18773
49860	18774
49861	18776
49862	18776
49863	18776
49864	18776
49865	18776
49866	18776
49867	18776
49868	18776
49869	18775
49870	18775
49871	18775
49872	18775
49873	18776
49874	18776
49875	18776
49876	18777
49877	18778
49878	18777
49879	18777
49880	18778
49881	18778
49882	18778
49883	18780
49884	18780
49885	18781
49886	18781
49887	18783
49888	18782
49889	18784
49890	18784
49891	18785
49892	18784
49893	18783
49894	18783
49895	18783
49896	18782
49897	18781
49898	18780
49899	18780
49900	18782
49901	18781
49902	18781
49903	18780
49904	18779
49905	18778
49906	18777
49907	18777
49908	18777
49909	18779
49910	18779
49911	18778
49912	18778
49913	18778
49914	18778
49915	18778
49916	18777
49917	18776
49918	18776
49919	18776
49920	18777
49921	18777
49922	18777
49923	18777
49924	18776
49925	18776
49926	18776
49927	18775
49928	18775
49929	18775
49930	18775
49931	18775
49932	18774
49933	18773
49934	18774
49935	18774
49936	18773
49937	18772
49938	18772
49939	18771
49940	18771
49941	18772
49942	18772
49943	18772
49944	18771
49945	18772
49946	18772
49947	18772
49948	18772
49949	18772
49950	18771
49951	18771
49952	18773
49953	18773
49954	18775
49955	18774
49956	18774
49957	18773
49958	18773
49959	18774
49960	18774
49961	18774
49962	18773
49963	18773
49964	18774
49965	18774
49966	18773
49967	18774
49968	18773
49969	18773
49970	18773
49971	18773
49972	18772
49973	18772
49974	18771
49975	18771
49976	18772
49977	18772
49978	18772
49979	18771
49980	18771
49981	18771
49982	18771
49983	18771
49984	18770
49985	18770
49986	18770
49987	18770
49988	18770
49989	18769
49990	18769
49991	18768
49992	18768
49993	18768
49994	18768
49995	18768
49996	18769
49997	18769
49998	18769
49999	18769
50000	18769
50001	18769
50002	18768
50003	18768
50004	18769
50005	18768
50006	18768
50007	18769
50008	18768
50009	18768
50010	18768
50011	18768
50012	18768
50013	18769
50014	18771
50015	18771
50016	18770
50017	18770
50018	18769
50019	18769
50020	18769
50021	18768
50022	18769
50023	18768
50024	18768
50025	18768
50026	18767
50027	18767
50028	18767
50029	18767
50030	18767
50031	18766
50032	18767
50033	18767
50034	18766
50035	18766
50036	18767
50037	18767
50038	18768
50039	18768
50040	18769
50041	18770
50042	18770
50043	18769
50044	18769
50045	18769
50046	18769
50047	18769
50048	18769
50049	18769
50050	18769
50051	18769
50052	18771
50053	18771
50054	18773
50055	18773
50056	18772
50057	18772
50058	18772
50059	18772
50060	18773
50061	18772
50062	18772
50063	18774
50064	18774
50065	18776
50066	18776
50067	18777
50068	18777
50069	18777
50070	18777
50071	18777
50072	18777
50073	18779
50074	18779
50075	18780
50076	18780
50077	18780
50078	18780
50079	18779
50080	18779
50081	18779
50082	18779
50083	18781
50084	18780
50085	18782
50086	18782
50087	18781
50088	18783
50089	18785
50090	18785
50091	18785
50092	18785
50093	18784
50094	18783
50095	18783
50096	18782
50097	18781
50098	18783
50099	18783
50100	18785
50101	18785
50102	18784
50103	18784
50104	18783
50105	18782
50106	18781
50107	18781
50108	18780
50109	18779
50110	18778
50111	18778
50112	18777
50113	18776
50114	18776
50115	18776
50116	18775
50117	18774
50118	18774
50119	18773
50120	18773
50121	18773
50122	18773
50123	18773
50124	18773
50125	18773
50126	18772
50127	18772
50128	18772
50129	18771
50130	18771
50131	18770
50132	18771
50133	18771
50134	18771
50135	18771
50136	18770
50137	18770
50138	18769
50139	18769
50140	18770
50141	18770
50142	18772
50143	18771
50144	18771
50145	18770
50146	18772
50147	18772
50148	18773
50149	18773
50150	18773
50151	18773
50152	18772
50153	18772
50154	18771
50155	18771
50156	18773
50157	18773
50158	18775
50159	18775
50160	18776
50161	18776
50162	18778
50163	18778
50164	18777
50165	18776
50166	18776
50167	18775
50168	18775
50169	18775
50170	18774
50171	18774
50172	18774
50173	18773
50174	18772
50175	18771
50176	18773
50177	18773
50178	18773
50179	18772
50180	18772
50181	18772
50182	18771
50183	18772
50184	18772
50185	18771
50186	18771
50187	18771
50188	18770
50189	18770
50190	18769
50191	18769
50192	18768
50193	18768
50194	18767
50195	18766
50196	18765
50197	18764
50198	18764
50199	18764
50200	18766
50201	18766
50202	18766
50203	18765
50204	18767
50205	18766
50206	18766
50207	18766
50208	18765
50209	18765
50210	18765
50211	18764
50212	18764
50213	18764
50214	18764
50215	18763
50216	18762
50217	18761
50218	18761
50219	18761
50220	18762
50221	18762
50222	18762
50223	18762
50224	18761
50225	18761
50226	18761
50227	18761
50228	18762
50229	18762
50230	18763
50231	18763
50232	18764
50233	18766
50234	18765
50235	18766
50236	18765
50237	18765
50238	18765
50239	18765
50240	18764
50241	18764
50242	18764
50243	18764
50244	18764
50245	18764
50246	18764
50247	18766
50248	18765
50249	18765
50250	18766
50251	18766
50252	18768
50253	18767
50254	18767
50255	18769
50256	18771
50257	18771
50258	18771
50259	18770
50260	18769
50261	18769
50262	18768
50263	18770
50264	18772
50265	18772
50266	18772
50267	18771
50268	18771
50269	18771
50270	18773
50271	18772
50272	18771
50273	18771
50274	18771
50275	18770
50276	18769
50277	18769
50278	18769
50279	18769
50280	18769
50281	18769
50282	18769
50283	18769
50284	18769
50285	18769
50286	18768
50287	18768
50288	18768
50289	18768
50290	18768
50291	18768
50292	18767
50293	18767
50294	18766
50295	18766
50296	18766
50297	18765
50298	18766
50299	18765
50300	18765
50301	18765
50302	18765
50303	18764
50304	18763
50305	18764
50306	18764
50307	18764
50308	18764
50309	18764
50310	18764
50311	18763
50312	18764
50313	18764
50314	18765
50315	18765
50316	18767
50317	18766
50318	18767
50319	18767
50320	18769
50321	18769
50322	18769
50323	18768
50324	18767
50325	18767
50326	18767
50327	18767
50328	18767
50329	18766
50330	18768
50331	18768
50332	18769
50333	18768
50334	18767
50335	18769
50336	18769
50337	18771
50338	18770
50339	18772
50340	18772
50341	18771
50342	18771
50343	18770
50344	18769
50345	18771
50346	18771
50347	18773
50348	18774
50349	18774
50350	18776
50351	18776
50352	18775
50353	18776
50354	18776
50355	18776
50356	18775
50357	18776
50358	18775
50359	18774
50360	18773
50361	18773
50362	18772
50363	18772
50364	18772
50365	18772
50366	18772
50367	18772
50368	18772
50369	18771
50370	18770
50371	18769
50372	18768
50373	18768
50374	18767
50375	18767
50376	18766
50377	18767
50378	18767
50379	18767
50380	18767
50381	18766
50382	18766
50383	18766
50384	18768
50385	18767
50386	18768
50387	18769
50388	18769
50389	18769
50390	18768
50391	18768
50392	18769
50393	18769
50394	18768
50395	18768
50396	18767
50397	18767
50398	18767
50399	18767
50400	18766
50401	18766
50402	18765
50403	18764
50404	18764
50405	18763
50406	18763
50407	18762
50408	18761
50409	18760
50410	18759
50411	18760
50412	18760
50413	18760
50414	18760
50415	18760
50416	18759
50417	18758
50418	18760
50419	18759
50420	18759
50421	18759
50422	18760
50423	18760
50424	18761
50425	18761
50426	18761
50427	18762
50428	18762
50429	18761
50430	18761
50431	18760
50432	18760
50433	18760
50434	18762
50435	18762
50436	18763
50437	18763
50438	18764
50439	18764
50440	18766
50441	18766
50442	18766
50443	18765
50444	18765
50445	18764
50446	18764
50447	18763
50448	18763
50449	18765
50450	18765
50451	18765
50452	18764
50453	18763
50454	18764
50455	18764
50456	18764
50457	18764
50458	18763
50459	18762
50460	18762
50461	18762
50462	18762
50463	18761
50464	18760
50465	18760
50466	18760
50467	18760
50468	18759
50469	18758
50470	18757
50471	18757
50472	18756
50473	18756
50474	18756
50475	18755
50476	18755
50477	18755
50478	18754
50479	18756
50480	18758
50481	18758
50482	18758
50483	18760
50484	18760
50485	18759
50486	18758
50487	18758
50488	18757
50489	18756
50490	18756
50491	18758
50492	18758
50493	18759
50494	18760
50495	18760
50496	18760
50497	18760
50498	18759
50499	18759
50500	18758
50501	18758
50502	18758
50503	18757
50504	18756
50505	18756
50506	18756
50507	18756
50508	18756
50509	18755
50510	18755
50511	18755
50512	18755
50513	18756
50514	18756
50515	18758
50516	18757
50517	18757
50518	18756
50519	18757
50520	18757
50521	18757
50522	18756
50523	18756
50524	18756
50525	18755
50526	18755
50527	18756
50528	18756
50529	18756
50530	18756
50531	18755
50532	18755
50533	18755
50534	18756
50535	18757
50536	18757
50537	18756
50538	18755
50539	18754
50540	18754
50541	18754
50542	18756
50543	18756
50544	18756
50545	18756
50546	18756
50547	18756
50548	18755
50549	18755
50550	18756
50551	18757
50552	18757
50553	18757
50554	18757
50555	18756
50556	18756
50557	18755
50558	18755
50559	18755
50560	18755
50561	18755
50562	18755
50563	18756
50564	18755
50565	18756
50566	18755
50567	18755
50568	18757
50569	18758
50570	18758
50571	18760
50572	18760
50573	18760
50574	18760
50575	18760
50576	18762
50577	18761
50578	18761
50579	18760
50580	18760
50581	18760
50582	18760
50583	18759
50584	18758
50585	18758
50586	18758
50587	18757
50588	18757
50589	18757
50590	18757
50591	18757
50592	18756
50593	18756
50594	18757
50595	18757
50596	18757
50597	18756
50598	18756
50599	18756
50600	18756
50601	18757
50602	18757
50603	18758
50604	18757
50605	18759
50606	18760
50607	18759
50608	18761
50609	18761
50610	18761
50611	18761
50612	18761
50613	18761
50614	18761
50615	18761
50616	18761
50617	18763
50618	18763
50619	18765
50620	18764
50621	18764
50622	18765
50623	18765
50624	18765
50625	18764
50626	18763
50627	18764
50628	18764
50629	18766
50630	18766
50631	18765
50632	18764
50633	18764
50634	18764
50635	18763
50636	18763
50637	18763
50638	18763
50639	18763
50640	18763
50641	18763
50642	18764
50643	18764
50644	18764
50645	18764
50646	18764
50647	18764
50648	18763
50649	18763
50650	18763
50651	18763
50652	18762
50653	18763
50654	18763
50655	18764
50656	18763
50657	18765
50658	18764
50659	18766
50660	18766
50661	18765
50662	18764
50663	18764
50664	18763
50665	18763
50666	18763
50667	18762
50668	18763
50669	18763
50670	18764
50671	18764
50672	18764
50673	18764
50674	18766
50675	18766
50676	18768
50677	18770
50678	18770
50679	18771
50680	18771
50681	18772
50682	18771
50683	18771
50684	18770
50685	18770
50686	18770
50687	18770
50688	18769
50689	18769
50690	18768
50691	18767
50692	18767
50693	18766
50694	18765
50695	18765
50696	18765
50697	18765
50698	18765
50699	18765
50700	18765
50701	18765
50702	18764
50703	18763
50704	18763
50705	18763
50706	18763
50707	18762
50708	18762
50709	18762
50710	18764
50711	18763
50712	18763
50713	18763
50714	18763
50715	18763
50716	18763
50717	18763
50718	18764
50719	18763
50720	18763
50721	18762
50722	18761
50723	18763
50724	18763
50725	18764
50726	18763
50727	18765
50728	18765
50729	18766
50730	18766
50731	18766
50732	18765
50733	18764
50734	18763
50735	18764
50736	18763
50737	18763
50738	18764
50739	18764
50740	18763
50741	18762
50742	18761
50743	18761
50744	18760
50745	18759
50746	18759
50747	18759
50748	18758
50749	18757
50750	18757
50751	18757
50752	18756
50753	18758
50754	18758
50755	18758
50756	18758
50757	18758
50758	18757
50759	18757
50760	18756
50761	18756
50762	18756
50763	18755
50764	18754
50765	18753
50766	18752
50767	18752
50768	18753
50769	18752
50770	18753
50771	18752
50772	18753
50773	18753
50774	18753
50775	18753
50776	18752
50777	18752
50778	18752
50779	18752
50780	18752
50781	18751
50782	18751
50783	18751
50784	18751
50785	18750
50786	18749
50787	18751
50788	18750
50789	18750
50790	18749
50791	18749
50792	18750
50793	18750
50794	18750
50795	18750
50796	18750
50797	18750
50798	18749
50799	18749
50800	18749
50801	18749
50802	18748
50803	18748
50804	18747
50805	18747
50806	18747
50807	18749
50808	18749
50809	18750
50810	18750
50811	18752
50812	18752
50813	18752
50814	18751
50815	18751
50816	18751
50817	18750
50818	18752
50819	18752
50820	18752
50821	18751
50822	18751
50823	18750
50824	18750
50825	18752
50826	18751
50827	18751
50828	18751
50829	18750
50830	18749
50831	18749
50832	18749
50833	18748
50834	18748
50835	18748
50836	18748
50837	18747
50838	18747
50839	18748
50840	18747
50841	18746
50842	18746
50843	18746
50844	18745
50845	18744
50846	18745
50847	18746
50848	18746
50849	18747
50850	18747
50851	18748
50852	18750
50853	18750
50854	18751
50855	18751
50856	18753
50857	18753
50858	18752
50859	18752
50860	18751
50861	18751
50862	18751
50863	18751
50864	18752
50865	18752
50866	18751
50867	18751
50868	18751
50869	18750
50870	18750
50871	18751
50872	18751
50873	18751
50874	18751
50875	18750
50876	18751
50877	18751
50878	18752
50879	18752
50880	18753
50881	18753
50882	18753
50883	18753
50884	18753
50885	18752
50886	18752
50887	18752
50888	18752
50889	18753
50890	18753
50891	18752
50892	18752
50893	18752
50894	18754
50895	18756
50896	18756
50897	18756
50898	18758
50899	18758
50900	18758
50901	18757
50902	18757
50903	18757
50904	18757
50905	18757
50906	18757
50907	18757
50908	18757
50909	18759
50910	18759
50911	18760
50912	18760
50913	18760
50914	18760
50915	18760
50916	18760
50917	18760
50918	18761
50919	18761
50920	18763
50921	18762
50922	18762
50923	18762
50924	18762
50925	18762
50926	18762
50927	18762
50928	18762
50929	18762
50930	18762
50931	18761
50932	18761
50933	18761
50934	18760
50935	18760
50936	18760
50937	18759
50938	18759
50939	18759
50940	18759
50941	18759
50942	18759
50943	18759
50944	18758
50945	18758
50946	18759
50947	18759
50948	18761
50949	18761
50950	18761
50951	18763
50952	18762
50953	18762
50954	18762
50955	18762
50956	18762
50957	18762
50958	18761
50959	18761
50960	18761
50961	18761
50962	18763
50963	18763
50964	18763
50965	18763
50966	18762
50967	18762
50968	18762
50969	18762
50970	18762
50971	18762
50972	18761
50973	18760
50974	18760
50975	18760
50976	18760
50977	18760
50978	18760
50979	18760
50980	18760
50981	18762
50982	18762
50983	18762
50984	18762
50985	18762
50986	18762
50987	18762
50988	18761
50989	18763
50990	18763
50991	18765
50992	18765
50993	18766
50994	18766
50995	18767
50996	18768
50997	18768
50998	18767
50999	18767
51000	18767
51001	18766
51002	18766
51003	18766
51004	18766
51005	18766
51006	18766
51007	18766
51008	18768
51009	18768
51010	18768
51011	18768
51012	18768
51013	18768
51014	18768
51015	18768
51016	18770
51017	18769
51018	18769
51019	18768
51020	18768
51021	18767
51022	18768
51023	18769
51024	18769
51025	18769
51026	18769
51027	18769
51028	18769
51029	18769
51030	18769
51031	18769
51032	18769
51033	18771
51034	18770
51035	18771
51036	18771
51037	18772
51038	18772
51039	18774
51040	18774
51041	18774
51042	18773
51043	18773
51044	18773
51045	18772
51046	18771
51047	18771
51048	18770
51049	18770
51050	18772
51051	18773
51052	18773
51053	18775
51054	18775
51055	18774
51056	18775
51057	18775
51058	18776
51059	18776
51060	18777
51061	18777
51062	18777
51063	18777
51064	18777
51065	18779
51066	18778
51067	18778
51068	18780
51069	18780
51070	18781
51071	18781
51072	18780
51073	18780
51074	18779
51075	18778
51076	18778
51077	18780
51078	18780
51079	18779
51080	18778
51081	18778
51082	18778
51083	18777
51084	18777
51085	18777
51086	18779
51087	18779
51088	18779
51089	18779
51090	18778
51091	18778
51092	18778
51093	18778
51094	18777
51095	18779
51096	18779
51097	18778
51098	18777
51099	18777
51100	18777
51101	18777
51102	18776
51103	18776
51104	18776
51105	18776
51106	18775
51107	18774
51108	18774
51109	18774
51110	18773
51111	18772
51112	18773
51113	18772
51114	18771
51115	18772
51116	18772
51117	18771
51118	18770
51119	18770
51120	18772
51121	18771
51122	18770
51123	18769
51124	18769
51125	18769
51126	18769
51127	18769
51128	18769
51129	18769
51130	18769
51131	18768
51132	18768
51133	18770
51134	18770
51135	18770
51136	18772
51137	18772
51138	18773
51139	18773
51140	18775
51141	18775
51142	18774
51143	18776
51144	18776
51145	18778
51146	18778
51147	18778
51148	18777
51149	18777
51150	18777
51151	18777
51152	18777
51153	18776
51154	18776
51155	18776
51156	18777
51157	18777
51158	18778
51159	18778
51160	18778
51161	18777
51162	18777
51163	18776
51164	18775
51165	18775
51166	18775
51167	18775
51168	18775
51169	18775
51170	18774
51171	18775
51172	18775
51173	18777
51174	18777
51175	18778
51176	18778
51177	18779
51178	18780
51179	18779
51180	18779
51181	18779
51182	18778
51183	18780
51184	18780
51185	18780
51186	18782
51187	18781
51188	18781
51189	18781
51190	18780
51191	18780
51192	18781
51193	18781
51194	18780
51195	18780
51196	18780
51197	18780
51198	18779
51199	18781
51200	18781
51201	18782
51202	18782
51203	18783
51204	18783
51205	18784
51206	18784
51207	18786
51208	18786
51209	18787
51210	18786
51211	18785
51212	18785
51213	18785
51214	18787
51215	18787
51216	18787
51217	18786
51218	18786
51219	18786
51220	18786
51221	18786
51222	18785
51223	18785
51224	18784
51225	18784
51226	18784
51227	18784
51228	18784
51229	18783
51230	18783
51231	18782
51232	18782
51233	18782
51234	18782
51235	18781
51236	18781
51237	18781
51238	18783
51239	18783
51240	18782
51241	18781
51242	18782
51243	18782
51244	18783
51245	18784
51246	18784
51247	18784
51248	18784
51249	18783
51250	18783
51251	18783
51252	18784
51253	18784
51254	18785
51255	18785
51256	18785
51257	18785
51258	18785
51259	18786
51260	18785
51261	18786
51262	18786
51263	18786
51264	18785
51265	18784
51266	18784
51267	18784
51268	18784
51269	18784
51270	18785
51271	18785
51272	18787
51273	18787
51274	18787
51275	18786
51276	18786
51277	18785
51278	18785
51279	18786
51280	18785
51281	18785
51282	18785
51283	18786
51284	18788
51285	18787
51286	18787
51287	18787
51288	18787
51289	18787
51290	18787
51291	18787
51292	18787
51293	18787
51294	18786
51295	18785
51296	18785
51297	18785
51298	18785
51299	18786
51300	18786
51301	18786
51302	18786
51303	18786
51304	18786
51305	18786
51306	18788
51307	18787
51308	18787
51309	18787
51310	18787
51311	18787
51312	18787
51313	18789
51314	18789
51315	18789
51316	18789
51317	18788
51318	18788
51319	18788
51320	18788
51321	18790
51322	18790
51323	18791
51324	18790
51325	18790
51326	18789
51327	18788
51328	18787
51329	18787
51330	18787
51331	18788
51332	18787
51333	18786
51334	18786
51335	18786
51336	18786
51337	18785
51338	18785
51339	18785
51340	18785
51341	18785
51342	18785
51343	18785
51344	18785
51345	18787
51346	18787
51347	18787
51348	18787
51349	18787
51350	18787
51351	18787
51352	18789
51353	18788
51354	18789
51355	18789
51356	18790
51357	18790
51358	18791
51359	18792
51360	18792
51361	18791
51362	18790
51363	18789
51364	18789
51365	18789
51366	18789
51367	18789
51368	18788
51369	18788
51370	18787
51371	18787
51372	18787
51373	18786
51374	18785
51375	18785
51376	18785
51377	18785
51378	18785
51379	18785
51380	18785
51381	18784
51382	18783
51383	18783
51384	18782
51385	18783
51386	18782
51387	18783
51388	18783
51389	18782
51390	18782
51391	18782
51392	18782
51393	18782
51394	18781
51395	18781
51396	18781
51397	18783
51398	18782
51399	18782
51400	18782
51401	18783
51402	18785
51403	18785
51404	18785
51405	18785
51406	18785
51407	18784
51408	18784
51409	18784
51410	18783
51411	18782
51412	18781
51413	18781
51414	18781
51415	18781
51416	18782
51417	18782
51418	18783
51419	18784
51420	18783
51421	18784
51422	18784
51423	18783
51424	18783
51425	18783
51426	18782
51427	18782
51428	18782
51429	18784
51430	18784
51431	18784
51432	18786
51433	18786
51434	18787
51435	18786
51436	18785
51437	18784
51438	18784
51439	18784
51440	18784
51441	18784
51442	18786
51443	18786
51444	18786
51445	18786
51446	18785
51447	18785
51448	18784
51449	18783
51450	18783
51451	18782
51452	18782
51453	18782
51454	18784
51455	18784
51456	18784
51457	18784
51458	18783
51459	18783
51460	18785
51461	18787
51462	18787
51463	18787
51464	18787
51465	18786
51466	18786
51467	18786
51468	18786
51469	18787
51470	18787
51471	18786
51472	18786
51473	18786
51474	18786
51475	18786
51476	18786
51477	18786
51478	18786
51479	18786
51480	18786
51481	18785
51482	18785
51483	18784
51484	18783
51485	18784
51486	18784
51487	18784
51488	18784
51489	18784
51490	18785
51491	18785
51492	18786
51493	18787
51494	18786
51495	18785
51496	18786
51497	18786
51498	18788
51499	18789
51500	18788
51501	18790
51502	18790
51503	18790
51504	18790
51505	18790
51506	18792
51507	18792
51508	18792
51509	18792
51510	18792
51511	18792
51512	18791
51513	18792
51514	18792
51515	18791
51516	18790
51517	18790
51518	18791
51519	18791
51520	18791
51521	18793
51522	18793
51523	18793
51524	18792
51525	18792
51526	18793
51527	18793
51528	18793
51529	18793
51530	18793
51531	18792
51532	18792
51533	18791
51534	18792
51535	18792
51536	18793
51537	18793
51538	18793
51539	18793
51540	18794
51541	18794
51542	18794
51543	18794
51544	18793
51545	18793
51546	18793
51547	18794
51548	18793
51549	18793
51550	18793
51551	18792
51552	18791
51553	18791
51554	18791
51555	18791
51556	18791
51557	18791
51558	18790
51559	18790
51560	18791
51561	18791
51562	18793
51563	18792
51564	18794
51565	18794
51566	18794
51567	18796
51568	18796
51569	18796
51570	18798
51571	18798
51572	18798
51573	18798
51574	18799
51575	18798
51576	18798
51577	18798
51578	18798
51579	18798
51580	18797
51581	18797
51582	18797
51583	18796
51584	18795
51585	18795
51586	18795
51587	18796
51588	18796
51589	18795
51590	18797
51591	18796
51592	18796
51593	18795
51594	18795
51595	18795
51596	18794
51597	18794
51598	18794
51599	18794
51600	18794
51601	18794
51602	18796
51603	18795
51604	18796
51605	18796
51606	18795
51607	18795
51608	18795
51609	18795
51610	18794
51611	18796
51612	18796
51613	18796
51614	18796
51615	18796
51616	18795
51617	18795
51618	18794
51619	18795
51620	18795
51621	18795
51622	18795
51623	18795
51624	18795
51625	18795
51626	18795
51627	18794
51628	18794
51629	18793
51630	18793
51631	18794
51632	18794
51633	18794
51634	18794
51635	18793
51636	18793
51637	18792
51638	18791
51639	18791
51640	18791
51641	18791
51642	18793
51643	18793
51644	18792
51645	18792
51646	18792
51647	18792
51648	18792
51649	18792
51650	18793
51651	18792
51652	18792
51653	18791
51654	18792
51655	18792
51656	18792
51657	18792
51658	18791
51659	18791
51660	18791
51661	18790
51662	18790
51663	18792
51664	18792
51665	18791
51666	18791
51667	18791
51668	18790
51669	18789
51670	18789
51671	18789
51672	18788
51673	18790
51674	18792
51675	18792
51676	18794
51677	18794
51678	18794
51679	18794
51680	18793
51681	18793
51682	18792
51683	18792
51684	18791
51685	18790
51686	18790
51687	18789
51688	18789
51689	18788
51690	18788
51691	18787
51692	18787
51693	18789
51694	18789
51695	18791
51696	18791
51697	18791
51698	18791
51699	18793
51700	18793
51701	18794
51702	18794
51703	18794
51704	18795
51705	18794
51706	18793
51707	18792
51708	18791
51709	18790
51710	18790
51711	18790
51712	18790
51713	18790
51714	18790
51715	18790
51716	18789
51717	18789
51718	18791
51719	18791
51720	18790
51721	18790
51722	18790
51723	18792
51724	18791
51725	18791
51726	18791
51727	18791
51728	18791
51729	18791
51730	18791
51731	18791
51732	18792
51733	18792
51734	18794
51735	18793
51736	18793
51737	18793
51738	18792
51739	18792
51740	18792
51741	18792
51742	18792
51743	18791
51744	18793
51745	18792
51746	18792
51747	18792
51748	18792
51749	18794
51750	18793
51751	18793
51752	18794
51753	18794
51754	18794
51755	18793
51756	18793
51757	18793
51758	18793
51759	18792
51760	18792
51761	18792
51762	18792
51763	18792
51764	18792
51765	18792
51766	18794
51767	18794
51768	18794
51769	18794
51770	18794
51771	18794
51772	18793
51773	18793
51774	18793
51775	18793
51776	18794
51777	18794
51778	18794
51779	18794
51780	18796
51781	18796
51782	18796
51783	18796
51784	18795
51785	18795
51786	18794
51787	18794
51788	18794
51789	18793
51790	18793
51791	18792
51792	18792
51793	18792
51794	18792
51795	18792
51796	18792
51797	18792
51798	18792
51799	18792
51800	18794
51801	18793
51802	18794
51803	18794
51804	18794
51805	18794
51806	18794
51807	18793
51808	18793
51809	18793
51810	18793
51811	18793
51812	18795
51813	18794
51814	18794
51815	18794
51816	18793
51817	18793
51818	18793
51819	18793
51820	18793
51821	18793
51822	18794
51823	18794
51824	18793
51825	18793
51826	18793
51827	18792
51828	18791
51829	18791
51830	18791
51831	18791
51832	18791
51833	18791
51834	18791
51835	18791
51836	18791
51837	18790
51838	18792
51839	18791
51840	18791
51841	18790
51842	18790
51843	18789
51844	18789
51845	18789
51846	18789
51847	18789
51848	18790
51849	18790
51850	18791
51851	18792
51852	18792
51853	18792
51854	18791
51855	18791
51856	18793
51857	18793
51858	18793
51859	18793
51860	18793
51861	18794
51862	18794
51863	18794
51864	18793
51865	18793
51866	18793
51867	18793
51868	18793
51869	18793
51870	18794
51871	18793
51872	18793
51873	18794
51874	18795
51875	18795
51876	18795
51877	18795
51878	18795
51879	18795
51880	18795
51881	18794
51882	18795
51883	18795
51884	18796
51885	18796
51886	18796
51887	18797
51888	18797
51889	18796
51890	18797
51891	18797
51892	18797
51893	18798
51894	18799
51895	18800
51896	18799
51897	18798
51898	18797
51899	18799
51900	18798
51901	18798
51902	18798
51903	18798
51904	18798
51905	18799
51906	18799
51907	18799
51908	18798
51909	18798
51910	18798
51911	18798
51912	18798
51913	18798
51914	18797
51915	18796
51916	18797
51917	18797
51918	18797
51919	18796
51920	18796
51921	18796
51922	18797
51923	18799
51924	18799
51925	18799
51926	18799
51927	18801
51928	18801
51929	18802
51930	18801
51931	18801
51932	18800
51933	18800
51934	18800
51935	18800
51936	18800
51937	18800
51938	18802
51939	18802
51940	18804
51941	18804
51942	18805
51943	18804
51944	18804
51945	18804
51946	18803
51947	18803
51948	18803
51949	18803
51950	18803
51951	18802
51952	18802
51953	18802
51954	18802
51955	18802
51956	18801
51957	18800
51958	18802
51959	18803
51960	18802
51961	18802
51962	18802
51963	18802
51964	18802
51965	18802
51966	18802
51967	18803
51968	18803
51969	18803
51970	18802
51971	18802
51972	18802
51973	18802
51974	18801
51975	18802
51976	18803
51977	18803
51978	18803
51979	18804
51980	18804
51981	18805
51982	18805
51983	18805
51984	18805
51985	18805
51986	18804
51987	18804
51988	18804
51989	18806
51990	18806
51991	18806
51992	18805
51993	18804
51994	18803
51995	18803
51996	18803
51997	18803
51998	18803
51999	18803
52000	18802
52001	18801
52002	18801
52003	18801
52004	18801
52005	18801
52006	18801
52007	18801
52008	18801
52009	18801
52010	18802
52011	18801
52012	18802
52013	18802
52014	18802
52015	18801
52016	18801
52017	18800
52018	18801
52019	18800
52020	18800
52021	18799
52022	18799
52023	18799
52024	18798
52025	18798
52026	18797
52027	18796
52028	18796
52029	18795
52030	18795
52031	18795
52032	18797
52033	18796
52034	18796
52035	18796
52036	18796
52037	18795
52038	18794
52039	18794
52040	18794
52041	18795
52042	18795
52043	18795
52044	18797
52045	18797
52046	18797
52047	18798
52048	18798
52049	18798
52050	18798
52051	18797
52052	18796
52053	18796
52054	18795
52055	18794
52056	18796
52057	18795
52058	18795
52059	18796
52060	18796
52061	18796
52062	18796
52063	18795
52064	18795
52065	18795
52066	18794
52067	18793
52068	18794
52069	18793
52070	18795
52071	18795
52072	18794
52073	18794
52074	18794
52075	18794
52076	18796
52077	18795
52078	18795
52079	18795
52080	18796
52081	18796
52082	18795
52083	18795
52084	18795
52085	18795
52086	18795
52087	18794
52088	18794
52089	18794
52090	18794
52091	18794
52092	18794
52093	18794
52094	18794
52095	18793
52096	18793
52097	18793
52098	18793
52099	18793
52100	18794
52101	18794
52102	18795
52103	18795
52104	18796
52105	18796
52106	18796
52107	18796
52108	18795
52109	18795
52110	18795
52111	18794
52112	18794
52113	18794
52114	18794
52115	18794
52116	18794
52117	18795
52118	18795
52119	18795
52120	18795
52121	18794
52122	18794
52123	18794
52124	18794
52125	18794
52126	18794
52127	18795
52128	18795
52129	18795
52130	18795
52131	18794
52132	18793
52133	18792
52134	18792
52135	18793
52136	18792
52137	18792
52138	18792
52139	18792
52140	18794
52141	18794
52142	18795
52143	18795
52144	18794
52145	18794
52146	18794
52147	18794
52148	18794
52149	18794
52150	18796
52151	18798
52152	18798
52153	18799
52154	18799
52155	18799
52156	18799
52157	18799
52158	18799
52159	18801
52160	18800
52161	18799
52162	18798
52163	18798
52164	18800
52165	18800
52166	18800
52167	18800
52168	18800
52169	18799
52170	18798
52171	18798
52172	18798
52173	18797
52174	18797
52175	18797
52176	18796
52177	18797
52178	18796
52179	18797
52180	18797
52181	18798
52182	18798
52183	18798
52184	18798
52185	18798
52186	18798
52187	18798
52188	18800
52189	18799
52190	18800
52191	18800
52192	18802
52193	18803
52194	18802
52195	18802
52196	18802
52197	18801
52198	18801
52199	18800
52200	18800
52201	18800
52202	18802
52203	18801
52204	18800
52205	18800
52206	18800
52207	18802
52208	18802
52209	18804
52210	18804
52211	18803
52212	18803
52213	18803
52214	18803
52215	18805
52216	18805
52217	18807
52218	18807
52219	18809
52220	18809
52221	18808
52222	18808
52223	18807
52224	18807
52225	18807
52226	18807
52227	18807
52228	18809
52229	18809
52230	18809
52231	18808
52232	18808
52233	18807
52234	18806
52235	18806
52236	18806
52237	18806
52238	18807
52239	18807
52240	18806
52241	18806
52242	18806
52243	18805
52244	18804
52245	18804
52246	18804
52247	18806
52248	18806
52249	18806
52250	18808
52251	18810
52252	18809
52253	18808
52254	18810
52255	18810
52256	18812
52257	18812
52258	18811
52259	18811
52260	18811
52261	18811
52262	18811
52263	18811
52264	18813
52265	18813
52266	18815
52267	18815
52268	18815
52269	18815
52270	18814
52271	18813
52272	18812
52273	18811
52274	18811
52275	18811
52276	18811
52277	18810
52278	18809
52279	18809
52280	18808
52281	18808
52282	18808
52283	18807
52284	18808
52285	18808
52286	18808
52287	18807
52288	18807
52289	18807
52290	18806
52291	18806
52292	18806
52293	18808
52294	18809
52295	18809
52296	18811
52297	18811
52298	18810
52299	18810
52300	18809
52301	18808
52302	18808
52303	18810
52304	18810
52305	18810
52306	18809
52307	18809
52308	18809
52309	18809
52310	18808
52311	18808
52312	18808
52313	18808
52314	18808
52315	18807
52316	18809
52317	18809
52318	18811
52319	18811
52320	18813
52321	18813
52322	18814
52323	18814
52324	18816
52325	18816
52326	18816
52327	18816
52328	18815
52329	18815
52330	18814
52331	18814
52332	18816
52333	18815
52334	18814
52335	18814
52336	18814
52337	18814
52338	18813
52339	18812
52340	18812
52341	18811
52342	18810
52343	18810
52344	18809
52345	18808
52346	18808
52347	18807
52348	18808
52349	18808
52350	18807
52351	18806
52352	18806
52353	18805
52354	18805
52355	18805
52356	18805
52357	18804
52358	18804
52359	18804
52360	18806
52361	18805
52362	18804
52363	18803
52364	18803
52365	18803
52366	18805
52367	18807
52368	18807
52369	18807
52370	18806
52371	18806
52372	18806
52373	18805
52374	18804
52375	18803
52376	18802
52377	18804
52378	18804
52379	18804
52380	18804
52381	18804
52382	18803
52383	18802
52384	18804
52385	18803
52386	18803
52387	18803
52388	18802
52389	18802
52390	18802
52391	18802
52392	18801
52393	18801
52394	18801
52395	18801
52396	18801
52397	18802
52398	18804
52399	18804
52400	18804
52401	18804
52402	18804
52403	18804
52404	18803
52405	18803
52406	18803
52407	18803
52408	18803
52409	18805
52410	18805
52411	18805
52412	18806
52413	18806
52414	18805
52415	18804
52416	18803
52417	18803
52418	18803
52419	18803
52420	18803
52421	18805
52422	18805
52423	18805
52424	18805
52425	18806
52426	18806
52427	18808
52428	18808
52429	18808
52430	18810
52431	18810
52432	18809
52433	18808
52434	18808
52435	18808
52436	18809
52437	18809
52438	18809
52439	18808
52440	18808
52441	18807
52442	18806
52443	18805
52444	18805
52445	18807
52446	18807
52447	18807
52448	18806
52449	18806
52450	18806
52451	18806
52452	18808
52453	18808
52454	18810
52455	18812
52456	18812
52457	18814
52458	18814
52459	18814
52460	18814
52461	18816
52462	18816
52463	18815
52464	18814
52465	18814
52466	18814
52467	18814
52468	18814
52469	18814
52470	18813
52471	18813
52472	18813
52473	18813
52474	18813
52475	18812
52476	18812
52477	18811
52478	18810
52479	18810
52480	18809
52481	18809
52482	18809
52483	18811
52484	18810
52485	18809
52486	18809
52487	18809
52488	18808
52489	18807
52490	18807
52491	18807
52492	18807
52493	18809
52494	18809
52495	18809
52496	18809
52497	18809
52498	18809
52499	18809
52500	18809
52501	18808
52502	18807
52503	18807
52504	18807
52505	18806
52506	18806
52507	18808
52508	18807
52509	18807
52510	18807
52511	18806
52512	18806
52513	18805
52514	18805
52515	18804
52516	18804
52517	18804
52518	18804
52519	18804
52520	18804
52521	18804
52522	18804
52523	18804
52524	18804
52525	18804
52526	18804
52527	18804
52528	18804
52529	18804
52530	18805
52531	18805
52532	18806
52533	18805
52534	18805
52535	18805
52536	18805
52537	18805
52538	18805
52539	18804
52540	18804
52541	18806
52542	18806
52543	18808
52544	18807
52545	18808
52546	18807
52547	18807
52548	18809
52549	18809
52550	18809
52551	18810
52552	18809
52553	18808
52554	18808
52555	18808
52556	18808
52557	18808
52558	18808
52559	18808
52560	18807
52561	18808
52562	18808
52563	18808
52564	18808
52565	18808
52566	18807
52567	18808
52568	18808
52569	18808
52570	18807
52571	18808
52572	18808
52573	18808
52574	18808
52575	18808
52576	18808
52577	18807
52578	18807
52579	18807
52580	18807
52581	18807
52582	18807
52583	18807
52584	18807
52585	18809
52586	18809
52587	18809
52588	18809
52589	18808
52590	18807
52591	18807
52592	18806
52593	18806
52594	18807
52595	18807
52596	18808
52597	18808
52598	18810
52599	18810
52600	18810
52601	18812
52602	18813
52603	18812
52604	18813
52605	18812
52606	18813
52607	18812
52608	18811
52609	18810
52610	18810
52611	18810
52612	18810
52613	18810
52614	18810
52615	18812
52616	18814
52617	18814
52618	18813
52619	18813
52620	18812
52621	18812
52622	18812
52623	18812
52624	18812
52625	18811
52626	18810
52627	18812
52628	18811
52629	18811
52630	18811
52631	18810
52632	18809
52633	18809
52634	18809
52635	18809
52636	18809
52637	18809
52638	18809
52639	18808
52640	18808
52641	18809
52642	18809
52643	18810
52644	18810
52645	18810
52646	18810
52647	18812
52648	18811
52649	18810
52650	18809
52651	18809
52652	18808
52653	18807
52654	18806
52655	18806
52656	18806
52657	18805
52658	18805
52659	18805
52660	18805
52661	18804
52662	18803
52663	18805
52664	18804
52665	18804
52666	18804
52667	18804
52668	18803
52669	18805
52670	18805
52671	18805
52672	18804
52673	18803
52674	18803
52675	18802
52676	18802
52677	18804
52678	18804
52679	18806
52680	18806
52681	18806
52682	18807
52683	18807
52684	18807
52685	18809
52686	18808
52687	18808
52688	18810
52689	18809
52690	18811
52691	18811
52692	18811
52693	18810
52694	18809
52695	18809
52696	18811
52697	18811
52698	18811
52699	18811
52700	18810
52701	18809
52702	18809
52703	18809
52704	18810
52705	18810
52706	18810
52707	18809
52708	18808
52709	18809
52710	18808
52711	18808
52712	18808
52713	18808
52714	18808
52715	18810
52716	18809
52717	18809
52718	18809
52719	18809
52720	18809
52721	18809
52722	18811
52723	18811
52724	18811
52725	18811
52726	18811
52727	18811
52728	18811
52729	18811
52730	18810
52731	18809
52732	18809
52733	18809
52734	18808
52735	18807
52736	18809
52737	18809
52738	18810
52739	18810
52740	18812
52741	18812
52742	18813
52743	18813
52744	18812
52745	18812
52746	18812
52747	18811
52748	18811
52749	18811
52750	18812
52751	18812
52752	18812
52753	18813
52754	18812
52755	18812
52756	18812
52757	18812
52758	18812
52759	18811
52760	18811
52761	18810
52762	18810
52763	18812
52764	18812
52765	18812
52766	18811
52767	18810
52768	18810
52769	18810
52770	18809
52771	18810
52772	18810
52773	18810
52774	18811
52775	18811
52776	18811
52777	18811
52778	18810
52779	18811
52780	18811
52781	18811
52782	18810
52783	18809
52784	18808
52785	18807
52786	18806
52787	18807
52788	18808
52789	18807
52790	18807
52791	18806
52792	18806
52793	18806
52794	18805
52795	18807
52796	18806
52797	18806
52798	18806
52799	18805
52800	18804
52801	18804
52802	18804
52803	18806
52804	18805
52805	18805
52806	18804
52807	18804
52808	18804
52809	18804
52810	18804
52811	18804
52812	18804
52813	18804
52814	18804
52815	18804
52816	18803
52817	18803
52818	18804
52819	18803
52820	18803
52821	18802
52822	18801
52823	18800
52824	18800
52825	18800
52826	18800
52827	18800
52828	18799
52829	18799
52830	18801
52831	18801
52832	18802
52833	18802
52834	18803
52835	18805
52836	18805
52837	18806
52838	18806
52839	18806
52840	18806
52841	18807
52842	18807
52843	18806
52844	18806
52845	18806
52846	18806
52847	18806
52848	18805
52849	18805
52850	18805
52851	18807
52852	18806
52853	18807
52854	18806
52855	18806
52856	18808
52857	18807
52858	18806
52859	18806
52860	18806
52861	18806
52862	18806
52863	18805
52864	18806
52865	18806
52866	18808
52867	18807
52868	18806
52869	18805
52870	18805
52871	18805
52872	18805
52873	18805
52874	18805
52875	18805
52876	18804
52877	18804
52878	18805
52879	18805
52880	18806
52881	18806
52882	18806
52883	18805
52884	18806
52885	18806
52886	18807
52887	18806
52888	18806
52889	18806
52890	18808
52891	18807
52892	18808
52893	18808
52894	18810
52895	18809
52896	18808
52897	18808
52898	18807
52899	18806
52900	18806
52901	18806
52902	18806
52903	18807
52904	18807
52905	18809
52906	18809
52907	18810
52908	18809
52909	18810
52910	18810
52911	18812
52912	18812
52913	18811
52914	18811
52915	18811
52916	18810
52917	18810
52918	18811
52919	18811
52920	18811
52921	18811
52922	18811
52923	18811
52924	18810
52925	18809
52926	18808
52927	18808
52928	18808
52929	18807
52930	18807
52931	18806
52932	18805
52933	18804
52934	18803
52935	18803
52936	18803
52937	18803
52938	18805
52939	18805
52940	18805
52941	18804
52942	18803
52943	18803
52944	18803
52945	18803
52946	18803
52947	18804
52948	18804
52949	18803
52950	18805
52951	18805
52952	18806
52953	18806
52954	18805
52955	18804
52956	18803
52957	18803
52958	18803
52959	18803
52960	18804
52961	18804
52962	18804
52963	18804
52964	18804
52965	18803
52966	18802
52967	18801
52968	18800
52969	18800
52970	18800
52971	18800
52972	18799
52973	18798
52974	18798
52975	18798
52976	18800
52977	18800
52978	18802
52979	18802
52980	18803
52981	18802
52982	18802
52983	18801
52984	18801
52985	18801
52986	18800
52987	18800
52988	18801
52989	18803
52990	18803
52991	18804
52992	18803
52993	18802
52994	18802
52995	18801
52996	18801
52997	18800
52998	18800
52999	18799
53000	18798
53001	18798
53002	18797
53003	18797
53004	18797
53005	18796
53006	18795
53007	18796
53008	18796
53009	18797
53010	18799
53011	18799
53012	18799
53013	18798
53014	18798
53015	18797
53016	18797
53017	18797
53018	18797
53019	18796
53020	18798
53021	18798
53022	18797
53023	18797
53024	18797
53025	18797
53026	18796
53027	18796
53028	18796
53029	18798
53030	18797
53031	18798
53032	18798
53033	18798
53034	18798
53035	18798
53036	18798
53037	18799
53038	18799
53039	18799
53040	18801
53041	18801
53042	18801
53043	18800
53044	18800
53045	18800
53046	18800
53047	18801
53048	18800
53049	18801
53050	18801
53051	18802
53052	18801
53053	18802
53054	18802
53055	18802
53056	18802
53057	18802
53058	18802
53059	18802
53060	18802
53061	18801
53062	18800
53063	18800
53064	18800
53065	18800
53066	18799
53067	18800
53068	18800
53069	18802
53070	18802
53071	18802
53072	18801
53073	18801
53074	18800
53075	18800
53076	18800
53077	18799
53078	18798
53079	18798
53080	18798
53081	18799
53082	18798
53083	18797
53084	18797
53085	18796
53086	18796
53087	18796
53088	18797
53089	18797
53090	18798
53091	18798
53092	18800
53093	18800
53094	18799
53095	18798
53096	18798
53097	18798
53098	18798
53099	18798
53100	18798
53101	18797
53102	18797
53103	18797
53104	18797
53105	18797
53106	18798
53107	18797
53108	18797
53109	18797
53110	18796
53111	18797
53112	18797
53113	18798
53114	18798
53115	18799
53116	18800
53117	18801
53118	18801
53119	18803
53120	18803
53121	18802
53122	18802
53123	18802
53124	18804
53125	18804
53126	18804
53127	18803
53128	18803
53129	18803
53130	18803
53131	18803
53132	18803
53133	18803
53134	18803
53135	18803
53136	18803
53137	18803
53138	18803
53139	18803
53140	18802
53141	18802
53142	18802
53143	18803
53144	18803
53145	18802
53146	18804
53147	18803
53148	18802
53149	18802
53150	18802
53151	18802
53152	18802
53153	18802
53154	18802
53155	18802
53156	18801
53157	18801
53158	18800
53159	18799
53160	18800
53161	18800
53162	18800
53163	18800
53164	18800
53165	18799
53166	18798
53167	18798
53168	18799
53169	18799
53170	18800
53171	18800
53172	18801
53173	18802
53174	18804
53175	18803
53176	18803
53177	18803
53178	18803
53179	18803
53180	18803
53181	18803
53182	18803
53183	18805
53184	18805
53185	18807
53186	18806
53187	18807
53188	18806
53189	18805
53190	18804
53191	18804
53192	18803
53193	18805
53194	18807
53195	18807
53196	18807
53197	18809
53198	18811
53199	18811
53200	18811
53201	18811
53202	18812
53203	18812
53204	18813
53205	18813
53206	18812
53207	18812
53208	18811
53209	18813
53210	18813
53211	18814
53212	18813
53213	18814
53214	18813
53215	18813
53216	18813
53217	18812
53218	18811
53219	18811
53220	18811
53221	18811
53222	18811
53223	18811
53224	18811
53225	18810
53226	18809
53227	18809
53228	18809
53229	18809
53230	18809
53231	18808
53232	18808
53233	18807
53234	18806
53235	18807
53236	18806
53237	18805
53238	18807
53239	18809
53240	18809
53241	18809
53242	18808
53243	18809
53244	18809
53245	18809
53246	18811
53247	18810
53248	18809
53249	18809
53250	18811
53251	18810
53252	18811
53253	18811
53254	18813
53255	18813
53256	18813
53257	18812
53258	18811
53259	18811
53260	18811
53261	18811
53262	18811
53263	18813
53264	18813
53265	18815
53266	18816
53267	18815
53268	18817
53269	18817
53270	18818
53271	18818
53272	18818
53273	18818
53274	18817
53275	18818
53276	18817
53277	18816
53278	18816
53279	18816
53280	18815
53281	18814
53282	18814
53283	18814
53284	18814
53285	18814
53286	18814
53287	18814
53288	18814
53289	18814
53290	18813
53291	18813
53292	18813
53293	18815
53294	18814
53295	18814
53296	18814
53297	18816
53298	18815
53299	18815
53300	18815
53301	18817
53302	18816
53303	18815
53304	18814
53305	18815
53306	18815
53307	18817
53308	18817
53309	18816
53310	18816
53311	18817
53312	18817
53313	18818
53314	18818
53315	18817
53316	18816
53317	18816
53318	18816
53319	18816
53320	18816
53321	18816
53322	18817
53323	18817
53324	18817
53325	18817
53326	18817
53327	18817
53328	18819
53329	18821
53330	18821
53331	18821
53332	18822
53333	18822
53334	18821
53335	18821
53336	18820
53337	18820
53338	18819
53339	18819
53340	18819
53341	18820
53342	18820
53343	18821
53344	18821
53345	18821
53346	18820
53347	18820
53348	18819
53349	18819
53350	18818
53351	18818
53352	18817
53353	18817
53354	18817
53355	18817
53356	18817
53357	18817
53358	18816
53359	18815
53360	18817
53361	18817
53362	18816
53363	18815
53364	18816
53365	18816
53366	18816
53367	18818
53368	18817
53369	18818
53370	18818
53371	18819
53372	18819
53373	18818
53374	18817
53375	18816
53376	18816
53377	18816
53378	18816
53379	18815
53380	18815
53381	18815
53382	18816
53383	18815
53384	18815
53385	18816
53386	18816
53387	18817
53388	18817
53389	18819
53390	18820
53391	18820
53392	18820
53393	18820
53394	18820
53395	18819
53396	18819
53397	18819
53398	18819
53399	18819
53400	18819
53401	18818
53402	18818
53403	18818
53404	18817
53405	18816
53406	18816
53407	18816
53408	18818
53409	18818
53410	18818
53411	18820
53412	18820
53413	18821
53414	18821
53415	18821
53416	18821
53417	18821
53418	18820
53419	18820
53420	18819
53421	18819
53422	18819
53423	18819
53424	18819
53425	18820
53426	18819
53427	18819
53428	18821
53429	18821
53430	18820
53431	18821
53432	18823
53433	18823
53434	18824
53435	18824
53436	18826
53437	18826
53438	18826
53439	18826
53440	18825
53441	18825
53442	18824
53443	18824
53444	18823
53445	18823
53446	18823
53447	18823
53448	18823
53449	18823
53450	18822
53451	18822
53452	18823
53453	18823
53454	18823
53455	18823
53456	18823
53457	18822
53458	18822
53459	18821
53460	18821
53461	18821
53462	18820
53463	18820
53464	18822
53465	18823
53466	18823
53467	18825
53468	18825
53469	18825
53470	18825
53471	18825
53472	18825
53473	18825
53474	18825
53475	18824
53476	18825
53477	18824
53478	18825
53479	18825
53480	18826
53481	18826
53482	18828
53483	18827
53484	18828
53485	18827
53486	18826
53487	18826
53488	18826
53489	18825
53490	18825
53491	18825
53492	18827
53493	18827
53494	18827
53495	18827
53496	18826
53497	18826
53498	18826
53499	18826
53500	18825
53501	18825
53502	18826
53503	18826
53504	18826
53505	18826
53506	18826
53507	18826
53508	18828
53509	18828
53510	18829
53511	18828
53512	18829
53513	18829
53514	18828
53515	18828
53516	18827
53517	18827
53518	18826
53519	18826
53520	18825
53521	18824
53522	18824
53523	18823
53524	18823
53525	18823
53526	18822
53527	18821
53528	18822
53529	18822
53530	18821
53531	18820
53532	18820
53533	18822
53534	18821
53535	18821
53536	18821
53537	18821
53538	18820
53539	18820
53540	18819
53541	18819
53542	18818
53543	18817
53544	18818
53545	18818
53546	18820
53547	18820
53548	18821
53549	18821
53550	18821
53551	18820
53552	18822
53553	18822
53554	18821
53555	18821
53556	18821
53557	18821
53558	18821
53559	18821
53560	18822
53561	18822
53562	18822
53563	18821
53564	18822
53565	18822
53566	18821
53567	18821
53568	18821
53569	18820
53570	18819
53571	18819
53572	18819
53573	18819
53574	18819
53575	18819
53576	18818
53577	18819
53578	18819
53579	18821
53580	18821
53581	18822
53582	18822
53583	18823
53584	18824
53585	18823
53586	18823
53587	18825
53588	18825
53589	18825
53590	18824
53591	18824
53592	18823
53593	18823
53594	18823
53595	18823
53596	18824
53597	18824
53598	18826
53599	18826
53600	18826
53601	18825
53602	18824
53603	18824
53604	18823
53605	18825
53606	18824
53607	18825
53608	18825
53609	18826
53610	18826
53611	18827
53612	18827
53613	18829
53614	18829
53615	18829
53616	18829
53617	18829
53618	18829
53619	18828
53620	18828
53621	18829
53622	18829
53623	18829
53624	18831
53625	18831
53626	18833
53627	18833
53628	18835
53629	18835
53630	18835
53631	18834
53632	18834
53633	18834
53634	18833
53635	18833
53636	18833
53637	18835
53638	18835
53639	18835
53640	18835
53641	18836
53642	18836
53643	18836
53644	18836
53645	18836
53646	18836
53647	18836
53648	18835
53649	18835
53650	18837
53651	18837
53652	18836
53653	18836
53654	18836
53655	18836
53656	18836
53657	18836
53658	18836
53659	18836
53660	18835
53661	18835
53662	18835
53663	18835
53664	18835
53665	18835
53666	18835
53667	18834
53668	18834
53669	18834
53670	18834
53671	18834
53672	18833
53673	18833
53674	18833
53675	18835
53676	18836
53677	18836
53678	18835
53679	18837
53680	18837
53681	18837
53682	18837
53683	18837
53684	18836
53685	18835
53686	18835
53687	18837
53688	18837
53689	18837
53690	18837
53691	18836
53692	18835
53693	18835
53694	18835
53695	18835
53696	18834
53697	18834
53698	18833
53699	18833
53700	18833
53701	18833
53702	18833
53703	18833
53704	18833
53705	18833
53706	18835
53707	18835
53708	18835
53709	18835
53710	18834
53711	18834
53712	18834
53713	18833
53714	18835
53715	18835
53716	18837
53717	18836
53718	18837
53719	18837
53720	18838
53721	18839
53722	18838
53723	18838
53724	18837
53725	18837
53726	18836
53727	18836
53728	18836
53729	18836
53730	18836
53731	18836
53732	18836
53733	18837
53734	18836
53735	18836
53736	18836
53737	18836
53738	18836
53739	18836
53740	18836
53741	18838
53742	18837
53743	18837
53744	18836
53745	18836
53746	18835
53747	18836
53748	18837
53749	18837
53750	18837
53751	18837
53752	18837
53753	18839
53754	18839
53755	18841
53756	18841
53757	18842
53758	18841
53759	18840
53760	18840
53761	18840
53762	18840
53763	18840
53764	18842
53765	18842
53766	18842
53767	18842
53768	18842
53769	18841
53770	18840
53771	18839
53772	18838
53773	18838
53774	18838
53775	18838
53776	18840
53777	18840
53778	18840
53779	18839
53780	18839
53781	18839
53782	18841
53783	18841
53784	18842
53785	18842
53786	18843
53787	18844
53788	18843
53789	18844
53790	18844
53791	18843
53792	18843
53793	18843
53794	18842
53795	18842
53796	18844
53797	18843
53798	18843
53799	18843
53800	18845
53801	18845
53802	18845
53803	18845
53804	18845
53805	18845
53806	18844
53807	18845
53808	18844
53809	18844
53810	18843
53811	18843
53812	18844
53813	18844
53814	18846
53815	18846
53816	18847
53817	18847
53818	18849
53819	18849
53820	18849
53821	18849
53822	18849
53823	18848
53824	18848
53825	18848
53826	18848
53827	18848
53828	18848
53829	18847
53830	18847
53831	18846
53832	18847
53833	18847
53834	18846
53835	18845
53836	18844
53837	18844
53838	18844
53839	18844
53840	18844
53841	18844
53842	18845
53843	18845
53844	18846
53845	18847
53846	18846
53847	18846
53848	18845
53849	18845
53850	18845
53851	18845
53852	18845
53853	18847
53854	18847
53855	18847
53856	18847
53857	18847
53858	18849
53859	18850
53860	18850
53861	18852
53862	18853
53863	18852
53864	18851
53865	18850
53866	18850
53867	18851
53868	18851
53869	18851
53870	18851
53871	18852
53872	18852
53873	18852
53874	18851
53875	18851
53876	18851
53877	18851
53878	18850
53879	18851
53880	18851
53881	18851
53882	18851
53883	18851
53884	18851
53885	18850
53886	18850
53887	18849
53888	18849
53889	18849
53890	18848
53891	18847
53892	18847
53893	18847
53894	18847
53895	18849
53896	18848
53897	18847
53898	18846
53899	18846
53900	18846
53901	18848
53902	18848
53903	18847
53904	18847
53905	18847
53906	18847
53907	18847
53908	18849
53909	18849
53910	18849
53911	18848
53912	18849
53913	18849
53914	18849
53915	18848
53916	18847
53917	18847
53918	18847
53919	18848
53920	18848
53921	18848
53922	18848
53923	18848
53924	18848
53925	18848
53926	18848
53927	18848
53928	18849
53929	18849
53930	18851
53931	18852
53932	18852
53933	18854
53934	18854
53935	18854
53936	18856
53937	18856
53938	18856
53939	18857
53940	18857
53941	18856
53942	18856
53943	18856
53944	18856
53945	18855
53946	18856
53947	18856
53948	18858
53949	18858
53950	18858
53951	18857
53952	18856
53953	18855
53954	18855
53955	18856
53956	18856
53957	18855
53958	18855
53959	18854
53960	18854
53961	18854
53962	18854
53963	18854
53964	18854
53965	18854
53966	18854
53967	18854
53968	18854
53969	18853
53970	18852
53971	18852
53972	18851
53973	18851
53974	18851
53975	18853
53976	18853
53977	18854
53978	18853
53979	18853
53980	18853
53981	18853
53982	18853
53983	18853
53984	18852
53985	18852
53986	18852
53987	18853
53988	18852
53989	18851
53990	18851
53991	18851
53992	18852
53993	18851
53994	18851
53995	18851
53996	18851
53997	18850
53998	18850
53999	18852
54000	18852
54001	18852
54002	18851
54003	18850
54004	18850
54005	18849
54006	18849
54007	18848
54008	18850
54009	18850
54010	18852
54011	18852
54012	18854
54013	18854
54014	18854
54015	18854
54016	18853
54017	18853
54018	18853
54019	18855
54020	18855
54021	18854
54022	18854
54023	18854
54024	18854
54025	18854
54026	18854
54027	18853
54028	18852
54029	18852
54030	18852
54031	18851
54032	18851
54033	18850
54034	18850
54035	18849
54036	18849
54037	18851
54038	18851
54039	18850
54040	18849
54041	18849
54042	18849
54043	18849
54044	18849
54045	18848
54046	18848
54047	18847
54048	18846
54049	18846
54050	18846
54051	18847
54052	18848
54053	18848
54054	18848
54055	18848
54056	18847
54057	18848
54058	18848
54059	18848
54060	18848
54061	18849
54062	18849
54063	18849
54064	18849
54065	18849
54066	18848
54067	18847
54068	18847
54069	18848
54070	18848
54071	18848
54072	18850
54073	18850
54074	18850
54075	18850
54076	18850
54077	18849
54078	18850
54079	18850
54080	18849
54081	18849
54082	18848
54083	18848
54084	18849
54085	18848
54086	18848
54087	18848
54088	18847
54089	18847
54090	18847
54091	18847
54092	18846
54093	18846
54094	18845
54095	18844
54096	18846
54097	18846
54098	18847
54099	18846
54100	18846
54101	18845
54102	18844
54103	18844
54104	18844
54105	18844
54106	18843
54107	18843
54108	18843
54109	18843
54110	18845
54111	18845
54112	18846
54113	18845
54114	18844
54115	18844
54116	18844
54117	18844
54118	18843
54119	18843
54120	18843
54121	18843
54122	18843
54123	18843
54124	18843
54125	18843
54126	18844
54127	18843
54128	18844
54129	18844
54130	18845
54131	18846
54132	18846
54133	18845
54134	18845
54135	18845
54136	18845
54137	18844
54138	18844
54139	18844
54140	18843
54141	18843
54142	18843
54143	18843
54144	18844
54145	18844
54146	18844
54147	18844
54148	18844
54149	18844
54150	18844
54151	18843
54152	18843
54153	18842
54154	18842
54155	18841
54156	18840
54157	18839
54158	18838
54159	18837
54160	18836
54161	18837
54162	18836
54163	18837
54164	18837
54165	18837
54166	18837
54167	18837
54168	18837
54169	18838
54170	18838
54171	18838
54172	18840
54173	18840
54174	18840
54175	18839
54176	18839
54177	18838
54178	18838
54179	18838
54180	18837
54181	18836
54182	18835
54183	18835
54184	18834
54185	18834
54186	18834
54187	18834
54188	18834
54189	18836
54190	18836
54191	18837
54192	18837
54193	18838
54194	18837
54195	18836
54196	18835
54197	18835
54198	18835
54199	18835
54200	18835
54201	18834
54202	18834
54203	18834
54204	18836
54205	18836
54206	18836
54207	18835
54208	18836
54209	18836
54210	18835
54211	18835
54212	18834
54213	18834
54214	18833
54215	18832
54216	18831
54217	18832
54218	18832
54219	18834
54220	18834
54221	18834
54222	18834
54223	18834
54224	18833
54225	18833
54226	18834
54227	18834
54228	18834
54229	18833
54230	18833
54231	18833
54232	18833
54233	18832
54234	18831
54235	18832
54236	18832
54237	18834
54238	18834
54239	18834
54240	18833
54241	18833
54242	18832
54243	18832
54244	18832
54245	18832
54246	18832
54247	18831
54248	18833
54249	18832
54250	18834
54251	18834
54252	18834
54253	18834
54254	18834
54255	18834
54256	18833
54257	18833
54258	18833
54259	18833
54260	18834
54261	18834
54262	18834
54263	18834
54264	18834
54265	18836
54266	18836
54267	18836
54268	18836
54269	18835
54270	18835
54271	18835
54272	18835
54273	18835
54274	18835
54275	18835
54276	18835
54277	18837
54278	18838
54279	18837
54280	18836
54281	18835
54282	18835
54283	18835
54284	18837
54285	18836
54286	18836
54287	18836
54288	18836
54289	18835
54290	18835
54291	18835
54292	18835
54293	18834
54294	18833
54295	18833
54296	18833
54297	18832
54298	18832
54299	18832
54300	18832
54301	18831
54302	18832
54303	18832
54304	18833
54305	18833
54306	18833
54307	18833
54308	18833
54309	18833
54310	18833
54311	18832
54312	18834
54313	18833
54314	18833
54315	18834
54316	18833
54317	18832
54318	18831
54319	18832
54320	18832
54321	18831
54322	18833
54323	18833
54324	18833
54325	18832
54326	18831
54327	18831
54328	18831
54329	18831
54330	18831
54331	18831
54332	18833
54333	18833
54334	18833
54335	18833
54336	18833
54337	18833
54338	18833
54339	18832
54340	18833
54341	18835
54342	18835
54343	18836
54344	18835
54345	18834
54346	18834
54347	18834
54348	18834
54349	18834
54350	18834
54351	18834
54352	18834
54353	18836
54354	18837
54355	18839
54356	18839
54357	18839
54358	18839
54359	18838
54360	18838
54361	18838
54362	18840
54363	18840
54364	18840
54365	18840
54366	18841
54367	18841
54368	18841
54369	18840
54370	18840
54371	18839
54372	18839
54373	18839
54374	18838
54375	18838
54376	18838
54377	18839
54378	18839
54379	18839
54380	18840
54381	18841
54382	18841
54383	18842
54384	18842
54385	18842
54386	18842
54387	18842
54388	18842
54389	18842
54390	18841
54391	18842
54392	18841
54393	18841
54394	18841
54395	18842
54396	18843
54397	18843
54398	18844
54399	18844
54400	18845
54401	18845
54402	18845
54403	18845
54404	18845
54405	18844
54406	18843
54407	18844
54408	18844
54409	18844
54410	18844
54411	18844
54412	18843
54413	18843
54414	18843
54415	18842
54416	18841
54417	18843
54418	18844
54419	18843
54420	18843
54421	18842
54422	18843
54423	18843
54424	18844
54425	18844
54426	18844
54427	18844
54428	18844
54429	18844
54430	18844
54431	18844
54432	18844
54433	18844
54434	18844
54435	18844
54436	18844
54437	18843
54438	18843
54439	18843
54440	18843
54441	18843
54442	18843
54443	18845
54444	18845
54445	18844
54446	18844
54447	18843
54448	18842
54449	18841
54450	18840
54451	18840
54452	18840
54453	18840
54454	18840
54455	18839
54456	18839
54457	18839
54458	18838
54459	18839
54460	18838
54461	18839
54462	18839
54463	18838
54464	18838
54465	18839
54466	18838
54467	18838
54468	18838
54469	18838
54470	18838
54471	18838
54472	18837
54473	18836
54474	18835
54475	18835
54476	18837
54477	18837
54478	18837
54479	18839
54480	18839
54481	18841
54482	18841
54483	18842
54484	18844
54485	18844
54486	18844
54487	18844
54488	18844
54489	18843
54490	18842
54491	18842
54492	18844
54493	18843
54494	18843
54495	18842
54496	18842
54497	18842
54498	18841
54499	18840
54500	18840
54501	18839
54502	18838
54503	18837
54504	18836
54505	18836
54506	18836
54507	18835
54508	18835
54509	18837
54510	18836
54511	18836
54512	18838
54513	18838
54514	18839
54515	18839
54516	18838
54517	18837
54518	18837
54519	18837
54520	18836
54521	18838
54522	18838
54523	18837
54524	18837
54525	18837
54526	18837
54527	18837
54528	18836
54529	18835
54530	18835
54531	18835
54532	18835
54533	18834
54534	18836
54535	18835
54536	18835
54537	18835
54538	18835
54539	18834
54540	18834
54541	18836
54542	18835
54543	18834
54544	18834
54545	18834
54546	18834
54547	18833
54548	18832
54549	18831
54550	18831
54551	18831
54552	18833
54553	18835
54554	18835
54555	18835
54556	18835
54557	18834
54558	18833
54559	18832
54560	18831
54561	18831
54562	18831
54563	18831
54564	18831
54565	18830
54566	18829
54567	18829
54568	18828
54569	18829
54570	18828
54571	18827
54572	18827
54573	18827
54574	18827
54575	18826
54576	18828
54577	18828
54578	18828
54579	18828
54580	18828
54581	18828
54582	18828
54583	18827
54584	18827
54585	18827
54586	18827
54587	18829
54588	18829
54589	18829
54590	18829
54591	18829
54592	18829
54593	18830
54594	18832
54595	18832
54596	18832
54597	18832
54598	18832
54599	18833
54600	18833
54601	18832
54602	18831
54603	18830
54604	18830
54605	18830
54606	18830
54607	18832
54608	18832
54609	18832
54610	18832
54611	18834
54612	18834
54613	18834
54614	18834
54615	18834
54616	18835
54617	18834
54618	18834
54619	18833
54620	18832
54621	18831
54622	18830
54623	18829
54624	18831
54625	18831
54626	18830
54627	18830
54628	18830
54629	18829
54630	18828
54631	18828
54632	18828
54633	18829
54634	18829
54635	18829
54636	18828
54637	18828
54638	18828
54639	18830
54640	18830
54641	18829
54642	18828
54643	18829
54644	18828
54645	18830
54646	18829
54647	18829
54648	18828
54649	18827
54650	18827
54651	18827
54652	18827
54653	18827
54654	18827
54655	18827
54656	18827
54657	18826
54658	18825
54659	18825
54660	18825
54661	18824
54662	18824
54663	18824
54664	18824
54665	18824
54666	18824
54667	18824
54668	18825
54669	18825
54670	18825
54671	18826
54672	18826
54673	18827
54674	18827
54675	18826
54676	18826
54677	18827
54678	18827
54679	18827
54680	18826
54681	18825
54682	18825
54683	18826
54684	18826
54685	18826
54686	18826
54687	18826
54688	18826
54689	18826
54690	18826
54691	18825
54692	18824
54693	18824
54694	18824
54695	18824
54696	18825
54697	18824
54698	18824
54699	18824
54700	18823
54701	18822
54702	18822
54703	18824
54704	18824
54705	18823
54706	18823
54707	18822
54708	18822
54709	18821
54710	18821
54711	18822
54712	18821
54713	18820
54714	18820
54715	18820
54716	18819
54717	18819
54718	18818
54719	18819
54720	18819
54721	18820
54722	18819
54723	18820
54724	18820
54725	18820
54726	18820
54727	18820
54728	18820
54729	18822
54730	18822
54731	18821
54732	18822
54733	18824
54734	18825
54735	18825
54736	18826
54737	18825
54738	18825
54739	18825
54740	18827
54741	18827
54742	18828
54743	18828
54744	18828
54745	18827
54746	18827
54747	18827
54748	18827
54749	18829
54750	18829
54751	18831
54752	18831
54753	18832
54754	18832
54755	18832
54756	18832
54757	18832
54758	18832
54759	18832
54760	18832
54761	18831
54762	18831
54763	18830
54764	18830
54765	18830
54766	18831
54767	18830
54768	18830
54769	18829
54770	18829
54771	18831
54772	18831
54773	18833
54774	18833
54775	18832
54776	18832
54777	18831
54778	18830
54779	18832
54780	18832
54781	18832
54782	18834
54783	18834
54784	18836
54785	18836
54786	18836
54787	18835
54788	18834
54789	18834
54790	18834
54791	18836
54792	18836
54793	18836
54794	18835
54795	18835
54796	18835
54797	18834
54798	18835
54799	18835
54800	18835
54801	18834
54802	18833
54803	18833
54804	18832
54805	18832
54806	18831
54807	18831
54808	18830
54809	18830
54810	18830
54811	18832
54812	18832
54813	18834
54814	18833
54815	18835
54816	18835
54817	18837
54818	18836
54819	18835
54820	18837
54821	18837
54822	18836
54823	18836
54824	18836
54825	18835
54826	18835
54827	18834
54828	18836
54829	18836
54830	18838
54831	18838
54832	18838
54833	18837
54834	18837
54835	18836
54836	18836
54837	18835
54838	18835
54839	18835
54840	18834
54841	18833
54842	18832
54843	18832
54844	18832
54845	18831
54846	18831
54847	18830
54848	18831
54849	18831
54850	18831
54851	18831
54852	18830
54853	18830
54854	18830
54855	18832
54856	18832
54857	18832
54858	18834
54859	18834
54860	18835
54861	18835
54862	18837
54863	18837
54864	18836
54865	18836
54866	18836
54867	18836
54868	18836
54869	18836
54870	18836
54871	18836
54872	18836
54873	18835
54874	18835
54875	18834
54876	18833
54877	18832
54878	18831
54879	18831
54880	18831
54881	18830
54882	18832
54883	18831
54884	18831
54885	18831
54886	18831
54887	18832
54888	18831
54889	18831
54890	18833
54891	18833
54892	18834
54893	18834
54894	18833
54895	18832
54896	18833
54897	18833
54898	18832
54899	18832
54900	18831
54901	18831
54902	18830
54903	18829
54904	18829
54905	18831
54906	18831
54907	18831
54908	18831
54909	18830
54910	18830
54911	18830
54912	18832
54913	18832
54914	18832
54915	18832
54916	18832
54917	18832
54918	18832
54919	18832
54920	18832
54921	18831
54922	18831
54923	18831
54924	18832
54925	18832
54926	18833
54927	18832
54928	18832
54929	18831
54930	18831
54931	18831
54932	18833
54933	18833
54934	18833
54935	18833
54936	18832
54937	18831
54938	18831
54939	18831
54940	18830
54941	18831
54942	18830
54943	18830
54944	18832
54945	18832
54946	18832
54947	18832
54948	18832
54949	18831
54950	18830
54951	18829
54952	18828
54953	18828
54954	18827
54955	18827
54956	18827
54957	18826
54958	18825
54959	18825
54960	18825
54961	18825
54962	18825
54963	18825
54964	18824
54965	18825
54966	18825
54967	18825
54968	18825
54969	18825
54970	18824
54971	18825
54972	18824
54973	18825
54974	18825
54975	18825
54976	18825
54977	18825
54978	18825
54979	18825
54980	18825
54981	18825
54982	18825
54983	18824
54984	18823
54985	18823
54986	18822
54987	18823
54988	18823
54989	18825
54990	18824
54991	18824
54992	18824
54993	18824
54994	18826
54995	18826
54996	18826
54997	18828
54998	18828
54999	18829
55000	18828
55001	18828
55002	18827
55003	18826
55004	18825
55005	18825
55006	18825
55007	18825
55008	18825
55009	18824
55010	18826
55011	18828
55012	18828
55013	18827
55014	18827
55015	18827
55016	18826
55017	18825
55018	18825
55019	18827
55020	18826
55021	18825
55022	18824
55023	18824
55024	18823
55025	18823
55026	18822
55027	18821
55028	18823
55029	18822
55030	18822
55031	18822
55032	18822
55033	18822
55034	18822
55035	18821
55036	18821
55037	18820
55038	18822
55039	18822
55040	18822
55041	18823
55042	18823
55043	18823
55044	18822
55045	18823
55046	18822
55047	18821
55048	18821
55049	18820
55050	18819
55051	18819
55052	18819
55053	18821
55054	18821
55055	18823
55056	18823
55057	18825
55058	18827
55059	18827
55060	18826
55061	18826
55062	18825
55063	18825
55064	18827
55065	18827
55066	18826
55067	18826
55068	18825
55069	18824
55070	18823
55071	18823
55072	18825
55073	18824
55074	18824
55075	18824
55076	18823
55077	18823
55078	18823
55079	18822
55080	18821
55081	18820
55082	18820
55083	18820
55084	18820
55085	18820
55086	18820
55087	18820
55088	18819
55089	18818
55090	18819
55091	18819
55092	18820
55093	18820
55094	18820
55095	18820
55096	18821
55097	18820
55098	18820
55099	18820
55100	18820
55101	18821
55102	18821
55103	18821
55104	18820
55105	18819
55106	18819
55107	18819
55108	18819
55109	18819
55110	18819
55111	18819
55112	18821
55113	18821
55114	18820
55115	18820
55116	18819
55117	18819
55118	18819
55119	18821
55120	18820
55121	18820
55122	18820
55123	18819
55124	18819
55125	18818
55126	18817
55127	18819
55128	18819
55129	18819
55130	18820
55131	18822
55132	18822
55133	18823
55134	18823
55135	18823
55136	18823
55137	18823
55138	18822
55139	18821
55140	18821
55141	18823
55142	18823
55143	18822
55144	18821
55145	18821
55146	18821
55147	18821
55148	18821
55149	18821
55150	18822
55151	18823
55152	18822
55153	18821
55154	18820
55155	18820
55156	18820
55157	18820
55158	18819
55159	18818
55160	18817
55161	18817
55162	18818
55163	18818
55164	18817
55165	18816
55166	18816
55167	18815
55168	18814
55169	18813
55170	18812
55171	18813
55172	18812
55173	18811
55174	18811
55175	18811
55176	18811
55177	18811
55178	18813
55179	18812
55180	18811
55181	18811
55182	18811
55183	18811
55184	18811
55185	18811
55186	18813
55187	18812
55188	18812
55189	18812
55190	18811
55191	18811
55192	18811
55193	18810
55194	18809
55195	18809
55196	18809
55197	18808
55198	18808
55199	18808
55200	18809
55201	18809
55202	18808
55203	18807
55204	18807
55205	18807
55206	18807
55207	18806
55208	18806
55209	18805
55210	18807
55211	18807
55212	18808
55213	18808
55214	18809
55215	18811
55216	18811
55217	18812
55218	18811
55219	18812
55220	18812
55221	18812
55222	18812
55223	18811
55224	18811
55225	18811
55226	18810
55227	18810
55228	18810
55229	18810
55230	18810
55231	18812
55232	18811
55233	18812
55234	18812
55235	18814
55236	18813
55237	18812
55238	18812
55239	18812
55240	18812
55241	18812
55242	18811
55243	18812
55244	18812
55245	18814
55246	18813
55247	18812
55248	18811
55249	18811
55250	18811
55251	18812
55252	18812
55253	18813
55254	18813
55255	18813
55256	18813
55257	18813
55258	18813
55259	18813
55260	18812
55261	18812
55262	18812
55263	18813
55264	18813
55265	18815
55266	18814
55267	18815
55268	18817
55269	18816
55270	18816
55271	18815
55272	18814
55273	18813
55274	18813
55275	18813
55276	18813
55277	18812
55278	18811
55279	18812
55280	18812
55281	18812
55282	18814
55283	18814
55284	18815
55285	18816
55286	18816
55287	18818
55288	18818
55289	18818
55290	18819
55291	18818
55292	18817
55293	18817
55294	18817
55295	18816
55296	18816
55297	18816
55298	18815
55299	18814
55300	18814
55301	18813
55302	18813
55303	18813
55304	18813
55305	18813
55306	18813
55307	18812
55308	18811
55309	18811
55310	18810
55311	18809
55312	18809
55313	18808
55314	18808
55315	18808
55316	18810
55317	18810
55318	18810
55319	18809
55320	18808
55321	18808
55322	18808
55323	18808
55324	18808
55325	18808
55326	18808
55327	18808
55328	18808
55329	18807
55330	18808
55331	18807
55332	18807
55333	18806
55334	18806
55335	18806
55336	18805
55337	18804
55338	18806
55339	18806
55340	18807
55341	18806
55342	18807
55343	18807
55344	18809
55345	18809
55346	18809
55347	18808
55348	18807
55349	18806
55350	18806
55351	18806
55352	18806
55353	18806
55354	18805
55355	18804
55356	18803
55357	18802
55358	18801
55359	18802
55360	18804
55361	18804
55362	18803
55363	18802
55364	18802
55365	18802
55366	18801
55367	18800
55368	18799
55369	18798
55370	18797
55371	18797
55372	18797
55373	18796
55374	18795
55375	18795
55376	18796
55377	18798
55378	18798
55379	18798
55380	18797
55381	18797
55382	18796
55383	18796
55384	18798
55385	18798
55386	18798
55387	18797
55388	18797
55389	18797
55390	18797
55391	18796
55392	18796
55393	18796
55394	18795
55395	18795
55396	18796
55397	18795
55398	18796
55399	18795
55400	18796
55401	18796
55402	18796
55403	18796
55404	18796
55405	18796
55406	18796
55407	18796
55408	18795
55409
0.303333300005761
